dataset,task,thermometer_type,thermometer_size,address_size,hash_mode,num_hashes,filter_size,accuracy,f1_macro,f1_weighted,auc_roc,train_time_s,infer_latency_us,memory_kb
Fridge,binary,Distributive,8,4,murmur,2,16,0.5741822429906542,0.4892460452605043,0.5411080493584718,0.503883069065859,0.01098,0.9932,0.1
Fridge,binary,Distributive,8,4,murmur,2,64,0.5448097463284379,0.49407492120585383,0.5339676005644284,0.4967579428707168,0.01031,0.979,0.1
Fridge,binary,Distributive,8,4,murmur,2,256,0.5943758344459279,0.43994081512188976,0.5131704508541207,0.4958542371874814,0.0104,0.9799,0.1
Fridge,binary,Distributive,8,4,murmur,2,1024,0.589869826435247,0.4449819598331317,0.5155920192714318,0.49322899222044064,0.01068,0.9989,0.1
Fridge,binary,Distributive,8,4,murmur,4,16,0.5236982643524699,0.5081307056536485,0.5299194463465581,0.5110880693627887,0.01069,0.9978,0.1
Fridge,binary,Distributive,8,4,murmur,4,64,0.5972963951935915,0.44484570694179,0.5172840594486968,0.49622799750579005,0.01085,1.0287,0.1
Fridge,binary,Distributive,8,4,murmur,4,256,0.5749332443257676,0.48595047696934374,0.5392045038027913,0.5001649444741374,0.01064,0.9851,0.1
Fridge,binary,Distributive,8,4,murmur,4,1024,0.5972963951935915,0.44484570694179,0.5172840594486968,0.49892802422946725,0.01091,0.9895,0.1
Fridge,binary,Distributive,8,4,murmur,8,16,0.5972963951935915,0.44484570694179,0.5172840594486968,0.49766874517489157,0.01082,1.0373,0.1
Fridge,binary,Distributive,8,4,murmur,8,64,0.6005507343124166,0.4515085186813004,0.5227014066984688,0.5018691727537264,0.01137,1.0496,0.1
Fridge,binary,Distributive,8,4,murmur,8,256,0.5700934579439252,0.48105409743361127,0.5345781610441626,0.49548595522299427,0.01146,1.0577,0.1
Fridge,binary,Distributive,8,4,murmur,8,1024,0.5675901201602136,0.4807872925978053,0.5336484430970352,0.4965672545875647,0.01125,1.0428,0.1
Fridge,binary,Distributive,8,4,simhash,2,16,0.5131008010680908,0.49238407037304593,0.5179184464135308,0.4947420125898213,0.02919,2.2297,0.1
Fridge,binary,Distributive,8,4,simhash,2,64,0.5477303070761015,0.5009250898650603,0.538981429962539,0.5030432478175664,0.05516,4.5418,0.1
Fridge,binary,Distributive,8,4,simhash,2,256,0.5733477970627503,0.4815374248144258,0.5358626579671127,0.5004141427638221,0.05635,4.8931,0.1
Fridge,binary,Distributive,8,4,simhash,2,1024,0.5637516688918558,0.4952080647656371,0.5415246668291871,0.5031961517904864,0.05296,5.3544,0.1
Fridge,binary,Distributive,8,4,simhash,4,16,0.6244993324432577,0.3844257242654613,0.4801472163555929,0.5,0.05666,4.9877,0.1
Fridge,binary,Distributive,8,4,simhash,4,64,0.5723464619492656,0.4944156338954763,0.543840839190377,0.5060700754201557,0.08008,5.5039,0.1
Fridge,binary,Distributive,8,4,simhash,4,256,0.5642523364485982,0.4783972142976618,0.5310898684520003,0.4938505849516005,0.0714,5.9804,0.1
Fridge,binary,Distributive,8,4,simhash,4,1024,0.5483978638184246,0.5071222241041728,0.5426373650809108,0.5072113545935032,0.05618,4.6049,0.1
Fridge,binary,Distributive,8,4,simhash,8,16,0.5367990654205608,0.5007319308339678,0.5341452588707245,0.5009324187897144,0.05121,4.0679,0.1
Fridge,binary,Distributive,8,4,simhash,8,64,0.5947930574098799,0.4528421895073819,0.5222362573024432,0.49993942633172983,0.07096,5.226,0.1
Fridge,binary,Distributive,8,4,simhash,8,256,0.5972963951935915,0.44484570694179,0.5172840594486968,0.49766874517489157,0.05938,4.6058,0.1
Fridge,binary,Distributive,8,4,simhash,8,1024,0.5708444592790387,0.48607980949192864,0.538049752981704,0.5014880337312191,0.06996,5.5697,0.1
Fridge,binary,Distributive,8,4,h3,2,16,0.5111815754339119,0.4958779952782388,0.5177486289873042,0.49871868875823977,0.01805,1.9485,0.1
Fridge,binary,Distributive,8,4,h3,2,64,0.5691755674232309,0.48508185314132823,0.5368959442867335,0.5003811093295326,0.01833,1.9797,0.1
Fridge,binary,Distributive,8,4,h3,2,256,0.5406375166889186,0.49889000568356284,0.5349046263369255,0.49975265752123055,0.01972,2.0088,0.1
Fridge,binary,Distributive,8,4,h3,2,1024,0.6244993324432577,0.3844257242654613,0.4801472163555929,0.4977724924282914,0.01858,1.951,0.1
Fridge,binary,Distributive,8,4,h3,4,16,0.5438084112149533,0.5073766548297711,0.5407342372333869,0.5105233683710434,0.02956,3.3458,0.1
Fridge,binary,Distributive,8,4,h3,4,64,0.5710947930574098,0.48600377433810565,0.5380775232836356,0.4981903913534058,0.01952,1.9662,0.1
Fridge,binary,Distributive,8,4,h3,4,256,0.595043391188251,0.4526143286570157,0.5221396554348998,0.49896603123700933,0.01909,1.9708,0.1
Fridge,binary,Distributive,8,4,h3,4,1024,0.545477303070761,0.49997830300481516,0.5375354305834548,0.5014567967218956,0.01746,1.8225,0.1
Fridge,binary,Distributive,8,4,h3,8,16,0.5440587449933244,0.49613210148924436,0.5348261231927549,0.4981502464516895,0.01398,1.0987,0.1
Fridge,binary,Distributive,8,4,h3,8,64,0.5671728971962616,0.4769605136918385,0.5310480669120915,0.49441682997802716,0.01152,1.078,0.1
Fridge,binary,Distributive,8,4,h3,8,256,0.5211949265687583,0.5052407324776679,0.5273630908270238,0.5079762456202862,0.01195,1.0699,0.1
Fridge,binary,Distributive,8,4,h3,8,1024,0.5653371161548731,0.48500867883749044,0.5356531024493792,0.4978645406496823,0.01287,1.1071,0.1
Fridge,binary,Distributive,8,8,murmur,2,16,0.595043391188251,0.4526143286570157,0.5221396554348998,0.49896603123700933,0.00933,0.837,0.1
Fridge,binary,Distributive,8,8,murmur,2,64,0.6199933244325768,0.394428198504111,0.4864553157820084,0.49892829146623907,0.0098,0.8249,0.1
Fridge,binary,Distributive,8,8,murmur,2,256,0.5947930574098799,0.4528421895073819,0.5222362573024432,0.49993942633172983,0.00881,0.8315,0.1
Fridge,binary,Distributive,8,8,murmur,2,1024,0.5972963951935915,0.4521770311288505,0.5223839348852037,0.5001496525921967,0.00889,0.8463,0.1
Fridge,binary,Distributive,8,8,murmur,4,16,0.595043391188251,0.4526143286570157,0.5221396554348998,0.49896603123700933,0.00939,0.8355,0.1
Fridge,binary,Distributive,8,8,murmur,4,64,0.5972963951935915,0.4521770311288505,0.5223839348852037,0.4984702921788705,0.00897,0.8395,0.1
Fridge,binary,Distributive,8,8,murmur,4,256,0.6005507343124166,0.4515085186813004,0.5227014066984688,0.49873597006948156,0.01735,1.6982,0.1
Fridge,binary,Distributive,8,8,murmur,4,1024,0.5972963951935915,0.44484570694179,0.5172840594486968,0.5015801710315339,0.01711,1.6061,0.1
Fridge,binary,Distributive,8,8,murmur,8,16,0.5694259012016022,0.48500708960727934,0.5369250067131035,0.49958762396816914,0.00943,0.8678,0.1
Fridge,binary,Distributive,8,8,murmur,8,64,0.5927903871829105,0.45669097838975703,0.524400320810359,0.49911146742680684,0.00904,0.8447,0.1
Fridge,binary,Distributive,8,8,murmur,8,256,0.595043391188251,0.4526143286570157,0.5221396554348998,0.49896603123700933,0.02068,2.0329,0.1
Fridge,binary,Distributive,8,8,murmur,8,1024,0.6005507343124166,0.4515085186813004,0.5227014066984688,0.4994635815666013,0.01155,0.9698,0.1
Fridge,binary,Distributive,8,8,simhash,2,16,0.5972963951935915,0.44484570694179,0.5172840594486968,0.49766874517489157,0.0253,1.9107,0.1
Fridge,binary,Distributive,8,8,simhash,2,64,0.5716789052069426,0.4854015105053927,0.5378677313713851,0.49720851891442486,0.04897,3.989,0.1
Fridge,binary,Distributive,8,8,simhash,2,256,0.6244993324432577,0.3844257242654613,0.4801472163555929,0.4977724924282914,0.02529,1.9658,0.1
Fridge,binary,Distributive,8,8,simhash,2,1024,0.5749332443257676,0.48595047696934374,0.5392045038027913,0.5024907654848862,0.02549,1.9266,0.1
Fridge,binary,Distributive,8,8,simhash,4,16,0.5148531375166889,0.5012663222865593,0.5217633175578974,0.5044319437021201,0.02567,1.9971,0.1
Fridge,binary,Distributive,8,8,simhash,4,64,0.6244993324432577,0.3844257242654613,0.4801472163555929,0.5010339687629907,0.05012,4.0825,0.1
Fridge,binary,Distributive,8,8,simhash,4,256,0.5943758344459279,0.43994081512188976,0.5131704508541207,0.4942671773858305,0.02443,2.0407,0.1
Fridge,binary,Distributive,8,8,simhash,4,1024,0.6199933244325768,0.394428198504111,0.4864553157820084,0.501330779737514,0.02609,1.9922,0.1
Fridge,binary,Distributive,8,8,simhash,8,16,0.6244993324432577,0.3844257242654613,0.4801472163555929,0.5004165924342301,0.02576,2.025,0.1
Fridge,binary,Distributive,8,8,simhash,8,64,0.5707610146862483,0.49027704835037833,0.5407105123458079,0.5025589702476394,0.07783,5.6936,0.1
Fridge,binary,Distributive,8,8,simhash,8,256,0.5682576769025367,0.49418536677367825,0.5423824390424339,0.5012895065027614,0.02862,2.0668,0.1
Fridge,binary,Distributive,8,8,simhash,8,1024,0.5406375166889186,0.49889000568356284,0.5349046263369255,0.49975265752123055,0.02698,2.0411,0.1
Fridge,binary,Distributive,8,8,h3,2,16,0.5675901201602136,0.4854551916711287,0.5366437101781106,0.4990481620048696,0.00865,0.8261,0.1
Fridge,binary,Distributive,8,8,h3,2,64,0.6244993324432577,0.3844257242654613,0.4801472163555929,0.5,0.00996,0.9187,0.1
Fridge,binary,Distributive,8,8,h3,2,256,0.5988818424566088,0.4507884587137216,0.5218009377573943,0.4976340043945603,0.01721,1.7765,0.1
Fridge,binary,Distributive,8,8,h3,2,1024,0.6005507343124166,0.4515085186813004,0.5227014066984688,0.49371414573311956,0.00991,0.8174,0.1
Fridge,binary,Distributive,8,8,h3,4,16,0.5947930574098799,0.4528421895073819,0.5222362573024432,0.49889850941267294,0.00967,0.8235,0.1
Fridge,binary,Distributive,8,8,h3,4,64,0.56466955941255,0.4767223379346309,0.5301386841365668,0.4948596710018409,0.01103,0.9061,0.1
Fridge,binary,Distributive,8,8,h3,4,256,0.6199933244325768,0.394428198504111,0.4864553157820084,0.4958623433695588,0.01852,1.6971,0.1
Fridge,binary,Distributive,8,8,h3,4,1024,0.6244993324432577,0.3844257242654613,0.4801472163555929,0.50103818516539,0.00941,0.8303,0.1
Fridge,binary,Distributive,8,8,h3,8,16,0.5943758344459279,0.45545322277133793,0.5239391096434636,0.49958340756576997,0.01043,0.9019,0.1
Fridge,binary,Distributive,8,8,h3,8,64,0.590287049399199,0.45720181653981085,0.5241257017525534,0.4978603242472831,0.01782,1.8063,0.1
Fridge,binary,Distributive,8,8,h3,8,256,0.6199933244325768,0.394428198504111,0.4864553157820084,0.4958623433695588,0.01032,0.8994,0.1
Fridge,binary,Distributive,8,8,h3,8,1024,0.5655874499332443,0.4828257614655658,0.5343403376832447,0.49678021260169847,0.01251,0.9344,0.1
Fridge,binary,Distributive,16,4,murmur,2,16,0.5953771695594126,0.4533170486764012,0.5227076855588543,0.5007987707108498,0.01532,1.4321,0.1
Fridge,binary,Distributive,16,4,murmur,2,64,0.5866154873164219,0.4663012159026458,0.5293974875895892,0.49935091157432143,0.04444,4.0219,0.1
Fridge,binary,Distributive,16,4,murmur,2,256,0.5718457943925234,0.48191196303037975,0.5356597204476914,0.4990441831462676,0.01547,1.4431,0.1
Fridge,binary,Distributive,16,4,murmur,2,1024,0.5520694259012016,0.4883889546540825,0.5333327877196935,0.49421358156660133,0.01533,1.4554,0.1
Fridge,binary,Distributive,16,4,murmur,4,16,0.5790220293724967,0.47728472932956156,0.5347055924519596,0.5001823742502525,0.03131,3.1964,0.1
Fridge,binary,Distributive,16,4,murmur,4,64,0.549148865153538,0.49812857244339404,0.5379727371769899,0.5018232674149297,0.03071,2.9862,0.1
Fridge,binary,Distributive,16,4,murmur,4,256,0.5568257676902537,0.49289777900433474,0.5377300042073387,0.49726612328523073,0.03385,3.424,0.1
Fridge,binary,Distributive,16,4,murmur,4,1024,0.546979305740988,0.49806707121733773,0.5370818019894769,0.501303491893818,0.02946,2.9936,0.1
Fridge,binary,Distributive,16,4,murmur,8,16,0.5423898531375166,0.4966096655163492,0.5344093555721223,0.4981874220559416,0.03113,3.0523,0.1
Fridge,binary,Distributive,16,4,murmur,8,64,0.6048064085447263,0.44781154791989536,0.5211249538830401,0.5040962052378408,0.03336,3.0132,0.1
Fridge,binary,Distributive,16,4,murmur,8,256,0.5797730307076101,0.4735055762600673,0.5324026944011274,0.49883437258744584,0.03325,3.1616,0.1
Fridge,binary,Distributive,16,4,murmur,8,1024,0.5730140186915887,0.4748626133010749,0.5313929730164374,0.4961252449670408,0.01894,1.5999,0.1
Fridge,binary,Distributive,16,4,simhash,2,16,0.5725967957276369,0.4723277187712334,0.5296023982578161,0.4947279529663282,0.04324,3.494,0.1
Fridge,binary,Distributive,16,4,simhash,2,64,0.5470627503337784,0.49607470778614315,0.5359876980700213,0.4999147217768276,0.04357,3.4305,0.1
Fridge,binary,Distributive,16,4,simhash,2,256,0.5941255006675568,0.4545612224499041,0.5232612894577358,0.4991171684779381,0.04315,3.4664,0.1
Fridge,binary,Distributive,16,4,simhash,2,1024,0.5978805073431241,0.44329526839841793,0.5163407716463996,0.49751618267118,0.04559,3.4908,0.1
Fridge,binary,Distributive,16,4,simhash,4,16,0.5745994659546061,0.4765801651552934,0.5329800096568648,0.4953998159035572,0.04848,3.6714,0.1
Fridge,binary,Distributive,16,4,simhash,4,64,0.5856141522029372,0.4797464355281192,0.5381832217947964,0.5045742621295801,0.09341,7.3156,0.1
Fridge,binary,Distributive,16,4,simhash,4,256,0.5962950600801068,0.4616069241371062,0.5286588756976524,0.5029363976483164,0.09565,7.1982,0.1
Fridge,binary,Distributive,16,4,simhash,4,1024,0.5796061415220294,0.4758445017013868,0.5339136564697284,0.49943381435952255,0.09231,7.3202,0.1
Fridge,binary,Distributive,16,4,simhash,8,16,0.5773531375166889,0.4715142474146439,0.530403534765847,0.49675417186293724,0.10072,7.7757,0.1
Fridge,binary,Distributive,16,4,simhash,8,64,0.5580774365821095,0.498189895216711,0.5413552148868436,0.5041745353049469,0.09807,7.7123,0.1
Fridge,binary,Distributive,16,4,simhash,8,256,0.5967122830440588,0.45846729959939214,0.5265966192689024,0.4995173703901657,0.1001,7.9499,0.1
Fridge,binary,Distributive,16,4,simhash,8,1024,0.6182409879839786,0.40548913138063664,0.49404423531484953,0.5013011758417958,0.0989,7.9881,0.1
Fridge,binary,Distributive,16,4,h3,2,16,0.5408878504672897,0.4903428361272406,0.53030741556304,0.49313064908842574,0.03858,3.8645,0.1
Fridge,binary,Distributive,16,4,h3,2,64,0.5569926568758344,0.4986218002277213,0.5412186787403086,0.5032337430963834,0.02974,2.9061,0.1
Fridge,binary,Distributive,16,4,h3,2,256,0.5775200267022697,0.4687294274911101,0.5285913393565167,0.4955685610784488,0.03315,3.556,0.1
Fridge,binary,Distributive,16,4,h3,2,1024,0.5699265687583445,0.4956114287864558,0.5438193369769158,0.5065418819407328,0.03062,3.0151,0.1
Fridge,binary,Distributive,16,4,h3,4,16,0.5378838451268357,0.5002655315474127,0.5344057528737504,0.5006047865075123,0.03135,3.3401,0.1
Fridge,binary,Distributive,16,4,h3,4,64,0.5452269692923899,0.5021267143342177,0.5386018024780593,0.5031613516242057,0.03073,3.1431,0.1
Fridge,binary,Distributive,16,4,h3,4,256,0.5548230974632844,0.49584106953738044,0.5387789498327934,0.5006992695528238,0.03385,2.9837,0.1
Fridge,binary,Distributive,16,4,h3,4,1024,0.5911214953271028,0.4495237328863448,0.5190412918075725,0.50033900469149,0.03113,3.0451,0.1
Fridge,binary,Distributive,16,4,h3,8,16,0.5635847797062751,0.4986121428421721,0.5435538091385288,0.5046181483461013,0.03572,3.419,0.1
Fridge,binary,Distributive,16,4,h3,8,64,0.6003004005340454,0.4479206098600609,0.520141273038455,0.5005168953025714,0.03659,3.4906,0.1
Fridge,binary,Distributive,16,4,h3,8,256,0.575851134846462,0.4684420648950609,0.5279387540977675,0.49458679256487925,0.01685,1.5543,0.1
Fridge,binary,Distributive,16,4,h3,8,1024,0.5654205607476636,0.48385392856268616,0.5349443631638559,0.49857286655977195,0.01783,1.5845,0.1
Fridge,binary,Distributive,16,8,murmur,2,16,0.6129005340453939,0.42964016103717473,0.510141994256154,0.5029408515945127,0.01167,1.0897,0.1
Fridge,binary,Distributive,16,8,murmur,2,64,0.5729305740987984,0.48318111244190287,0.5368079433558348,0.5007823801888472,0.01167,1.088,0.1
Fridge,binary,Distributive,16,8,murmur,2,256,0.5689252336448598,0.4845748115909905,0.5364934707099562,0.4991424668923332,0.01196,1.071,0.1
Fridge,binary,Distributive,16,8,murmur,2,1024,0.5330440587449933,0.49335941436736397,0.528666205906674,0.49533407565769944,0.01184,1.1004,0.1
Fridge,binary,Distributive,16,8,murmur,4,16,0.5821929238985314,0.47707720821628935,0.5354552643480239,0.5016578775461725,0.01307,1.1419,0.1
Fridge,binary,Distributive,16,8,murmur,4,64,0.5818591455273698,0.4809972056199908,0.5379671145133504,0.5043534948631154,0.0122,1.112,0.1
Fridge,binary,Distributive,16,8,murmur,4,256,0.5501502002670227,0.4946024230783068,0.5363226765721725,0.4974246392303581,0.01218,1.1154,0.1
Fridge,binary,Distributive,16,8,murmur,4,1024,0.540720961281709,0.4970854564261943,0.5339716735618475,0.49674275491418723,0.01223,1.1072,0.1
Fridge,binary,Distributive,16,8,murmur,8,16,0.6244993324432577,0.3844257242654613,0.4801472163555929,0.5,0.01264,1.12,0.1
Fridge,binary,Distributive,16,8,murmur,8,64,0.5568257676902537,0.48605624784283924,0.5335435982419138,0.4932112506680919,0.01216,1.1118,0.1
Fridge,binary,Distributive,16,8,murmur,8,256,0.5782710280373832,0.4799861350553174,0.5362782887325697,0.5010873567313974,0.01339,1.1864,0.1
Fridge,binary,Distributive,16,8,murmur,8,1024,0.5370493991989319,0.5007842271221938,0.5342874077652237,0.5016813053031653,0.01271,1.215,0.1
Fridge,binary,Distributive,16,8,simhash,2,16,0.5943758344459279,0.4570473025330323,0.5250393946564902,0.5005076904804322,0.0459,3.0269,0.1
Fridge,binary,Distributive,16,8,simhash,2,64,0.5740987983978638,0.48142983707765624,0.5360141601292748,0.49747755211117056,0.03607,2.7631,0.1
Fridge,binary,Distributive,16,8,simhash,2,256,0.5578271028037384,0.4938374966677662,0.5386497437247343,0.5006454064968229,0.03513,2.7584,0.1
Fridge,binary,Distributive,16,8,simhash,2,1024,0.5923731642189586,0.45039380243198257,0.5199499369866265,0.4966351921135459,0.03556,2.7553,0.1
Fridge,binary,Distributive,16,8,simhash,4,16,0.5315420560747663,0.49335730342385586,0.5279905258889979,0.49379951303521585,0.03609,2.8172,0.1
Fridge,binary,Distributive,16,8,simhash,4,64,0.5938751668891856,0.4572298457193693,0.5250411941927988,0.49993568501692504,0.03686,2.9018,0.1
Fridge,binary,Distributive,16,8,simhash,4,256,0.5559913217623498,0.4929025086671454,0.5374393003104124,0.49910938891858186,0.03581,2.8562,0.1
Fridge,binary,Distributive,16,8,simhash,4,1024,0.5741822429906542,0.4860326084942199,0.5390325096300974,0.49960857236177925,0.03608,2.8191,0.1
Fridge,binary,Distributive,16,8,simhash,8,16,0.6182409879839786,0.40548913138063664,0.49404423531484953,0.5003055407090682,0.03744,2.9153,0.1
Fridge,binary,Distributive,16,8,simhash,8,64,0.5588284379172229,0.4917024421719684,0.53769646543347,0.49833703010867636,0.03731,2.9151,0.1
Fridge,binary,Distributive,16,8,simhash,8,256,0.5670060080106809,0.49373868447313407,0.5416943092671765,0.5031031830868816,0.03722,2.9366,0.1
Fridge,binary,Distributive,16,8,simhash,8,1024,0.5856141522029372,0.46022365793628683,0.5250029576058999,0.49642768276025895,0.03801,2.976,0.1
Fridge,binary,Distributive,16,8,h3,2,16,0.5751835781041389,0.48306126508209957,0.5373986799976491,0.5011406259279054,0.01103,1.0211,0.1
Fridge,binary,Distributive,16,8,h3,2,64,0.5822763684913218,0.4811832099714547,0.5382081598813382,0.5035853673020964,0.01121,1.0398,0.1
Fridge,binary,Distributive,16,8,h3,2,256,0.5864485981308412,0.46857644742125915,0.5308958127149148,0.4978806342419384,0.01114,1.0325,0.1
Fridge,binary,Distributive,16,8,h3,2,1024,0.5569926568758344,0.4986218002277213,0.5412186787403086,0.5032337430963834,0.01131,1.0339,0.1
Fridge,binary,Distributive,16,8,h3,4,16,0.5837783711615487,0.4765496099354376,0.535541244061307,0.5022344557277748,0.01162,1.0924,0.1
Fridge,binary,Distributive,16,8,h3,4,64,0.5660046728971962,0.4916598910450852,0.5400659196391719,0.501957093651642,0.01242,1.103,0.1
Fridge,binary,Distributive,16,8,h3,4,256,0.5877837116154874,0.4594045715514662,0.5250010362691099,0.49489349129995847,0.01206,1.0919,0.1
Fridge,binary,Distributive,16,8,h3,4,1024,0.5964619492656876,0.4562175691796512,0.5249801768327456,0.5024837876358453,0.01195,1.0937,0.1
Fridge,binary,Distributive,16,8,h3,8,16,0.5998831775700935,0.463453457342274,0.5308216991360541,0.5056762871904508,0.01372,1.2076,0.1
Fridge,binary,Distributive,16,8,h3,8,64,0.5215287049399199,0.49696876421623815,0.52464507204081,0.49734521052319025,0.01388,1.2571,0.1
Fridge,binary,Distributive,16,8,h3,8,256,0.5556575433911882,0.49169883003543224,0.536594807606257,0.4959391590949581,0.01378,1.2163,0.1
Fridge,binary,Distributive,16,8,h3,8,1024,0.599799732977303,0.43716203191926367,0.5124974712171819,0.49747177682760263,0.01407,1.1982,0.1
Fridge,binary,Distributive,16,16,murmur,2,16,0.5467289719626168,0.49822329183636754,0.5370694940630792,0.5001977255181423,0.01029,0.9457,0.1
Fridge,binary,Distributive,16,16,murmur,2,64,0.6066421895861148,0.444253898495739,0.5190557911499041,0.5045042164023992,0.0105,0.9447,0.1
Fridge,binary,Distributive,16,16,murmur,2,256,0.5979639519359146,0.4593513712246209,0.527515501225033,0.506003236534236,0.01043,0.9412,0.1
Fridge,binary,Distributive,16,16,murmur,2,1024,0.5944592790387183,0.4545143736865157,0.5233110124955722,0.494136394679019,0.01075,0.9374,0.1
Fridge,binary,Distributive,16,16,murmur,4,16,0.6086448598130841,0.42361073423502194,0.5049276459765444,0.4984703367183325,0.01098,0.957,0.1
Fridge,binary,Distributive,16,16,murmur,4,64,0.6119826435246996,0.431839592747005,0.5114997681353631,0.5026272047033672,0.01119,0.9629,0.1
Fridge,binary,Distributive,16,16,murmur,4,256,0.5674232309746329,0.48903012618086367,0.5388650270553007,0.4986237603183087,0.01167,0.948,0.1
Fridge,binary,Distributive,16,16,murmur,4,1024,0.5931241655540721,0.45810129786045195,0.5254547310262431,0.49483216046083495,0.01127,0.9663,0.1
Fridge,binary,Distributive,16,16,murmur,8,16,0.5594125500667557,0.49465353827147585,0.5396980350540201,0.5013612447294971,0.01088,0.9844,0.1
Fridge,binary,Distributive,16,16,murmur,8,64,0.5652536715620827,0.48551152481594506,0.5359461509054905,0.4989595581685373,0.01104,0.9685,0.1
Fridge,binary,Distributive,16,16,murmur,8,256,0.5737650200267023,0.46747480272888586,0.5267146249957301,0.492485064433755,0.01267,1.0018,0.1
Fridge,binary,Distributive,16,16,murmur,8,1024,0.5781875834445928,0.47615282533744985,0.5337197979583073,0.49883368964902897,0.01137,0.9935,0.1
Fridge,binary,Distributive,16,16,simhash,2,16,0.5552403204272364,0.4982136563533351,0.5403343409069294,0.5022082368311658,0.07871,6.2689,0.1
Fridge,binary,Distributive,16,16,simhash,2,64,0.5787716955941254,0.47778418988483035,0.5349657301194674,0.5038773680147277,0.08018,6.4671,0.1
Fridge,binary,Distributive,16,16,simhash,2,256,0.5712616822429907,0.48133603652058954,0.5351112122391557,0.4972822317239741,0.07767,5.8538,0.1
Fridge,binary,Distributive,16,16,simhash,2,1024,0.5790220293724967,0.47728472932956156,0.5347055924519596,0.5001212661084388,0.07401,5.6904,0.1
Fridge,binary,Distributive,16,16,simhash,4,16,0.5942089452603472,0.4564573328572866,0.5245910658940399,0.4972570075420156,0.08164,5.8291,0.1
Fridge,binary,Distributive,16,16,simhash,4,64,0.5625834445927904,0.4914500147221763,0.538808817652545,0.5013567017043767,0.07576,6.6589,0.1
Fridge,binary,Distributive,16,16,simhash,4,256,0.5931241655540721,0.45810129786045195,0.5254547310262431,0.4969203634420096,0.07442,5.8729,0.1
Fridge,binary,Distributive,16,16,simhash,4,1024,0.5882843791722296,0.4722121179533078,0.5338419449065575,0.5019673080349188,0.0744,6.0369,0.1
Fridge,binary,Distributive,16,16,simhash,8,16,0.5322930574098799,0.4920022729935015,0.5276252954226787,0.49271732288140624,0.08456,6.0882,0.1
Fridge,binary,Distributive,16,16,simhash,8,64,0.545477303070761,0.49818389995819146,0.5365431048747197,0.5022442098699448,0.09369,6.8321,0.1
Fridge,binary,Distributive,16,16,simhash,8,256,0.6040554072096128,0.4388076091714995,0.5146340630152224,0.5011205237840727,0.08362,6.5759,0.1
Fridge,binary,Distributive,16,16,simhash,8,1024,0.6123998664886515,0.43001358315359245,0.5102969095250065,0.5054991834431973,0.0751,5.9065,0.1
Fridge,binary,Distributive,16,16,h3,2,16,0.5209445927903872,0.5004913144079617,0.5256593897453463,0.501662153334521,0.01719,1.7004,0.1
Fridge,binary,Distributive,16,16,h3,2,64,0.5892857142857143,0.46240484418910976,0.5274361936168439,0.4998138547419681,0.01784,1.64,0.1
Fridge,binary,Distributive,16,16,h3,2,256,0.5223631508678238,0.5024754517555846,0.5272437715180728,0.5038390640774393,0.01704,1.7057,0.1
Fridge,binary,Distributive,16,16,h3,2,1024,0.6059746328437917,0.42540892531443353,0.5056125679562324,0.49203797731456744,0.01728,1.7966,0.1
Fridge,binary,Distributive,16,16,h3,4,16,0.5778538050734312,0.4873627860461982,0.5409924187725663,0.5045189738107964,0.0197,1.9256,0.1
Fridge,binary,Distributive,16,16,h3,4,64,0.5459779706275033,0.4992452654714665,0.5373360582017626,0.500729333689649,0.01943,3.0209,0.1
Fridge,binary,Distributive,16,16,h3,4,256,0.5891188251001335,0.46377594351153006,0.528329474519537,0.4995968881762575,0.01842,1.8555,0.1
Fridge,binary,Distributive,16,16,h3,4,1024,0.5600801068090788,0.48367520305537837,0.5331312188473615,0.49667496585307913,0.02171,1.8722,0.1
Fridge,binary,Distributive,16,16,h3,8,16,0.5790220293724967,0.46286075435628804,0.5250579990446725,0.49384719995249127,0.02533,2.2342,0.1
Fridge,binary,Distributive,16,16,h3,8,64,0.571762349799733,0.4776859156003718,0.5328813697196982,0.4971422887344854,0.02725,2.1355,0.1
Fridge,binary,Distributive,16,16,h3,8,256,0.6123164218958611,0.42981171035644655,0.5101353179130267,0.4964064671298771,0.02633,2.3996,0.1
Fridge,binary,Distributive,16,16,h3,8,1024,0.5731809078771696,0.4789204100310509,0.5341045037278958,0.4942378555733713,0.02353,2.1232,0.1
Fridge,binary,Gaussian,8,4,murmur,2,16,0.5725133511348465,0.4693970633388971,0.527640296877249,0.4933320862283984,0.02143,1.8941,0.1
Fridge,binary,Gaussian,8,4,murmur,2,64,0.5730140186915887,0.48488022625036054,0.5379347424183302,0.5021099530851001,0.01995,2.2511,0.1
Fridge,binary,Gaussian,8,4,murmur,2,256,0.5606642189586115,0.4805240525828306,0.5313288659385413,0.49539055169546886,0.01785,1.8725,0.1
Fridge,binary,Gaussian,8,4,murmur,2,1024,0.6244993324432577,0.3844257242654613,0.4801472163555929,0.5,0.01841,1.86,0.1
Fridge,binary,Gaussian,8,4,murmur,4,16,0.6020527369826435,0.4521285945924156,0.5234914341030936,0.5029831343904032,0.01895,1.9347,0.1
Fridge,binary,Gaussian,8,4,murmur,4,64,0.6139018691588785,0.42694616042906247,0.5084473780842519,0.5075581388443494,0.01989,2.0381,0.1
Fridge,binary,Gaussian,8,4,murmur,4,256,0.5745994659546061,0.485200725132634,0.5386179943782817,0.4998852366530079,0.02009,2.0241,0.1
Fridge,binary,Gaussian,8,4,murmur,4,1024,0.5737650200267023,0.4873599713578082,0.5397649846155277,0.5035261001247104,0.01846,2.0356,0.1
Fridge,binary,Gaussian,8,4,murmur,8,16,0.5357977303070761,0.49877535000528195,0.5326945341687924,0.49906746243838707,0.01973,2.7295,0.1
Fridge,binary,Gaussian,8,4,murmur,8,64,0.5627503337783711,0.49397736612521836,0.540427917387556,0.5001001544034682,0.01979,2.1014,0.1
Fridge,binary,Gaussian,8,4,murmur,8,256,0.6126502002670227,0.41989396156194214,0.5031575134287576,0.5001266108438744,0.0209,2.014,0.1
Fridge,binary,Gaussian,8,4,murmur,8,1024,0.556909212283044,0.49059072386584357,0.5363572292860393,0.4966049646653602,0.02037,2.3215,0.1
Fridge,binary,Gaussian,8,4,simhash,2,16,0.5839452603471295,0.4872578316627571,0.5426988937677086,0.5072695528238019,0.05091,4.2167,0.1
Fridge,binary,Gaussian,8,4,simhash,2,64,0.6139018691588785,0.42694616042906247,0.5084473780842519,0.5028565235465289,0.05,4.3178,0.1
Fridge,binary,Gaussian,8,4,simhash,2,256,0.5456441922563418,0.491978958720546,0.533092452140524,0.4938143446760497,0.05135,4.2349,0.1
Fridge,binary,Gaussian,8,4,simhash,2,1024,0.5538217623497997,0.49561692058879336,0.5382804548100764,0.5002519745828137,0.05197,4.5116,0.1
Fridge,binary,Gaussian,8,4,simhash,4,16,0.6244993324432577,0.3844257242654613,0.4801472163555929,0.5,0.05741,4.5362,0.1
Fridge,binary,Gaussian,8,4,simhash,4,64,0.6037216288384513,0.434102822489932,0.5112469343850671,0.49985732525684423,0.0315,2.2936,0.1
Fridge,binary,Gaussian,8,4,simhash,4,256,0.592456608811749,0.4479087982707929,0.5182497419521714,0.4976067462438387,0.03133,2.3084,0.1
Fridge,binary,Gaussian,8,4,simhash,4,1024,0.5839452603471295,0.4872578316627571,0.5426988937677086,0.5043475859611617,0.02833,2.2437,0.1
Fridge,binary,Gaussian,8,4,simhash,8,16,0.48105807743658213,0.48058150704473024,0.4844990994670059,0.5048144782944356,0.03197,2.465,0.1
Fridge,binary,Gaussian,8,4,simhash,8,64,0.6244993324432577,0.3844257242654613,0.4801472163555929,0.5,0.03011,2.3886,0.1
Fridge,binary,Gaussian,8,4,simhash,8,256,0.5725133511348465,0.4693970633388971,0.527640296877249,0.4926605202209158,0.0305,2.4004,0.1
Fridge,binary,Gaussian,8,4,simhash,8,1024,0.5415554072096128,0.5000750190098778,0.5359317624594749,0.5017498069956648,0.03041,2.4263,0.1
Fridge,binary,Gaussian,8,4,h3,2,16,0.5609145527369827,0.494985639000797,0.5404202529935864,0.5020764891026783,0.00998,0.9403,0.1
Fridge,binary,Gaussian,8,4,h3,2,64,0.5839452603471295,0.4872578316627571,0.5426988937677086,0.5072695528238019,0.01001,0.9476,0.1
Fridge,binary,Gaussian,8,4,h3,2,256,0.5097630173564753,0.49532472179798587,0.5165797163448692,0.4985341320743512,0.01027,0.9522,0.1
Fridge,binary,Gaussian,8,4,h3,2,1024,0.521779038718291,0.49825259642356357,0.5253057385459015,0.49878609181067757,0.00998,0.9359,0.1
Fridge,binary,Gaussian,8,4,h3,4,16,0.5489819759679573,0.5057848603004804,0.5421665123331507,0.5067879921610546,0.01089,0.9959,0.1
Fridge,binary,Gaussian,8,4,h3,4,64,0.5097630173564753,0.49532472179798587,0.5165797163448692,0.49855757467783124,0.01035,0.982,0.1
Fridge,binary,Gaussian,8,4,h3,4,256,0.5725133511348465,0.4693970633388971,0.527640296877249,0.4925213344022804,0.01081,0.9703,0.1
Fridge,binary,Gaussian,8,4,h3,4,1024,0.5939586114819759,0.4583703558395991,0.5258479000085204,0.5004012114733654,0.01038,0.9794,0.1
Fridge,binary,Gaussian,8,4,h3,8,16,0.5574933244325768,0.48594196474920026,0.5336962159894587,0.49530583763881464,0.0113,1.0543,0.1
Fridge,binary,Gaussian,8,4,h3,8,64,0.5492323097463284,0.49675146072715104,0.5372173143378035,0.5012398895421343,0.01182,1.066,0.1
Fridge,binary,Gaussian,8,4,h3,8,256,0.5715120160213618,0.4770641452625732,0.5324013622946221,0.4964732466298474,0.01157,1.0569,0.1
Fridge,binary,Gaussian,8,4,h3,8,1024,0.5610814419225634,0.4863917253550103,0.5351606781422266,0.49675923451511367,0.01183,1.0601,0.1
Fridge,binary,Gaussian,8,8,murmur,2,16,0.5307076101468625,0.5006107695257378,0.5311372727254101,0.4986541213848804,0.00833,0.8074,0.1
Fridge,binary,Gaussian,8,8,murmur,2,64,0.6037216288384513,0.434102822489932,0.5112469343850671,0.49982245085812693,0.00896,0.8026,0.1
Fridge,binary,Gaussian,8,8,murmur,2,256,0.5826935914552737,0.48278747729869903,0.539388928721372,0.5039908991032722,0.00873,0.8131,0.1
Fridge,binary,Gaussian,8,8,murmur,2,1024,0.5515687583444593,0.4872643639506541,0.5324774442690129,0.4958242769760675,0.00867,0.8129,0.1
Fridge,binary,Gaussian,8,8,murmur,4,16,0.5719292389853138,0.4756133177570093,0.5315725679410553,0.49596555614941507,0.00893,0.8348,0.1
Fridge,binary,Gaussian,8,8,murmur,4,64,0.5839452603471295,0.4872578316627571,0.5426988937677086,0.5060839271928261,0.00907,0.8238,0.1
Fridge,binary,Gaussian,8,8,murmur,4,256,0.5468958611481975,0.4952912864973694,0.5354760596597054,0.4994078626996852,0.01702,1.8674,0.1
Fridge,binary,Gaussian,8,8,murmur,4,1024,0.5827770360480641,0.47031469212324356,0.531087534258641,0.500331611140804,0.01771,1.716,0.1
Fridge,binary,Gaussian,8,8,murmur,8,16,0.6126502002670227,0.41989396156194214,0.5031575134287576,0.5001266108438744,0.02558,2.0759,0.1
Fridge,binary,Gaussian,8,8,murmur,8,64,0.5417222963951935,0.49714779999687053,0.5344264707515219,0.4984817982065443,0.02957,2.0372,0.1
Fridge,binary,Gaussian,8,8,murmur,8,256,0.6045560747663551,0.42975752992194804,0.5083707714917612,0.5000299156719521,0.01871,1.7942,0.1
Fridge,binary,Gaussian,8,8,murmur,8,1024,0.6244993324432577,0.3844257242654613,0.4801472163555929,0.5,0.02826,2.4627,0.1
Fridge,binary,Gaussian,8,8,simhash,2,16,0.580607476635514,0.465781618191223,0.5274519496523037,0.49277045845952844,0.05456,3.6143,0.1
Fridge,binary,Gaussian,8,8,simhash,2,64,0.5490654205607477,0.49632244777875845,0.5369065196667048,0.4966991804738998,0.02447,1.9127,0.1
Fridge,binary,Gaussian,8,8,simhash,2,256,0.6139018691588785,0.42694616042906247,0.5084473780842519,0.5003011016093593,0.0236,1.8859,0.1
Fridge,binary,Gaussian,8,8,simhash,2,1024,0.5715120160213618,0.4770641452625732,0.5324013622946221,0.49763842864778196,0.0241,1.8825,0.1
Fridge,binary,Gaussian,8,8,simhash,4,16,0.5625,0.49102025218479073,0.5385142551864794,0.5002004275788349,0.02444,1.8969,0.1
Fridge,binary,Gaussian,8,8,simhash,4,64,0.5716789052069426,0.47190494372226915,0.5290609239622893,0.494081655680266,0.02439,1.9173,0.1
Fridge,binary,Gaussian,8,8,simhash,4,256,0.6244993324432577,0.3844257242654613,0.4801472163555929,0.5024553120731635,0.02529,1.9903,0.1
Fridge,binary,Gaussian,8,8,simhash,4,1024,0.6126502002670227,0.41989396156194214,0.5031575134287576,0.4972881851653899,0.02618,1.9568,0.1
Fridge,binary,Gaussian,8,8,simhash,8,16,0.5498164218958611,0.49283262679225515,0.5351626354029497,0.4971780390759546,0.05382,4.3782,0.1
Fridge,binary,Gaussian,8,8,simhash,8,64,0.6244993324432577,0.3844257242654613,0.4801472163555929,0.5006977849040917,0.05334,4.1622,0.1
Fridge,binary,Gaussian,8,8,simhash,8,256,0.6126502002670227,0.41989396156194214,0.5031575134287576,0.49797582991864126,0.05667,4.5298,0.1
Fridge,binary,Gaussian,8,8,simhash,8,1024,0.5945427236315087,0.46809834998220196,0.5326730566345262,0.5044130292772729,0.04935,4.1363,0.1
Fridge,binary,Gaussian,8,8,h3,2,16,0.580607476635514,0.465781618191223,0.5274519496523037,0.4974432715719461,0.00843,0.7771,0.1
Fridge,binary,Gaussian,8,8,h3,2,64,0.6045560747663551,0.42975752992194804,0.5083707714917612,0.4920745739058139,0.00891,0.7767,0.1
Fridge,binary,Gaussian,8,8,h3,2,256,0.6139018691588785,0.42694616042906247,0.5084473780842519,0.4982876506918463,0.0083,0.788,0.1
Fridge,binary,Gaussian,8,8,h3,2,1024,0.5927069425901201,0.4528410541063297,0.5217236768552372,0.49410189144248473,0.00887,0.7764,0.1
Fridge,binary,Gaussian,8,8,h3,4,16,0.5312082777036048,0.5045465137075973,0.5331647524716572,0.5045840905041867,0.00985,0.9871,0.1
Fridge,binary,Gaussian,8,8,h3,4,64,0.6037216288384513,0.434102822489932,0.5112469343850671,0.4982942573787042,0.00881,0.8338,0.1
Fridge,binary,Gaussian,8,8,h3,4,256,0.5719292389853138,0.4756133177570093,0.5315725679410553,0.49499928736860865,0.00931,1.0184,0.1
Fridge,binary,Gaussian,8,8,h3,4,1024,0.6020527369826435,0.4521285945924156,0.5234914341030936,0.5029831343904032,0.00896,0.8593,0.1
Fridge,binary,Gaussian,8,8,h3,8,16,0.5369659546061415,0.4944587425614524,0.5309598996093237,0.4954839954866679,0.01033,0.9199,0.1
Fridge,binary,Gaussian,8,8,h3,8,64,0.6045560747663551,0.42975752992194804,0.5083707714917612,0.4945682641487025,0.01018,0.9151,0.1
Fridge,binary,Gaussian,8,8,h3,8,256,0.6244993324432577,0.3844257242654613,0.4801472163555929,0.5041610546944593,0.01127,0.9132,0.1
Fridge,binary,Gaussian,8,8,h3,8,1024,0.6037216288384513,0.434102822489932,0.5112469343850671,0.4995859017756399,0.01297,0.9622,0.1
Fridge,binary,Gaussian,16,4,murmur,2,16,0.5839452603471295,0.467183791547729,0.5292900701390678,0.4982762634360711,0.01602,1.4354,0.1
Fridge,binary,Gaussian,16,4,murmur,2,64,0.5996328437917223,0.44361616007967136,0.5169779287838566,0.4994831046974286,0.01554,1.5515,0.1
Fridge,binary,Gaussian,16,4,murmur,2,256,0.5664218958611482,0.47262553934698553,0.528005105599115,0.49357693449729795,0.01546,1.4412,0.1
Fridge,binary,Gaussian,16,4,murmur,2,1024,0.5741822429906542,0.4830801782794253,0.5371148753770811,0.49954342597541423,0.0156,1.447,0.1
Fridge,binary,Gaussian,16,4,murmur,4,16,0.5760180240320427,0.4698447958763683,0.5289201105913659,0.49684311716847795,0.01538,1.5114,0.1
Fridge,binary,Gaussian,16,4,murmur,4,64,0.5700100133511349,0.4849132512436544,0.5370439714507417,0.4974920125898213,0.01847,1.9945,0.1
Fridge,binary,Gaussian,16,4,murmur,4,256,0.5906208277703605,0.4523285186200746,0.5208546312910233,0.5003784963477641,0.01555,1.4409,0.1
Fridge,binary,Gaussian,16,4,murmur,4,1024,0.5827770360480641,0.4793155314163733,0.5371083299601705,0.49948530197755203,0.01591,1.5019,0.1
Fridge,binary,Gaussian,16,4,murmur,8,16,0.592456608811749,0.4510709123589648,0.5204387055544775,0.4968949462557159,0.01589,1.4876,0.1
Fridge,binary,Gaussian,16,4,murmur,8,64,0.5752670226969292,0.48329565537954444,0.5375762250146465,0.5012960389571827,0.01706,1.5062,0.1
Fridge,binary,Gaussian,16,4,murmur,8,256,0.5746829105473965,0.48174002224712337,0.5363886091807224,0.5002524496704079,0.01687,1.55,0.1
Fridge,binary,Gaussian,16,4,murmur,8,1024,0.5811081441922563,0.4688175713821684,0.5296297436626226,0.4974667141754261,0.01727,1.5772,0.1
Fridge,binary,Gaussian,16,4,simhash,2,16,0.5774365821094793,0.48794343279240343,0.5412463384934323,0.507094690896134,0.04479,3.5774,0.1
Fridge,binary,Gaussian,16,4,simhash,2,64,0.6061415220293725,0.42968258945540816,0.5086735067672458,0.49588847318724394,0.04414,3.4628,0.1
Fridge,binary,Gaussian,16,4,simhash,2,256,0.5942089452603472,0.44945383001431455,0.5197466312989624,0.4944506948156066,0.04313,3.4372,0.1
Fridge,binary,Gaussian,16,4,simhash,2,1024,0.5751001335113485,0.4709111877550025,0.5293729805599924,0.49685444503830395,0.04325,3.5581,0.1
Fridge,binary,Gaussian,16,4,simhash,4,16,0.5796895861148198,0.48543511970438225,0.5402714089944476,0.5043939070016035,0.04708,3.6989,0.1
Fridge,binary,Gaussian,16,4,simhash,4,64,0.6113985313751669,0.4419980105911769,0.5185527817587411,0.5055482510837935,0.04487,3.7116,0.1
Fridge,binary,Gaussian,16,4,simhash,4,256,0.616822429906542,0.4035581538768348,0.492363707836177,0.498859671001841,0.06618,3.9083,0.1
Fridge,binary,Gaussian,16,4,simhash,4,1024,0.5139352469959947,0.49441092772561523,0.5191500227161937,0.49657259932300013,0.04599,3.6837,0.1
Fridge,binary,Gaussian,16,4,simhash,8,16,0.5622496662216289,0.48057840445692823,0.5318635570465466,0.49415214680206665,0.05583,4.2215,0.1
Fridge,binary,Gaussian,16,4,simhash,8,64,0.6016355140186916,0.4417118557301619,0.5161135077933008,0.5008225250905636,0.04812,3.8014,0.1
Fridge,binary,Gaussian,16,4,simhash,8,256,0.5838618157543392,0.4794583023154801,0.5375056442386318,0.5035699863412317,0.0499,3.8291,0.1
Fridge,binary,Gaussian,16,4,simhash,8,1024,0.6069759679572764,0.4489202164944576,0.5224070289539545,0.504931290456678,0.04954,3.8109,0.1
Fridge,binary,Gaussian,16,4,h3,2,16,0.581692256341789,0.48480312753953014,0.5404346765766556,0.5050226854326266,0.01506,1.3963,0.1
Fridge,binary,Gaussian,16,4,h3,2,64,0.5710113484646195,0.4940093239168578,0.5431588514570762,0.5051985866144071,0.01493,1.4208,0.1
Fridge,binary,Gaussian,16,4,h3,2,256,0.5873664886515354,0.4731945480267913,0.5342608808506372,0.5026103094007959,0.01521,1.3932,0.1
Fridge,binary,Gaussian,16,4,h3,2,1024,0.5612483311081442,0.4888559633543408,0.5367537073404492,0.4984451570758359,0.01742,1.4019,0.1
Fridge,binary,Gaussian,16,4,h3,4,16,0.5544893190921228,0.4972066901256902,0.539464135078925,0.501539580735198,0.01602,1.4317,0.1
Fridge,binary,Gaussian,16,4,h3,4,64,0.5630006675567423,0.4808570862280701,0.5322765212364103,0.49462052378407273,0.01567,1.4415,0.1
Fridge,binary,Gaussian,16,4,h3,4,256,0.5508177570093458,0.5034036776390808,0.5416115125947575,0.5052009620523784,0.01643,1.4425,0.1
Fridge,binary,Gaussian,16,4,h3,4,1024,0.5458110814419226,0.4924729716341657,0.5334410333243449,0.4958318783775758,0.01658,1.4933,0.1
Fridge,binary,Gaussian,16,4,h3,8,16,0.5700934579439252,0.4934316640588441,0.5425004742160904,0.5045079874101788,0.0175,1.5807,0.1
Fridge,binary,Gaussian,16,4,h3,8,64,0.5882843791722296,0.47576697942767915,0.5362410285699232,0.5041869469683472,0.01781,1.5674,0.1
Fridge,binary,Gaussian,16,4,h3,8,256,0.587700267022697,0.46152748808242067,0.5264300173631971,0.49804863709246394,0.01885,1.6122,0.1
Fridge,binary,Gaussian,16,4,h3,8,1024,0.5952102803738317,0.44978894471505726,0.5202218720979145,0.49808070550507755,0.0181,1.6043,0.1
Fridge,binary,Gaussian,16,8,murmur,2,16,0.6009679572763685,0.43435900027478863,0.5107982880504213,0.49662117702951486,0.01182,1.1045,0.1
Fridge,binary,Gaussian,16,8,murmur,2,64,0.6062249666221629,0.4300332147468401,0.5089400416410264,0.49909477997505786,0.01174,1.0967,0.1
Fridge,binary,Gaussian,16,8,murmur,2,256,0.5962950600801068,0.4602826928805481,0.5277462739516058,0.5024490765484887,0.01175,1.0972,0.1
Fridge,binary,Gaussian,16,8,murmur,2,1024,0.617656875834446,0.4265653379621354,0.5089904823696194,0.5042697309816497,0.01211,1.1053,0.1
Fridge,binary,Gaussian,16,8,murmur,4,16,0.5740153538050734,0.4816397089460064,0.5361265490842662,0.49989518379951303,0.01296,1.1282,0.1
Fridge,binary,Gaussian,16,8,murmur,4,64,0.5922897196261683,0.47101841827003116,0.5340845673196499,0.5043369558762396,0.01169,1.1298,0.1
Fridge,binary,Gaussian,16,8,murmur,4,256,0.5841955941255007,0.4788996280488075,0.5372258138243509,0.5046434319140092,0.01187,1.092,0.1
Fridge,binary,Gaussian,16,8,murmur,4,1024,0.5331275033377837,0.4988305045015574,0.531475558577251,0.4947685284161767,0.01232,1.0808,0.1
Fridge,binary,Gaussian,16,8,murmur,8,16,0.6001335113484646,0.43361226457422014,0.5100818552751043,0.495864481263733,0.01191,1.1385,0.1
Fridge,binary,Gaussian,16,8,murmur,8,64,0.6058911882510013,0.42970325601186166,0.508632063968864,0.5002397113842865,0.01187,1.1085,0.1
Fridge,binary,Gaussian,16,8,murmur,8,256,0.5730974632843792,0.4809229163790203,0.5353880347880482,0.49850776471286895,0.01201,1.121,0.1
Fridge,binary,Gaussian,16,8,murmur,8,1024,0.585781041388518,0.47817446902082134,0.5371781463352658,0.504171209691787,0.0126,1.12,0.1
Fridge,binary,Gaussian,16,8,simhash,2,16,0.589452603471295,0.4522376257536075,0.5205019627842142,0.4955530613456856,0.0335,2.699,0.1
Fridge,binary,Gaussian,16,8,simhash,2,64,0.586865821094793,0.47411601814157,0.534747737732923,0.5016445602470455,0.03465,2.8047,0.1
Fridge,binary,Gaussian,16,8,simhash,2,256,0.5753504672897196,0.4871858337622791,0.5401307455042559,0.5040016331136054,0.03391,2.732,0.1
Fridge,binary,Gaussian,16,8,simhash,2,1024,0.5866154873164219,0.457293193223935,0.5232586163986326,0.49580675812102853,0.03436,2.7339,0.1
Fridge,binary,Gaussian,16,8,simhash,4,16,0.5735981308411215,0.48037343589945497,0.535176920869103,0.49907381673496054,0.03526,2.8696,0.1
Fridge,binary,Gaussian,16,8,simhash,4,64,0.5900367156208278,0.4701213262619116,0.5328870729461785,0.5039919977433339,0.03486,2.7685,0.1
Fridge,binary,Gaussian,16,8,simhash,4,256,0.5764352469959947,0.4832960769945007,0.537920149967075,0.49890204287665535,0.03511,2.7646,0.1
Fridge,binary,Gaussian,16,8,simhash,4,1024,0.598047396528705,0.4783263895901915,0.5405537863337073,0.5107993051843934,0.03841,2.8426,0.1
Fridge,binary,Gaussian,16,8,simhash,8,16,0.5703437917222964,0.4874671924758061,0.5387856760100512,0.5012971672902191,0.03718,2.9205,0.1
Fridge,binary,Gaussian,16,8,simhash,8,64,0.5853638184245661,0.46051875525605485,0.5251393395569808,0.49836473365401734,0.03642,2.9172,0.1
Fridge,binary,Gaussian,16,8,simhash,8,256,0.5805240320427236,0.48216119602745233,0.5383577693894223,0.5043533315517549,0.03659,2.8569,0.1
Fridge,binary,Gaussian,16,8,simhash,8,1024,0.5861982643524699,0.46149192835348263,0.5260183210396242,0.49720048696478414,0.03696,2.8941,0.1
Fridge,binary,Gaussian,16,8,h3,2,16,0.5236982643524699,0.49319607372918556,0.5241547597223423,0.4902569036166043,0.01868,1.1873,0.1
Fridge,binary,Gaussian,16,8,h3,2,64,0.6169058744993324,0.40396573906136335,0.4926734542849987,0.4962025060870598,0.01246,1.2922,0.1
Fridge,binary,Gaussian,16,8,h3,2,256,0.5776869158878505,0.467723429761702,0.5279641205273394,0.49307156006888775,0.01199,1.0487,0.1
Fridge,binary,Gaussian,16,8,h3,2,1024,0.5337950600801068,0.505701541485652,0.5350438794225975,0.5057928024229468,0.01143,1.0335,0.1
Fridge,binary,Gaussian,16,8,h3,4,16,0.5838618157543392,0.4752049654057009,0.5346643531629605,0.5016650038600867,0.01158,1.1446,0.1
Fridge,binary,Gaussian,16,8,h3,4,64,0.5546562082777036,0.48972166894548347,0.5350467368676695,0.4971530672842805,0.01179,1.0764,0.1
Fridge,binary,Gaussian,16,8,h3,4,256,0.5966288384512684,0.4766481854108331,0.539043143353088,0.5095642259041511,0.01221,1.0906,0.1
Fridge,binary,Gaussian,16,8,h3,4,1024,0.5851969292389854,0.4683075828992407,0.5303822953886157,0.4927547360294554,0.0123,1.0812,0.1
Fridge,binary,Gaussian,16,8,h3,8,16,0.603220961281709,0.4434458314855648,0.5176973479645703,0.5008616307381673,0.01325,1.2128,0.1
Fridge,binary,Gaussian,16,8,h3,8,64,0.5693424566088118,0.48991350015255314,0.5400331884725945,0.502150914543619,0.01366,1.194,0.1
Fridge,binary,Gaussian,16,8,h3,8,256,0.617656875834446,0.4265653379621354,0.5089904823696194,0.5043477047330601,0.01382,1.2166,0.1
Fridge,binary,Gaussian,16,8,h3,8,1024,0.5539052069425902,0.49331951530612245,0.5369458917161657,0.4987239147217768,0.0139,1.2164,0.1
Fridge,binary,Gaussian,16,16,murmur,2,16,0.5681742323097463,0.48246168126249867,0.5349050383108864,0.49769944771067165,0.01066,0.9488,0.1
Fridge,binary,Gaussian,16,16,murmur,2,64,0.5975467289719626,0.4400978139824176,0.5140281935778231,0.4896346131005404,0.01067,0.9528,0.1
Fridge,binary,Gaussian,16,16,murmur,2,256,0.5810246995994659,0.46413976323255657,0.5264561202307444,0.4959028148939961,0.01073,0.9488,0.1
Fridge,binary,Gaussian,16,16,murmur,2,1024,0.5932910547396528,0.4455604697727549,0.5168226853468292,0.4971292535186175,0.01063,0.9538,0.1
Fridge,binary,Gaussian,16,16,murmur,4,16,0.5762683578104139,0.4810196634268107,0.5363804160642613,0.5006357859730387,0.01049,0.9472,0.1
Fridge,binary,Gaussian,16,16,murmur,4,64,0.5663384512683578,0.4922026238857279,0.5405147682206848,0.5003930310588515,0.0107,0.9556,0.1
Fridge,binary,Gaussian,16,16,murmur,4,256,0.6244993324432577,0.3844257242654613,0.4801472163555929,0.5025866737929806,0.01092,0.9669,0.1
Fridge,binary,Gaussian,16,16,murmur,4,1024,0.5626668891855807,0.48297216336511056,0.5335160659896128,0.4979611170497061,0.01107,0.9553,0.1
Fridge,binary,Gaussian,16,16,murmur,8,16,0.6244993324432577,0.3844257242654613,0.4801472163555929,0.5,0.01141,0.9828,0.1
Fridge,binary,Gaussian,16,16,murmur,8,64,0.6052236315086782,0.4278147799869503,0.5071476157341159,0.4978128451808302,0.01106,0.9825,0.1
Fridge,binary,Gaussian,16,16,murmur,8,256,0.5662550066755674,0.4775511880108573,0.5311543056486652,0.49430215570995906,0.01096,0.9691,0.1
Fridge,binary,Gaussian,16,16,murmur,8,1024,0.5990487316421896,0.4591470120980229,0.5276403231923286,0.5036348357978502,0.01159,0.9741,0.1
Fridge,binary,Gaussian,16,16,simhash,2,16,0.5790220293724967,0.4887814302437379,0.5422626512566905,0.5067693004335174,0.03751,2.9038,0.1
Fridge,binary,Gaussian,16,16,simhash,2,64,0.587283044058745,0.4631840287223151,0.5274518978239997,0.49999593206247406,0.03792,2.936,0.1
Fridge,binary,Gaussian,16,16,simhash,2,256,0.614652870493992,0.40732298931877003,0.49460746525371113,0.49095258031949635,0.03759,2.8621,0.1
Fridge,binary,Gaussian,16,16,simhash,2,1024,0.617656875834446,0.4265653379621354,0.5089904823696194,0.5039567373359464,0.03667,2.8637,0.1
Fridge,binary,Gaussian,16,16,simhash,4,16,0.5498164218958611,0.48803635997165695,0.5323197384923933,0.49394399904982483,0.03838,2.9524,0.1
Fridge,binary,Gaussian,16,16,simhash,4,64,0.6244993324432577,0.3844257242654613,0.4801472163555929,0.4967389393669458,0.0385,2.9805,0.1
Fridge,binary,Gaussian,16,16,simhash,4,256,0.5790220293724967,0.474482962566913,0.5328449036984119,0.4919217738583051,0.03746,2.8861,0.1
Fridge,binary,Gaussian,16,16,simhash,4,1024,0.616822429906542,0.4035581538768348,0.492363707836177,0.496402948512382,0.03834,2.9871,0.1
Fridge,binary,Gaussian,16,16,simhash,8,16,0.5096795727636849,0.496372461950644,0.5167566604445424,0.5002185402933665,0.04034,3.0498,0.1
Fridge,binary,Gaussian,16,16,simhash,8,64,0.5595794392523364,0.4847875381105321,0.5336659947481021,0.4965620880099768,0.04166,3.0778,0.1
Fridge,binary,Gaussian,16,16,simhash,8,256,0.5853638184245661,0.47416287684234737,0.534374019952734,0.49977002791139613,0.04115,3.0601,0.1
Fridge,binary,Gaussian,16,16,simhash,8,1024,0.6052236315086782,0.4278147799869503,0.5071476157341159,0.49460962646237894,0.04048,3.0584,0.1
Fridge,binary,Gaussian,16,16,h3,2,16,0.57326435246996,0.4838455212345171,0.5373390642189921,0.5004078181602233,0.01016,0.9254,0.1
Fridge,binary,Gaussian,16,16,h3,2,64,0.5680073431241656,0.4836856001767686,0.5356401905040518,0.49954061998931054,0.01,0.8802,0.1
Fridge,binary,Gaussian,16,16,h3,2,256,0.6035547396528705,0.4520837131558889,0.5238166988830739,0.5012371874814419,0.00984,0.8903,0.1
Fridge,binary,Gaussian,16,16,h3,2,1024,0.5393858477970628,0.5005433557675154,0.5352249824031136,0.5034094809668033,0.00992,0.8807,0.1
Fridge,binary,Gaussian,16,16,h3,4,16,0.5759345794392523,0.4716577451035505,0.5301029129581212,0.4960712631391413,0.01064,0.9505,0.1
Fridge,binary,Gaussian,16,16,h3,4,64,0.5810246995994659,0.46413976323255657,0.5264561202307444,0.4938064760377695,0.01076,0.9695,0.1
Fridge,binary,Gaussian,16,16,h3,4,256,0.5869492656875834,0.4576153508219485,0.5235641549844664,0.49473041748322344,0.01062,0.9508,0.1
Fridge,binary,Gaussian,16,16,h3,4,1024,0.5975467289719626,0.4400978139824176,0.5140281935778231,0.4950745590593266,0.01099,0.9524,0.1
Fridge,binary,Gaussian,16,16,h3,8,16,0.5656708945260347,0.4780118066080168,0.5312748321318135,0.49427751054100605,0.01279,1.1111,0.1
Fridge,binary,Gaussian,16,16,h3,8,64,0.6138184245660881,0.41520506115563055,0.5000650663699497,0.49940397292000716,0.01323,1.1236,0.1
Fridge,binary,Gaussian,16,16,h3,8,256,0.5992990654205608,0.43983766855096834,0.5142563123199492,0.5002393253756162,0.01296,1.0988,0.1
Fridge,binary,Gaussian,16,16,h3,8,1024,0.6138184245660881,0.41520506115563055,0.5000650663699497,0.4996885800819526,0.0132,1.1012,0.1
Fridge,multiclass,Distributive,8,4,murmur,2,16,0.3516355140186916,0.09267043924513152,0.21431657551496736,0.5007335839090528,0.01085,7.9684,0.1
Fridge,multiclass,Distributive,8,4,murmur,2,64,0.3469626168224299,0.09001075444893407,0.21048639374634648,0.498766822032668,0.01113,7.5406,0.1
Fridge,multiclass,Distributive,8,4,murmur,2,256,0.32568424566088117,0.10733575640136882,0.22120742115475672,0.4965688012667398,0.01116,7.7366,0.1
Fridge,multiclass,Distributive,8,4,murmur,2,1024,0.35196929238985314,0.09091512463998222,0.21269006813107116,0.4980044199559788,0.01182,7.536,0.1
Fridge,multiclass,Distributive,8,4,murmur,4,16,0.35138518024032045,0.09468081592896696,0.21585791940571294,0.49846918592265527,0.01127,8.3947,0.1
Fridge,multiclass,Distributive,8,4,murmur,4,64,0.3509679572763685,0.09154761968627316,0.21316874621430204,0.502520978386668,0.01192,7.7732,0.1
Fridge,multiclass,Distributive,8,4,murmur,4,256,0.37550066755674233,0.0779977120671127,0.20501735064369575,0.49736451857604935,0.0115,7.5496,0.1
Fridge,multiclass,Distributive,8,4,murmur,4,1024,0.3470460614152203,0.0920263954089622,0.21217249303402477,0.49967667029651824,0.01153,8.0731,0.1
Fridge,multiclass,Distributive,8,4,murmur,8,16,0.284045393858478,0.1182350683296618,0.21822592972367075,0.5013633457238931,0.01178,8.163,0.1
Fridge,multiclass,Distributive,8,4,murmur,8,64,0.37550066755674233,0.0779977120671127,0.20501735064369575,0.5011552619697419,0.0118,7.8818,0.1
Fridge,multiclass,Distributive,8,4,murmur,8,256,0.34687917222963954,0.09165629918394369,0.21184822648173052,0.4989918869790647,0.01249,13.0288,0.1
Fridge,multiclass,Distributive,8,4,murmur,8,1024,0.37550066755674233,0.0779977120671127,0.20501735064369575,0.502593051642526,0.01205,7.9756,0.1
Fridge,multiclass,Distributive,8,4,simhash,2,16,0.31733978638184246,0.09314910755996582,0.2084022520323025,0.5017755670692724,0.02918,12.5981,0.1
Fridge,multiclass,Distributive,8,4,simhash,2,64,0.37550066755674233,0.0779977120671127,0.20501735064369575,0.4981014862213608,0.02887,11.8831,0.1
Fridge,multiclass,Distributive,8,4,simhash,2,256,0.37550066755674233,0.0779977120671127,0.20501735064369575,0.4982247024354041,0.02868,11.9216,0.1
Fridge,multiclass,Distributive,8,4,simhash,2,1024,0.31733978638184246,0.10552761478353603,0.21827132034233862,0.495163093698251,0.02877,11.7277,0.1
Fridge,multiclass,Distributive,8,4,simhash,4,16,0.37550066755674233,0.0779977120671127,0.20501735064369575,0.5003249600059896,0.03315,12.7253,0.1
Fridge,multiclass,Distributive,8,4,simhash,4,64,0.37466622162883845,0.07870334851538285,0.20557505313616345,0.5014972692331608,0.02962,12.4339,0.1
Fridge,multiclass,Distributive,8,4,simhash,4,256,0.34813084112149534,0.09149004438976248,0.21178250058702558,0.49877654844878305,0.0294,12.481,0.1
Fridge,multiclass,Distributive,8,4,simhash,4,1024,0.3748331108144192,0.07907344474040136,0.20589931968845765,0.50382022143676,0.03038,12.486,0.1
Fridge,multiclass,Distributive,8,4,simhash,8,16,0.37550066755674233,0.0779977120671127,0.20501735064369575,0.5032646183321855,0.03075,13.2153,0.1
Fridge,multiclass,Distributive,8,4,simhash,8,64,0.3508845126835781,0.091730933007854,0.21349341000333402,0.5016008133833116,0.03137,12.9532,0.1
Fridge,multiclass,Distributive,8,4,simhash,8,256,0.37550066755674233,0.0779977120671127,0.20501735064369575,0.49714406073412,0.03139,12.6579,0.1
Fridge,multiclass,Distributive,8,4,simhash,8,1024,0.3457109479305741,0.09041516287903696,0.21076078228934728,0.4959327315156627,0.03195,12.9085,0.1
Fridge,multiclass,Distributive,8,4,h3,2,16,0.37550066755674233,0.0779977120671127,0.20501735064369575,0.5010544702341104,0.01117,7.5156,0.1
Fridge,multiclass,Distributive,8,4,h3,2,64,0.3462950600801068,0.08916544591131784,0.20974576126595842,0.4977274302903571,0.01119,7.9597,0.1
Fridge,multiclass,Distributive,8,4,h3,2,256,0.35138518024032045,0.09644488894139233,0.21660046971567784,0.5031311643290068,0.01128,7.6937,0.1
Fridge,multiclass,Distributive,8,4,h3,2,1024,0.37466622162883845,0.07870334851538285,0.20557505313616345,0.498987609387612,0.01164,7.4983,0.1
Fridge,multiclass,Distributive,8,4,h3,4,16,0.3748331108144192,0.07907344474040136,0.20589931968845765,0.503487168529263,0.01193,7.9759,0.1
Fridge,multiclass,Distributive,8,4,h3,4,64,0.3467957276368491,0.09408944710662524,0.2143557777192227,0.504327992346964,0.01162,7.9822,0.1
Fridge,multiclass,Distributive,8,4,h3,4,256,0.3272696929238985,0.0964750901177965,0.21330605195360672,0.5011118768499795,0.01167,8.0525,0.1
Fridge,multiclass,Distributive,8,4,h3,4,1024,0.3510514018691589,0.09603334513769872,0.21623988811197434,0.5044970707989378,0.01193,8.0195,0.1
Fridge,multiclass,Distributive,8,4,h3,8,16,0.37550066755674233,0.0779977120671127,0.20501735064369575,0.5016060263289758,0.01265,8.2821,0.1
Fridge,multiclass,Distributive,8,4,h3,8,64,0.28713284379172227,0.10627712009019384,0.21234049392571777,0.4991307784145084,0.01284,8.0674,0.1
Fridge,multiclass,Distributive,8,4,h3,8,256,0.37550066755674233,0.0779977120671127,0.20501735064369575,0.4984963534467113,0.0137,8.3137,0.1
Fridge,multiclass,Distributive,8,4,h3,8,1024,0.37550066755674233,0.0779977120671127,0.20501735064369575,0.50248696839887,0.01334,8.3866,0.1
Fridge,multiclass,Distributive,8,8,murmur,2,16,0.3477970627503338,0.09595408576852828,0.21624255292778477,0.5020793150471956,0.00929,6.9424,0.1
Fridge,multiclass,Distributive,8,8,murmur,2,64,0.37550066755674233,0.0779977120671127,0.20501735064369575,0.49884936573732386,0.00951,5.5224,0.1
Fridge,multiclass,Distributive,8,8,murmur,2,256,0.37550066755674233,0.0779977120671127,0.20501735064369575,0.49542334320575115,0.00954,5.4566,0.1
Fridge,multiclass,Distributive,8,8,murmur,2,1024,0.3457109479305741,0.09130561844119897,0.21073789674919824,0.4973756462566759,0.00985,5.4661,0.1
Fridge,multiclass,Distributive,8,8,murmur,4,16,0.29856475300400537,0.10787586467611845,0.2163478110450417,0.5008721246115978,0.00954,7.0251,0.1
Fridge,multiclass,Distributive,8,8,murmur,4,64,0.34529372496662214,0.08998958038588402,0.20993727422925806,0.499625537402926,0.00949,5.4416,0.1
Fridge,multiclass,Distributive,8,8,murmur,4,256,0.37550066755674233,0.0779977120671127,0.20501735064369575,0.4979431368806866,0.00954,5.368,0.1
Fridge,multiclass,Distributive,8,8,murmur,4,1024,0.37550066755674233,0.0779977120671127,0.20501735064369575,0.5032578827928192,0.00988,5.4619,0.1
Fridge,multiclass,Distributive,8,8,murmur,8,16,0.2891355140186916,0.11858532002685129,0.21966446967722258,0.4992796097778598,0.00973,5.8215,0.1
Fridge,multiclass,Distributive,8,8,murmur,8,64,0.37466622162883845,0.07870334851538285,0.20557505313616345,0.5025711312222892,0.00997,5.4565,0.1
Fridge,multiclass,Distributive,8,8,murmur,8,256,0.37491655540720964,0.07925849285291062,0.20606145296460482,0.4998871337883954,0.00978,5.3961,0.1
Fridge,multiclass,Distributive,8,8,murmur,8,1024,0.37491655540720964,0.07925849285291062,0.20606145296460482,0.5025345351961842,0.01002,5.6306,0.1
Fridge,multiclass,Distributive,8,8,simhash,2,16,0.37550066755674233,0.0779977120671127,0.20501735064369575,0.5022137044999705,0.02554,9.6375,0.1
Fridge,multiclass,Distributive,8,8,simhash,2,64,0.3528871829105474,0.09329739430828698,0.21470184313779545,0.49943403471815717,0.02611,9.3014,0.1
Fridge,multiclass,Distributive,8,8,simhash,2,256,0.3531375166889186,0.09534007168458732,0.21568849773853863,0.5054326660651213,0.02587,9.4798,0.1
Fridge,multiclass,Distributive,8,8,simhash,2,1024,0.3471295060080107,0.09221144352147145,0.2123346263101719,0.4988403464040902,0.02631,9.4708,0.1
Fridge,multiclass,Distributive,8,8,simhash,4,16,0.32910547396528705,0.09645375351217185,0.21338249345736496,0.5005410320499787,0.02632,10.1428,0.1
Fridge,multiclass,Distributive,8,8,simhash,4,64,0.37466622162883845,0.07870334851538285,0.20557505313616345,0.5028455649889166,0.02682,9.6506,0.1
Fridge,multiclass,Distributive,8,8,simhash,4,256,0.37466622162883845,0.07870334851538285,0.20557505313616345,0.49793304638481234,0.02669,9.6254,0.1
Fridge,multiclass,Distributive,8,8,simhash,4,1024,0.37466622162883845,0.07870334851538285,0.20557505313616345,0.5025300624559726,0.02696,9.9948,0.1
Fridge,multiclass,Distributive,8,8,simhash,8,16,0.37466622162883845,0.07870334851538285,0.20557505313616345,0.5017561528578092,0.02644,10.2062,0.1
Fridge,multiclass,Distributive,8,8,simhash,8,64,0.37466622162883845,0.07870334851538285,0.20557505313616345,0.5026375040410288,0.0267,9.6338,0.1
Fridge,multiclass,Distributive,8,8,simhash,8,256,0.37466622162883845,0.07870334851538285,0.20557505313616345,0.4992939934732069,0.02694,9.8771,0.1
Fridge,multiclass,Distributive,8,8,simhash,8,1024,0.37491655540720964,0.08014894841507261,0.20603856742445578,0.5025812229163387,0.02711,10.1377,0.1
Fridge,multiclass,Distributive,8,8,h3,2,16,0.34813084112149534,0.09149004438976248,0.21178250058702558,0.49856073373501936,0.00931,5.7746,0.1
Fridge,multiclass,Distributive,8,8,h3,2,64,0.37550066755674233,0.0779977120671127,0.20501735064369575,0.4997273582173563,0.00966,5.2865,0.1
Fridge,multiclass,Distributive,8,8,h3,2,256,0.37550066755674233,0.0779977120671127,0.20501735064369575,0.5025308482266981,0.01033,5.1746,0.1
Fridge,multiclass,Distributive,8,8,h3,2,1024,0.37550066755674233,0.0779977120671127,0.20501735064369575,0.49807021640246496,0.01015,5.442,0.1
Fridge,multiclass,Distributive,8,8,h3,4,16,0.3508010680907877,0.09336739001063725,0.21485144764970146,0.5012272095107059,0.00987,6.104,0.1
Fridge,multiclass,Distributive,8,8,h3,4,64,0.37491655540720964,0.07925849285291062,0.20606145296460482,0.4957817715407568,0.01104,5.5889,0.1
Fridge,multiclass,Distributive,8,8,h3,4,256,0.37491655540720964,0.07925849285291062,0.20606145296460482,0.5027331488693185,0.01024,5.5195,0.1
Fridge,multiclass,Distributive,8,8,h3,4,1024,0.37550066755674233,0.0779977120671127,0.20501735064369575,0.49760638699146215,0.01067,5.6084,0.1
Fridge,multiclass,Distributive,8,8,h3,8,16,0.34946595460614155,0.09134371292656278,0.2124463698197729,0.4964315563061111,0.01152,6.2069,0.1
Fridge,multiclass,Distributive,8,8,h3,8,64,0.3509679572763685,0.09512885088607738,0.21579984719573767,0.5015065086308756,0.01125,5.7126,0.1
Fridge,multiclass,Distributive,8,8,h3,8,256,0.37491655540720964,0.07925849285291062,0.20606145296460482,0.49975941699066445,0.0117,5.6911,0.1
Fridge,multiclass,Distributive,8,8,h3,8,1024,0.3454606141522029,0.08931069725143977,0.20979308460161605,0.4997382311410315,0.01155,5.6306,0.1
Fridge,multiclass,Distributive,16,4,murmur,2,16,0.3574766355140187,0.09630092161153625,0.21829936123321875,0.5067863285909341,0.01623,13.1043,0.1
Fridge,multiclass,Distributive,16,4,murmur,2,64,0.3365320427236315,0.10223060359821669,0.21998144666497924,0.505593098772145,0.01644,14.2542,0.1
Fridge,multiclass,Distributive,16,4,murmur,2,256,0.3332777036048064,0.10913196326795334,0.22558926840455573,0.4999908540383777,0.01643,14.1142,0.1
Fridge,multiclass,Distributive,16,4,murmur,2,1024,0.3449599465954606,0.09097417795810629,0.21135000807892373,0.49878900623237205,0.01616,13.8349,0.1
Fridge,multiclass,Distributive,16,4,murmur,4,16,0.3458778371161549,0.09207146619003617,0.21325174630174623,0.5007783235531854,0.01634,14.2621,0.1
Fridge,multiclass,Distributive,16,4,murmur,4,64,0.37550066755674233,0.0779977120671127,0.20501735064369575,0.49862852370480454,0.01648,13.4478,0.1
Fridge,multiclass,Distributive,16,4,murmur,4,256,0.3351969292389853,0.09860650709631028,0.21609139445864767,0.49672771992668713,0.01664,13.745,0.1
Fridge,multiclass,Distributive,16,4,murmur,4,1024,0.3599799732977303,0.08813214129495094,0.21163793975895145,0.49866093749400536,0.01667,13.728,0.1
Fridge,multiclass,Distributive,16,4,murmur,8,16,0.37166221628838453,0.08437857618782749,0.210172407763387,0.49312677898423946,0.01693,13.5498,0.1
Fridge,multiclass,Distributive,16,4,murmur,8,64,0.3403704939919893,0.10125479513909912,0.22040126083384146,0.497921527006657,0.017,13.6195,0.1
Fridge,multiclass,Distributive,16,4,murmur,8,256,0.3709946595460614,0.08308501971600277,0.20903903468643775,0.4959669038974866,0.01713,13.7067,0.1
Fridge,multiclass,Distributive,16,4,murmur,8,1024,0.3452102803738318,0.09519124207315176,0.21404052620599817,0.5046622291567597,0.01761,13.5371,0.1
Fridge,multiclass,Distributive,16,4,simhash,2,16,0.35605807743658213,0.09288545178581328,0.21506651440023453,0.501177230055749,0.04534,20.8257,0.1
Fridge,multiclass,Distributive,16,4,simhash,2,64,0.3256008010680908,0.1016523798239493,0.2163957180379096,0.5035806132759859,0.04703,21.183,0.1
Fridge,multiclass,Distributive,16,4,simhash,2,256,0.3385347129506008,0.1125865156905402,0.22894977374487235,0.5022566438464532,0.04551,21.7033,0.1
Fridge,multiclass,Distributive,16,4,simhash,2,1024,0.34087116154873165,0.09520561015661354,0.21459525415356281,0.5041311684271041,0.0536,22.8362,0.1
Fridge,multiclass,Distributive,16,4,simhash,4,16,0.3216789052069426,0.10675845236362416,0.22002279902388722,0.4977890697167965,0.05295,23.4904,0.1
Fridge,multiclass,Distributive,16,4,simhash,4,64,0.36156542056074764,0.08771373071069018,0.21140599381084255,0.5023347495058615,0.04666,22.281,0.1
Fridge,multiclass,Distributive,16,4,simhash,4,256,0.32610146862483314,0.10985676446802543,0.22450370438978318,0.4988648174233649,0.047,20.8289,0.1
Fridge,multiclass,Distributive,16,4,simhash,4,1024,0.32326435246995994,0.11156133647367225,0.22562340940298206,0.5005123553533306,0.0466,21.4266,0.1
Fridge,multiclass,Distributive,16,4,simhash,8,16,0.37550066755674233,0.0779977120671127,0.20501735064369575,0.4980062517638522,0.05448,23.856,0.1
Fridge,multiclass,Distributive,16,4,simhash,8,64,0.337283044058745,0.09573290424481316,0.21426912469143203,0.49931749888411503,0.10159,50.9825,0.1
Fridge,multiclass,Distributive,16,4,simhash,8,256,0.3458778371161549,0.09888162257257407,0.21837230116650744,0.49777034871428494,0.10776,49.2511,0.1
Fridge,multiclass,Distributive,16,4,simhash,8,1024,0.3341121495327103,0.10082801538341904,0.2179855873201556,0.5045150340057079,0.09985,44.7296,0.1
Fridge,multiclass,Distributive,16,4,h3,2,16,0.3484646194926569,0.09446838238676016,0.21492121396714403,0.49499416652416967,0.02873,25.0811,0.1
Fridge,multiclass,Distributive,16,4,h3,2,64,0.3604806408544726,0.08736394315022016,0.21105131794079687,0.49575850205294597,0.01625,17.8912,0.1
Fridge,multiclass,Distributive,16,4,h3,2,256,0.3286048064085447,0.10155784035817217,0.2172749838116102,0.4990791352110066,0.01576,14.0018,0.1
Fridge,multiclass,Distributive,16,4,h3,2,1024,0.3320260347129506,0.10624837647102012,0.2224540756914683,0.501969905444026,0.01851,14.3433,0.1
Fridge,multiclass,Distributive,16,4,h3,4,16,0.33895193591455275,0.0935491126902254,0.2121924875224017,0.4998341563863345,0.01791,12.9491,0.1
Fridge,multiclass,Distributive,16,4,h3,4,64,0.34537716955941256,0.09658999478664494,0.21643606070913995,0.4992404039852216,0.01854,15.6763,0.1
Fridge,multiclass,Distributive,16,4,h3,4,256,0.3256008010680908,0.10994565922961778,0.22440531125552754,0.5016295513474253,0.01868,14.5218,0.1
Fridge,multiclass,Distributive,16,4,h3,4,1024,0.3711615487316422,0.08340840883395895,0.20932237795567507,0.5002296180204544,0.01693,15.0551,0.1
Fridge,multiclass,Distributive,16,4,h3,8,16,0.34470961281708945,0.09148549883822088,0.2114407861656831,0.500154016646832,0.01967,13.806,0.1
Fridge,multiclass,Distributive,16,4,h3,8,64,0.3133344459279039,0.11017397287014138,0.2212412098717149,0.5059998003340953,0.01814,13.194,0.1
Fridge,multiclass,Distributive,16,4,h3,8,256,0.33694926568758343,0.10078237437214446,0.21796254812751284,0.5007330249475693,0.01851,13.4654,0.1
Fridge,multiclass,Distributive,16,4,h3,8,1024,0.3384512683578104,0.10141870846605823,0.2195741600010393,0.5008541384659588,0.01902,14.508,0.1
Fridge,multiclass,Distributive,16,8,murmur,2,16,0.25483978638184246,0.12457827023039751,0.2163961479073119,0.49489615128838044,0.01221,8.5158,0.1
Fridge,multiclass,Distributive,16,8,murmur,2,64,0.33694926568758343,0.09813507996195317,0.21602635998348352,0.49838464876197525,0.01284,8.508,0.1
Fridge,multiclass,Distributive,16,8,murmur,2,256,0.33427903871829107,0.09959023153931577,0.21622282947768964,0.49731839196071864,0.01284,8.4677,0.1
Fridge,multiclass,Distributive,16,8,murmur,2,1024,0.32459946595460615,0.11258037912152033,0.22646558062316663,0.505237783333246,0.0131,8.1913,0.1
Fridge,multiclass,Distributive,16,8,murmur,4,16,0.3606475300400534,0.08762262516535305,0.21127796690265396,0.505193593636787,0.01268,8.6232,0.1
Fridge,multiclass,Distributive,16,8,murmur,4,64,0.3405373831775701,0.10940715945501145,0.22694955463543165,0.5022427329997586,0.01276,8.3178,0.1
Fridge,multiclass,Distributive,16,8,murmur,4,256,0.32977303070761016,0.10422090255060372,0.22051284822865763,0.49741751513486776,0.01573,9.2688,0.1
Fridge,multiclass,Distributive,16,8,murmur,4,1024,0.3573097463284379,0.09327432491414356,0.215799764683306,0.49406992931635696,0.01358,8.1536,0.1
Fridge,multiclass,Distributive,16,8,murmur,8,16,0.36949265687583444,0.08496708897414139,0.21024704252231427,0.5028838975404534,0.01346,9.233,0.1
Fridge,multiclass,Distributive,16,8,murmur,8,64,0.3321929238985314,0.09948344973569535,0.21625550110105965,0.4966548137427024,0.01397,8.7055,0.1
Fridge,multiclass,Distributive,16,8,murmur,8,256,0.3566421895861148,0.09372107992856536,0.21565704748352302,0.5012834235634571,0.01511,8.0663,0.1
Fridge,multiclass,Distributive,16,8,murmur,8,1024,0.35772696929238984,0.09406306242765664,0.21647816785993365,0.49484024057879294,0.0136,8.3778,0.1
Fridge,multiclass,Distributive,16,8,simhash,2,16,0.3338618157543391,0.10359647095315014,0.22051134288977234,0.49985324551159105,0.04157,15.9951,0.1
Fridge,multiclass,Distributive,16,8,simhash,2,64,0.35605807743658213,0.09288545178581328,0.21506651440023453,0.4965632919006883,0.04015,16.1643,0.1
Fridge,multiclass,Distributive,16,8,simhash,2,256,0.34170560747663553,0.10012083024735723,0.21849833403128413,0.5044887949310388,0.03996,16.7461,0.1
Fridge,multiclass,Distributive,16,8,simhash,2,1024,0.34320761014686246,0.1024191941592967,0.22096496941490695,0.5038212749502672,0.04354,16.2732,0.1
Fridge,multiclass,Distributive,16,8,simhash,4,16,0.31224966622162886,0.10830606311301867,0.22028126159495243,0.5067634688611119,0.04079,16.1926,0.1
Fridge,multiclass,Distributive,16,8,simhash,4,64,0.3352803738317757,0.1079850472389942,0.2250335325915477,0.49668499687209217,0.04114,15.6918,0.1
Fridge,multiclass,Distributive,16,8,simhash,4,256,0.35372162883845126,0.09581617274432133,0.21540141592106773,0.503214282718588,0.04101,15.9462,0.1
Fridge,multiclass,Distributive,16,8,simhash,4,1024,0.3527202937249666,0.09296210439648436,0.2141664641773729,0.5007537453005408,0.04408,16.0064,0.1
Fridge,multiclass,Distributive,16,8,simhash,8,16,0.3431241655540721,0.09528767816898363,0.21426804944483197,0.495976740858202,0.04764,18.5693,0.1
Fridge,multiclass,Distributive,16,8,simhash,8,64,0.3394526034712951,0.10272387677337239,0.22098272702010344,0.4999448574676305,0.04817,18.4552,0.1
Fridge,multiclass,Distributive,16,8,simhash,8,256,0.33703271028037385,0.10201594338742039,0.21923350654521,0.4972566641263884,0.04489,16.8218,0.1
Fridge,multiclass,Distributive,16,8,simhash,8,1024,0.32785380507343126,0.10960912499736994,0.22448656636715908,0.49836628309027464,0.05252,18.5419,0.1
Fridge,multiclass,Distributive,16,8,h3,2,16,0.30365487316421896,0.1037877819580001,0.2136693552304956,0.4983714230241973,0.01216,8.638,0.1
Fridge,multiclass,Distributive,16,8,h3,2,64,0.3681575433911882,0.08385399961511321,0.20894496059107096,0.4975252402380727,0.01243,8.1724,0.1
Fridge,multiclass,Distributive,16,8,h3,2,256,0.36156542056074764,0.08771373071069018,0.21140599381084255,0.5052404369286633,0.01278,7.8431,0.1
Fridge,multiclass,Distributive,16,8,h3,2,1024,0.3711615487316422,0.08340840883395895,0.20932237795567507,0.504163560976009,0.0133,8.2367,0.1
Fridge,multiclass,Distributive,16,8,h3,4,16,0.32201268357810414,0.10672595959256093,0.22153216464297432,0.5036716137329268,0.01393,8.5136,0.1
Fridge,multiclass,Distributive,16,8,h3,4,64,0.37550066755674233,0.0779977120671127,0.20501735064369575,0.4964759058162405,0.01289,8.2819,0.1
Fridge,multiclass,Distributive,16,8,h3,4,256,0.32393190921228304,0.10721843698729287,0.22079815044212872,0.49517626313089774,0.01307,8.1217,0.1
Fridge,multiclass,Distributive,16,8,h3,4,1024,0.3001502002670227,0.11946404494811089,0.22627814808320784,0.503766392566501,0.01334,8.2205,0.1
Fridge,multiclass,Distributive,16,8,h3,8,16,0.3402870493991989,0.09885744229769491,0.21705812922528903,0.4994723085691207,0.0146,8.9201,0.1
Fridge,multiclass,Distributive,16,8,h3,8,64,0.371328437917223,0.08373179795191511,0.2096057212249124,0.5021907954695364,0.01477,9.1213,0.1
Fridge,multiclass,Distributive,16,8,h3,8,256,0.3437917222963952,0.10245002817672573,0.2215251994093911,0.501097234862705,0.01494,8.9613,0.1
Fridge,multiclass,Distributive,16,8,h3,8,1024,0.3341121495327103,0.10280750783764485,0.2196567450939632,0.5008494122132674,0.01613,8.8202,0.1
Fridge,multiclass,Distributive,16,16,murmur,2,16,0.3289385847797063,0.1141755970348459,0.22823207887307592,0.5016622587932401,0.01118,6.4201,0.1
Fridge,multiclass,Distributive,16,16,murmur,2,64,0.3679072096128171,0.08338663709758712,0.20853547240398618,0.4979789425171214,0.01148,6.0147,0.1
Fridge,multiclass,Distributive,16,16,murmur,2,256,0.36824098798397864,0.08400978712095523,0.20908145665343256,0.49994924004095814,0.01155,5.9936,0.1
Fridge,multiclass,Distributive,16,16,murmur,2,1024,0.3407042723631509,0.09957469741295809,0.21829502467336379,0.4986957417589157,0.01139,5.9867,0.1
Fridge,multiclass,Distributive,16,16,murmur,4,16,0.3334445927903872,0.11140214532781886,0.22710929849838685,0.5015610883237919,0.01251,6.4047,0.1
Fridge,multiclass,Distributive,16,16,murmur,4,64,0.3546395193591455,0.09382152842879518,0.21576231258911652,0.5000544269402999,0.01192,5.9552,0.1
Fridge,multiclass,Distributive,16,16,murmur,4,256,0.35964619492656874,0.08752819814502684,0.21038430821232051,0.4987260187455939,0.01165,5.8803,0.1
Fridge,multiclass,Distributive,16,16,murmur,4,1024,0.371328437917223,0.08373179795191511,0.2096057212249124,0.5011452806955724,0.01232,5.994,0.1
Fridge,multiclass,Distributive,16,16,murmur,8,16,0.3283544726301736,0.09912414105759514,0.2157538071749777,0.49618838182319436,0.01145,6.3771,0.1
Fridge,multiclass,Distributive,16,16,murmur,8,64,0.36356809078771696,0.08710877355049909,0.2113316445063494,0.49891370504476046,0.01156,5.9759,0.1
Fridge,multiclass,Distributive,16,16,murmur,8,256,0.3709946595460614,0.08308501971600277,0.20903903468643775,0.5022814005070612,0.01193,5.8331,0.1
Fridge,multiclass,Distributive,16,16,murmur,8,1024,0.37550066755674233,0.0779977120671127,0.20501735064369575,0.4958990349459373,0.01229,6.1485,0.1
Fridge,multiclass,Distributive,16,16,simhash,2,16,0.35972963951935916,0.08652413740504898,0.20999063279993677,0.497836585029631,0.04768,16.0846,0.1
Fridge,multiclass,Distributive,16,16,simhash,2,64,0.37550066755674233,0.0779977120671127,0.20501735064369575,0.4957993323292568,0.04759,15.4839,0.1
Fridge,multiclass,Distributive,16,16,simhash,2,256,0.37550066755674233,0.0779977120671127,0.20501735064369575,0.5032851338675057,0.04709,15.6291,0.1
Fridge,multiclass,Distributive,16,16,simhash,2,1024,0.3681575433911882,0.08385399961511321,0.20894496059107096,0.5026816960278611,0.05119,16.0728,0.1
Fridge,multiclass,Distributive,16,16,simhash,4,16,0.3163384512683578,0.1102641566497397,0.22305517075013323,0.5014060468653191,0.04757,16.0984,0.1
Fridge,multiclass,Distributive,16,16,simhash,4,64,0.3684913217623498,0.08309967534202187,0.20861087403622824,0.5017271259793852,0.05118,16.4407,0.1
Fridge,multiclass,Distributive,16,16,simhash,4,256,0.36231642189586116,0.08945185266173053,0.21289818113988973,0.5027961185481168,0.04969,16.3773,0.1
Fridge,multiclass,Distributive,16,16,simhash,4,1024,0.3709946595460614,0.08308501971600277,0.20903903468643775,0.5015089923268937,0.04869,15.6015,0.1
Fridge,multiclass,Distributive,16,16,simhash,8,16,0.37550066755674233,0.0779977120671127,0.20501735064369575,0.4998131725895302,0.04971,16.7081,0.1
Fridge,multiclass,Distributive,16,16,simhash,8,64,0.3655707610146863,0.09117866436309138,0.21522981816717396,0.49890102873190084,0.04938,16.3693,0.1
Fridge,multiclass,Distributive,16,16,simhash,8,256,0.3553070761014686,0.08961373770242734,0.21203020631912736,0.49793313441874393,0.04998,16.0289,0.1
Fridge,multiclass,Distributive,16,16,simhash,8,1024,0.37550066755674233,0.0779977120671127,0.20501735064369575,0.5020934973504098,0.04908,16.6103,0.1
Fridge,multiclass,Distributive,16,16,h3,2,16,0.32902202937249664,0.10855624034151308,0.22394233215116227,0.5030367106166651,0.01077,6.0381,0.1
Fridge,multiclass,Distributive,16,16,h3,2,64,0.371328437917223,0.08373179795191511,0.2096057212249124,0.498866165708038,0.011,5.9312,0.1
Fridge,multiclass,Distributive,16,16,h3,2,256,0.3709946595460614,0.08308501971600277,0.20903903468643775,0.5000153423544585,0.01118,6.1214,0.1
Fridge,multiclass,Distributive,16,16,h3,2,1024,0.37550066755674233,0.0779977120671127,0.20501735064369575,0.4980668199105235,0.01128,5.8852,0.1
Fridge,multiclass,Distributive,16,16,h3,4,16,0.3458778371161549,0.09888162257257407,0.21837230116650744,0.5024903448128806,0.01268,6.4567,0.1
Fridge,multiclass,Distributive,16,16,h3,4,64,0.3313584779706275,0.10436942380458968,0.2194684290891935,0.49928353932388825,0.01202,6.0288,0.1
Fridge,multiclass,Distributive,16,16,h3,4,256,0.37550066755674233,0.0779977120671127,0.20501735064369575,0.5034885720188883,0.01227,5.9959,0.1
Fridge,multiclass,Distributive,16,16,h3,4,1024,0.37550066755674233,0.0779977120671127,0.20501735064369575,0.4988953219584707,0.01244,6.1669,0.1
Fridge,multiclass,Distributive,16,16,h3,8,16,0.37550066755674233,0.0779977120671127,0.20501735064369575,0.5002710999788322,0.01449,7.0637,0.1
Fridge,multiclass,Distributive,16,16,h3,8,64,0.37550066755674233,0.0779977120671127,0.20501735064369575,0.49866444906424173,0.0142,6.6411,0.1
Fridge,multiclass,Distributive,16,16,h3,8,256,0.37166221628838453,0.08437857618782749,0.210172407763387,0.4986575966358018,0.01427,6.6114,0.1
Fridge,multiclass,Distributive,16,16,h3,8,1024,0.36957610146862485,0.08176617182809887,0.20640760333651223,0.5010706258409681,0.01478,6.4902,0.1
Fridge,multiclass,Gaussian,8,4,murmur,2,16,0.37550066755674233,0.0779977120671127,0.20501735064369575,0.4999813039558362,0.01088,7.6276,0.1
Fridge,multiclass,Gaussian,8,4,murmur,2,64,0.3638184245660881,0.08656313722074029,0.2108507505138359,0.49933383980056995,0.01131,7.9031,0.1
Fridge,multiclass,Gaussian,8,4,murmur,2,256,0.3281041388518024,0.10242013306570417,0.21841317939329705,0.49946285516339145,0.01097,7.9791,0.1
Fridge,multiclass,Gaussian,8,4,murmur,2,1024,0.36440253671562084,0.08752885426564613,0.2116968811022464,0.5003732793732654,0.01117,7.7133,0.1
Fridge,multiclass,Gaussian,8,4,murmur,4,16,0.36106475300400537,0.08573716293290075,0.2092950514648022,0.49737031192920833,0.01103,7.9407,0.1
Fridge,multiclass,Gaussian,8,4,murmur,4,64,0.35630841121495327,0.08926121968612129,0.2119227162128269,0.5027172920840098,0.01145,7.933,0.1
Fridge,multiclass,Gaussian,8,4,murmur,4,256,0.36440253671562084,0.08752885426564613,0.2116968811022464,0.4952120302835615,0.01122,8.0726,0.1
Fridge,multiclass,Gaussian,8,4,murmur,4,1024,0.37550066755674233,0.0779977120671127,0.20501735064369575,0.4979425297024883,0.01137,8.1254,0.1
Fridge,multiclass,Gaussian,8,4,murmur,8,16,0.28713284379172227,0.1089073805475036,0.214129882950705,0.49868446477490164,0.01245,8.3234,0.1
Fridge,multiclass,Gaussian,8,4,murmur,8,64,0.3458778371161549,0.09962137553016051,0.21911519791500647,0.5000414670541441,0.01154,7.91,0.1
Fridge,multiclass,Gaussian,8,4,murmur,8,256,0.3425400534045394,0.09626939788152557,0.21355760901827697,0.4998202389610835,0.01179,7.9823,0.1
Fridge,multiclass,Gaussian,8,4,murmur,8,1024,0.37550066755674233,0.0779977120671127,0.20501735064369575,0.49866996193785623,0.01217,7.9913,0.1
Fridge,multiclass,Gaussian,8,4,simhash,2,16,0.37550066755674233,0.0779977120671127,0.20501735064369575,0.5016953791768826,0.0291,11.9238,0.1
Fridge,multiclass,Gaussian,8,4,simhash,2,64,0.3613150867823765,0.08614767196409943,0.2096547264337263,0.49401218356846716,0.02813,12.0946,0.1
Fridge,multiclass,Gaussian,8,4,simhash,2,256,0.3411214953271028,0.10007494801923451,0.21845865029084155,0.49741862927939084,0.02972,12.0773,0.1
Fridge,multiclass,Gaussian,8,4,simhash,2,1024,0.3520527369826435,0.09028990639291212,0.21147883786028354,0.49737913129497147,0.02819,12.4116,0.1
Fridge,multiclass,Gaussian,8,4,simhash,4,16,0.36106475300400537,0.08573716293290075,0.2092950514648022,0.4991770859105002,0.02945,12.666,0.1
Fridge,multiclass,Gaussian,8,4,simhash,4,64,0.37550066755674233,0.0779977120671127,0.20501735064369575,0.5028014970722222,0.0317,12.6744,0.1
Fridge,multiclass,Gaussian,8,4,simhash,4,256,0.3566421895861148,0.08973661783206852,0.21233924496219653,0.5001265957438562,0.03045,11.9184,0.1
Fridge,multiclass,Gaussian,8,4,simhash,4,1024,0.35705941255006673,0.09033086551450255,0.21285990589890863,0.5000364905594312,0.03114,12.4783,0.1
Fridge,multiclass,Gaussian,8,4,simhash,8,16,0.3640687583444593,0.08697701595427136,0.21121337790886896,0.4991560768566938,0.03223,13.5611,0.1
Fridge,multiclass,Gaussian,8,4,simhash,8,64,0.37550066755674233,0.0779977120671127,0.20501735064369575,0.5001188202837973,0.03224,13.0606,0.1
Fridge,multiclass,Gaussian,8,4,simhash,8,256,0.3431241655540721,0.09993465044801396,0.21923081887682047,0.49608949907858346,0.03255,12.9843,0.1
Fridge,multiclass,Gaussian,8,4,simhash,8,1024,0.36440253671562084,0.08752885426564613,0.2116968811022464,0.5025679846808458,0.03262,13.405,0.1
Fridge,multiclass,Gaussian,8,4,h3,2,16,0.3305240320427236,0.11003176320214772,0.22508224785396602,0.5022217730951752,0.01142,8.1511,0.1
Fridge,multiclass,Gaussian,8,4,h3,2,64,0.34537716955941256,0.09877450802174148,0.21837319951393838,0.49808030016098054,0.01171,7.3315,0.1
Fridge,multiclass,Gaussian,8,4,h3,2,256,0.3640687583444593,0.08697701595427136,0.21121337790886896,0.4986217117946491,0.01205,7.6661,0.1
Fridge,multiclass,Gaussian,8,4,h3,2,1024,0.3520527369826435,0.09028990639291212,0.21147883786028354,0.5011002298692083,0.01233,7.8331,0.1
Fridge,multiclass,Gaussian,8,4,h3,4,16,0.35705941255006673,0.09033086551450255,0.21285990589890863,0.5010622920703791,0.01233,7.8145,0.1
Fridge,multiclass,Gaussian,8,4,h3,4,64,0.33811748998664887,0.0957057056404345,0.2142732387611134,0.502028595451973,0.01196,8.1323,0.1
Fridge,multiclass,Gaussian,8,4,h3,4,256,0.3291889185580774,0.10387272818274983,0.21968589707762443,0.49919235424862224,0.01186,7.9457,0.1
Fridge,multiclass,Gaussian,8,4,h3,4,1024,0.33744993324432576,0.09665993156125922,0.215141362909846,0.5026354435936715,0.0117,8.0303,0.1
Fridge,multiclass,Gaussian,8,4,h3,8,16,0.32268024032042725,0.09421330315710615,0.20994457149111317,0.4969037190141989,0.01247,8.0148,0.1
Fridge,multiclass,Gaussian,8,4,h3,8,64,0.31533711615487314,0.09555621796189837,0.21043089790328656,0.5014235965420635,0.01261,8.5322,0.1
Fridge,multiclass,Gaussian,8,4,h3,8,256,0.37550066755674233,0.0779977120671127,0.20501735064369575,0.50137203205118,0.01287,8.2331,0.1
Fridge,multiclass,Gaussian,8,4,h3,8,1024,0.34270694259012013,0.09814461863744997,0.21693553254789302,0.4988835699143701,0.01273,8.0696,0.1
Fridge,multiclass,Gaussian,8,8,murmur,2,16,0.34988317757009346,0.09503378249086596,0.21561169936784375,0.49529163406340665,0.00914,5.5355,0.1
Fridge,multiclass,Gaussian,8,8,murmur,2,64,0.37550066755674233,0.0779977120671127,0.20501735064369575,0.49867777372041217,0.00937,6.0031,0.1
Fridge,multiclass,Gaussian,8,8,murmur,2,256,0.3638184245660881,0.08656313722074029,0.2108507505138359,0.49994179568519065,0.00925,5.5445,0.1
Fridge,multiclass,Gaussian,8,8,murmur,2,1024,0.37550066755674233,0.0779977120671127,0.20501735064369575,0.4991735639755233,0.00931,5.3696,0.1
Fridge,multiclass,Gaussian,8,8,murmur,4,16,0.3640687583444593,0.08697701595427136,0.21121337790886896,0.49520117384473494,0.0093,5.7057,0.1
Fridge,multiclass,Gaussian,8,8,murmur,4,64,0.37550066755674233,0.0779977120671127,0.20501735064369575,0.5009021638745048,0.00963,5.6437,0.1
Fridge,multiclass,Gaussian,8,8,murmur,4,256,0.37550066755674233,0.0779977120671127,0.20501735064369575,0.5011685490320439,0.00963,5.3301,0.1
Fridge,multiclass,Gaussian,8,8,murmur,4,1024,0.37550066755674233,0.0779977120671127,0.20501735064369575,0.4981369783085271,0.00974,5.5054,0.1
Fridge,multiclass,Gaussian,8,8,murmur,8,16,0.35580774365821094,0.09276722310463746,0.21486027676370534,0.500145231415165,0.00946,5.7662,0.1
Fridge,multiclass,Gaussian,8,8,murmur,8,64,0.37550066755674233,0.0779977120671127,0.20501735064369575,0.5018992064887077,0.0095,5.584,0.1
Fridge,multiclass,Gaussian,8,8,murmur,8,256,0.3638184245660881,0.08656313722074029,0.2108507505138359,0.4987485204981918,0.00979,5.8015,0.1
Fridge,multiclass,Gaussian,8,8,murmur,8,1024,0.37550066755674233,0.0779977120671127,0.20501735064369575,0.5015784990421955,0.00988,5.3834,0.1
Fridge,multiclass,Gaussian,8,8,simhash,2,16,0.34220627503337786,0.0973236005750526,0.21621618261004488,0.4950145806481525,0.02648,10.0509,0.1
Fridge,multiclass,Gaussian,8,8,simhash,2,64,0.3640687583444593,0.08697701595427136,0.21121337790886896,0.4985183588833461,0.02661,9.7841,0.1
Fridge,multiclass,Gaussian,8,8,simhash,2,256,0.34470961281708945,0.10216256004828753,0.22118284247519104,0.49835449158867035,0.02589,9.5638,0.1
Fridge,multiclass,Gaussian,8,8,simhash,2,1024,0.37550066755674233,0.0779977120671127,0.20501735064369575,0.4995525700659749,0.02624,9.5091,0.1
Fridge,multiclass,Gaussian,8,8,simhash,4,16,0.33319425901201605,0.10027811020236384,0.21721281765240294,0.5022095031159852,0.02602,9.9394,0.1
Fridge,multiclass,Gaussian,8,8,simhash,4,64,0.37550066755674233,0.0779977120671127,0.20501735064369575,0.4993075288912129,0.02682,9.7215,0.1
Fridge,multiclass,Gaussian,8,8,simhash,4,256,0.37550066755674233,0.0779977120671127,0.20501735064369575,0.5006852390467523,0.02713,9.8701,0.1
Fridge,multiclass,Gaussian,8,8,simhash,4,1024,0.37550066755674233,0.0779977120671127,0.20501735064369575,0.4961147339767069,0.02696,9.8463,0.1
Fridge,multiclass,Gaussian,8,8,simhash,8,16,0.3431241655540721,0.09296468174928844,0.21239703644261135,0.4975280327180605,0.02734,10.5567,0.1
Fridge,multiclass,Gaussian,8,8,simhash,8,64,0.37550066755674233,0.0779977120671127,0.20501735064369575,0.5032954718598451,0.02827,9.9934,0.1
Fridge,multiclass,Gaussian,8,8,simhash,8,256,0.3638184245660881,0.08656313722074029,0.2108507505138359,0.5038753060959907,0.02734,9.8561,0.1
Fridge,multiclass,Gaussian,8,8,simhash,8,1024,0.37550066755674233,0.0779977120671127,0.20501735064369575,0.49588338952574906,0.0273,10.1577,0.1
Fridge,multiclass,Gaussian,8,8,h3,2,16,0.36440253671562084,0.08752885426564613,0.2116968811022464,0.5029674666701038,0.0092,5.7477,0.1
Fridge,multiclass,Gaussian,8,8,h3,2,64,0.3638184245660881,0.08656313722074029,0.2108507505138359,0.4984250783836767,0.00937,5.5163,0.1
Fridge,multiclass,Gaussian,8,8,h3,2,256,0.37550066755674233,0.0779977120671127,0.20501735064369575,0.4973095438703098,0.00925,5.1318,0.1
Fridge,multiclass,Gaussian,8,8,h3,2,1024,0.37550066755674233,0.0779977120671127,0.20501735064369575,0.5000878476474683,0.00948,5.3649,0.1
Fridge,multiclass,Gaussian,8,8,h3,4,16,0.3359479305740988,0.10104409327703359,0.21879946584322943,0.4986151573499722,0.01002,5.9705,0.1
Fridge,multiclass,Gaussian,8,8,h3,4,64,0.36440253671562084,0.08752885426564613,0.2116968811022464,0.49682859491492976,0.01029,5.4801,0.1
Fridge,multiclass,Gaussian,8,8,h3,4,256,0.37550066755674233,0.0779977120671127,0.20501735064369575,0.5032241724972236,0.01011,5.5235,0.1
Fridge,multiclass,Gaussian,8,8,h3,4,1024,0.37550066755674233,0.0779977120671127,0.20501735064369575,0.5005767667049764,0.01031,5.6328,0.1
Fridge,multiclass,Gaussian,8,8,h3,8,16,0.37550066755674233,0.0779977120671127,0.20501735064369575,0.5038866390877743,0.01126,6.1082,0.1
Fridge,multiclass,Gaussian,8,8,h3,8,64,0.37550066755674233,0.0779977120671127,0.20501735064369575,0.4974041932530457,0.0116,5.6902,0.1
Fridge,multiclass,Gaussian,8,8,h3,8,256,0.36440253671562084,0.08752885426564613,0.2116968811022464,0.49837256616181586,0.01168,5.7677,0.1
Fridge,multiclass,Gaussian,8,8,h3,8,1024,0.37550066755674233,0.0779977120671127,0.20501735064369575,0.4993509101963419,0.01117,5.8323,0.1
Fridge,multiclass,Gaussian,16,4,murmur,2,16,0.3553070761014686,0.09113165159779484,0.21330662566145966,0.4981718619436394,0.01568,13.6895,0.1
Fridge,multiclass,Gaussian,16,4,murmur,2,64,0.3458778371161549,0.09678981158011923,0.21634275779816514,0.4997550297404674,0.01591,13.1175,0.1
Fridge,multiclass,Gaussian,16,4,murmur,2,256,0.33786715620827773,0.09474301449030273,0.21361974661653255,0.4991642903321661,0.01588,13.2787,0.1
Fridge,multiclass,Gaussian,16,4,murmur,2,1024,0.3529706275033378,0.08964941020460031,0.21140188709632152,0.5010775435472427,0.01562,13.8919,0.1
Fridge,multiclass,Gaussian,16,4,murmur,4,16,0.3416221628838451,0.10154405374633557,0.22036014303413767,0.5056647689165367,0.01622,14.4022,0.1
Fridge,multiclass,Gaussian,16,4,murmur,4,64,0.3332777036048064,0.10871312703277249,0.22463896971576156,0.5007580885903957,0.01634,12.3494,0.1
Fridge,multiclass,Gaussian,16,4,murmur,4,256,0.3613150867823765,0.09365199821475767,0.21664501696758046,0.49878699023744805,0.0165,13.2733,0.1
Fridge,multiclass,Gaussian,16,4,murmur,4,1024,0.3377837116154873,0.10578435374491398,0.22298718156757694,0.5009107260699063,0.01599,12.9734,0.1
Fridge,multiclass,Gaussian,16,4,murmur,8,16,0.35847797062750336,0.08802489755077847,0.21085652036966795,0.4992675485760367,0.01653,13.4005,0.1
Fridge,multiclass,Gaussian,16,4,murmur,8,64,0.34279038718291055,0.0980931063528729,0.21760171903522715,0.5018555354781423,0.01651,13.5201,0.1
Fridge,multiclass,Gaussian,16,4,murmur,8,256,0.3294392523364486,0.09980785675184596,0.21559222919354512,0.5000505328000143,0.019,14.5029,0.1
Fridge,multiclass,Gaussian,16,4,murmur,8,1024,0.3430407209612817,0.09898487994201358,0.21860644926216227,0.5039493762936049,0.01936,16.7107,0.1
Fridge,multiclass,Gaussian,16,4,simhash,2,16,0.32142857142857145,0.10334615900670781,0.21578792001054084,0.4950440513249868,0.05001,22.3328,0.1
Fridge,multiclass,Gaussian,16,4,simhash,2,64,0.36181575433911883,0.09099262012926891,0.21441253958949327,0.500705795326835,0.05234,23.7847,0.1
Fridge,multiclass,Gaussian,16,4,simhash,2,256,0.3483811748998665,0.09425983997099782,0.21512292904865904,0.5011841342898705,0.0484,22.1733,0.1
Fridge,multiclass,Gaussian,16,4,simhash,2,1024,0.34854806408544725,0.09731638296553882,0.21802606281030598,0.4982616489694429,0.049,22.7477,0.1
Fridge,multiclass,Gaussian,16,4,simhash,4,16,0.3307743658210948,0.0933445667984287,0.21059790193709513,0.5021327685265309,0.05093,23.636,0.1
Fridge,multiclass,Gaussian,16,4,simhash,4,64,0.3053237650200267,0.11217192832684172,0.22111261192178744,0.5002655452858621,0.04985,23.5555,0.1
Fridge,multiclass,Gaussian,16,4,simhash,4,256,0.36014686248331107,0.0914173613432493,0.21468709914791775,0.49649568388502313,0.05782,23.3394,0.1
Fridge,multiclass,Gaussian,16,4,simhash,4,1024,0.3054072096128171,0.11527916091307412,0.22442308182642554,0.5026727157893494,0.05179,23.6117,0.1
Fridge,multiclass,Gaussian,16,4,simhash,8,16,0.281041388518024,0.12228131864780742,0.22347636380703595,0.4990848297331184,0.05346,24.3127,0.1
Fridge,multiclass,Gaussian,16,4,simhash,8,64,0.3208444592790387,0.10463058850909505,0.2172506320315885,0.4962916886224344,0.05231,23.6482,0.1
Fridge,multiclass,Gaussian,16,4,simhash,8,256,0.37550066755674233,0.0779977120671127,0.20501735064369575,0.5001453325256174,0.053,23.6269,0.1
Fridge,multiclass,Gaussian,16,4,simhash,8,1024,0.313584779706275,0.11647279107140104,0.22784451349414717,0.503603698978669,0.05374,23.9788,0.1
Fridge,multiclass,Gaussian,16,4,h3,2,16,0.3598130841121495,0.08688072291577069,0.20990105611153326,0.4998411925302726,0.0168,13.5933,0.1
Fridge,multiclass,Gaussian,16,4,h3,2,64,0.3422897196261682,0.09838794893291071,0.21536385073024086,0.5034982285195059,0.01677,14.8855,0.1
Fridge,multiclass,Gaussian,16,4,h3,2,256,0.3495493991989319,0.09534266221235059,0.2158318755242038,0.503101029928006,0.01655,13.2521,0.1
Fridge,multiclass,Gaussian,16,4,h3,2,1024,0.35897863818424564,0.08554685603568533,0.20873236433575754,0.49499191252201485,0.0166,13.2667,0.1
Fridge,multiclass,Gaussian,16,4,h3,4,16,0.3308578104138852,0.10688122539741432,0.2229154954829859,0.5042406358625543,0.01732,15.0317,0.1
Fridge,multiclass,Gaussian,16,4,h3,4,64,0.3399532710280374,0.10351053015643684,0.22088931198119907,0.49818625280679063,0.02979,15.2133,0.1
Fridge,multiclass,Gaussian,16,4,h3,4,256,0.3282710280373832,0.10370577512826194,0.2200841195589171,0.49698108556098924,0.01749,14.7145,0.1
Fridge,multiclass,Gaussian,16,4,h3,4,1024,0.3222630173564753,0.11083733801545394,0.22452282041249902,0.49480921066988925,0.01827,14.2629,0.1
Fridge,multiclass,Gaussian,16,4,h3,8,16,0.3287716955941255,0.10346006336529655,0.21899053090607148,0.5059593422744741,0.0199,15.4782,0.1
Fridge,multiclass,Gaussian,16,4,h3,8,64,0.3392857142857143,0.10395427748494837,0.22174395670165886,0.4992578774188761,0.01867,14.883,0.1
Fridge,multiclass,Gaussian,16,4,h3,8,256,0.3212616822429907,0.11341700040068432,0.22656562411966158,0.5071452550090364,0.01994,13.4913,0.1
Fridge,multiclass,Gaussian,16,4,h3,8,1024,0.2970627503337784,0.10845841103960105,0.21705912115946693,0.49970157342755683,0.0194,15.1,0.1
Fridge,multiclass,Gaussian,16,8,murmur,2,16,0.3403704939919893,0.09642656442420997,0.21522080794999823,0.49614329842954097,0.01292,9.1576,0.1
Fridge,multiclass,Gaussian,16,8,murmur,2,64,0.3275200267022697,0.09725308596847945,0.21360330701835414,0.5019562331165462,0.0137,8.6716,0.1
Fridge,multiclass,Gaussian,16,8,murmur,2,256,0.32401535380507346,0.09674145101793816,0.21191260070446719,0.5041173865516146,0.01295,8.5872,0.1
Fridge,multiclass,Gaussian,16,8,murmur,2,1024,0.36031375166889185,0.08777152674586035,0.21127762908336403,0.4977265670471206,0.01271,8.5287,0.1
Fridge,multiclass,Gaussian,16,8,murmur,4,16,0.37550066755674233,0.0779977120671127,0.20501735064369575,0.49959272561878004,0.01305,8.8832,0.1
Fridge,multiclass,Gaussian,16,8,murmur,4,64,0.33828437917222964,0.09968809269453394,0.21752185247048092,0.5086668228417521,0.01274,8.9819,0.1
Fridge,multiclass,Gaussian,16,8,murmur,4,256,0.3550567423230975,0.09564592780756552,0.21736286999497273,0.4997968022572485,0.01327,8.5265,0.1
Fridge,multiclass,Gaussian,16,8,murmur,4,1024,0.3621495327102804,0.09163108780684273,0.2149719446808255,0.5072410679757804,0.01334,8.365,0.1
Fridge,multiclass,Gaussian,16,8,murmur,8,16,0.3379506008010681,0.10489667883226583,0.22229215518059875,0.4998167666308647,0.01435,9.0456,0.1
Fridge,multiclass,Gaussian,16,8,murmur,8,64,0.34687917222963954,0.09807863967970512,0.2170135433980825,0.49953994360736037,0.01275,8.8697,0.1
Fridge,multiclass,Gaussian,16,8,murmur,8,256,0.3311081441922563,0.10679700104685508,0.22257271694737166,0.5002079530748139,0.01327,8.755,0.1
Fridge,multiclass,Gaussian,16,8,murmur,8,1024,0.34771361815754337,0.09649120797074416,0.21653820210270655,0.5046889035344897,0.01373,8.6696,0.1
Fridge,multiclass,Gaussian,16,8,simhash,2,16,0.36932576769025366,0.08391892839417288,0.2091645157698571,0.5078298878154801,0.04077,17.1726,0.1
Fridge,multiclass,Gaussian,16,8,simhash,2,64,0.3482977303070761,0.09953146629504898,0.21889660685403087,0.500272760647332,0.04121,16.188,0.1
Fridge,multiclass,Gaussian,16,8,simhash,2,256,0.31300066755674233,0.10958599926752798,0.22128338645611612,0.49610610852070625,0.04121,16.7235,0.1
Fridge,multiclass,Gaussian,16,8,simhash,2,1024,0.35897863818424564,0.08554685603568533,0.20873236433575754,0.5023089939017873,0.04217,16.9773,0.1
Fridge,multiclass,Gaussian,16,8,simhash,4,16,0.33611481975967955,0.10398578498531888,0.2186736101021596,0.49994457158858807,0.04383,17.6802,0.1
Fridge,multiclass,Gaussian,16,8,simhash,4,64,0.37550066755674233,0.0779977120671127,0.20501735064369575,0.5030649786874057,0.04436,16.8374,0.1
Fridge,multiclass,Gaussian,16,8,simhash,4,256,0.3638184245660881,0.08389045822487078,0.2082888494964183,0.5009726009511511,0.04522,16.8238,0.1
Fridge,multiclass,Gaussian,16,8,simhash,4,1024,0.36932576769025366,0.08391892839417288,0.2091645157698571,0.5027483333123004,0.04233,17.3429,0.1
Fridge,multiclass,Gaussian,16,8,simhash,8,16,0.3298564753004005,0.10508506087799552,0.2210689434659317,0.5020398423122486,0.04325,18.4454,0.1
Fridge,multiclass,Gaussian,16,8,simhash,8,64,0.33619826435246997,0.09695019144407412,0.2145467468158742,0.49301647067534393,0.04493,17.1725,0.1
Fridge,multiclass,Gaussian,16,8,simhash,8,256,0.36932576769025366,0.08391892839417288,0.2091645157698571,0.5026405171715812,0.04633,16.628,0.1
Fridge,multiclass,Gaussian,16,8,simhash,8,1024,0.36164886515353806,0.0910934276283887,0.21447394223429814,0.49811973737142307,0.04446,17.2839,0.1
Fridge,multiclass,Gaussian,16,8,h3,2,16,0.3046562082777036,0.12036293716632933,0.2287011839767927,0.5016385562182709,0.01386,8.6017,0.1
Fridge,multiclass,Gaussian,16,8,h3,2,64,0.3480473965287049,0.09955663798735404,0.21922403447707264,0.5040542993208966,0.01295,8.7243,0.1
Fridge,multiclass,Gaussian,16,8,h3,2,256,0.37550066755674233,0.0779977120671127,0.20501735064369575,0.5011071057180253,0.0132,8.4698,0.1
Fridge,multiclass,Gaussian,16,8,h3,2,1024,0.3548898531375167,0.08659770640950824,0.20905524444605755,0.5026901268404848,0.01279,8.3594,0.1
Fridge,multiclass,Gaussian,16,8,h3,4,16,0.319175567423231,0.10405892491800936,0.21859986912681922,0.4984215721822016,0.01358,9.0203,0.1
Fridge,multiclass,Gaussian,16,8,h3,4,64,0.34078771695594123,0.09449050330127148,0.2132007956924422,0.49594849162683047,0.0195,9.2976,0.1
Fridge,multiclass,Gaussian,16,8,h3,4,256,0.34604472630173566,0.09609008221658641,0.21609714900074709,0.4947818816884743,0.01338,8.7208,0.1
Fridge,multiclass,Gaussian,16,8,h3,4,1024,0.3296061415220294,0.09944232398078422,0.21607585838074583,0.49797631539988624,0.01394,8.6314,0.1
Fridge,multiclass,Gaussian,16,8,h3,8,16,0.34512683578104136,0.09664959893587799,0.2168056115154528,0.499575498937769,0.01509,9.6166,0.1
Fridge,multiclass,Gaussian,16,8,h3,8,64,0.3426234979973298,0.0989788603236228,0.21808523699349133,0.49174212234568754,0.01482,9.4914,0.1
Fridge,multiclass,Gaussian,16,8,h3,8,256,0.31925901201602136,0.10541516592409957,0.21999186384527045,0.49745533260246955,0.01444,9.0898,0.1
Fridge,multiclass,Gaussian,16,8,h3,8,1024,0.37016021361815754,0.08380229304676803,0.209366319591952,0.5050220824786658,0.01504,9.537,0.1
Fridge,multiclass,Gaussian,16,16,murmur,2,16,0.3321929238985314,0.10207855022155661,0.21903876383193477,0.4991239921091144,0.01169,6.6108,0.1
Fridge,multiclass,Gaussian,16,16,murmur,2,64,0.367239652870494,0.08574696653425282,0.2105690380816939,0.5042976553383314,0.01182,6.1084,0.1
Fridge,multiclass,Gaussian,16,16,murmur,2,256,0.37550066755674233,0.0779977120671127,0.20501735064369575,0.49660257955822834,0.01199,6.2192,0.1
Fridge,multiclass,Gaussian,16,16,murmur,2,1024,0.36348464619492654,0.08875206063927644,0.21262953091739933,0.5030949849819696,0.01198,6.2974,0.1
Fridge,multiclass,Gaussian,16,16,murmur,4,16,0.32526702269692925,0.09903488304555531,0.21511332852312062,0.4976550500336486,0.01308,6.6149,0.1
Fridge,multiclass,Gaussian,16,16,murmur,4,64,0.3662383177570093,0.0870766728239536,0.21166865546134084,0.49917276508448094,0.01185,6.4458,0.1
Fridge,multiclass,Gaussian,16,16,murmur,4,256,0.3364485981308411,0.09938354915009741,0.216222255018279,0.49676188186654463,0.01212,6.1711,0.1
Fridge,multiclass,Gaussian,16,16,murmur,4,1024,0.37016021361815754,0.08380229304676803,0.209366319591952,0.4995258671267368,0.01258,6.0714,0.1
Fridge,multiclass,Gaussian,16,16,murmur,8,16,0.32259679572763683,0.10228474872729454,0.21706065113283782,0.5006085684224352,0.01433,6.8715,0.1
Fridge,multiclass,Gaussian,16,16,murmur,8,64,0.37550066755674233,0.0779977120671127,0.20501735064369575,0.5003284411475833,0.01208,6.3665,0.1
Fridge,multiclass,Gaussian,16,16,murmur,8,256,0.37550066755674233,0.0779977120671127,0.20501735064369575,0.5024396143302152,0.01341,6.4827,0.1
Fridge,multiclass,Gaussian,16,16,murmur,8,1024,0.37550066755674233,0.0779977120671127,0.20501735064369575,0.4954142303675666,0.01425,6.1965,0.1
Fridge,multiclass,Gaussian,16,16,simhash,2,16,0.33978638184245663,0.10736256974134774,0.2244839351649013,0.5013406909074323,0.04894,16.9939,0.1
Fridge,multiclass,Gaussian,16,16,simhash,2,64,0.36181575433911883,0.09099262012926891,0.21441253958949327,0.5013675379139324,0.04859,16.7979,0.1
Fridge,multiclass,Gaussian,16,16,simhash,2,256,0.36490320427236317,0.0857787580287781,0.20994331778255204,0.49951064983858734,0.04843,16.4024,0.1
Fridge,multiclass,Gaussian,16,16,simhash,2,1024,0.37016021361815754,0.08380229304676803,0.209366319591952,0.5011143737247715,0.04896,16.5617,0.1
Fridge,multiclass,Gaussian,16,16,simhash,4,16,0.3580607476635514,0.09307858059861199,0.2155429917966638,0.5006391178230367,0.04949,16.8531,0.1
Fridge,multiclass,Gaussian,16,16,simhash,4,64,0.37550066755674233,0.0779977120671127,0.20501735064369575,0.4999992519558341,0.05078,16.6875,0.1
Fridge,multiclass,Gaussian,16,16,simhash,4,256,0.37550066755674233,0.0779977120671127,0.20501735064369575,0.5011815978441703,0.06056,16.3289,0.1
Fridge,multiclass,Gaussian,16,16,simhash,4,1024,0.37550066755674233,0.0779977120671127,0.20501735064369575,0.49661606955780935,0.04994,16.5483,0.1
Fridge,multiclass,Gaussian,16,16,simhash,8,16,0.37550066755674233,0.0779977120671127,0.20501735064369575,0.49712507604707923,0.05046,17.2909,0.1
Fridge,multiclass,Gaussian,16,16,simhash,8,64,0.36874165554072097,0.08280658134189256,0.20818991262825634,0.4973165357555045,0.05194,17.5373,0.1
Fridge,multiclass,Gaussian,16,16,simhash,8,256,0.3324432576769025,0.10280902704463606,0.2193135453625869,0.500319868650404,0.05186,16.7697,0.1
Fridge,multiclass,Gaussian,16,16,simhash,8,1024,0.37550066755674233,0.0779977120671127,0.20501735064369575,0.49825585211725265,0.05276,16.5517,0.1
Fridge,multiclass,Gaussian,16,16,h3,2,16,0.335781041388518,0.0955687739248845,0.2135229710621042,0.5040777203081043,0.01234,6.4437,0.1
Fridge,multiclass,Gaussian,16,16,h3,2,64,0.3670727636849132,0.08505227644591118,0.2099864202858162,0.4998316570925973,0.01131,6.3136,0.1
Fridge,multiclass,Gaussian,16,16,h3,2,256,0.36139853137516686,0.08604482413355483,0.2095685200478228,0.5034355239790572,0.01133,5.9834,0.1
Fridge,multiclass,Gaussian,16,16,h3,2,1024,0.3679072096128171,0.08654192339958315,0.21129160161204752,0.49954802125684095,0.01103,5.9306,0.1
Fridge,multiclass,Gaussian,16,16,h3,4,16,0.3516355140186916,0.08885635958964966,0.21099624972277153,0.5003894746975883,0.01955,8.6772,0.1
Fridge,multiclass,Gaussian,16,16,h3,4,64,0.3403704939919893,0.1020963347055556,0.21962444233398445,0.5015277688835452,0.0139,6.6007,0.1
Fridge,multiclass,Gaussian,16,16,h3,4,256,0.37550066755674233,0.0779977120671127,0.20501735064369575,0.503371792351996,0.01345,6.4343,0.1
Fridge,multiclass,Gaussian,16,16,h3,4,1024,0.37550066755674233,0.0779977120671127,0.20501735064369575,0.5016291145416446,0.01276,6.59,0.1
Fridge,multiclass,Gaussian,16,16,h3,8,16,0.37550066755674233,0.0779977120671127,0.20501735064369575,0.5032724058009256,0.01471,7.2067,0.1
Fridge,multiclass,Gaussian,16,16,h3,8,64,0.36356809078771696,0.08722728110385816,0.21129356753940434,0.5039439815158387,0.01553,7.1013,0.1
Fridge,multiclass,Gaussian,16,16,h3,8,256,0.37550066755674233,0.0779977120671127,0.20501735064369575,0.501476798308267,0.01464,7.6777,0.1
Fridge,multiclass,Gaussian,16,16,h3,8,1024,0.36932576769025366,0.08391892839417288,0.2091645157698571,0.5004788586270091,0.01498,6.8023,0.1
GPS_Tracker,binary,Distributive,8,4,murmur,2,16,0.8753528958850201,0.8650759677243083,0.8736421982959618,0.8572288990896587,0.01266,1.2364,0.1
GPS_Tracker,binary,Distributive,8,4,murmur,2,64,0.8753528958850201,0.8650759677243083,0.8736421982959618,0.8572288990896587,0.01343,1.2078,0.1
GPS_Tracker,binary,Distributive,8,4,murmur,2,256,0.8753528958850201,0.8650759677243083,0.8736421982959618,0.8764443517101745,0.01493,1.2747,0.1
GPS_Tracker,binary,Distributive,8,4,murmur,2,1024,0.8721019762169561,0.8616698665617508,0.8704087895719835,0.8735562665182919,0.01314,1.2686,0.1
GPS_Tracker,binary,Distributive,8,4,murmur,4,16,0.8686799555137309,0.8591264198118842,0.8675657948126285,0.8539650855473641,0.01359,1.2135,0.1
GPS_Tracker,binary,Distributive,8,4,murmur,4,64,0.8736418855334075,0.8638280489680235,0.8722376750114643,0.8572509389344832,0.01314,1.3573,0.1
GPS_Tracker,binary,Distributive,8,4,murmur,4,256,0.8753528958850201,0.8650759677243083,0.8736421982959618,0.8764443517101745,0.01323,1.347,0.1
GPS_Tracker,binary,Distributive,8,4,murmur,4,1024,0.8773205577893747,0.8668975667115157,0.875466023760847,0.8777988593684796,0.01411,1.2958,0.1
GPS_Tracker,binary,Distributive,8,4,murmur,8,16,0.8753528958850201,0.8650759677243083,0.8736421982959618,0.8572288990896587,0.01339,1.5892,0.1
GPS_Tracker,binary,Distributive,8,4,murmur,8,64,0.8753528958850201,0.8650759677243083,0.8736421982959618,0.8764443517101745,0.01696,1.3829,0.1
GPS_Tracker,binary,Distributive,8,4,murmur,8,256,0.8766361536487296,0.8663210682882676,0.8748634965402794,0.8581474784006429,0.01491,1.6114,0.1
GPS_Tracker,binary,Distributive,8,4,murmur,8,1024,0.8721019762169561,0.8616698665617508,0.8704087895719835,0.8735562665182919,0.01434,1.5691,0.1
GPS_Tracker,binary,Distributive,8,4,simhash,2,16,0.8743262896740526,0.8640063886297698,0.8726244674832097,0.8562696094341664,0.04065,3.1902,0.1
GPS_Tracker,binary,Distributive,8,4,simhash,2,64,0.8753528958850201,0.8650759677243083,0.8736421982959618,0.8764443517101745,0.04104,3.0309,0.1
GPS_Tracker,binary,Distributive,8,4,simhash,2,256,0.8590127470271195,0.845499015285879,0.8560105642162221,0.8584575817993539,0.04324,2.9755,0.1
GPS_Tracker,binary,Distributive,8,4,simhash,2,1024,0.8753528958850201,0.8650759677243083,0.8736421982959618,0.8572288990896587,0.03772,3.1758,0.1
GPS_Tracker,binary,Distributive,8,4,simhash,4,16,0.8773205577893747,0.8668975667115157,0.875466023760847,0.8583714007511476,0.03946,3.2777,0.1
GPS_Tracker,binary,Distributive,8,4,simhash,4,64,0.8574728377106682,0.8439151889569787,0.8544976323528194,0.8571388077464028,0.04087,3.3834,0.1
GPS_Tracker,binary,Distributive,8,4,simhash,4,256,0.8773205577893747,0.8668975667115157,0.875466023760847,0.8974600083460843,0.03955,3.37,0.1
GPS_Tracker,binary,Distributive,8,4,simhash,4,1024,0.8714175720763111,0.8617030675069162,0.8701350567861618,0.8741587919815768,0.03939,3.1196,0.1
GPS_Tracker,binary,Distributive,8,4,simhash,8,16,0.8702198648301822,0.8599031863006809,0.8686489456215603,0.852931175715986,0.04368,3.2192,0.1
GPS_Tracker,binary,Distributive,8,4,simhash,8,64,0.8760373000256652,0.8656513737689093,0.8742445293702682,0.8768224602401817,0.04565,3.3587,0.1
GPS_Tracker,binary,Distributive,8,4,simhash,8,256,0.8773205577893747,0.8668975667115157,0.875466023760847,0.8583714007511476,0.04106,3.5815,0.1
GPS_Tracker,binary,Distributive,8,4,simhash,8,1024,0.8744118401916332,0.8639807147030255,0.8726459283078651,0.8754341354847684,0.04077,3.2397,0.1
GPS_Tracker,binary,Distributive,8,4,h3,2,16,0.7756009923860039,0.7347338873266778,0.7586858588838984,0.7671772924684317,0.01358,1.1652,0.1
GPS_Tracker,binary,Distributive,8,4,h3,2,64,0.8626914192830867,0.8515820713743056,0.8609232335152412,0.8648136195731131,0.01243,1.1719,0.1
GPS_Tracker,binary,Distributive,8,4,h3,2,256,0.8638035760116348,0.8547055751482685,0.8630695150872743,0.8512890681751442,0.01276,1.2483,0.1
GPS_Tracker,binary,Distributive,8,4,h3,2,1024,0.8705620669005047,0.8614477949761132,0.8696226706281108,0.8744662060864594,0.01345,1.499,0.1
GPS_Tracker,binary,Distributive,8,4,h3,4,16,0.8759517495080845,0.865881309051536,0.8743357000561126,0.8772655136705769,0.01446,1.1941,0.1
GPS_Tracker,binary,Distributive,8,4,h3,4,64,0.8641457780819574,0.8526340449042356,0.8621091139323636,0.865416515973478,0.0134,1.2522,0.1
GPS_Tracker,binary,Distributive,8,4,h3,4,256,0.860296004790829,0.8467262424189034,0.8572176429416487,0.8594339809276518,0.01439,1.3015,0.1
GPS_Tracker,binary,Distributive,8,4,h3,4,1024,0.822910428608093,0.7933491266529948,0.8113292987763289,0.8397226781657161,0.01387,1.2502,0.1
GPS_Tracker,binary,Distributive,8,4,h3,8,16,0.8649157327401831,0.8525902204215325,0.8623959312572873,0.8648835412126551,0.01461,1.448,0.1
GPS_Tracker,binary,Distributive,8,4,h3,8,64,0.8209427667037386,0.7917570613945322,0.8096913304933566,0.8123076923076924,0.01499,1.4795,0.1
GPS_Tracker,binary,Distributive,8,4,h3,8,256,0.8766361536487296,0.8663210682882676,0.8748634965402794,0.8774207508384723,0.01455,1.3128,0.1
GPS_Tracker,binary,Distributive,8,4,h3,8,1024,0.860980408931474,0.8472716816721684,0.8577978860126233,0.8835888162470441,0.01551,1.3362,0.1
GPS_Tracker,binary,Distributive,8,8,murmur,2,16,0.866541192574215,0.8543403893432879,0.8640382787574064,0.8666445804547069,0.00866,0.909,0.1
GPS_Tracker,binary,Distributive,8,8,murmur,2,64,0.8750106938146975,0.8645806092553845,0.8732262619619174,0.8564935317846711,0.00883,0.8065,0.1
GPS_Tracker,binary,Distributive,8,8,murmur,2,256,0.8652579348105056,0.8538934381881194,0.8632674048806337,0.866543546467597,0.00839,0.8622,0.1
GPS_Tracker,binary,Distributive,8,8,murmur,2,1024,0.8720164256993754,0.8620558499367816,0.8705830668185437,0.8554723110925643,0.00934,0.8365,0.1
GPS_Tracker,binary,Distributive,8,8,murmur,4,16,0.7379587646505261,0.6614769913482037,0.6984927380022614,0.7215722322684348,0.01178,0.8778,0.1
GPS_Tracker,binary,Distributive,8,8,murmur,4,64,0.8773205577893747,0.8668975667115157,0.875466023760847,0.8583714007511476,0.00901,0.849,0.1
GPS_Tracker,binary,Distributive,8,8,murmur,4,256,0.8773205577893747,0.8668975667115157,0.875466023760847,0.8777988593684796,0.00892,0.9259,0.1
GPS_Tracker,binary,Distributive,8,8,murmur,4,1024,0.8742407391564719,0.8645203058340658,0.8728685157363175,0.858028716712261,0.00876,0.9376,0.1
GPS_Tracker,binary,Distributive,8,8,murmur,8,16,0.7816750791342287,0.7443768320173041,0.7668393149954477,0.7325698830002627,0.00888,1.0085,0.1
GPS_Tracker,binary,Distributive,8,8,murmur,8,64,0.8773205577893747,0.8668975667115157,0.875466023760847,0.8777988593684796,0.00891,0.9063,0.1
GPS_Tracker,binary,Distributive,8,8,murmur,8,256,0.875609547437762,0.8656471108518532,0.8740633822874513,0.877165607950418,0.01068,0.9782,0.1
GPS_Tracker,binary,Distributive,8,8,murmur,8,1024,0.8773205577893747,0.8668975667115157,0.875466023760847,0.8583714007511476,0.00927,0.9585,0.1
GPS_Tracker,binary,Distributive,8,8,simhash,2,16,0.866541192574215,0.8543403893432879,0.8640382787574064,0.8446623236116907,0.02643,2.2735,0.1
GPS_Tracker,binary,Distributive,8,8,simhash,2,64,0.8753528958850201,0.8650759677243083,0.8736421982959618,0.8572288990896587,0.02385,2.0027,0.1
GPS_Tracker,binary,Distributive,8,8,simhash,2,256,0.8742407391564719,0.8645203058340658,0.8728685157363175,0.858028716712261,0.02555,2.0903,0.1
GPS_Tracker,binary,Distributive,8,8,simhash,2,1024,0.8753528958850201,0.8650759677243083,0.8736421982959618,0.8766754918780236,0.02442,2.1035,0.1
GPS_Tracker,binary,Distributive,8,8,simhash,4,16,0.811104457181966,0.7836643214952232,0.8013886849018174,0.7699193366408557,0.02625,2.2174,0.1
GPS_Tracker,binary,Distributive,8,8,simhash,4,64,0.8773205577893747,0.8668975667115157,0.875466023760847,0.8780325497287522,0.02592,2.0617,0.1
GPS_Tracker,binary,Distributive,8,8,simhash,4,256,0.8753528958850201,0.8650759677243083,0.8736421982959618,0.8572288990896587,0.02598,2.0732,0.1
GPS_Tracker,binary,Distributive,8,8,simhash,4,1024,0.8773205577893747,0.8668975667115157,0.875466023760847,0.8777988593684796,0.02459,2.0697,0.1
GPS_Tracker,binary,Distributive,8,8,simhash,8,16,0.8222260244674481,0.7929247580322688,0.8108440451471647,0.776799786711179,0.0264,2.25,0.1
GPS_Tracker,binary,Distributive,8,8,simhash,8,64,0.8744118401916332,0.8639807147030255,0.8726459283078651,0.8754341354847684,0.02589,2.1909,0.1
GPS_Tracker,binary,Distributive,8,8,simhash,8,256,0.8753528958850201,0.8650759677243083,0.8736421982959618,0.8766754918780236,0.02941,2.1203,0.1
GPS_Tracker,binary,Distributive,8,8,simhash,8,1024,0.8646590811874412,0.8531908432232371,0.8626301122424428,0.8869661983586034,0.02661,2.1637,0.1
GPS_Tracker,binary,Distributive,8,8,h3,2,16,0.8529386602788946,0.8398811489098092,0.850399917055846,0.8540543731936138,0.00925,0.7936,0.1
GPS_Tracker,binary,Distributive,8,8,h3,2,64,0.8725297288048592,0.8632627990047991,0.8714516830772151,0.8758207137447644,0.01247,0.9325,0.1
GPS_Tracker,binary,Distributive,8,8,h3,2,256,0.8742407391564719,0.8645203058340658,0.8728685157363175,0.89510084851857,0.00873,0.7945,0.1
GPS_Tracker,binary,Distributive,8,8,h3,2,1024,0.875609547437762,0.8656471108518532,0.8740633822874513,0.8773914158977449,0.01064,0.7909,0.1
GPS_Tracker,binary,Distributive,8,8,h3,4,16,0.8015227992129352,0.7640361956743809,0.7856720567851714,0.7494952937358,0.01241,1.1491,0.1
GPS_Tracker,binary,Distributive,8,8,h3,4,64,0.8736418855334075,0.8638280489680235,0.8722376750114643,0.8760343580470163,0.0109,0.8667,0.1
GPS_Tracker,binary,Distributive,8,8,h3,4,256,0.873043031910343,0.8627642660803335,0.8714043415154369,0.8745664827436981,0.00934,0.8304,0.1
GPS_Tracker,binary,Distributive,8,8,h3,4,1024,0.8773205577893747,0.8668975667115157,0.875466023760847,0.8583714007511476,0.00965,0.8436,0.1
GPS_Tracker,binary,Distributive,8,8,h3,8,16,0.7711523654718111,0.7265233262719764,0.7519378723135595,0.716118668954112,0.01017,0.9661,0.1
GPS_Tracker,binary,Distributive,8,8,h3,8,64,0.8742407391564719,0.8645203058340658,0.8728685157363175,0.8764539651628259,0.01043,0.9409,0.1
GPS_Tracker,binary,Distributive,8,8,h3,8,256,0.8773205577893747,0.8668975667115157,0.875466023760847,0.8777988593684796,0.01023,0.918,0.1
GPS_Tracker,binary,Distributive,8,8,h3,8,1024,0.8722730772521173,0.8627034090535843,0.871041982542196,0.856886215050772,0.00996,0.957,0.1
GPS_Tracker,binary,Distributive,8,16,murmur,2,16,0.6150226708871589,0.3808136455132959,0.4684180507477259,0.5025733759910975,0.00715,0.6413,0.1
GPS_Tracker,binary,Distributive,8,16,murmur,2,64,0.6150226708871589,0.3808136455132959,0.4684180507477259,0.6865349840033385,0.00646,0.6521,0.1
GPS_Tracker,binary,Distributive,8,16,murmur,2,256,0.6150226708871589,0.3808136455132959,0.4684180507477259,0.6865349840033385,0.00675,0.6106,0.1
GPS_Tracker,binary,Distributive,8,16,murmur,2,1024,0.6150226708871589,0.3808136455132959,0.4684180507477259,0.6888301571845876,0.00682,0.6155,0.1
GPS_Tracker,binary,Distributive,8,16,murmur,4,16,0.6150226708871589,0.3808136455132959,0.4684180507477259,0.5046598970649604,0.00706,0.6791,0.1
GPS_Tracker,binary,Distributive,8,16,murmur,4,64,0.6150226708871589,0.3808136455132959,0.4684180507477259,0.6888301571845876,0.00675,0.6496,0.1
GPS_Tracker,binary,Distributive,8,16,murmur,4,256,0.6150226708871589,0.3808136455132959,0.4684180507477259,0.6888301571845876,0.00728,0.6601,0.1
GPS_Tracker,binary,Distributive,8,16,murmur,4,1024,0.6150226708871589,0.3808136455132959,0.4684180507477259,0.6888301571845876,0.00755,0.7455,0.1
GPS_Tracker,binary,Distributive,8,16,murmur,8,16,0.6150226708871589,0.3808136455132959,0.4684180507477259,0.5,0.00737,0.6253,0.1
GPS_Tracker,binary,Distributive,8,16,murmur,8,64,0.6150226708871589,0.3808136455132959,0.4684180507477259,0.6797190151620531,0.00718,0.6245,0.1
GPS_Tracker,binary,Distributive,8,16,murmur,8,256,0.6150226708871589,0.3808136455132959,0.4684180507477259,0.6888301571845876,0.00656,0.7086,0.1
GPS_Tracker,binary,Distributive,8,16,murmur,8,1024,0.6150226708871589,0.3808136455132959,0.4684180507477259,0.6888301571845876,0.0069,0.7253,0.1
GPS_Tracker,binary,Distributive,8,16,simhash,2,16,0.6150226708871589,0.3808136455132959,0.4684180507477259,0.5968841285296982,0.02067,1.592,0.1
GPS_Tracker,binary,Distributive,8,16,simhash,2,64,0.6150226708871589,0.3808136455132959,0.4684180507477259,0.6864654333008764,0.02259,1.6167,0.1
GPS_Tracker,binary,Distributive,8,16,simhash,2,256,0.6150226708871589,0.3808136455132959,0.4684180507477259,0.6888301571845876,0.02015,1.5962,0.1
GPS_Tracker,binary,Distributive,8,16,simhash,2,1024,0.6150226708871589,0.3808136455132959,0.4684180507477259,0.6888301571845876,0.02082,1.854,0.1
GPS_Tracker,binary,Distributive,8,16,simhash,4,16,0.6150226708871589,0.3808136455132959,0.4684180507477259,0.5,0.02103,1.7816,0.1
GPS_Tracker,binary,Distributive,8,16,simhash,4,64,0.6150226708871589,0.3808136455132959,0.4684180507477259,0.6846571150368619,0.02196,1.6577,0.1
GPS_Tracker,binary,Distributive,8,16,simhash,4,256,0.6150226708871589,0.3808136455132959,0.4684180507477259,0.6839616080122409,0.02212,1.7168,0.1
GPS_Tracker,binary,Distributive,8,16,simhash,4,1024,0.6150226708871589,0.3808136455132959,0.4684180507477259,0.6888301571845876,0.02023,1.7733,0.1
GPS_Tracker,binary,Distributive,8,16,simhash,8,16,0.6150226708871589,0.3808136455132959,0.4684180507477259,0.5,0.02346,1.8518,0.1
GPS_Tracker,binary,Distributive,8,16,simhash,8,64,0.6150226708871589,0.3808136455132959,0.4684180507477259,0.5991793017109472,0.02259,2.0032,0.1
GPS_Tracker,binary,Distributive,8,16,simhash,8,256,0.6150226708871589,0.3808136455132959,0.4684180507477259,0.6888301571845876,0.02055,1.6983,0.1
GPS_Tracker,binary,Distributive,8,16,simhash,8,1024,0.6150226708871589,0.3808136455132959,0.4684180507477259,0.6888301571845876,0.02235,1.6474,0.1
GPS_Tracker,binary,Distributive,8,16,h3,2,16,0.6150226708871589,0.3808136455132959,0.4684180507477259,0.5,0.00685,0.6816,0.1
GPS_Tracker,binary,Distributive,8,16,h3,2,64,0.6150226708871589,0.3808136455132959,0.4684180507477259,0.6836138544999304,0.00646,0.5649,0.1
GPS_Tracker,binary,Distributive,8,16,h3,2,256,0.6150226708871589,0.3808136455132959,0.4684180507477259,0.6888301571845876,0.00716,0.5722,0.1
GPS_Tracker,binary,Distributive,8,16,h3,2,1024,0.6150226708871589,0.3808136455132959,0.4684180507477259,0.6888301571845876,0.00678,0.5611,0.1
GPS_Tracker,binary,Distributive,8,16,h3,4,16,0.6150226708871589,0.3808136455132959,0.4684180507477259,0.5,0.00675,0.6119,0.1
GPS_Tracker,binary,Distributive,8,16,h3,4,64,0.6150226708871589,0.3808136455132959,0.4684180507477259,0.6864654333008764,0.00762,0.6508,0.1
GPS_Tracker,binary,Distributive,8,16,h3,4,256,0.6150226708871589,0.3808136455132959,0.4684180507477259,0.6888301571845876,0.00718,0.7087,0.1
GPS_Tracker,binary,Distributive,8,16,h3,4,1024,0.6150226708871589,0.3808136455132959,0.4684180507477259,0.6888301571845876,0.00722,0.6288,0.1
GPS_Tracker,binary,Distributive,8,16,h3,8,16,0.6150226708871589,0.3808136455132959,0.4684180507477259,0.5,0.00834,0.681,0.1
GPS_Tracker,binary,Distributive,8,16,h3,8,64,0.6150226708871589,0.3808136455132959,0.4684180507477259,0.5958408679927667,0.00803,0.7801,0.1
GPS_Tracker,binary,Distributive,8,16,h3,8,256,0.6150226708871589,0.3808136455132959,0.4684180507477259,0.6888301571845876,0.01167,0.9026,0.1
GPS_Tracker,binary,Distributive,8,16,h3,8,1024,0.6150226708871589,0.3808136455132959,0.4684180507477259,0.6888301571845876,0.00857,0.7036,0.1
GPS_Tracker,binary,Distributive,16,4,murmur,2,16,0.8729574813927624,0.8595788780002747,0.8695497938878578,0.8596174093136119,0.02897,2.6589,0.1
GPS_Tracker,binary,Distributive,16,4,murmur,2,64,0.8729574813927624,0.8595788780002747,0.8695497938878578,0.896791517905442,0.02712,2.0917,0.1
GPS_Tracker,binary,Distributive,16,4,murmur,2,256,0.8729574813927624,0.8595788780002747,0.8695497938878578,0.8716186457705446,0.02284,2.0953,0.1
GPS_Tracker,binary,Distributive,16,4,murmur,2,1024,0.8729574813927624,0.8595788780002747,0.8695497938878578,0.8596174093136119,0.02261,2.4946,0.1
GPS_Tracker,binary,Distributive,16,4,murmur,4,16,0.868423303960989,0.8537278369913791,0.8643934539094036,0.8663664085562819,0.02337,2.2,0.1
GPS_Tracker,binary,Distributive,16,4,murmur,4,64,0.868423303960989,0.8537278369913791,0.8643934539094036,0.9058600330752229,0.0234,2.1849,0.1
GPS_Tracker,binary,Distributive,16,4,murmur,4,256,0.8727863803576011,0.8593733359964268,0.8693643820593625,0.8714377830327198,0.02299,2.1861,0.1
GPS_Tracker,binary,Distributive,16,4,murmur,4,1024,0.8729574813927624,0.8595788780002747,0.8695497938878578,0.8716186457705446,0.02357,2.2093,0.1
GPS_Tracker,binary,Distributive,16,4,murmur,8,16,0.8191462058345453,0.815617752094733,0.821485415735027,0.858284416005935,0.02408,2.3997,0.1
GPS_Tracker,binary,Distributive,16,4,murmur,8,64,0.8513987509624433,0.8414358569990816,0.8505792774316684,0.8585394507040077,0.02516,2.4358,0.1
GPS_Tracker,binary,Distributive,16,4,murmur,8,256,0.870733167935666,0.8573360735045332,0.8673932446171285,0.8698103275065301,0.02359,2.1976,0.1
GPS_Tracker,binary,Distributive,16,4,murmur,8,1024,0.8727863803576011,0.8593733359964268,0.8693643820593625,0.8714377830327198,0.02675,2.3308,0.1
GPS_Tracker,binary,Distributive,16,4,simhash,2,16,0.8577294892634101,0.8467101196022278,0.8561648372215382,0.8732760544659278,0.07024,5.7892,0.1
GPS_Tracker,binary,Distributive,16,4,simhash,2,64,0.8729574813927624,0.8595788780002747,0.8695497938878578,0.8716186457705446,0.07046,5.9491,0.1
GPS_Tracker,binary,Distributive,16,4,simhash,2,256,0.8682522029258277,0.8535199587484414,0.864206498967754,0.8785602231804764,0.07149,5.5179,0.1
GPS_Tracker,binary,Distributive,16,4,simhash,2,1024,0.8661989905038926,0.8541397710481552,0.8637878642098564,0.879420812661319,0.06947,5.8303,0.1
GPS_Tracker,binary,Distributive,16,4,simhash,4,16,0.8729574813927624,0.8595788780002747,0.8695497938878578,0.8716186457705446,0.07147,5.7317,0.1
GPS_Tracker,binary,Distributive,16,4,simhash,4,64,0.8696210112071178,0.8569490163277262,0.866743495842151,0.8824885550455172,0.07763,5.8529,0.1
GPS_Tracker,binary,Distributive,16,4,simhash,4,256,0.866113439986312,0.8562905978333473,0.8649337989293295,0.8709824268558446,0.07145,5.7128,0.1
GPS_Tracker,binary,Distributive,16,4,simhash,4,1024,0.8658567884335701,0.8534185609229322,0.8632412903725959,0.8793834716619526,0.07748,5.8718,0.1
GPS_Tracker,binary,Distributive,16,4,simhash,8,16,0.8729574813927624,0.8595788780002747,0.8695497938878578,0.8721388232021143,0.07945,7.9406,0.1
GPS_Tracker,binary,Distributive,16,4,simhash,8,64,0.8729574813927624,0.8595788780002747,0.8695497938878578,0.8716186457705446,0.0765,6.6643,0.1
GPS_Tracker,binary,Distributive,16,4,simhash,8,256,0.8691077081016341,0.8562570231167117,0.8661441452696319,0.8691988068190599,0.07626,6.2446,0.1
GPS_Tracker,binary,Distributive,16,4,simhash,8,1024,0.8729574813927624,0.8595788780002747,0.8695497938878578,0.8716186457705446,0.07956,6.5031,0.1
GPS_Tracker,binary,Distributive,16,4,h3,2,16,0.8650012832577637,0.8501397593948017,0.860996221678829,0.8634173351261959,0.02171,2.1963,0.1
GPS_Tracker,binary,Distributive,16,4,h3,2,64,0.8513987509624433,0.8414358569990816,0.8505792774316684,0.8589674502712478,0.02228,2.0399,0.1
GPS_Tracker,binary,Distributive,16,4,h3,2,256,0.8711609205235692,0.8577669765478368,0.8678077669996752,0.8701580810188406,0.02845,2.2278,0.1
GPS_Tracker,binary,Distributive,16,4,h3,2,1024,0.8577294892634101,0.8474084626353198,0.8565378180968115,0.8640885457720902,0.02226,2.0458,0.1
GPS_Tracker,binary,Distributive,16,4,h3,4,16,0.8633758234237318,0.8492336644375018,0.859856084972131,0.863451878641752,0.02318,2.5256,0.1
GPS_Tracker,binary,Distributive,16,4,h3,4,64,0.868423303960989,0.854845557074787,0.865058301515905,0.8809674039041128,0.02362,2.1761,0.1
GPS_Tracker,binary,Distributive,16,4,h3,4,256,0.847292326118573,0.8337334792344442,0.8446561093337319,0.8620833681086846,0.0233,2.1935,0.1
GPS_Tracker,binary,Distributive,16,4,h3,4,1024,0.8590127470271195,0.8435480684121714,0.8548635842749185,0.8854822182037372,0.02584,2.1333,0.1
GPS_Tracker,binary,Distributive,16,4,h3,8,16,0.8470356745658312,0.8335689176949912,0.8444597776124915,0.8631114202253444,0.02755,2.3421,0.1
GPS_Tracker,binary,Distributive,16,4,h3,8,64,0.8507998973393789,0.8317521956479698,0.844775147554453,0.8638792599805257,0.02783,2.3692,0.1
GPS_Tracker,binary,Distributive,16,4,h3,8,256,0.8664556420566344,0.8514776717039803,0.862327823179812,0.8919106041637688,0.02593,2.4085,0.1
GPS_Tracker,binary,Distributive,16,4,h3,8,1024,0.8710753700059886,0.8580080519203002,0.867917250547603,0.8831845875643345,0.02698,2.3134,0.1
GPS_Tracker,binary,Distributive,16,8,murmur,2,16,0.862605868765506,0.85398005809518,0.8621443681594202,0.8517699726433904,0.01609,1.4976,0.1
GPS_Tracker,binary,Distributive,16,8,murmur,2,64,0.8359996577979297,0.8253533714629095,0.8352729362428364,0.8346677331107711,0.0141,1.3257,0.1
GPS_Tracker,binary,Distributive,16,8,murmur,2,256,0.860296004790829,0.8461712861570132,0.8568944279995684,0.886500548677764,0.01555,1.3179,0.1
GPS_Tracker,binary,Distributive,16,8,murmur,2,1024,0.8715886731114724,0.8586379580009317,0.8684809407404014,0.9069002024698227,0.01439,1.3359,0.1
GPS_Tracker,binary,Distributive,16,8,murmur,4,16,0.8729574813927624,0.8600007815298605,0.8697984659874936,0.8970261974312608,0.01464,1.4049,0.1
GPS_Tracker,binary,Distributive,16,8,murmur,4,64,0.8729574813927624,0.8595788780002747,0.8695497938878578,0.8965128514242439,0.01513,1.619,0.1
GPS_Tracker,binary,Distributive,16,8,murmur,4,256,0.8399349816066387,0.826272426215175,0.8374800563090267,0.8576658784253721,0.0171,1.4886,0.1
GPS_Tracker,binary,Distributive,16,8,murmur,4,1024,0.8691077081016341,0.8562570231167117,0.8661441452696319,0.9068919491197972,0.0161,1.5841,0.1
GPS_Tracker,binary,Distributive,16,8,murmur,8,16,0.8655145863632475,0.8516709143023755,0.8620953428018672,0.839671674317244,0.02275,1.9225,0.1
GPS_Tracker,binary,Distributive,16,8,murmur,8,64,0.8614081615193772,0.8505180381711539,0.8597996678647744,0.8663392219594752,0.01623,1.4897,0.1
GPS_Tracker,binary,Distributive,16,8,murmur,8,256,0.8727863803576011,0.8593733359964268,0.8693643820593625,0.8982714950309887,0.015,1.3847,0.1
GPS_Tracker,binary,Distributive,16,8,murmur,8,1024,0.8573017366755069,0.8476016624546687,0.8564465249775015,0.8936739772182811,0.01544,1.3981,0.1
GPS_Tracker,binary,Distributive,16,8,simhash,2,16,0.8292411669090598,0.8042989397174902,0.8203712255833254,0.8076598506978253,0.04912,4.1421,0.1
GPS_Tracker,binary,Distributive,16,8,simhash,2,64,0.862605868765506,0.8534010580562776,0.8618516336783723,0.8975742260552386,0.04712,3.8992,0.1
GPS_Tracker,binary,Distributive,16,8,simhash,2,256,0.8595260501326033,0.8452969787877546,0.8560902010293056,0.8740414985858024,0.04917,3.9742,0.1
GPS_Tracker,binary,Distributive,16,8,simhash,2,1024,0.8700487637950209,0.8574581372979659,0.8672037316130439,0.8939607734038114,0.05106,3.786,0.1
GPS_Tracker,binary,Distributive,16,8,simhash,4,16,0.8597827016853452,0.8433294140072235,0.8550091633647918,0.8434347537132348,0.0534,4.1781,0.1
GPS_Tracker,binary,Distributive,16,8,simhash,4,64,0.8640602275643767,0.854184541642934,0.8629142324525196,0.8818751333055129,0.05075,4.0607,0.1
GPS_Tracker,binary,Distributive,16,8,simhash,4,256,0.8712464710411498,0.8582127015203214,0.8681020373672479,0.8953809060138174,0.04902,4.2168,0.1
GPS_Tracker,binary,Distributive,16,8,simhash,4,1024,0.858670544956797,0.8446727484088596,0.8553994725232521,0.870717485046599,0.05091,4.0378,0.1
GPS_Tracker,binary,Distributive,16,8,simhash,8,16,0.7396697750021387,0.6654370195985702,0.7016905392644248,0.727856138235885,0.05784,4.1035,0.1
GPS_Tracker,binary,Distributive,16,8,simhash,8,64,0.8729574813927624,0.8595788780002747,0.8695497938878578,0.8972745398061854,0.05574,4.1823,0.1
GPS_Tracker,binary,Distributive,16,8,simhash,8,256,0.8691077081016341,0.8562570231167117,0.8661441452696319,0.8936596343178622,0.05552,4.0673,0.1
GPS_Tracker,binary,Distributive,16,8,simhash,8,1024,0.866113439986312,0.8562905978333473,0.8649337989293295,0.8908246858626605,0.05193,4.3409,0.1
GPS_Tracker,binary,Distributive,16,8,h3,2,16,0.8618359141072803,0.8464139767683845,0.8576098702630635,0.8467832027325699,0.01396,1.2808,0.1
GPS_Tracker,binary,Distributive,16,8,h3,2,64,0.866113439986312,0.8562905978333473,0.8649337989293295,0.8719379607734038,0.01337,1.2569,0.1
GPS_Tracker,binary,Distributive,16,8,h3,2,256,0.8729574813927624,0.8595788780002747,0.8695497938878578,0.8957140075114759,0.01528,1.3019,0.1
GPS_Tracker,binary,Distributive,16,8,h3,2,1024,0.8569595346051844,0.8461602159776184,0.8555368281150174,0.8845309964297305,0.01472,1.3935,0.1
GPS_Tracker,binary,Distributive,16,8,h3,4,16,0.8140131747797075,0.7836173262229524,0.8022738970444805,0.8084344445990016,0.0228,1.4799,0.1
GPS_Tracker,binary,Distributive,16,8,h3,4,64,0.8659423389511507,0.8560931197488726,0.8647538622063369,0.8811845875643345,0.01523,1.3996,0.1
GPS_Tracker,binary,Distributive,16,8,h3,4,256,0.852168705620669,0.8333173901031161,0.8462126298453445,0.8947350118236194,0.01644,1.3877,0.1
GPS_Tracker,binary,Distributive,16,8,h3,4,1024,0.8549063221832492,0.8426768828657416,0.8527673898693556,0.8811664425588477,0.01565,1.3416,0.1
GPS_Tracker,binary,Distributive,16,8,h3,8,16,0.7168277868081102,0.625974057360726,0.6683808753582986,0.6371679108514552,0.0169,1.6627,0.1
GPS_Tracker,binary,Distributive,16,8,h3,8,64,0.8563606809821199,0.8448955982934323,0.854596544596101,0.8718484103800559,0.0308,2.2235,0.1
GPS_Tracker,binary,Distributive,16,8,h3,8,256,0.8682522029258277,0.8535199587484414,0.864206498967754,0.8925558646697888,0.01728,1.5318,0.1
GPS_Tracker,binary,Distributive,16,8,h3,8,1024,0.8700487637950209,0.8574581372979659,0.8672037316130439,0.9074747530950062,0.01736,1.6294,0.1
GPS_Tracker,binary,Distributive,16,16,murmur,2,16,0.8484900333647019,0.8302035079776071,0.8430221906590195,0.8161890697207154,0.01138,0.9734,0.1
GPS_Tracker,binary,Distributive,16,16,murmur,2,64,0.8658567884335701,0.8507484583282845,0.8616724431771989,0.8905831130894423,0.01074,1.1589,0.1
GPS_Tracker,binary,Distributive,16,16,murmur,2,256,0.8712464710411498,0.8582127015203214,0.8681020373672479,0.8845659263380782,0.01075,0.9556,0.1
GPS_Tracker,binary,Distributive,16,16,murmur,2,1024,0.8729574813927624,0.8606175566393579,0.8701581137589396,0.8860151620531368,0.0124,1.0021,0.1
GPS_Tracker,binary,Distributive,16,16,murmur,4,16,0.844725810591154,0.8253650652688915,0.8387414897734043,0.8110508183799324,0.01495,1.2078,0.1
GPS_Tracker,binary,Distributive,16,16,murmur,4,64,0.8538797159722816,0.8430611546091324,0.8525401743241887,0.8820464598692447,0.01051,0.9325,0.1
GPS_Tracker,binary,Distributive,16,16,murmur,4,256,0.8727863803576011,0.8593733359964268,0.8693643820593625,0.8982901037078252,0.01094,0.9181,0.1
GPS_Tracker,binary,Distributive,16,16,murmur,4,1024,0.8691077081016341,0.8562570231167117,0.8661441452696319,0.8933888502496098,0.01072,0.9349,0.1
GPS_Tracker,binary,Distributive,16,16,murmur,8,16,0.6731114723244076,0.5421234338942523,0.5984616993035113,0.5808057371601676,0.01093,0.9812,0.1
GPS_Tracker,binary,Distributive,16,16,murmur,8,64,0.8493455385405082,0.8377088677495925,0.8477059948284335,0.8443726062966568,0.01077,0.9494,0.1
GPS_Tracker,binary,Distributive,16,16,murmur,8,256,0.8669689451621182,0.855141759269405,0.8646637062351253,0.8923941824701319,0.0116,0.9723,0.1
GPS_Tracker,binary,Distributive,16,16,murmur,8,1024,0.8681666524082471,0.8558876053909075,0.8655647324218647,0.8945544582000278,0.01166,0.9693,0.1
GPS_Tracker,binary,Distributive,16,16,simhash,2,16,0.7910000855505176,0.7678947623255489,0.7847413496769429,0.7596261417906989,0.03636,2.9274,0.1
GPS_Tracker,binary,Distributive,16,16,simhash,2,64,0.8557618273590555,0.8402821127089304,0.8517206817372862,0.8555630979428448,0.03648,2.8973,0.1
GPS_Tracker,binary,Distributive,16,16,simhash,2,256,0.8710753700059886,0.8580080519203002,0.867917250547603,0.8948582556683824,0.03556,2.8801,0.1
GPS_Tracker,binary,Distributive,16,16,simhash,2,1024,0.8689366070664728,0.8560529447867279,0.8659597700284305,0.8821101683127001,0.03564,2.9185,0.1
GPS_Tracker,binary,Distributive,16,16,simhash,4,16,0.8256480451706733,0.8074779791791393,0.8210840241391045,0.7971618676681969,0.03632,2.9776,0.1
GPS_Tracker,binary,Distributive,16,16,simhash,4,64,0.8726152793224399,0.8602108659386242,0.8697902650164762,0.8959275899908811,0.03626,2.9192,0.1
GPS_Tracker,binary,Distributive,16,16,simhash,4,256,0.8729574813927624,0.8595788780002747,0.8695497938878578,0.9087927543623746,0.03672,3.0047,0.1
GPS_Tracker,binary,Distributive,16,16,simhash,4,1024,0.8657712379159894,0.854629898576046,0.8638879521870187,0.8803768720730747,0.03798,3.0003,0.1
GPS_Tracker,binary,Distributive,16,16,simhash,8,16,0.8419881940285738,0.8274587166227365,0.8389769255685786,0.818550331525015,0.03788,3.094,0.1
GPS_Tracker,binary,Distributive,16,16,simhash,8,64,0.8595260501326033,0.8507464211654816,0.8590739069829737,0.8666882737515649,0.03753,2.9918,0.1
GPS_Tracker,binary,Distributive,16,16,simhash,8,256,0.8614081615193772,0.8505180381711539,0.8597996678647744,0.8779458431863496,0.03738,3.0254,0.1
GPS_Tracker,binary,Distributive,16,16,simhash,8,1024,0.8683377534434084,0.8560903520518653,0.8657482002459589,0.9051345419699851,0.03829,3.0305,0.1
GPS_Tracker,binary,Distributive,16,16,h3,2,16,0.8487466849174438,0.8334447669320613,0.8450583309915288,0.8225486623081559,0.00962,0.8685,0.1
GPS_Tracker,binary,Distributive,16,16,h3,2,64,0.8712464710411498,0.8582127015203214,0.8681020373672479,0.8955632834113847,0.0095,0.8481,0.1
GPS_Tracker,binary,Distributive,16,16,h3,2,256,0.8645735306698605,0.8515516147215956,0.8616659798241041,0.8800695507024621,0.00956,0.8486,0.1
GPS_Tracker,binary,Distributive,16,16,h3,2,1024,0.8630336213534092,0.853890859551988,0.862298823465812,0.8985386006398665,0.00955,0.852,0.1
GPS_Tracker,binary,Distributive,16,16,h3,4,16,0.6975789203524682,0.6858779495114096,0.6998247183906677,0.6896780729818703,0.01051,0.9544,0.1
GPS_Tracker,binary,Distributive,16,16,h3,4,64,0.8669689451621182,0.8543868745950634,0.8642335532198627,0.9042479559821333,0.01033,0.9354,0.1
GPS_Tracker,binary,Distributive,16,16,h3,4,256,0.8685088544785696,0.8555425075262294,0.8654986774162472,0.8803156056320613,0.01047,0.9484,0.1
GPS_Tracker,binary,Distributive,16,16,h3,4,1024,0.8662845410214732,0.8524093091181582,0.8628196044831175,0.8913682323302576,0.0104,0.929,0.1
GPS_Tracker,binary,Distributive,16,16,h3,8,16,0.7237573787321413,0.6428302347890991,0.6819411424208102,0.6485784145530982,0.01245,1.1029,0.1
GPS_Tracker,binary,Distributive,16,16,h3,8,64,0.8516554025151852,0.8413509793650947,0.8506522864649917,0.8379655955858487,0.01252,1.0936,0.1
GPS_Tracker,binary,Distributive,16,16,h3,8,256,0.83334759175293,0.8172316576457753,0.8297167474798691,0.8661186071312654,0.0132,1.0824,0.1
GPS_Tracker,binary,Distributive,16,16,h3,8,1024,0.861921464624861,0.8525490122886883,0.8611009377491459,0.8893509528446237,0.01314,1.0784,0.1
GPS_Tracker,binary,Gaussian,8,4,murmur,2,16,0.8021216528359997,0.795715133081035,0.8040374188883298,0.8135887080570624,0.0124,1.1515,0.1
GPS_Tracker,binary,Gaussian,8,4,murmur,2,64,0.8021216528359997,0.795715133081035,0.8040374188883298,0.8427917961082517,0.01218,1.1339,0.1
GPS_Tracker,binary,Gaussian,8,4,murmur,2,256,0.8021216528359997,0.795715133081035,0.8040374188883298,0.813334384321726,0.01225,1.1675,0.1
GPS_Tracker,binary,Gaussian,8,4,murmur,2,1024,0.8021216528359997,0.795715133081035,0.8040374188883298,0.8428732477086907,0.01209,1.1323,0.1
GPS_Tracker,binary,Gaussian,8,4,murmur,4,16,0.7002309863974677,0.6985261895915268,0.7037414326076531,0.7441982658691519,0.01269,1.1818,0.1
GPS_Tracker,binary,Gaussian,8,4,murmur,4,64,0.8021216528359997,0.795715133081035,0.8040374188883298,0.8125574566080894,0.01251,1.1632,0.1
GPS_Tracker,binary,Gaussian,8,4,murmur,4,256,0.8021216528359997,0.795715133081035,0.8040374188883298,0.8135887080570624,0.01278,1.1654,0.1
GPS_Tracker,binary,Gaussian,8,4,murmur,4,1024,0.8021216528359997,0.795715133081035,0.8040374188883298,0.8273473362080956,0.01259,1.1454,0.1
GPS_Tracker,binary,Gaussian,8,4,murmur,8,16,0.8021216528359997,0.795715133081035,0.8040374188883298,0.8044904715537626,0.01298,1.2356,0.1
GPS_Tracker,binary,Gaussian,8,4,murmur,8,64,0.8021216528359997,0.795715133081035,0.8040374188883298,0.8291146195576574,0.01331,1.2162,0.1
GPS_Tracker,binary,Gaussian,8,4,murmur,8,256,0.7968175207460005,0.7912197042438172,0.7990841392356516,0.8235170244663915,0.01288,1.2001,0.1
GPS_Tracker,binary,Gaussian,8,4,murmur,8,1024,0.8021216528359997,0.795715133081035,0.8040374188883298,0.8273473362080956,0.01358,1.1854,0.1
GPS_Tracker,binary,Gaussian,8,4,simhash,2,16,0.8017794507656771,0.7955523226832208,0.8037605321997525,0.8129419947141466,0.03308,2.7192,0.1
GPS_Tracker,binary,Gaussian,8,4,simhash,2,64,0.8004961930019676,0.7941588260684523,0.8024675436131733,0.8122672447102827,0.03337,2.7147,0.1
GPS_Tracker,binary,Gaussian,8,4,simhash,2,256,0.795534262982291,0.7894122683171694,0.7976721999049828,0.8082333039674812,0.03396,2.7329,0.1
GPS_Tracker,binary,Gaussian,8,4,simhash,2,1024,0.8021216528359997,0.795715133081035,0.8040374188883298,0.8265095129905256,0.03598,3.0159,0.1
GPS_Tracker,binary,Gaussian,8,4,simhash,4,16,0.8017794507656771,0.7955523226832208,0.8037605321997525,0.8282296100523949,0.03661,2.8583,0.1
GPS_Tracker,binary,Gaussian,8,4,simhash,4,64,0.8021216528359997,0.795715133081035,0.8040374188883298,0.812816339778365,0.03564,2.9285,0.1
GPS_Tracker,binary,Gaussian,8,4,simhash,4,256,0.8021216528359997,0.795715133081035,0.8040374188883298,0.827281881269223,0.03631,2.9083,0.1
GPS_Tracker,binary,Gaussian,8,4,simhash,4,1024,0.8021216528359997,0.795715133081035,0.8040374188883298,0.8291800744965301,0.03637,2.8404,0.1
GPS_Tracker,binary,Gaussian,8,4,simhash,8,16,0.8021216528359997,0.795715133081035,0.8040374188883298,0.8135887080570624,0.03908,3.0663,0.1
GPS_Tracker,binary,Gaussian,8,4,simhash,8,64,0.8021216528359997,0.795715133081035,0.8040374188883298,0.813334384321726,0.03882,3.03,0.1
GPS_Tracker,binary,Gaussian,8,4,simhash,8,256,0.8021216528359997,0.795715133081035,0.8040374188883298,0.8125574566080894,0.03868,3.0948,0.1
GPS_Tracker,binary,Gaussian,8,4,simhash,8,1024,0.8021216528359997,0.795715133081035,0.8040374188883298,0.8284077062178328,0.04018,3.0839,0.1
GPS_Tracker,binary,Gaussian,8,4,h3,2,16,0.8021216528359997,0.795715133081035,0.8040374188883298,0.827281881269223,0.01223,1.1139,0.1
GPS_Tracker,binary,Gaussian,8,4,h3,2,64,0.8021216528359997,0.795715133081035,0.8040374188883298,0.827281881269223,0.01266,1.1071,0.1
GPS_Tracker,binary,Gaussian,8,4,h3,2,256,0.7947643083240654,0.7892546210196929,0.7970935359199349,0.8085918301108175,0.01209,1.1144,0.1
GPS_Tracker,binary,Gaussian,8,4,h3,2,1024,0.8021216528359997,0.795715133081035,0.8040374188883298,0.8291146195576574,0.01259,1.0952,0.1
GPS_Tracker,binary,Gaussian,8,4,h3,4,16,0.8021216528359997,0.795715133081035,0.8040374188883298,0.8039275590794578,0.0127,1.1751,0.1
GPS_Tracker,binary,Gaussian,8,4,h3,4,64,0.8021216528359997,0.795715133081035,0.8040374188883298,0.8421008794299933,0.01314,1.1808,0.1
GPS_Tracker,binary,Gaussian,8,4,h3,4,256,0.795534262982291,0.7894122683171694,0.7976721999049828,0.8085474876740699,0.01598,1.1593,0.1
GPS_Tracker,binary,Gaussian,8,4,h3,4,1024,0.8021216528359997,0.795715133081035,0.8040374188883298,0.8135887080570624,0.01302,1.1754,0.1
GPS_Tracker,binary,Gaussian,8,4,h3,8,16,0.8021216528359997,0.795715133081035,0.8040374188883298,0.8117856756464351,0.01513,1.2767,0.1
GPS_Tracker,binary,Gaussian,8,4,h3,8,64,0.795534262982291,0.7894122683171694,0.7976721999049828,0.8085474876740699,0.0148,1.2699,0.1
GPS_Tracker,binary,Gaussian,8,4,h3,8,256,0.7902301308922919,0.7849180138713014,0.7926938890315862,0.8053384028067573,0.01465,1.277,0.1
GPS_Tracker,binary,Gaussian,8,4,h3,8,1024,0.795534262982291,0.7894122683171694,0.7976721999049828,0.8082333039674812,0.01459,1.2896,0.1
GPS_Tracker,binary,Gaussian,8,8,murmur,2,16,0.8021216528359997,0.795715133081035,0.8040374188883298,0.8265749679293982,0.00888,0.8032,0.1
GPS_Tracker,binary,Gaussian,8,8,murmur,2,64,0.7947643083240654,0.7892546210196929,0.7970935359199349,0.8002078793218034,0.00912,0.8287,0.1
GPS_Tracker,binary,Gaussian,8,8,murmur,2,256,0.8021216528359997,0.795715133081035,0.8040374188883298,0.8138430317923988,0.00995,0.8375,0.1
GPS_Tracker,binary,Gaussian,8,8,murmur,2,1024,0.8021216528359997,0.795715133081035,0.8040374188883298,0.8141516205313672,0.00901,0.8828,0.1
GPS_Tracker,binary,Gaussian,8,8,murmur,4,16,0.8000684404140646,0.7937493905562925,0.8020543392696596,0.8119194911979721,0.00913,0.8187,0.1
GPS_Tracker,binary,Gaussian,8,8,murmur,4,64,0.8021216528359997,0.795715133081035,0.8040374188883298,0.8266875627888286,0.01048,1.2253,0.1
GPS_Tracker,binary,Gaussian,8,8,murmur,4,256,0.8021216528359997,0.795715133081035,0.8040374188883298,0.8288218111002921,0.00878,0.8053,0.1
GPS_Tracker,binary,Gaussian,8,8,murmur,4,1024,0.8021216528359997,0.795715133081035,0.8040374188883298,0.8428732477086907,0.00861,0.8037,0.1
GPS_Tracker,binary,Gaussian,8,8,murmur,8,16,0.7022841988194028,0.7004967967559246,0.7058194148607896,0.7227618893061929,0.00894,0.8099,0.1
GPS_Tracker,binary,Gaussian,8,8,murmur,8,64,0.8021216528359997,0.795715133081035,0.8040374188883298,0.8333505819075439,0.01032,0.8305,0.1
GPS_Tracker,binary,Gaussian,8,8,murmur,8,256,0.7968175207460005,0.7912197042438172,0.7990841392356516,0.8106938068963385,0.00915,0.8446,0.1
GPS_Tracker,binary,Gaussian,8,8,murmur,8,1024,0.7968175207460005,0.7912197042438172,0.7990841392356516,0.8258145932829477,0.00897,0.8274,0.1
GPS_Tracker,binary,Gaussian,8,8,simhash,2,16,0.8021216528359997,0.795715133081035,0.8040374188883298,0.8428732477086907,0.02328,1.8622,0.1
GPS_Tracker,binary,Gaussian,8,8,simhash,2,64,0.8021216528359997,0.795715133081035,0.8040374188883298,0.8275960649758117,0.02336,1.8383,0.1
GPS_Tracker,binary,Gaussian,8,8,simhash,2,256,0.8021216528359997,0.795715133081035,0.8040374188883298,0.8196731735212748,0.02285,1.9408,0.1
GPS_Tracker,binary,Gaussian,8,8,simhash,2,1024,0.8021216528359997,0.795715133081035,0.8040374188883298,0.827520440178668,0.02553,1.9159,0.1
GPS_Tracker,binary,Gaussian,8,8,simhash,4,16,0.7995551373085807,0.7934225007028959,0.8016105145225019,0.831353564859894,0.02362,1.8892,0.1
GPS_Tracker,binary,Gaussian,8,8,simhash,4,64,0.8021216528359997,0.795715133081035,0.8040374188883298,0.8292772909228605,0.02588,1.9344,0.1
GPS_Tracker,binary,Gaussian,8,8,simhash,4,256,0.8004961930019676,0.7941588260684523,0.8024675436131733,0.811809060138174,0.02338,1.8911,0.1
GPS_Tracker,binary,Gaussian,8,8,simhash,4,1024,0.7968175207460005,0.7912197042438172,0.7990841392356516,0.8015687547333117,0.02399,1.9003,0.1
GPS_Tracker,binary,Gaussian,8,8,simhash,8,16,0.8021216528359997,0.795715133081035,0.8040374188883298,0.8173720035239022,0.02416,1.9488,0.1
GPS_Tracker,binary,Gaussian,8,8,simhash,8,64,0.7968175207460005,0.7912197042438172,0.7990841392356516,0.8383533484799307,0.024,1.9573,0.1
GPS_Tracker,binary,Gaussian,8,8,simhash,8,256,0.8021216528359997,0.795715133081035,0.8040374188883298,0.8421868904653714,0.02491,1.9767,0.1
GPS_Tracker,binary,Gaussian,8,8,simhash,8,1024,0.8021216528359997,0.795715133081035,0.8040374188883298,0.8130752229486407,0.02503,1.9925,0.1
GPS_Tracker,binary,Gaussian,8,8,h3,2,16,0.7949354093592266,0.7892614465738852,0.7972162359011966,0.8149165855241806,0.00799,0.7565,0.1
GPS_Tracker,binary,Gaussian,8,8,h3,2,64,0.7968175207460005,0.7912197042438172,0.7990841392356516,0.8293656203149874,0.00831,0.7344,0.1
GPS_Tracker,binary,Gaussian,8,8,h3,2,256,0.8021216528359997,0.795715133081035,0.8040374188883298,0.8138374368247785,0.008,0.7351,0.1
GPS_Tracker,binary,Gaussian,8,8,h3,2,1024,0.8021216528359997,0.795715133081035,0.8040374188883298,0.8294288032642463,0.00794,0.7388,0.1
GPS_Tracker,binary,Gaussian,8,8,h3,4,16,0.8021216528359997,0.795715133081035,0.8040374188883298,0.8291146195576574,0.00855,0.8064,0.1
GPS_Tracker,binary,Gaussian,8,8,h3,4,64,0.8021216528359997,0.795715133081035,0.8040374188883298,0.8294288032642463,0.00847,0.7991,0.1
GPS_Tracker,binary,Gaussian,8,8,h3,4,256,0.7968175207460005,0.7912197042438172,0.7990841392356516,0.8238609140507874,0.00906,0.7773,0.1
GPS_Tracker,binary,Gaussian,8,8,h3,4,1024,0.7968175207460005,0.7912197042438172,0.7990841392356516,0.8239238960757947,0.00899,0.7889,0.1
GPS_Tracker,binary,Gaussian,8,8,h3,8,16,0.7999828898964839,0.7936675093047454,0.8019716943468895,0.8021887915179055,0.00976,0.866,0.1
GPS_Tracker,binary,Gaussian,8,8,h3,8,64,0.8021216528359997,0.795715133081035,0.8040374188883298,0.8265749679293982,0.00991,0.8613,0.1
GPS_Tracker,binary,Gaussian,8,8,h3,8,256,0.8021216528359997,0.795715133081035,0.8040374188883298,0.8429546993091296,0.01009,0.8574,0.1
GPS_Tracker,binary,Gaussian,8,8,h3,8,1024,0.8021216528359997,0.795715133081035,0.8040374188883298,0.8421868904653714,0.00981,0.8583,0.1
GPS_Tracker,binary,Gaussian,8,16,murmur,2,16,0.6150226708871589,0.3808136455132959,0.4684180507477259,0.716302684657115,0.00647,0.5904,0.1
GPS_Tracker,binary,Gaussian,8,16,murmur,2,64,0.6150226708871589,0.3808136455132959,0.4684180507477259,0.7669355960495201,0.00658,0.588,0.1
GPS_Tracker,binary,Gaussian,8,16,murmur,2,256,0.6150226708871589,0.3808136455132959,0.4684180507477259,0.7669355960495201,0.0067,0.5882,0.1
GPS_Tracker,binary,Gaussian,8,16,murmur,2,1024,0.6150226708871589,0.3808136455132959,0.4684180507477259,0.7669355960495201,0.00654,0.589,0.1
GPS_Tracker,binary,Gaussian,8,16,murmur,4,16,0.6150226708871589,0.3808136455132959,0.4684180507477259,0.5,0.00664,0.5966,0.1
GPS_Tracker,binary,Gaussian,8,16,murmur,4,64,0.6150226708871589,0.3808136455132959,0.4684180507477259,0.7669355960495201,0.00652,0.6007,0.1
GPS_Tracker,binary,Gaussian,8,16,murmur,4,256,0.6150226708871589,0.3808136455132959,0.4684180507477259,0.7669355960495201,0.00646,0.5948,0.1
GPS_Tracker,binary,Gaussian,8,16,murmur,4,1024,0.6150226708871589,0.3808136455132959,0.4684180507477259,0.7669355960495201,0.00655,0.5962,0.1
GPS_Tracker,binary,Gaussian,8,16,murmur,8,16,0.6150226708871589,0.3808136455132959,0.4684180507477259,0.5,0.00712,0.6168,0.1
GPS_Tracker,binary,Gaussian,8,16,murmur,8,64,0.6150226708871589,0.3808136455132959,0.4684180507477259,0.7669355960495201,0.00683,0.6121,0.1
GPS_Tracker,binary,Gaussian,8,16,murmur,8,256,0.6150226708871589,0.3808136455132959,0.4684180507477259,0.7669355960495201,0.00697,0.6072,0.1
GPS_Tracker,binary,Gaussian,8,16,murmur,8,1024,0.6150226708871589,0.3808136455132959,0.4684180507477259,0.7669355960495201,0.00699,0.6048,0.1
GPS_Tracker,binary,Gaussian,8,16,simhash,2,16,0.6150226708871589,0.3808136455132959,0.4684180507477259,0.76394491584365,0.01888,1.4846,0.1
GPS_Tracker,binary,Gaussian,8,16,simhash,2,64,0.6150226708871589,0.3808136455132959,0.4684180507477259,0.7669355960495201,0.0201,1.5073,0.1
GPS_Tracker,binary,Gaussian,8,16,simhash,2,256,0.6150226708871589,0.3808136455132959,0.4684180507477259,0.7669355960495201,0.01928,1.5139,0.1
GPS_Tracker,binary,Gaussian,8,16,simhash,2,1024,0.6150226708871589,0.3808136455132959,0.4684180507477259,0.7669355960495201,0.01936,1.4903,0.1
GPS_Tracker,binary,Gaussian,8,16,simhash,4,16,0.6150226708871589,0.3808136455132959,0.4684180507477259,0.7180414522186674,0.01987,1.5482,0.1
GPS_Tracker,binary,Gaussian,8,16,simhash,4,64,0.6150226708871589,0.3808136455132959,0.4684180507477259,0.7197106690777577,0.01928,1.5156,0.1
GPS_Tracker,binary,Gaussian,8,16,simhash,4,256,0.6150226708871589,0.3808136455132959,0.4684180507477259,0.7669355960495201,0.01969,1.4997,0.1
GPS_Tracker,binary,Gaussian,8,16,simhash,4,1024,0.6150226708871589,0.3808136455132959,0.4684180507477259,0.7669355960495201,0.0193,1.5228,0.1
GPS_Tracker,binary,Gaussian,8,16,simhash,8,16,0.6150226708871589,0.3808136455132959,0.4684180507477259,0.5893726526637919,0.01972,1.533,0.1
GPS_Tracker,binary,Gaussian,8,16,simhash,8,64,0.6150226708871589,0.3808136455132959,0.4684180507477259,0.7669355960495201,0.02012,1.5356,0.1
GPS_Tracker,binary,Gaussian,8,16,simhash,8,256,0.6150226708871589,0.3808136455132959,0.4684180507477259,0.7669355960495201,0.02014,1.5514,0.1
GPS_Tracker,binary,Gaussian,8,16,simhash,8,1024,0.6150226708871589,0.3808136455132959,0.4684180507477259,0.7669355960495201,0.02006,1.5614,0.1
GPS_Tracker,binary,Gaussian,8,16,h3,2,16,0.6150226708871589,0.3808136455132959,0.4684180507477259,0.6765892335512589,0.00655,0.5569,0.1
GPS_Tracker,binary,Gaussian,8,16,h3,2,64,0.6150226708871589,0.3808136455132959,0.4684180507477259,0.7669355960495201,0.00613,0.5547,0.1
GPS_Tracker,binary,Gaussian,8,16,h3,2,256,0.6150226708871589,0.3808136455132959,0.4684180507477259,0.7669355960495201,0.00636,0.549,0.1
GPS_Tracker,binary,Gaussian,8,16,h3,2,1024,0.6150226708871589,0.3808136455132959,0.4684180507477259,0.7669355960495201,0.00653,0.5793,0.1
GPS_Tracker,binary,Gaussian,8,16,h3,4,16,0.6150226708871589,0.3808136455132959,0.4684180507477259,0.6350674641813883,0.00647,0.5958,0.1
GPS_Tracker,binary,Gaussian,8,16,h3,4,64,0.6150226708871589,0.3808136455132959,0.4684180507477259,0.7669355960495201,0.00675,0.5907,0.1
GPS_Tracker,binary,Gaussian,8,16,h3,4,256,0.6150226708871589,0.3808136455132959,0.4684180507477259,0.7669355960495201,0.0067,0.5827,0.1
GPS_Tracker,binary,Gaussian,8,16,h3,4,1024,0.6150226708871589,0.3808136455132959,0.4684180507477259,0.7669355960495201,0.00662,0.5924,0.1
GPS_Tracker,binary,Gaussian,8,16,h3,8,16,0.6150226708871589,0.3808136455132959,0.4684180507477259,0.5957713172903046,0.00771,0.6651,0.1
GPS_Tracker,binary,Gaussian,8,16,h3,8,64,0.6150226708871589,0.3808136455132959,0.4684180507477259,0.7669355960495201,0.00837,0.6735,0.1
GPS_Tracker,binary,Gaussian,8,16,h3,8,256,0.6150226708871589,0.3808136455132959,0.4684180507477259,0.7669355960495201,0.00816,0.663,0.1
GPS_Tracker,binary,Gaussian,8,16,h3,8,1024,0.6150226708871589,0.3808136455132959,0.4684180507477259,0.7669355960495201,0.0079,0.6767,0.1
GPS_Tracker,binary,Gaussian,16,4,murmur,2,16,0.8345452989990589,0.8269101065852442,0.8352730525733288,0.8530872784037341,0.02193,2.0021,0.1
GPS_Tracker,binary,Gaussian,16,4,murmur,2,64,0.8317221319188981,0.8245204282956138,0.8326983763712098,0.8427017665878425,0.02241,1.9958,0.1
GPS_Tracker,binary,Gaussian,16,4,murmur,2,256,0.8395927795363162,0.8318129819063824,0.840134332672847,0.8484281541243566,0.02202,2.0033,0.1
GPS_Tracker,binary,Gaussian,16,4,murmur,2,1024,0.8395927795363162,0.8318129819063824,0.840134332672847,0.8484281541243566,0.02177,2.0199,0.1
GPS_Tracker,binary,Gaussian,16,4,murmur,4,16,0.8395927795363162,0.8318129819063824,0.840134332672847,0.8346750282066737,0.02205,2.0464,0.1
GPS_Tracker,binary,Gaussian,16,4,murmur,4,64,0.8288989648387373,0.8212829842136411,0.8297700840482385,0.8394355264988176,0.02169,2.0725,0.1
GPS_Tracker,binary,Gaussian,16,4,murmur,4,256,0.8328342886474464,0.8257116470492645,0.8338169298497345,0.8533789585941486,0.0224,2.0365,0.1
GPS_Tracker,binary,Gaussian,16,4,murmur,4,1024,0.8249636410300283,0.818432098748936,0.826354208443955,0.845997836200368,0.02242,2.2251,0.1
GPS_Tracker,binary,Gaussian,16,4,murmur,8,16,0.8356574557276072,0.8279892975498855,0.8363441100863092,0.8452288218111003,0.02265,2.1129,0.1
GPS_Tracker,binary,Gaussian,16,4,murmur,8,64,0.8344597484814783,0.8268531215299713,0.835201782702462,0.8443049102795939,0.02298,2.1458,0.1
GPS_Tracker,binary,Gaussian,16,4,murmur,8,256,0.8328342886474464,0.8257116470492645,0.8338169298497345,0.8497179023508138,0.02337,2.1039,0.1
GPS_Tracker,binary,Gaussian,16,4,murmur,8,1024,0.8406193857472838,0.8331195211252298,0.8412579940746662,0.8560265220012055,0.02355,2.1138,0.1
GPS_Tracker,binary,Gaussian,16,4,simhash,2,16,0.8396783300538968,0.8322673935666205,0.8403781010205424,0.85449846215669,0.06671,5.4656,0.1
GPS_Tracker,binary,Gaussian,16,4,simhash,2,64,0.8395927795363162,0.8318129819063824,0.840134332672847,0.8717600964436407,0.06528,5.2657,0.1
GPS_Tracker,binary,Gaussian,16,4,simhash,2,256,0.8395927795363162,0.8318129819063824,0.840134332672847,0.8717600964436407,0.06628,5.2949,0.1
GPS_Tracker,binary,Gaussian,16,4,simhash,2,1024,0.8105911540764822,0.8063942872224676,0.8129517392680488,0.83714652014652,0.06599,5.2425,0.1
GPS_Tracker,binary,Gaussian,16,4,simhash,4,16,0.8395927795363162,0.8318129819063824,0.840134332672847,0.8484281541243566,0.06982,5.4309,0.1
GPS_Tracker,binary,Gaussian,16,4,simhash,4,64,0.817349644965352,0.8125416754811563,0.8194479948951534,0.8351007094171652,0.06979,5.4519,0.1
GPS_Tracker,binary,Gaussian,16,4,simhash,4,256,0.8328342886474464,0.8257116470492645,0.8338169298497345,0.8528002349268173,0.07023,5.5011,0.1
GPS_Tracker,binary,Gaussian,16,4,simhash,4,1024,0.8343741979638977,0.8265738698821832,0.8350349760587584,0.8666303148328464,0.06976,5.4641,0.1
GPS_Tracker,binary,Gaussian,16,4,simhash,8,16,0.8395927795363162,0.8318129819063824,0.840134332672847,0.8577556761101065,0.07292,5.6989,0.1
GPS_Tracker,binary,Gaussian,16,4,simhash,8,64,0.8328342886474464,0.8257116470492645,0.8338169298497345,0.8603865473485728,0.07389,5.7671,0.1
GPS_Tracker,binary,Gaussian,16,4,simhash,8,256,0.8395927795363162,0.8318129819063824,0.840134332672847,0.8557193860991329,0.07593,6.4664,0.1
GPS_Tracker,binary,Gaussian,16,4,simhash,8,1024,0.8327487381298657,0.8258159029337946,0.8338100683892986,0.8584712755598831,0.07418,5.738,0.1
GPS_Tracker,binary,Gaussian,16,4,h3,2,16,0.8328342886474464,0.8257116470492645,0.8338169298497345,0.8438300180831827,0.02083,1.9653,0.1
GPS_Tracker,binary,Gaussian,16,4,h3,2,64,0.8395927795363162,0.8318129819063824,0.840134332672847,0.8446051838456902,0.02122,1.9489,0.1
GPS_Tracker,binary,Gaussian,16,4,h3,2,256,0.8355719052100266,0.827389359894015,0.8360348861630739,0.8441882042008624,0.02235,1.9515,0.1
GPS_Tracker,binary,Gaussian,16,4,h3,2,1024,0.8395927795363162,0.8318129819063824,0.840134332672847,0.8648104356965116,0.02127,1.9263,0.1
GPS_Tracker,binary,Gaussian,16,4,h3,4,16,0.8395927795363162,0.8318129819063824,0.840134332672847,0.8446051838456902,0.02289,2.0701,0.1
GPS_Tracker,binary,Gaussian,16,4,h3,4,64,0.8406193857472838,0.8331195211252298,0.8412579940746662,0.8586691704919553,0.0222,2.0252,0.1
GPS_Tracker,binary,Gaussian,16,4,h3,4,256,0.8317221319188981,0.8245204282956138,0.8326983763712098,0.8404630376655693,0.02273,2.0469,0.1
GPS_Tracker,binary,Gaussian,16,4,h3,4,1024,0.8037471126700316,0.8002850648199595,0.8063340879965963,0.8304784160986692,0.02242,2.0754,0.1
GPS_Tracker,binary,Gaussian,16,4,h3,8,16,0.8383950722901874,0.830648410842722,0.8389807198956157,0.8474544442898874,0.02502,2.2669,0.1
GPS_Tracker,binary,Gaussian,16,4,h3,8,64,0.8395927795363162,0.8318129819063824,0.840134332672847,0.8484281541243566,0.02497,2.273,0.1
GPS_Tracker,binary,Gaussian,16,4,h3,8,256,0.8302677731200274,0.8229846208427563,0.8312445940496656,0.8582133970108654,0.0251,2.2362,0.1
GPS_Tracker,binary,Gaussian,16,4,h3,8,1024,0.8390794764308324,0.8314815278514427,0.8397131490158178,0.8492659618862151,0.02525,2.2619,0.1
GPS_Tracker,binary,Gaussian,16,8,murmur,2,16,0.8311232782958337,0.8236193145074369,0.8319885217355575,0.8377391384986322,0.01412,1.3145,0.1
GPS_Tracker,binary,Gaussian,16,8,murmur,2,64,0.8395927795363162,0.8318129819063824,0.840134332672847,0.8717600964436407,0.01443,1.307,0.1
GPS_Tracker,binary,Gaussian,16,8,murmur,2,256,0.8395927795363162,0.8318129819063824,0.840134332672847,0.8449073430086088,0.01408,1.2798,0.1
GPS_Tracker,binary,Gaussian,16,8,murmur,2,1024,0.8395927795363162,0.8318129819063824,0.840134332672847,0.8717600964436407,0.01617,1.3156,0.1
GPS_Tracker,binary,Gaussian,16,8,murmur,4,16,0.8313799298485756,0.8242900679003662,0.8324095903785328,0.8426227569898457,0.01418,1.3476,0.1
GPS_Tracker,binary,Gaussian,16,8,murmur,4,64,0.8395927795363162,0.8318129819063824,0.840134332672847,0.8644425897590454,0.01455,1.2846,0.1
GPS_Tracker,binary,Gaussian,16,8,murmur,4,256,0.8367696124561553,0.8285525441052659,0.8371870485193111,0.8649339577440843,0.01429,1.2976,0.1
GPS_Tracker,binary,Gaussian,16,8,murmur,4,1024,0.8406193857472838,0.8331195211252298,0.8412579940746662,0.8658183644765923,0.0145,1.3003,0.1
GPS_Tracker,binary,Gaussian,16,8,murmur,8,16,0.8395927795363162,0.8318129819063824,0.840134332672847,0.8342660855319083,0.01442,1.3777,0.1
GPS_Tracker,binary,Gaussian,16,8,murmur,8,64,0.8395927795363162,0.8318129819063824,0.840134332672847,0.8438694919707578,0.01493,1.3496,0.1
GPS_Tracker,binary,Gaussian,16,8,murmur,8,256,0.8369407134913166,0.8299684914981933,0.8378891948946904,0.8625644735011824,0.01455,1.3224,0.1
GPS_Tracker,binary,Gaussian,16,8,murmur,8,1024,0.8395927795363162,0.8318129819063824,0.840134332672847,0.8574929290119163,0.01571,1.4007,0.1
GPS_Tracker,binary,Gaussian,16,8,simhash,2,16,0.8312943793309949,0.8245547328275185,0.8324652127261865,0.8539057356145965,0.05092,3.6311,0.1
GPS_Tracker,binary,Gaussian,16,8,simhash,2,64,0.8395927795363162,0.8318129819063824,0.840134332672847,0.8717600964436407,0.04376,3.544,0.1
GPS_Tracker,binary,Gaussian,16,8,simhash,2,256,0.8395927795363162,0.8318129819063824,0.840134332672847,0.8487697253520038,0.04416,3.5455,0.1
GPS_Tracker,binary,Gaussian,16,8,simhash,2,1024,0.8389083753956711,0.8320384816652546,0.8398528404812825,0.8707095871779416,0.04393,3.5499,0.1
GPS_Tracker,binary,Gaussian,16,8,simhash,4,16,0.8387372743605099,0.8312510568461393,0.8394275145618755,0.8532397026321077,0.04509,3.7686,0.1
GPS_Tracker,binary,Gaussian,16,8,simhash,4,64,0.8328342886474464,0.8257116470492645,0.8338169298497345,0.8661737840218854,0.0459,3.6403,0.1
GPS_Tracker,binary,Gaussian,16,8,simhash,4,256,0.8313799298485756,0.8241381331042024,0.832347741639455,0.8429502789755954,0.04481,3.5803,0.1
GPS_Tracker,binary,Gaussian,16,8,simhash,4,1024,0.8401060826418,0.8327839754525466,0.8408335037566768,0.8587259238651643,0.04608,3.5959,0.1
GPS_Tracker,binary,Gaussian,16,8,simhash,8,16,0.8395927795363162,0.8318129819063824,0.840134332672847,0.8342660855319083,0.04667,4.2441,0.1
GPS_Tracker,binary,Gaussian,16,8,simhash,8,64,0.8406193857472838,0.8331195211252298,0.8412579940746662,0.8666609480533531,0.04931,3.928,0.1
GPS_Tracker,binary,Gaussian,16,8,simhash,8,256,0.8383950722901874,0.830648410842722,0.8389807198956157,0.8647826154155268,0.04938,3.8062,0.1
GPS_Tracker,binary,Gaussian,16,8,simhash,8,1024,0.8406193857472838,0.8331195211252298,0.8412579940746662,0.8722015733914468,0.04797,3.8695,0.1
GPS_Tracker,binary,Gaussian,16,8,h3,2,16,0.8176062965180939,0.8130183217066966,0.8197562049769573,0.8431328109302793,0.0136,1.216,0.1
GPS_Tracker,binary,Gaussian,16,8,h3,2,64,0.8395927795363162,0.8318129819063824,0.840134332672847,0.8651520069241587,0.01397,1.252,0.1
GPS_Tracker,binary,Gaussian,16,8,h3,2,256,0.8395927795363162,0.8318129819063824,0.840134332672847,0.8672014342900418,0.01372,1.2233,0.1
GPS_Tracker,binary,Gaussian,16,8,h3,2,1024,0.8406193857472838,0.8331195211252298,0.8412579940746662,0.8581840466144264,0.0137,1.2214,0.1
GPS_Tracker,binary,Gaussian,16,8,h3,4,16,0.8288989648387373,0.8212829842136411,0.8297700840482385,0.8250735228203583,0.01503,1.3689,0.1
GPS_Tracker,binary,Gaussian,16,8,h3,4,64,0.8395927795363162,0.8318129819063824,0.840134332672847,0.8634967002055609,0.01409,1.2785,0.1
GPS_Tracker,binary,Gaussian,16,8,h3,4,256,0.8288989648387373,0.8212829842136411,0.8297700840482385,0.8624840110662896,0.01564,1.3185,0.1
GPS_Tracker,binary,Gaussian,16,8,h3,4,1024,0.8299255710497049,0.8225891574965931,0.8308885331988722,0.8494677671133366,0.01475,1.3003,0.1
GPS_Tracker,binary,Gaussian,16,8,h3,8,16,0.6815809735648901,0.6275244018347668,0.6601671418712144,0.645531521923927,0.01736,1.4754,0.1
GPS_Tracker,binary,Gaussian,16,8,h3,8,64,0.70596287107537,0.6615096214666858,0.6897284099930673,0.7673093151574164,0.017,1.4624,0.1
GPS_Tracker,binary,Gaussian,16,8,h3,8,256,0.8392505774659936,0.8325036402129338,0.8402370222561895,0.8510107108081792,0.01732,1.4797,0.1
GPS_Tracker,binary,Gaussian,16,8,h3,8,1024,0.8327487381298657,0.8258159029337946,0.8338100683892986,0.8666710870002009,0.01715,1.4654,0.1
GPS_Tracker,binary,Gaussian,16,16,murmur,2,16,0.8387372743605099,0.8312510568461393,0.8394275145618755,0.8443604426515818,0.01074,0.9207,0.1
GPS_Tracker,binary,Gaussian,16,16,murmur,2,64,0.829668919496963,0.8224561597842754,0.8306883800166255,0.8442272916956461,0.01041,0.9179,0.1
GPS_Tracker,binary,Gaussian,16,16,murmur,2,256,0.8406193857472838,0.8331195211252298,0.8412579940746662,0.8544945518616405,0.01091,0.9287,0.1
GPS_Tracker,binary,Gaussian,16,16,murmur,2,1024,0.8336897938232526,0.8275302338374887,0.8350282224303901,0.8598380859646683,0.0104,0.9211,0.1
GPS_Tracker,binary,Gaussian,16,16,murmur,4,16,0.8117033108050303,0.7998729142873002,0.8110664175371864,0.7980023029010371,0.01066,0.953,0.1
GPS_Tracker,binary,Gaussian,16,16,murmur,4,64,0.8406193857472838,0.8331195211252298,0.8412579940746662,0.8414600392575076,0.01113,0.9365,0.1
GPS_Tracker,binary,Gaussian,16,16,murmur,4,256,0.8317221319188981,0.8245204282956138,0.8326983763712098,0.847319144990031,0.01046,0.9338,0.1
GPS_Tracker,binary,Gaussian,16,16,murmur,4,1024,0.8397638805714774,0.8325509879768404,0.8405458223490493,0.8717844391895024,0.01082,0.938,0.1
GPS_Tracker,binary,Gaussian,16,16,murmur,8,16,0.677645649756181,0.6376608086450917,0.665350542806235,0.6348215792646172,0.01067,0.9478,0.1
GPS_Tracker,binary,Gaussian,16,16,murmur,8,64,0.8367696124561553,0.8285525441052659,0.8371870485193111,0.8630103398710993,0.01086,0.9417,0.1
GPS_Tracker,binary,Gaussian,16,16,murmur,8,256,0.8327487381298657,0.8258159029337946,0.8338100683892986,0.8620278202809848,0.0109,0.9512,0.1
GPS_Tracker,binary,Gaussian,16,16,murmur,8,1024,0.831037727778253,0.8237812343383053,0.8320075036722089,0.8651230429205112,0.01092,0.9519,0.1
GPS_Tracker,binary,Gaussian,16,16,simhash,2,16,0.8317221319188981,0.8241733248825539,0.8325543084171242,0.8278674209053957,0.03549,2.8776,0.1
GPS_Tracker,binary,Gaussian,16,16,simhash,2,64,0.8397638805714774,0.8325509879768404,0.8405458223490493,0.8597158467411631,0.0348,2.815,0.1
GPS_Tracker,binary,Gaussian,16,16,simhash,2,256,0.837796218667123,0.8298701026732809,0.8383177150028255,0.8667147339299238,0.03586,2.8301,0.1
GPS_Tracker,binary,Gaussian,16,16,simhash,2,1024,0.8327487381298657,0.8258159029337946,0.8338100683892986,0.8529388726603916,0.03549,2.8561,0.1
GPS_Tracker,binary,Gaussian,16,16,simhash,4,16,0.8153819830609975,0.8037218890858036,0.8147271515285192,0.8017410704625895,0.03561,2.8901,0.1
GPS_Tracker,binary,Gaussian,16,16,simhash,4,64,0.8385661733253487,0.8318025420245949,0.8395616736661166,0.8652067510548522,0.03575,2.8747,0.1
GPS_Tracker,binary,Gaussian,16,16,simhash,4,256,0.8336897938232526,0.8275302338374887,0.8350282224303901,0.8547922288681782,0.03597,2.8994,0.1
GPS_Tracker,binary,Gaussian,16,16,simhash,4,1024,0.8406193857472838,0.8331195211252298,0.8412579940746662,0.857673389901238,0.03641,2.9189,0.1
GPS_Tracker,binary,Gaussian,16,16,simhash,8,16,0.6150226708871589,0.3808136455132959,0.4684180507477259,0.5,0.03681,2.9846,0.1
GPS_Tracker,binary,Gaussian,16,16,simhash,8,64,0.8359141072803491,0.8280022830020317,0.8364884798446305,0.8436343178621659,0.03727,2.9934,0.1
GPS_Tracker,binary,Gaussian,16,16,simhash,8,256,0.8395927795363162,0.8318129819063824,0.840134332672847,0.8577556761101065,0.0366,2.9625,0.1
GPS_Tracker,binary,Gaussian,16,16,simhash,8,1024,0.8390794764308324,0.8314815278514427,0.8397131490158178,0.8713096397273613,0.03743,3.0427,0.1
GPS_Tracker,binary,Gaussian,16,16,h3,2,16,0.8085379416545471,0.798023348269939,0.8086246762081508,0.7982965951067216,0.00941,0.8563,0.1
GPS_Tracker,binary,Gaussian,16,16,h3,2,64,0.8406193857472838,0.8331195211252298,0.8412579940746662,0.8616692786819369,0.00959,0.8432,0.1
GPS_Tracker,binary,Gaussian,16,16,h3,2,256,0.8394216785011549,0.8323788396234282,0.840282927161912,0.8625984142439839,0.00938,0.8429,0.1
GPS_Tracker,binary,Gaussian,16,16,h3,2,1024,0.8401060826418,0.8327839754525466,0.8408335037566768,0.8686777947790606,0.00952,0.8414,0.1
GPS_Tracker,binary,Gaussian,16,16,h3,4,16,0.7441184019163316,0.6776462308304689,0.7113206219476288,0.6753969026753837,0.01047,0.9262,0.1
GPS_Tracker,binary,Gaussian,16,16,h3,4,64,0.8380528702198649,0.8314592194190916,0.8391280459776035,0.8643455588012551,0.0102,0.9191,0.1
GPS_Tracker,binary,Gaussian,16,16,h3,4,256,0.8406193857472838,0.8331195211252298,0.8412579940746662,0.858375542881872,0.01034,1.0468,0.1
GPS_Tracker,binary,Gaussian,16,16,h3,4,1024,0.8338608948584139,0.8270048775092939,0.8349274519191708,0.867191388077464,0.01055,0.9042,0.1
GPS_Tracker,binary,Gaussian,16,16,h3,8,16,0.8125588159808367,0.8003188741772069,0.811691784857912,0.7978250413440287,0.01238,1.0843,0.1
GPS_Tracker,binary,Gaussian,16,16,h3,8,64,0.8395927795363162,0.8318129819063824,0.840134332672847,0.8499389499389499,0.01243,1.0754,0.1
GPS_Tracker,binary,Gaussian,16,16,h3,8,256,0.8317221319188981,0.8245204282956138,0.8326983763712098,0.8532085284616929,0.0131,1.0782,0.1
GPS_Tracker,binary,Gaussian,16,16,h3,8,1024,0.8395927795363162,0.8318129819063824,0.840134332672847,0.8580972473377536,0.01298,1.0821,0.1
GPS_Tracker,multiclass,Distributive,8,4,murmur,2,16,0.5224570108649157,0.29671124317986,0.49382954678334273,0.7035674349119267,0.01306,9.8513,0.1
GPS_Tracker,multiclass,Distributive,8,4,murmur,2,64,0.5441012918128154,0.3064922321304213,0.4989199658313353,0.70556156354872,0.01355,9.3188,0.1
GPS_Tracker,multiclass,Distributive,8,4,murmur,2,256,0.5383694071349132,0.32479869317047616,0.5238918447368673,0.6872015153110886,0.01354,9.2231,0.1
GPS_Tracker,multiclass,Distributive,8,4,murmur,2,1024,0.5307554110702369,0.33641491874107554,0.5376336834819803,0.7078823579921523,0.01352,9.725,0.1
GPS_Tracker,multiclass,Distributive,8,4,murmur,4,16,0.5388827102403969,0.3275386794616429,0.5206571070803666,0.7164497794570621,0.01355,9.3292,0.1
GPS_Tracker,multiclass,Distributive,8,4,murmur,4,64,0.5272478398494311,0.2928624341824839,0.4739775931253392,0.6885033575049639,0.01355,8.8927,0.1
GPS_Tracker,multiclass,Distributive,8,4,murmur,4,256,0.5350329369492686,0.28079063608780797,0.49434282050719636,0.7061479729599918,0.01347,9.0976,0.1
GPS_Tracker,multiclass,Distributive,8,4,murmur,4,1024,0.533065275044914,0.3146919618317789,0.5317344990992577,0.696423727755766,0.01384,10.081,0.1
GPS_Tracker,multiclass,Distributive,8,4,murmur,8,16,0.491059970912824,0.2493066847399489,0.42597263117079887,0.6960689890674611,0.0137,10.8477,0.1
GPS_Tracker,multiclass,Distributive,8,4,murmur,8,64,0.5309265121053982,0.32362511731087057,0.5247017389282147,0.7134548595493899,0.01369,10.2397,0.1
GPS_Tracker,multiclass,Distributive,8,4,murmur,8,256,0.541876978355719,0.30007643591716915,0.4932571149657677,0.7018391704897085,0.01453,9.4153,0.1
GPS_Tracker,multiclass,Distributive,8,4,murmur,8,1024,0.534006330738301,0.3158845214428761,0.5330999043368009,0.709066057727074,0.01464,9.7875,0.1
GPS_Tracker,multiclass,Distributive,8,4,simhash,2,16,0.5375139019591069,0.2882281628519462,0.49966520531929737,0.6812843927027736,0.03687,16.3776,0.1
GPS_Tracker,multiclass,Distributive,8,4,simhash,2,64,0.5435024381897511,0.3046578712689878,0.4965024618036572,0.6932910611633224,0.03664,16.52,0.1
GPS_Tracker,multiclass,Distributive,8,4,simhash,2,256,0.5491487723500728,0.3202223812448468,0.5202461890055485,0.7012684260242024,0.03569,16.4507,0.1
GPS_Tracker,multiclass,Distributive,8,4,simhash,2,1024,0.5393104628283001,0.3367703905706517,0.5431631961870351,0.6974034241387759,0.0354,16.5091,0.1
GPS_Tracker,multiclass,Distributive,8,4,simhash,4,16,0.5443579433655573,0.3035881816855829,0.4949380976224286,0.6873743845411721,0.03672,16.8498,0.1
GPS_Tracker,multiclass,Distributive,8,4,simhash,4,64,0.5359739926426554,0.31469242463051517,0.5319331192428397,0.6987918926851522,0.03672,16.9659,0.1
GPS_Tracker,multiclass,Distributive,8,4,simhash,4,256,0.5401659680041064,0.34093413790562144,0.5405605228239042,0.6984435276740354,0.03603,16.3439,0.1
GPS_Tracker,multiclass,Distributive,8,4,simhash,4,1024,0.5381127555821713,0.2828225556414412,0.496296403429008,0.7007851371934308,0.03677,16.7697,0.1
GPS_Tracker,multiclass,Distributive,8,4,simhash,8,16,0.5345196338437848,0.2958881281905139,0.5081300197568241,0.7017992844049099,0.03885,17.6558,0.1
GPS_Tracker,multiclass,Distributive,8,4,simhash,8,64,0.5416203268029771,0.33100094423393217,0.5249380848914184,0.7126618988442265,0.03896,16.9966,0.1
GPS_Tracker,multiclass,Distributive,8,4,simhash,8,256,0.5424758319787835,0.34570175714630275,0.5465617217518015,0.6727504907579986,0.03877,16.7639,0.1
GPS_Tracker,multiclass,Distributive,8,4,simhash,8,1024,0.5419625288732997,0.34582867580488635,0.5462277676713452,0.7103751023350223,0.04073,17.0973,0.1
GPS_Tracker,multiclass,Distributive,8,4,h3,2,16,0.5286166481307212,0.29897278904729224,0.4907675049594606,0.7651294552578896,0.01302,9.2871,0.1
GPS_Tracker,multiclass,Distributive,8,4,h3,2,64,0.5262212336384635,0.28516527338228836,0.5059050520820982,0.6878917635797436,0.01288,9.5247,0.1
GPS_Tracker,multiclass,Distributive,8,4,h3,2,256,0.5419625288732997,0.3306958467278396,0.5239195463778812,0.7237153888168802,0.01363,9.3648,0.1
GPS_Tracker,multiclass,Distributive,8,4,h3,2,1024,0.5333219265976559,0.27001746193170706,0.4784496185116107,0.7006514080685649,0.0144,8.8898,0.1
GPS_Tracker,multiclass,Distributive,8,4,h3,4,16,0.5423047309436222,0.3139565349606139,0.5143358755330774,0.7077205112587526,0.01351,9.7958,0.1
GPS_Tracker,multiclass,Distributive,8,4,h3,4,64,0.5415347762853965,0.32204654865128096,0.5208244374281075,0.698681247660419,0.01451,9.7607,0.1
GPS_Tracker,multiclass,Distributive,8,4,h3,4,256,0.5470955599281375,0.307440059695946,0.5001593293861608,0.7295055926163974,0.01361,9.3546,0.1
GPS_Tracker,multiclass,Distributive,8,4,h3,4,1024,0.5046625032081444,0.2687729945347533,0.46759826251767883,0.6901034406737667,0.01376,9.2157,0.1
GPS_Tracker,multiclass,Distributive,8,4,h3,8,16,0.5251090769099153,0.33035056121158507,0.5328249387919753,0.719170438289569,0.01488,10.9075,0.1
GPS_Tracker,multiclass,Distributive,8,4,h3,8,64,0.5364872957481392,0.3248203807317031,0.5244468746063583,0.7069699598092394,0.01438,9.9988,0.1
GPS_Tracker,multiclass,Distributive,8,4,h3,8,256,0.5296432543416888,0.28939878172670486,0.5037615227727844,0.7061690355316045,0.01494,10.0593,0.1
GPS_Tracker,multiclass,Distributive,8,4,h3,8,1024,0.5406792711095902,0.32844542129849696,0.5273910326122767,0.7324720557821791,0.01534,9.2208,0.1
GPS_Tracker,multiclass,Distributive,8,8,murmur,2,16,0.5289588502010437,0.30208735949488896,0.49019698374884174,0.7130808312885546,0.00888,5.9315,0.1
GPS_Tracker,multiclass,Distributive,8,8,murmur,2,64,0.5429891350842673,0.29976578662893394,0.4909419071462972,0.6876689387384793,0.00924,5.4358,0.1
GPS_Tracker,multiclass,Distributive,8,8,murmur,2,256,0.5432457866370092,0.3110148633851878,0.501714754047088,0.7043921667287588,0.01062,6.1132,0.1
GPS_Tracker,multiclass,Distributive,8,8,murmur,2,1024,0.5424758319787835,0.31008864745283127,0.5016297992300349,0.6946721666633202,0.01035,5.2628,0.1
GPS_Tracker,multiclass,Distributive,8,8,murmur,4,16,0.536316194712978,0.30431347704601114,0.4944167902235992,0.6667567704261962,0.01157,6.2455,0.1
GPS_Tracker,multiclass,Distributive,8,8,murmur,4,64,0.5411070236974934,0.3302984846953619,0.5287789848281982,0.6961568472504308,0.01041,5.6016,0.1
GPS_Tracker,multiclass,Distributive,8,8,murmur,4,256,0.5438446402600736,0.3161199984864258,0.5172196781474503,0.7105127650002875,0.00967,5.4531,0.1
GPS_Tracker,multiclass,Distributive,8,8,murmur,4,1024,0.5423902814612028,0.31463378888166743,0.5059998319837351,0.7007903099945573,0.00946,5.8511,0.1
GPS_Tracker,multiclass,Distributive,8,8,murmur,8,16,0.4863546924458893,0.23294828293603598,0.4243992194136667,0.6511285548524576,0.00944,7.6196,0.1
GPS_Tracker,multiclass,Distributive,8,8,murmur,8,64,0.5287877491658824,0.3071450890554028,0.5007126480231308,0.6889182745150937,0.01054,6.2066,0.1
GPS_Tracker,multiclass,Distributive,8,8,murmur,8,256,0.5295577038241082,0.3003317395215858,0.4989711131880619,0.708145857242201,0.01076,5.7218,0.1
GPS_Tracker,multiclass,Distributive,8,8,murmur,8,1024,0.5431602361194285,0.3025262452285225,0.4956786565129384,0.6933139241664572,0.01153,5.5145,0.1
GPS_Tracker,multiclass,Distributive,8,8,simhash,2,16,0.5131320044486269,0.25171298496425026,0.44279207168796747,0.6775481432211498,0.02685,11.9044,0.1
GPS_Tracker,multiclass,Distributive,8,8,simhash,2,64,0.5375139019591069,0.32320912913573074,0.521424457035137,0.6690389505471824,0.02569,10.8398,0.1
GPS_Tracker,multiclass,Distributive,8,8,simhash,2,256,0.5059457609718538,0.2845395773371626,0.4598072678770423,0.6687133233110861,0.02609,11.1766,0.1
GPS_Tracker,multiclass,Distributive,8,8,simhash,2,1024,0.5429035845666866,0.3048929162723888,0.4984005534559166,0.694098380694838,0.02599,10.9262,0.1
GPS_Tracker,multiclass,Distributive,8,8,simhash,4,16,0.5297288048592694,0.2842840775469124,0.47624620084056546,0.687690688393096,0.02994,11.9741,0.1
GPS_Tracker,multiclass,Distributive,8,8,simhash,4,64,0.5354606895371717,0.31100392542208366,0.5120797939868547,0.6792374064173312,0.02606,12.5198,0.1
GPS_Tracker,multiclass,Distributive,8,8,simhash,4,256,0.5317820172812046,0.3108147082913738,0.5115504934637644,0.7033060371404116,0.02918,11.102,0.1
GPS_Tracker,multiclass,Distributive,8,8,simhash,4,1024,0.5340918812558816,0.2941132868809531,0.4867848039619519,0.6945997905841806,0.02576,11.0304,0.1
GPS_Tracker,multiclass,Distributive,8,8,simhash,8,16,0.511249893061853,0.2788950158924021,0.4661680219491443,0.6695967744298992,0.02845,12.6138,0.1
GPS_Tracker,multiclass,Distributive,8,8,simhash,8,64,0.5403370690392677,0.31796476029191023,0.5193956127687184,0.6911127931603097,0.03014,11.6112,0.1
GPS_Tracker,multiclass,Distributive,8,8,simhash,8,256,0.5475233125160407,0.3074128839701445,0.5009113820556215,0.6996972027664725,0.02961,11.1031,0.1
GPS_Tracker,multiclass,Distributive,8,8,simhash,8,1024,0.5423902814612028,0.3128101239740837,0.5047604196981479,0.7175327752129774,0.02811,11.9592,0.1
GPS_Tracker,multiclass,Distributive,8,8,h3,2,16,0.5373428009239456,0.304907949648456,0.5220913505163804,0.7477781402791446,0.00958,5.6243,0.1
GPS_Tracker,multiclass,Distributive,8,8,h3,2,64,0.5452134485413637,0.31324740585374655,0.5049289451827997,0.6751311658410337,0.00962,5.7983,0.1
GPS_Tracker,multiclass,Distributive,8,8,h3,2,256,0.5354606895371717,0.3241106137482877,0.5238888181631881,0.6964329609935279,0.01038,5.4251,0.1
GPS_Tracker,multiclass,Distributive,8,8,h3,2,1024,0.5425613824963641,0.3017375123246066,0.4951878297580947,0.7058200070724152,0.00925,5.3171,0.1
GPS_Tracker,multiclass,Distributive,8,8,h3,4,16,0.5270767388142699,0.3072735164472898,0.5048922566963933,0.6756154892807735,0.01134,6.3415,0.1
GPS_Tracker,multiclass,Distributive,8,8,h3,4,64,0.5307554110702369,0.307423075055844,0.49441647361477437,0.7122306875747685,0.01054,5.5985,0.1
GPS_Tracker,multiclass,Distributive,8,8,h3,4,256,0.5387116092052356,0.29959344741646704,0.49260299880789044,0.6678325083239032,0.01085,5.37,0.1
GPS_Tracker,multiclass,Distributive,8,8,h3,4,1024,0.5383694071349132,0.3015004179889819,0.493916291241636,0.6774412681060265,0.00981,5.3913,0.1
GPS_Tracker,multiclass,Distributive,8,8,h3,8,16,0.527504491402173,0.27676489638900365,0.4883270861584669,0.6767152942433712,0.01211,6.8682,0.1
GPS_Tracker,multiclass,Distributive,8,8,h3,8,64,0.5420480793908803,0.3275709797051982,0.5262160829439777,0.7160423841922483,0.01139,5.8749,0.1
GPS_Tracker,multiclass,Distributive,8,8,h3,8,256,0.5310976131405595,0.322141309644642,0.516386505141334,0.681128997338786,0.01157,5.7864,0.1
GPS_Tracker,multiclass,Distributive,8,8,h3,8,1024,0.5423902814612028,0.32297563650041994,0.5225801201384099,0.694255788981077,0.01067,5.8068,0.1
GPS_Tracker,multiclass,Distributive,8,16,murmur,2,16,0.03319360082128497,0.03875153935129068,0.008911944902312093,0.571618162398813,0.00865,2.7921,0.1
GPS_Tracker,multiclass,Distributive,8,16,murmur,2,64,0.08187184532466421,0.07920999907056483,0.0444150037325502,0.7059002188242357,0.00936,2.5689,0.1
GPS_Tracker,multiclass,Distributive,8,16,murmur,2,256,0.0943622208914364,0.09032480065700628,0.05268552050767469,0.7124214660809918,0.00882,2.807,0.1
GPS_Tracker,multiclass,Distributive,8,16,murmur,2,1024,0.0943622208914364,0.09032480065700628,0.05268552050767469,0.7044071956502226,0.00809,2.6841,0.1
GPS_Tracker,multiclass,Distributive,8,16,murmur,4,16,0.0316536915048336,0.035870847269981,0.00516825963808982,0.6040486880568527,0.00821,2.9491,0.1
GPS_Tracker,multiclass,Distributive,8,16,murmur,4,64,0.08332620412353495,0.07885331283128759,0.03778816309221953,0.698133573319133,0.00926,2.8112,0.1
GPS_Tracker,multiclass,Distributive,8,16,murmur,4,256,0.0943622208914364,0.09032480065700628,0.05268552050767469,0.7044071956502226,0.00968,2.5868,0.1
GPS_Tracker,multiclass,Distributive,8,16,murmur,4,1024,0.0943622208914364,0.09032480065700628,0.05268552050767469,0.7044071956502226,0.00961,2.6392,0.1
GPS_Tracker,multiclass,Distributive,8,16,murmur,8,16,0.014800239541449225,0.00364609677963244,0.00043170484583893376,0.5614552158260735,0.00923,2.6175,0.1
GPS_Tracker,multiclass,Distributive,8,16,murmur,8,64,0.04576952690563778,0.05073016061280431,0.018531017321249097,0.6504914784061183,0.01077,3.2669,0.1
GPS_Tracker,multiclass,Distributive,8,16,murmur,8,256,0.0943622208914364,0.09032480065700628,0.05268552050767469,0.7044071956502226,0.0097,2.7526,0.1
GPS_Tracker,multiclass,Distributive,8,16,murmur,8,1024,0.0943622208914364,0.09032480065700628,0.05268552050767469,0.7044071956502226,0.01081,2.7326,0.1
GPS_Tracker,multiclass,Distributive,8,16,simhash,2,16,0.021644280947899736,0.014984897259813418,0.01053853570634526,0.6108844790434159,0.02595,7.9065,0.1
GPS_Tracker,multiclass,Distributive,8,16,simhash,2,64,0.09188125588159808,0.08523986721800751,0.04746529625684184,0.71592459440575,0.02462,8.1763,0.1
GPS_Tracker,multiclass,Distributive,8,16,simhash,2,256,0.09325006416288818,0.08804792479088168,0.05034806560190899,0.7028785180910924,0.02339,8.0162,0.1
GPS_Tracker,multiclass,Distributive,8,16,simhash,2,1024,0.0943622208914364,0.09032480065700628,0.05268552050767469,0.7044071956502226,0.02586,8.085,0.1
GPS_Tracker,multiclass,Distributive,8,16,simhash,4,16,0.029857130635640345,0.034121582636473836,0.005448609779714016,0.5923760408744838,0.02365,7.8757,0.1
GPS_Tracker,multiclass,Distributive,8,16,simhash,4,64,0.0924801095046625,0.0874138394915779,0.04982670194661574,0.7157494661146557,0.02989,8.4769,0.1
GPS_Tracker,multiclass,Distributive,8,16,simhash,4,256,0.0943622208914364,0.09032480065700628,0.05268552050767469,0.7044071956502226,0.02753,7.8407,0.1
GPS_Tracker,multiclass,Distributive,8,16,simhash,4,1024,0.0943622208914364,0.09032480065700628,0.05268552050767469,0.7044071956502226,0.02619,9.4287,0.1
GPS_Tracker,multiclass,Distributive,8,16,simhash,8,16,0.014800239541449225,0.00364609677963244,0.00043170484583893376,0.5598251232760293,0.02588,8.0019,0.1
GPS_Tracker,multiclass,Distributive,8,16,simhash,8,64,0.08478056292240568,0.07965334066124519,0.03874699180012275,0.6829973967235927,0.02497,7.8896,0.1
GPS_Tracker,multiclass,Distributive,8,16,simhash,8,256,0.0943622208914364,0.09032480065700628,0.05268552050767469,0.7044071956502226,0.02777,8.5511,0.1
GPS_Tracker,multiclass,Distributive,8,16,simhash,8,1024,0.0943622208914364,0.09032480065700628,0.05268552050767469,0.7044071956502226,0.02334,7.9609,0.1
GPS_Tracker,multiclass,Distributive,8,16,h3,2,16,0.06510394387886047,0.05853415731034532,0.03979502412995945,0.6688555649514931,0.00769,2.5244,0.1
GPS_Tracker,multiclass,Distributive,8,16,h3,2,64,0.09265121053982377,0.08897650312275357,0.05191940159009475,0.7009101700389808,0.00926,2.5556,0.1
GPS_Tracker,multiclass,Distributive,8,16,h3,2,256,0.0943622208914364,0.09032480065700628,0.05268552050767469,0.7044071956502226,0.00998,2.6627,0.1
GPS_Tracker,multiclass,Distributive,8,16,h3,2,1024,0.0943622208914364,0.09032480065700628,0.05268552050767469,0.7044071956502226,0.00917,2.7572,0.1
GPS_Tracker,multiclass,Distributive,8,16,h3,4,16,0.033706903926768755,0.03931098422325578,0.007523271724297049,0.5818824820349026,0.00852,2.9023,0.1
GPS_Tracker,multiclass,Distributive,8,16,h3,4,64,0.0853794165454701,0.08243649681246489,0.04761668632815167,0.7066813331799081,0.01262,2.7639,0.1
GPS_Tracker,multiclass,Distributive,8,16,h3,4,256,0.0943622208914364,0.09032480065700628,0.05268552050767469,0.7044071956502226,0.0108,3.0159,0.1
GPS_Tracker,multiclass,Distributive,8,16,h3,4,1024,0.0943622208914364,0.09032480065700628,0.05268552050767469,0.7044071956502226,0.00805,2.902,0.1
GPS_Tracker,multiclass,Distributive,8,16,h3,8,16,0.014800239541449225,0.00364609677963244,0.00043170484583893376,0.5598251232760293,0.01106,3.0946,0.1
GPS_Tracker,multiclass,Distributive,8,16,h3,8,64,0.06253742835144152,0.05985856647412113,0.026497726425003656,0.7070618274111709,0.01016,4.1415,0.1
GPS_Tracker,multiclass,Distributive,8,16,h3,8,256,0.0943622208914364,0.09032480065700628,0.05268552050767469,0.7044071956502226,0.01285,3.0431,0.1
GPS_Tracker,multiclass,Distributive,8,16,h3,8,1024,0.0943622208914364,0.09032480065700628,0.05268552050767469,0.7044071956502226,0.00981,3.0979,0.1
GPS_Tracker,multiclass,Distributive,16,4,murmur,2,16,0.516126272563949,0.24451552466680496,0.4508157439464307,0.7669527397389644,0.02713,30.3831,0.1
GPS_Tracker,multiclass,Distributive,16,4,murmur,2,64,0.526563435708786,0.2964116614384881,0.5111319072936612,0.7581911360926452,0.02503,22.7338,0.1
GPS_Tracker,multiclass,Distributive,16,4,murmur,2,256,0.5400804174865258,0.3271962986780884,0.5192466901358748,0.754199451115444,0.02788,21.2635,0.1
GPS_Tracker,multiclass,Distributive,16,4,murmur,2,1024,0.5401659680041064,0.3125968726806363,0.5054866874026926,0.7537152127404743,0.0289,21.6837,0.1
GPS_Tracker,multiclass,Distributive,16,4,murmur,4,16,0.5309265121053982,0.3040849245309297,0.48655869850084904,0.7661544348437217,0.02525,21.4014,0.1
GPS_Tracker,multiclass,Distributive,16,4,murmur,4,64,0.5267345367439473,0.29726625432117637,0.51218177037976,0.7466331251791268,0.02493,25.2827,0.1
GPS_Tracker,multiclass,Distributive,16,4,murmur,4,256,0.5310120626229788,0.3252754175042217,0.5227735128599019,0.7545453631397905,0.02758,21.8341,0.1
GPS_Tracker,multiclass,Distributive,16,4,murmur,4,1024,0.5414492257678158,0.3219790907487376,0.5062615642907202,0.7582577696513594,0.02752,21.5985,0.1
GPS_Tracker,multiclass,Distributive,16,4,murmur,8,16,0.5204037984429806,0.2808093480655819,0.4944611932116712,0.7451799533386119,0.02948,26.5547,0.1
GPS_Tracker,multiclass,Distributive,16,4,murmur,8,64,0.5401659680041064,0.3323837358365913,0.5286134679331637,0.7667353662068306,0.02708,23.7033,0.1
GPS_Tracker,multiclass,Distributive,16,4,murmur,8,256,0.5393104628283001,0.33400888278997426,0.5308742008455654,0.7553960952211833,0.04276,37.378,0.1
GPS_Tracker,multiclass,Distributive,16,4,murmur,8,1024,0.5349473864316879,0.3329577895785316,0.5322520685548576,0.7726197423111494,0.0269,22.9152,0.1
GPS_Tracker,multiclass,Distributive,16,4,simhash,2,16,0.500812729917016,0.244420365172545,0.4440176603041389,0.746643852087653,0.08118,42.3096,0.1
GPS_Tracker,multiclass,Distributive,16,4,simhash,2,64,0.5132175549662076,0.27531180679746975,0.4868712493508949,0.7569397901577927,0.08441,49.2516,0.1
GPS_Tracker,multiclass,Distributive,16,4,simhash,2,256,0.5206604499957225,0.3228702946812249,0.5072034213651024,0.748972689862948,0.07814,42.5801,0.1
GPS_Tracker,multiclass,Distributive,16,4,simhash,2,1024,0.5335785781503978,0.3281838229208483,0.5228267136595646,0.7643585812448868,0.08458,43.6152,0.1
GPS_Tracker,multiclass,Distributive,16,4,simhash,4,16,0.5281033450252374,0.28156076976421734,0.47899466696300985,0.754347377343578,0.09369,46.5528,0.1
GPS_Tracker,multiclass,Distributive,16,4,simhash,4,64,0.5333219265976559,0.32930478821755693,0.5260856509814837,0.7507368926983433,0.09115,47.8787,0.1
GPS_Tracker,multiclass,Distributive,16,4,simhash,4,256,0.5306698605526563,0.3118784913949279,0.511975121070726,0.7523402024667479,0.081,43.7979,0.1
GPS_Tracker,multiclass,Distributive,16,4,simhash,4,1024,0.516810676704594,0.30695705242868376,0.49337006751027734,0.7489941825537536,0.08151,44.654,0.1
GPS_Tracker,multiclass,Distributive,16,4,simhash,8,16,0.531439815210882,0.3317337555378469,0.5314774635228398,0.7314240914023986,0.08862,48.2371,0.1
GPS_Tracker,multiclass,Distributive,16,4,simhash,8,64,0.5343485328086235,0.3289432932606068,0.5245057714525108,0.7537142231833197,0.08691,46.3854,0.1
GPS_Tracker,multiclass,Distributive,16,4,simhash,8,256,0.5370861493712037,0.32862850411583266,0.5212472740838042,0.75578377798217,0.08593,45.3884,0.1
GPS_Tracker,multiclass,Distributive,16,4,simhash,8,1024,0.5381127555821713,0.32167136935349305,0.5176476089970953,0.753569621216204,0.09278,46.7186,0.1
GPS_Tracker,multiclass,Distributive,16,4,h3,2,16,0.5140730601420138,0.32003597866378675,0.5107410632085061,0.7550871680243105,0.02487,31.1918,0.1
GPS_Tracker,multiclass,Distributive,16,4,h3,2,64,0.5237402686286252,0.31568026376771485,0.5136630291323335,0.7573797056331164,0.02443,23.7441,0.1
GPS_Tracker,multiclass,Distributive,16,4,h3,2,256,0.5278466934724955,0.2967169183946464,0.4978543293568148,0.757160261169674,0.02562,21.8723,0.1
GPS_Tracker,multiclass,Distributive,16,4,h3,2,1024,0.5327230729745915,0.3270008825963865,0.5240605114069352,0.7647792815936926,0.02626,21.8258,0.1
GPS_Tracker,multiclass,Distributive,16,4,h3,4,16,0.5382838566173326,0.31195784466825677,0.5055353220380372,0.7854586853776171,0.02591,22.9735,0.1
GPS_Tracker,multiclass,Distributive,16,4,h3,4,64,0.5407648216271709,0.31895697084511554,0.5091435060538414,0.7683294731909206,0.02824,21.6197,0.1
GPS_Tracker,multiclass,Distributive,16,4,h3,4,256,0.5316964667636239,0.3201210749243726,0.5236277036552064,0.7721376040083406,0.0262,23.023,0.1
GPS_Tracker,multiclass,Distributive,16,4,h3,4,1024,0.5232269655231414,0.3080818234668922,0.5132827596160932,0.75032824646672,0.04272,24.7822,0.1
GPS_Tracker,multiclass,Distributive,16,4,h3,8,16,0.522628111900077,0.2951071312531125,0.5062529398067751,0.7515872964264445,0.02912,22.6536,0.1
GPS_Tracker,multiclass,Distributive,16,4,h3,8,64,0.5043203011378219,0.3113289203764939,0.5046920393644225,0.7574615233592501,0.03465,23.8927,0.1
GPS_Tracker,multiclass,Distributive,16,4,h3,8,256,0.538626058687655,0.3215525322146341,0.5185521431797059,0.7506751377679954,0.02917,24.4074,0.1
GPS_Tracker,multiclass,Distributive,16,4,h3,8,1024,0.5236547181110446,0.3327809717165799,0.5283125603537423,0.7599919846581888,0.03192,23.1676,0.1
GPS_Tracker,multiclass,Distributive,16,8,murmur,2,16,0.521943707759432,0.3071624523416161,0.5118469249247525,0.7464476039792463,0.01792,11.9545,0.1
GPS_Tracker,multiclass,Distributive,16,8,murmur,2,64,0.5296432543416888,0.3310946937544864,0.5236877928219518,0.7634446969528429,0.01566,10.2195,0.1
GPS_Tracker,multiclass,Distributive,16,8,murmur,2,256,0.5338352297031397,0.33153071616814,0.5270128597005355,0.759586540945869,0.0232,15.8463,0.1
GPS_Tracker,multiclass,Distributive,16,8,murmur,2,1024,0.533749679185559,0.30755971144255234,0.49346513342837106,0.7776096585743062,0.01733,10.3626,0.1
GPS_Tracker,multiclass,Distributive,16,8,murmur,4,16,0.5326375224570109,0.2967221778615385,0.4936290601419858,0.7451225744929626,0.01869,12.1703,0.1
GPS_Tracker,multiclass,Distributive,16,8,murmur,4,64,0.5423902814612028,0.3266095834384931,0.5146441708609257,0.7527390002146905,0.01648,10.3876,0.1
GPS_Tracker,multiclass,Distributive,16,8,murmur,4,256,0.5270767388142699,0.3207370167326821,0.5184911128668503,0.7629225481490196,0.01646,9.7902,0.1
GPS_Tracker,multiclass,Distributive,16,8,murmur,4,1024,0.524937975874754,0.3125179022357415,0.5146097422006025,0.7578572565663645,0.01685,10.2594,0.1
GPS_Tracker,multiclass,Distributive,16,8,murmur,8,16,0.44580374711267,0.19574310266961825,0.36027707520126545,0.673337879335814,0.01685,13.9316,0.1
GPS_Tracker,multiclass,Distributive,16,8,murmur,8,64,0.533065275044914,0.29721001213941545,0.499216159167725,0.7639037773923398,0.01812,11.2865,0.1
GPS_Tracker,multiclass,Distributive,16,8,murmur,8,256,0.5302421079647532,0.33762962102325833,0.530365999711327,0.7645898039114153,0.02445,10.3204,0.1
GPS_Tracker,multiclass,Distributive,16,8,murmur,8,1024,0.5402515185216871,0.31182521843458744,0.5038942003288114,0.7698914168822895,0.01809,10.4931,0.1
GPS_Tracker,multiclass,Distributive,16,8,simhash,2,16,0.5271622893318505,0.33080174897269377,0.5291452198011926,0.7880458138263363,0.05855,27.5757,0.1
GPS_Tracker,multiclass,Distributive,16,8,simhash,2,64,0.5139875096244332,0.2826455589976585,0.48306931737063974,0.7501542454813577,0.05788,41.6793,0.1
GPS_Tracker,multiclass,Distributive,16,8,simhash,2,256,0.5180083839507229,0.27431639832294835,0.4846532764082855,0.7826091686752197,0.05793,26.1117,0.1
GPS_Tracker,multiclass,Distributive,16,8,simhash,2,1024,0.537257250406365,0.325048093294578,0.5140091367512135,0.7614204954847502,0.06013,25.5611,0.1
GPS_Tracker,multiclass,Distributive,16,8,simhash,4,16,0.5398237659337839,0.31199021887059075,0.49639617811566294,0.7425720602389685,0.05637,27.6124,0.1
GPS_Tracker,multiclass,Distributive,16,8,simhash,4,64,0.5285310976131405,0.3224580608570307,0.5187301592363275,0.7636657688010604,0.05767,26.6931,0.1
GPS_Tracker,multiclass,Distributive,16,8,simhash,4,256,0.534006330738301,0.3346246880537677,0.5299120059661393,0.763588467997998,0.05422,26.2657,0.1
GPS_Tracker,multiclass,Distributive,16,8,simhash,4,1024,0.527504491402173,0.30857837103473673,0.5028311362617421,0.7592296855803766,0.05922,26.5685,0.1
GPS_Tracker,multiclass,Distributive,16,8,simhash,8,16,0.5283599965779793,0.28816221548304866,0.4709290465533068,0.6855346440288247,0.05775,29.6538,0.1
GPS_Tracker,multiclass,Distributive,16,8,simhash,8,64,0.5325519719394303,0.3115337664849561,0.5081502872077848,0.7647581994375672,0.05724,26.4458,0.1
GPS_Tracker,multiclass,Distributive,16,8,simhash,8,256,0.5416203268029771,0.3269966511420097,0.511396455783041,0.7528166497406813,0.0594,26.5372,0.1
GPS_Tracker,multiclass,Distributive,16,8,simhash,8,1024,0.5299854564120113,0.3179596690632289,0.5145679033922377,0.7532212053374179,0.05688,26.9481,0.1
GPS_Tracker,multiclass,Distributive,16,8,h3,2,16,0.5065446145949183,0.2962324171434074,0.4880030105946448,0.7567992316971178,0.02332,10.8073,0.1
GPS_Tracker,multiclass,Distributive,16,8,h3,2,64,0.5173239798100778,0.27647994745241034,0.4872101385287158,0.7506928821331776,0.01584,10.0212,0.1
GPS_Tracker,multiclass,Distributive,16,8,h3,2,256,0.5212593036187869,0.31803341590795603,0.5223087759707778,0.7601068277181322,0.02949,11.3514,0.1
GPS_Tracker,multiclass,Distributive,16,8,h3,2,1024,0.5407648216271709,0.3328770643746871,0.5266985362894876,0.7676098099189,0.01683,10.2552,0.1
GPS_Tracker,multiclass,Distributive,16,8,h3,4,16,0.5210882025836256,0.3174477527665832,0.5057899365231412,0.7456061312979905,0.01696,11.6017,0.1
GPS_Tracker,multiclass,Distributive,16,8,h3,4,64,0.5156985199760459,0.2814428858463961,0.46743352800061816,0.7685623849514897,0.02331,10.9847,0.1
GPS_Tracker,multiclass,Distributive,16,8,h3,4,256,0.5256223800153991,0.30904807048694,0.5053656969529274,0.7635237194519642,0.01749,10.9723,0.1
GPS_Tracker,multiclass,Distributive,16,8,h3,4,1024,0.5420480793908803,0.30750554833450683,0.49582116989365954,0.7538209369328968,0.01837,10.6326,0.1
GPS_Tracker,multiclass,Distributive,16,8,h3,8,16,0.5150141158354008,0.28253468514289315,0.4846946551816215,0.753471227374819,0.02001,14.4003,0.1
GPS_Tracker,multiclass,Distributive,16,8,h3,8,64,0.5286166481307212,0.3173934784862166,0.5099598910005719,0.7743268695035427,0.01903,11.3407,0.1
GPS_Tracker,multiclass,Distributive,16,8,h3,8,256,0.5419625288732997,0.3290981912095674,0.5228233515790451,0.7721394859477054,0.02171,11.285,0.1
GPS_Tracker,multiclass,Distributive,16,8,h3,8,1024,0.5279322439900761,0.3048156693961055,0.5181773692675855,0.771050844142291,0.01946,11.2328,0.1
GPS_Tracker,multiclass,Distributive,16,16,murmur,2,16,0.5005560783642741,0.25181395549771124,0.4504319812449602,0.6905115084932292,0.01257,7.3591,0.1
GPS_Tracker,multiclass,Distributive,16,16,murmur,2,64,0.5338352297031397,0.3286944498122167,0.5238148745254878,0.755631771619899,0.01228,5.9922,0.1
GPS_Tracker,multiclass,Distributive,16,16,murmur,2,256,0.5403370690392677,0.32454976201047636,0.5114701853308378,0.7531149270818949,0.01497,5.6548,0.1
GPS_Tracker,multiclass,Distributive,16,16,murmur,2,1024,0.5383694071349132,0.3098567849669428,0.4988262732552783,0.7571905851041105,0.01265,6.3039,0.1
GPS_Tracker,multiclass,Distributive,16,16,murmur,4,16,0.4922576781589529,0.2839150309726955,0.44994855733694594,0.7245625962416976,0.01169,7.7478,0.1
GPS_Tracker,multiclass,Distributive,16,16,murmur,4,64,0.5440157412952349,0.31734387457847557,0.508312679338683,0.7584562173386106,0.01235,6.1277,0.1
GPS_Tracker,multiclass,Distributive,16,16,murmur,4,256,0.5380272050645907,0.3134149366925671,0.49759139381551926,0.7377167254202502,0.01269,5.6307,0.1
GPS_Tracker,multiclass,Distributive,16,16,murmur,4,1024,0.5332363760800752,0.30686059203676624,0.49722758757324304,0.7535946901350219,0.01285,6.0503,0.1
GPS_Tracker,multiclass,Distributive,16,16,murmur,8,16,0.43228676533493027,0.1912441854420905,0.3465077005809099,0.6148468464654713,0.01496,8.1067,0.1
GPS_Tracker,multiclass,Distributive,16,16,murmur,8,64,0.536316194712978,0.31930917388532487,0.5079635877345675,0.7587468447480731,0.01448,6.2763,0.1
GPS_Tracker,multiclass,Distributive,16,16,murmur,8,256,0.526563435708786,0.2835193141928426,0.489087896633111,0.7512639970438533,0.0124,6.4184,0.1
GPS_Tracker,multiclass,Distributive,16,16,murmur,8,1024,0.5443579433655573,0.3080055406262022,0.49634937827359826,0.7354191786744744,0.01357,5.9592,0.1
GPS_Tracker,multiclass,Distributive,16,16,simhash,2,16,0.48626914192830867,0.2564477051076877,0.4300653108327027,0.7121084328389611,0.06424,19.9048,0.1
GPS_Tracker,multiclass,Distributive,16,16,simhash,2,64,0.5399948669689452,0.3257292878248689,0.5229825886071714,0.763100356609603,0.05131,18.1576,0.1
GPS_Tracker,multiclass,Distributive,16,16,simhash,2,256,0.544443493883138,0.3150191714811277,0.5008859668889607,0.7456338713253017,0.04698,18.4076,0.1
GPS_Tracker,multiclass,Distributive,16,16,simhash,2,1024,0.5375994524766875,0.3282745133870186,0.5231339768322757,0.7539830809469026,0.04491,18.2076,0.1
GPS_Tracker,multiclass,Distributive,16,16,simhash,4,16,0.5183505860210454,0.2686102169765973,0.4678365447993112,0.672091558314033,0.04774,20.6735,0.1
GPS_Tracker,multiclass,Distributive,16,16,simhash,4,64,0.5413636752502352,0.3076257196357771,0.4961679535130385,0.7606516709577396,0.04768,18.5855,0.1
GPS_Tracker,multiclass,Distributive,16,16,simhash,4,256,0.5452989990589443,0.3165012375380454,0.5078656648157609,0.7573190417856106,0.04693,18.8423,0.1
GPS_Tracker,multiclass,Distributive,16,16,simhash,4,1024,0.545127898023783,0.3230849376353656,0.5106169131285473,0.7637181604372405,0.04696,19.2979,0.1
GPS_Tracker,multiclass,Distributive,16,16,simhash,8,16,0.4018307810762255,0.11837923170945124,0.28042225360371975,0.5724302359479706,0.04915,20.8449,0.1
GPS_Tracker,multiclass,Distributive,16,16,simhash,8,64,0.5293010522713663,0.32125974651737005,0.5143445486373305,0.7639557366874525,0.05145,19.1163,0.1
GPS_Tracker,multiclass,Distributive,16,16,simhash,8,256,0.5370861493712037,0.3186616190741164,0.5115875276949055,0.7566725499249214,0.04649,20.586,0.1
GPS_Tracker,multiclass,Distributive,16,16,simhash,8,1024,0.5355462400547524,0.30213575937560916,0.49175521881298445,0.7511690095562384,0.05274,19.0186,0.1
GPS_Tracker,multiclass,Distributive,16,16,h3,2,16,0.5354606895371717,0.31771974494877464,0.5101571437529874,0.7478913247555601,0.0119,7.5884,0.1
GPS_Tracker,multiclass,Distributive,16,16,h3,2,64,0.5310120626229788,0.3062493686857762,0.4989746740660436,0.7537387017428236,0.01251,6.1423,0.1
GPS_Tracker,multiclass,Distributive,16,16,h3,2,256,0.5435879887073317,0.31685997831265406,0.5030113899754257,0.7494275185570534,0.01188,5.6531,0.1
GPS_Tracker,multiclass,Distributive,16,16,h3,2,1024,0.5424758319787835,0.30435275691230257,0.4936543190584556,0.747456366912177,0.0123,5.5166,0.1
GPS_Tracker,multiclass,Distributive,16,16,h3,4,16,0.5175806313628197,0.3021624140212143,0.5007934260934606,0.6905756943029555,0.01373,7.9088,0.1
GPS_Tracker,multiclass,Distributive,16,16,h3,4,64,0.540508170074429,0.3136978886989695,0.5011973731092249,0.7539833114175614,0.01145,5.6238,0.1
GPS_Tracker,multiclass,Distributive,16,16,h3,4,256,0.5375139019591069,0.30956678416128114,0.4950850565750262,0.7434289376770948,0.01275,6.0552,0.1
GPS_Tracker,multiclass,Distributive,16,16,h3,4,1024,0.537257250406365,0.33016846029782165,0.5216170035065326,0.7577672402298887,0.01417,6.1334,0.1
GPS_Tracker,multiclass,Distributive,16,16,h3,8,16,0.45410214731799126,0.19442104168350902,0.37578158896403224,0.6323667641498211,0.01431,10.3831,0.1
GPS_Tracker,multiclass,Distributive,16,16,h3,8,64,0.5328941740097528,0.31581047798257367,0.49962996517101,0.7559382527738645,0.01431,6.9658,0.1
GPS_Tracker,multiclass,Distributive,16,16,h3,8,256,0.5355462400547524,0.30384456500207085,0.5134966445957654,0.7635628827508575,0.01439,7.0305,0.1
GPS_Tracker,multiclass,Distributive,16,16,h3,8,1024,0.5293010522713663,0.31316954234997607,0.5017185611034848,0.7521701799335868,0.01451,7.061,0.1
GPS_Tracker,multiclass,Gaussian,8,4,murmur,2,16,0.5108221404739499,0.25386832067388226,0.4541310395239039,0.7202177607741318,0.01311,10.5508,0.1
GPS_Tracker,multiclass,Gaussian,8,4,murmur,2,64,0.49251432971169473,0.26264893373470255,0.46204045335002153,0.7483034946157728,0.01455,10.3407,0.1
GPS_Tracker,multiclass,Gaussian,8,4,murmur,2,256,0.5190349901616905,0.28354103078285053,0.4623641209546138,0.75717997622627,0.01446,10.4659,0.1
GPS_Tracker,multiclass,Gaussian,8,4,murmur,2,1024,0.5078278723586278,0.25130923733295485,0.45150386867172415,0.7439230072491971,0.01373,9.4901,0.1
GPS_Tracker,multiclass,Gaussian,8,4,murmur,4,16,0.508940029087176,0.26815047223758315,0.47088652081880383,0.778257505189322,0.01581,10.3096,0.1
GPS_Tracker,multiclass,Gaussian,8,4,murmur,4,64,0.512875352895885,0.26454065595653853,0.4638491577893034,0.7394219934524111,0.01351,10.865,0.1
GPS_Tracker,multiclass,Gaussian,8,4,murmur,4,256,0.4899478141842758,0.2484874281032347,0.4239795104126717,0.7272134517161268,0.01504,12.0995,0.1
GPS_Tracker,multiclass,Gaussian,8,4,murmur,4,1024,0.5191205406792712,0.28023052776250934,0.46223713083175083,0.7379960175701699,0.01428,10.612,0.1
GPS_Tracker,multiclass,Gaussian,8,4,murmur,8,16,0.5107365899563693,0.25764439769379804,0.45522363718171655,0.7460519040545233,0.01374,11.6259,0.1
GPS_Tracker,multiclass,Gaussian,8,4,murmur,8,64,0.5150996663529814,0.2954443561090232,0.48147170556738533,0.7236053264145734,0.01392,10.6785,0.1
GPS_Tracker,multiclass,Gaussian,8,4,murmur,8,256,0.5078278723586278,0.23925534079931804,0.4318903905088193,0.74549545298364,0.0158,11.2268,0.1
GPS_Tracker,multiclass,Gaussian,8,4,murmur,8,1024,0.5173239798100778,0.2817347640901261,0.4627575137902263,0.7536841742285176,0.01691,11.0923,0.1
GPS_Tracker,multiclass,Gaussian,8,4,simhash,2,16,0.5058602104542732,0.27496755280375523,0.47619820806269636,0.739264183464712,0.03955,18.9752,0.1
GPS_Tracker,multiclass,Gaussian,8,4,simhash,2,64,0.5153563179057233,0.2706042993662539,0.4676636292902951,0.7597102135470244,0.03578,17.685,0.1
GPS_Tracker,multiclass,Gaussian,8,4,simhash,2,256,0.514500812729917,0.2628584216241804,0.4618865019902829,0.7537451222469964,0.03758,17.8171,0.1
GPS_Tracker,multiclass,Gaussian,8,4,simhash,2,1024,0.4906322183249209,0.23082109806605,0.40999591652805223,0.7448882594237314,0.03557,17.6184,0.1
GPS_Tracker,multiclass,Gaussian,8,4,simhash,4,16,0.5152707673881427,0.26408527643231844,0.4630160864367815,0.7157960601462405,0.03913,17.6246,0.1
GPS_Tracker,multiclass,Gaussian,8,4,simhash,4,64,0.5127898023783044,0.2545229964868796,0.4525708575532344,0.7453715477825129,0.04239,20.1543,0.1
GPS_Tracker,multiclass,Gaussian,8,4,simhash,4,256,0.5218581572418514,0.267759216011925,0.44442373906867444,0.7425731878552682,0.03646,17.62,0.1
GPS_Tracker,multiclass,Gaussian,8,4,simhash,4,1024,0.4883223543502438,0.23706495256018514,0.41430980773186915,0.7499448874607877,0.04249,18.0813,0.1
GPS_Tracker,multiclass,Gaussian,8,4,simhash,8,16,0.5055180083839507,0.26943753977180873,0.4477868309677973,0.7214503930962841,0.0419,18.796,0.1
GPS_Tracker,multiclass,Gaussian,8,4,simhash,8,64,0.4592351783728292,0.19436884717680702,0.3566411285551589,0.7252723422885305,0.04132,20.3202,0.1
GPS_Tracker,multiclass,Gaussian,8,4,simhash,8,256,0.5196338437847549,0.24118620802398122,0.43243481056974536,0.7515360388861194,0.04186,18.6082,0.1
GPS_Tracker,multiclass,Gaussian,8,4,simhash,8,1024,0.5141586106595945,0.24889292343224134,0.4422898035269134,0.713780295023867,0.04809,18.5035,0.1
GPS_Tracker,multiclass,Gaussian,8,4,h3,2,16,0.521943707759432,0.21605167563540884,0.4068934463303541,0.7270093157431707,0.01402,10.5068,0.1
GPS_Tracker,multiclass,Gaussian,8,4,h3,2,64,0.5088544785695953,0.2464596266310587,0.4361155636626279,0.7331110182359903,0.01336,11.5633,0.1
GPS_Tracker,multiclass,Gaussian,8,4,h3,2,256,0.5176661818804004,0.26688158382697613,0.46685420856283155,0.7114471791130319,0.01306,10.5511,0.1
GPS_Tracker,multiclass,Gaussian,8,4,h3,2,1024,0.4917443750534691,0.22107785408440275,0.39772382788203564,0.727647504537886,0.01431,12.9764,0.1
GPS_Tracker,multiclass,Gaussian,8,4,h3,4,16,0.5129609034134657,0.2675876660322623,0.4643171813012579,0.7388070369920098,0.01429,11.4177,0.1
GPS_Tracker,multiclass,Gaussian,8,4,h3,4,64,0.5130464539310463,0.2596296266036017,0.43571101821161407,0.7614596761739809,0.01394,12.0132,0.1
GPS_Tracker,multiclass,Gaussian,8,4,h3,4,256,0.5155274189408846,0.27596290761229963,0.47093343054715525,0.7797266148757955,0.01474,13.4021,0.1
GPS_Tracker,multiclass,Gaussian,8,4,h3,4,1024,0.5186072375737873,0.2807537907224871,0.4627743158364332,0.7728029513434447,0.01539,11.2157,0.1
GPS_Tracker,multiclass,Gaussian,8,4,h3,8,16,0.5108221404739499,0.25250592285559154,0.4504803116773194,0.7669421261195266,0.01752,12.7626,0.1
GPS_Tracker,multiclass,Gaussian,8,4,h3,8,64,0.5184361365386261,0.2888929446133156,0.47179203097705696,0.7951820112787967,0.01596,12.2709,0.1
GPS_Tracker,multiclass,Gaussian,8,4,h3,8,256,0.5117631961673368,0.2643253557726648,0.4633924656981976,0.7798559049514725,0.01617,11.7304,0.1
GPS_Tracker,multiclass,Gaussian,8,4,h3,8,1024,0.5081700744289503,0.2775134289319656,0.4799297448369941,0.7751167966979081,0.01663,11.2782,0.1
GPS_Tracker,multiclass,Gaussian,8,8,murmur,2,16,0.5104799384036274,0.2961542427340337,0.482961269115928,0.6762044706897798,0.00987,5.914,0.1
GPS_Tracker,multiclass,Gaussian,8,8,murmur,2,64,0.5169817777397553,0.28825969769325904,0.4736749845613435,0.6876288656577728,0.00945,5.7383,0.1
GPS_Tracker,multiclass,Gaussian,8,8,murmur,2,256,0.5205748994781418,0.26408938978747004,0.44167555627841726,0.7105220618190125,0.00977,5.9894,0.1
GPS_Tracker,multiclass,Gaussian,8,8,murmur,2,1024,0.5183505860210454,0.23506948055466442,0.4234084719979418,0.6668450597916097,0.01082,5.5657,0.1
GPS_Tracker,multiclass,Gaussian,8,8,murmur,4,16,0.5102232868508855,0.2476372612690365,0.44142546937549837,0.6605607215275486,0.01057,6.283,0.1
GPS_Tracker,multiclass,Gaussian,8,8,murmur,4,64,0.5183505860210454,0.2975795407194367,0.481602525860308,0.7359039929389211,0.00997,5.9197,0.1
GPS_Tracker,multiclass,Gaussian,8,8,murmur,4,256,0.5173239798100778,0.27849746538273706,0.4598578892998561,0.7171698693893034,0.0099,6.2369,0.1
GPS_Tracker,multiclass,Gaussian,8,8,murmur,4,1024,0.517751732397981,0.2648877829274264,0.4418224741604983,0.6681003551435098,0.01053,5.7242,0.1
GPS_Tracker,multiclass,Gaussian,8,8,murmur,8,16,0.47831294379330996,0.22180447637083156,0.40009479381589164,0.6453174193815988,0.00935,6.2286,0.1
GPS_Tracker,multiclass,Gaussian,8,8,murmur,8,64,0.5152707673881427,0.25791000310896367,0.43523437525344416,0.651910985080246,0.00997,5.754,0.1
GPS_Tracker,multiclass,Gaussian,8,8,murmur,8,256,0.5146719137650783,0.2654197228951646,0.44375871626871904,0.6685353825272637,0.01908,5.813,0.1
GPS_Tracker,multiclass,Gaussian,8,8,murmur,8,1024,0.5204893489605612,0.264716440963883,0.4422219066298692,0.68024252971011,0.01094,6.3636,0.1
GPS_Tracker,multiclass,Gaussian,8,8,simhash,2,16,0.5189494396441099,0.2790066877422801,0.46111163662084326,0.643693017573443,0.02652,11.818,0.1
GPS_Tracker,multiclass,Gaussian,8,8,simhash,2,64,0.5165540251518521,0.26392126153361944,0.44140557048792706,0.6808561881879691,0.02571,11.0704,0.1
GPS_Tracker,multiclass,Gaussian,8,8,simhash,2,256,0.5169817777397553,0.2675612855846271,0.44366115400299305,0.6577754091334727,0.02733,11.1454,0.1
GPS_Tracker,multiclass,Gaussian,8,8,simhash,2,1024,0.5209171015484644,0.2673764261956646,0.44495266398989824,0.698650527369247,0.027,10.3862,0.1
GPS_Tracker,multiclass,Gaussian,8,8,simhash,4,16,0.5065446145949183,0.280237273720193,0.4796934227286073,0.6784328448476289,0.02544,12.0817,0.1
GPS_Tracker,multiclass,Gaussian,8,8,simhash,4,64,0.5186072375737873,0.2765239598578736,0.4599867357722973,0.7394498847065856,0.02779,11.1336,0.1
GPS_Tracker,multiclass,Gaussian,8,8,simhash,4,256,0.5192916417144323,0.28322280430808494,0.4620374276791252,0.7212784348449541,0.03379,11.226,0.1
GPS_Tracker,multiclass,Gaussian,8,8,simhash,4,1024,0.5176661818804004,0.2601572976448613,0.43763884606271836,0.7428156200885725,0.02734,11.3972,0.1
GPS_Tracker,multiclass,Gaussian,8,8,simhash,8,16,0.4907177688425015,0.23285344193649482,0.4096737432804476,0.7206072656199846,0.0288,14.3585,0.1
GPS_Tracker,multiclass,Gaussian,8,8,simhash,8,64,0.5191205406792712,0.2680992993064954,0.44464733454619504,0.709917721996893,0.0284,11.7136,0.1
GPS_Tracker,multiclass,Gaussian,8,8,simhash,8,256,0.5189494396441099,0.301212631809584,0.48657923911794493,0.7138923906338139,0.03315,11.1151,0.1
GPS_Tracker,multiclass,Gaussian,8,8,simhash,8,1024,0.49961502267088714,0.2544891849793359,0.44792095793263975,0.6729314643895457,0.02792,11.0409,0.1
GPS_Tracker,multiclass,Gaussian,8,8,h3,2,16,0.510565488921208,0.2462069222153063,0.44020839441565557,0.6628252844119629,0.00954,5.9546,0.1
GPS_Tracker,multiclass,Gaussian,8,8,h3,2,64,0.5179228334331423,0.2653530091491691,0.44320644269903536,0.6721178907352743,0.00887,5.1662,0.1
GPS_Tracker,multiclass,Gaussian,8,8,h3,2,256,0.5202326974078193,0.26328029636121764,0.45236987072141166,0.721578520173382,0.00951,6.1342,0.1
GPS_Tracker,multiclass,Gaussian,8,8,h3,2,1024,0.5180083839507229,0.2655854727041246,0.4422895449686855,0.6865371166706691,0.00976,6.0916,0.1
GPS_Tracker,multiclass,Gaussian,8,8,h3,4,16,0.4828471212250834,0.21332195193731884,0.41123937847071723,0.6543344943730403,0.00962,7.3292,0.1
GPS_Tracker,multiclass,Gaussian,8,8,h3,4,64,0.51219094875524,0.28480567354810454,0.48132558391500946,0.6811507759225672,0.00979,5.7984,0.1
GPS_Tracker,multiclass,Gaussian,8,8,h3,4,256,0.5211737531012063,0.2699337471351999,0.44576415204349257,0.7037896528510155,0.01676,6.1643,0.1
GPS_Tracker,multiclass,Gaussian,8,8,h3,4,1024,0.5192060911968518,0.26881680872143676,0.44560685459378135,0.7120589023293583,0.0103,6.5316,0.1
GPS_Tracker,multiclass,Gaussian,8,8,h3,8,16,0.5013260330224998,0.2643701619836066,0.4658770611654406,0.7312640782051482,0.01282,7.2565,0.1
GPS_Tracker,multiclass,Gaussian,8,8,h3,8,64,0.5172384292924972,0.2777033098784255,0.4727201383231421,0.7198977281736431,0.01232,6.6342,0.1
GPS_Tracker,multiclass,Gaussian,8,8,h3,8,256,0.48618359141072803,0.24571373050641146,0.42696050620845327,0.6600464793097909,0.01093,6.7904,0.1
GPS_Tracker,multiclass,Gaussian,8,8,h3,8,1024,0.5129609034134657,0.2605952683738812,0.45977993490333346,0.6651467397495152,0.01189,5.77,0.1
GPS_Tracker,multiclass,Gaussian,8,16,murmur,2,16,0.06903926768756952,0.08654929167342587,0.037634666001435294,0.7294326988981593,0.00815,2.6455,0.1
GPS_Tracker,multiclass,Gaussian,8,16,murmur,2,64,0.09761314055950039,0.09406787821757552,0.05485503201440233,0.7712596321588174,0.00736,4.3209,0.1
GPS_Tracker,multiclass,Gaussian,8,16,murmur,2,256,0.09898194884079049,0.09571361639790313,0.05767741809016351,0.772799029308574,0.00783,2.5416,0.1
GPS_Tracker,multiclass,Gaussian,8,16,murmur,2,1024,0.09898194884079049,0.09571361639790313,0.05767741809016351,0.7730274587662072,0.00727,2.7375,0.1
GPS_Tracker,multiclass,Gaussian,8,16,murmur,4,16,0.06741380785353751,0.0631015039697606,0.02560392396068563,0.6800694258750649,0.00765,2.6689,0.1
GPS_Tracker,multiclass,Gaussian,8,16,murmur,4,64,0.09727093848917787,0.09231271409306886,0.054186030661126705,0.7727802150065971,0.00781,2.5133,0.1
GPS_Tracker,multiclass,Gaussian,8,16,murmur,4,256,0.09898194884079049,0.09571361639790313,0.05767741809016351,0.7730274587662072,0.00792,3.0786,0.1
GPS_Tracker,multiclass,Gaussian,8,16,murmur,4,1024,0.09898194884079049,0.09571361639790313,0.05767741809016351,0.7730274587662072,0.00771,2.5398,0.1
GPS_Tracker,multiclass,Gaussian,8,16,murmur,8,16,0.02694841303789888,0.015414917116253188,0.0017682556166034348,0.657581434952363,0.00785,2.7039,0.1
GPS_Tracker,multiclass,Gaussian,8,16,murmur,8,64,0.07836427410385832,0.07715485689326022,0.04221552495518502,0.7591629011584184,0.00796,2.5999,0.1
GPS_Tracker,multiclass,Gaussian,8,16,murmur,8,256,0.09898194884079049,0.09571361639790313,0.05767741809016351,0.7730274587662072,0.00798,2.53,0.1
GPS_Tracker,multiclass,Gaussian,8,16,murmur,8,1024,0.09898194884079049,0.09571361639790313,0.05767741809016351,0.7730274587662072,0.01044,2.7251,0.1
GPS_Tracker,multiclass,Gaussian,8,16,simhash,2,16,0.05150141158354008,0.044703665401091254,0.025341438320571622,0.702959582470756,0.02104,7.5148,0.1
GPS_Tracker,multiclass,Gaussian,8,16,simhash,2,64,0.09898194884079049,0.09571361639790313,0.05767741809016351,0.7557321527003441,0.02222,7.3109,0.1
GPS_Tracker,multiclass,Gaussian,8,16,simhash,2,256,0.09898194884079049,0.09571361639790313,0.05767741809016351,0.7730274587662072,0.02519,7.3088,0.1
GPS_Tracker,multiclass,Gaussian,8,16,simhash,2,1024,0.09898194884079049,0.09571361639790313,0.05767741809016351,0.7730274587662072,0.02279,7.1831,0.1
GPS_Tracker,multiclass,Gaussian,8,16,simhash,4,16,0.05526563435708786,0.042192974148866275,0.022953718872988995,0.6573241126473299,0.02311,7.2275,0.1
GPS_Tracker,multiclass,Gaussian,8,16,simhash,4,64,0.09898194884079049,0.09571361639790313,0.05767741809016351,0.7730274587662072,0.02226,7.5449,0.1
GPS_Tracker,multiclass,Gaussian,8,16,simhash,4,256,0.09898194884079049,0.09571361639790313,0.05767741809016351,0.7730274587662072,0.02664,9.1021,0.1
GPS_Tracker,multiclass,Gaussian,8,16,simhash,4,1024,0.09898194884079049,0.09571361639790313,0.05767741809016351,0.7730274587662072,0.02183,7.1529,0.1
GPS_Tracker,multiclass,Gaussian,8,16,simhash,8,16,0.06972367182821457,0.0709954321293726,0.03170771413235182,0.6377748791729909,0.02274,7.6773,0.1
GPS_Tracker,multiclass,Gaussian,8,16,simhash,8,64,0.09898194884079049,0.09571361639790313,0.05767741809016351,0.7722613566431451,0.02324,7.4587,0.1
GPS_Tracker,multiclass,Gaussian,8,16,simhash,8,256,0.09898194884079049,0.09571361639790313,0.05767741809016351,0.7730274587662072,0.02312,7.4097,0.1
GPS_Tracker,multiclass,Gaussian,8,16,simhash,8,1024,0.09898194884079049,0.09571361639790313,0.05767741809016351,0.7730274587662072,0.02577,7.5222,0.1
GPS_Tracker,multiclass,Gaussian,8,16,h3,2,16,0.07973308238514842,0.07468927425719399,0.03754239552479421,0.6788318728461566,0.00711,2.5975,0.1
GPS_Tracker,multiclass,Gaussian,8,16,h3,2,64,0.09470442296175892,0.08733218878377674,0.04907299244472621,0.7698101176108214,0.00769,2.5367,0.1
GPS_Tracker,multiclass,Gaussian,8,16,h3,2,256,0.09778424159466165,0.09478161259702773,0.05514887426943044,0.7726670080938027,0.00782,2.4807,0.1
GPS_Tracker,multiclass,Gaussian,8,16,h3,2,1024,0.09898194884079049,0.09571361639790313,0.05767741809016351,0.7730274587662072,0.0075,2.6008,0.1
GPS_Tracker,multiclass,Gaussian,8,16,h3,4,16,0.09213790743433997,0.08432821227160503,0.043438226014128306,0.6715093403356175,0.00797,3.0587,0.1
GPS_Tracker,multiclass,Gaussian,8,16,h3,4,64,0.09898194884079049,0.09571361639790313,0.05767741809016351,0.7699747768524297,0.00809,2.6385,0.1
GPS_Tracker,multiclass,Gaussian,8,16,h3,4,256,0.09898194884079049,0.09571361639790313,0.05767741809016351,0.7730274587662072,0.00791,2.7039,0.1
GPS_Tracker,multiclass,Gaussian,8,16,h3,4,1024,0.09898194884079049,0.09571361639790313,0.05767741809016351,0.7730274587662072,0.00769,3.0568,0.1
GPS_Tracker,multiclass,Gaussian,8,16,h3,8,16,0.05483788176918471,0.048258557545549766,0.012674315946207614,0.6098742928460041,0.00922,3.1675,0.1
GPS_Tracker,multiclass,Gaussian,8,16,h3,8,64,0.09898194884079049,0.09571361639790313,0.05767741809016351,0.7687371686840414,0.00936,2.9081,0.1
GPS_Tracker,multiclass,Gaussian,8,16,h3,8,256,0.09898194884079049,0.09571361639790313,0.05767741809016351,0.7730274587662072,0.01006,3.2591,0.1
GPS_Tracker,multiclass,Gaussian,8,16,h3,8,1024,0.09898194884079049,0.09571361639790313,0.05767741809016351,0.7730274587662072,0.0088,2.9361,0.1
GPS_Tracker,multiclass,Gaussian,16,4,murmur,2,16,0.5443579433655573,0.31582493490732594,0.503798671267025,0.765287425867585,0.02342,24.1826,0.1
GPS_Tracker,multiclass,Gaussian,16,4,murmur,2,64,0.5298143553768501,0.3185318775426321,0.5128778710565867,0.7538268576142342,0.02508,26.9571,0.1
GPS_Tracker,multiclass,Gaussian,16,4,murmur,2,256,0.5292155017537856,0.297807959602878,0.47366460004056443,0.7598543901805546,0.03017,22.43,0.1
GPS_Tracker,multiclass,Gaussian,16,4,murmur,2,1024,0.5393104628283001,0.31118614655100907,0.49612559527596517,0.7609890674891109,0.02359,25.3975,0.1
GPS_Tracker,multiclass,Gaussian,16,4,murmur,4,16,0.5352895885020105,0.3178397245707403,0.518904243618703,0.7544599885929413,0.05303,43.4786,0.1
GPS_Tracker,multiclass,Gaussian,16,4,murmur,4,64,0.5381127555821713,0.32449578237741905,0.5091711372679067,0.7617983869730773,0.07266,52.3593,0.1
GPS_Tracker,multiclass,Gaussian,16,4,murmur,4,256,0.5328941740097528,0.3048651478045224,0.4986046135560264,0.7524880034002719,0.07299,55.609,0.1
GPS_Tracker,multiclass,Gaussian,16,4,murmur,4,1024,0.5420480793908803,0.32265431865113836,0.5127325627231396,0.769462520766915,0.05321,53.4303,0.1
GPS_Tracker,multiclass,Gaussian,16,4,murmur,8,16,0.5083411754641115,0.2851763978020896,0.4927247276644239,0.7752223218370322,0.05252,50.8853,0.1
GPS_Tracker,multiclass,Gaussian,16,4,murmur,8,64,0.5320386688339465,0.2810382721816437,0.49195978560465664,0.7572450339087091,0.05337,54.3179,0.1
GPS_Tracker,multiclass,Gaussian,16,4,murmur,8,256,0.5348618359141073,0.31783956478731024,0.5109316411960207,0.7697164550980725,0.05332,50.3814,0.1
GPS_Tracker,multiclass,Gaussian,16,4,murmur,8,1024,0.5122764992728206,0.2739480635348611,0.45806419555787997,0.7504900169975651,0.05452,51.492,0.1
GPS_Tracker,multiclass,Gaussian,16,4,simhash,2,16,0.5454701000941056,0.31576922846730454,0.5037247243516202,0.7617443176410019,0.16465,92.4384,0.1
GPS_Tracker,multiclass,Gaussian,16,4,simhash,2,64,0.5012404825049191,0.2965009789527955,0.48543003875684926,0.7389671233020134,0.16471,99.2302,0.1
GPS_Tracker,multiclass,Gaussian,16,4,simhash,2,256,0.5272478398494311,0.3153846809997084,0.4950573319999774,0.7565432381744849,0.16113,93.4559,0.1
GPS_Tracker,multiclass,Gaussian,16,4,simhash,2,1024,0.5344340833262041,0.28735761877328214,0.4996910117386711,0.7487777064416156,0.07788,42.1579,0.1
GPS_Tracker,multiclass,Gaussian,16,4,simhash,4,16,0.5422191804260416,0.32281072963164226,0.5149023332530536,0.7532129784376286,0.07981,41.0281,0.1
GPS_Tracker,multiclass,Gaussian,16,4,simhash,4,64,0.5026948413037899,0.25347467691856507,0.4476557511066168,0.7500746308151212,0.07949,43.308,0.1
GPS_Tracker,multiclass,Gaussian,16,4,simhash,4,256,0.5131320044486269,0.2752647241684204,0.46635993689867666,0.7377679346212779,0.07903,40.8794,0.1
GPS_Tracker,multiclass,Gaussian,16,4,simhash,4,1024,0.5349473864316879,0.30295576524269574,0.49373738426145153,0.740920754010477,0.07738,40.9914,0.1
GPS_Tracker,multiclass,Gaussian,16,4,simhash,8,16,0.5348618359141073,0.29493736714125707,0.5067187331192846,0.7450308524527491,0.08176,42.8509,0.1
GPS_Tracker,multiclass,Gaussian,16,4,simhash,8,64,0.5306698605526563,0.2620917859616397,0.46674710363822247,0.7589446205799728,0.1215,44.2289,0.1
GPS_Tracker,multiclass,Gaussian,16,4,simhash,8,256,0.5389682607579775,0.32174879128229894,0.5127815742023913,0.7562161746235452,0.08626,45.4968,0.1
GPS_Tracker,multiclass,Gaussian,16,4,simhash,8,1024,0.5288732996834631,0.2871903488219393,0.4914087565985744,0.7491144286428576,0.08724,47.6394,0.1
GPS_Tracker,multiclass,Gaussian,16,4,h3,2,16,0.5292155017537856,0.2871818105258811,0.4930665026841254,0.7671186180721095,0.02352,22.2118,0.1
GPS_Tracker,multiclass,Gaussian,16,4,h3,2,64,0.5403370690392677,0.3268246020458432,0.5208878903701583,0.7644574685919743,0.02399,21.1802,0.1
GPS_Tracker,multiclass,Gaussian,16,4,h3,2,256,0.5051758063136282,0.24988652619798235,0.4458000249407316,0.7525909041537209,0.02476,20.6324,0.1
GPS_Tracker,multiclass,Gaussian,16,4,h3,2,1024,0.530498759517495,0.298226528345069,0.5029345413227806,0.7528010056828467,0.02368,23.526,0.1
GPS_Tracker,multiclass,Gaussian,16,4,h3,4,16,0.5247668748395928,0.30429627065257503,0.4854865088387266,0.7650100610189351,0.0249,20.7278,0.1
GPS_Tracker,multiclass,Gaussian,16,4,h3,4,64,0.5298143553768501,0.3290303881460629,0.5232909689670819,0.7690211765747998,0.02476,21.3966,0.1
GPS_Tracker,multiclass,Gaussian,16,4,h3,4,256,0.5273333903670118,0.3204145504381295,0.5120982821500994,0.7910906815386312,0.02498,23.1451,0.1
GPS_Tracker,multiclass,Gaussian,16,4,h3,4,1024,0.5231414150055608,0.27593975839689616,0.48164249633920064,0.7878161269006148,0.02466,22.1836,0.1
GPS_Tracker,multiclass,Gaussian,16,4,h3,8,16,0.5202326974078193,0.2653115453164711,0.4724686347884275,0.7800625651375133,0.02772,24.3596,0.1
GPS_Tracker,multiclass,Gaussian,16,4,h3,8,64,0.5217726067242707,0.28124124439045023,0.4864655082074686,0.7768762301813039,0.02873,22.7662,0.1
GPS_Tracker,multiclass,Gaussian,16,4,h3,8,256,0.5506886816665241,0.337172608799372,0.5315985365916136,0.7937811374294167,0.0274,23.707,0.1
GPS_Tracker,multiclass,Gaussian,16,4,h3,8,1024,0.5283599965779793,0.3151600449060995,0.5063409947738773,0.7982946310555559,0.0517,51.8209,0.1
GPS_Tracker,multiclass,Gaussian,16,8,murmur,2,16,0.534006330738301,0.2708263516094574,0.4766115915961219,0.7494460126368295,0.03193,20.9435,0.1
GPS_Tracker,multiclass,Gaussian,16,8,murmur,2,64,0.544443493883138,0.3201977362548839,0.510237815059907,0.7764385442411639,0.03241,21.5427,0.1
GPS_Tracker,multiclass,Gaussian,16,8,murmur,2,256,0.5244246727692703,0.2999701433169607,0.4873669165197649,0.7679657243965512,0.03152,22.0803,0.1
GPS_Tracker,multiclass,Gaussian,16,8,murmur,2,1024,0.5407648216271709,0.3371970824692996,0.5243320615691988,0.7615853852361405,0.03227,22.0299,0.1
GPS_Tracker,multiclass,Gaussian,16,8,murmur,4,16,0.5080845239113697,0.2551439582607271,0.4489584908288358,0.7295572510890038,0.0338,24.4734,0.1
GPS_Tracker,multiclass,Gaussian,16,8,murmur,4,64,0.5360595431602361,0.3338843489054788,0.5233848642123327,0.7702929274161143,0.03105,22.0532,0.1
GPS_Tracker,multiclass,Gaussian,16,8,murmur,4,256,0.5371716998887843,0.3196765916570459,0.5065773576704088,0.7857272065567598,0.0356,22.1818,0.1
GPS_Tracker,multiclass,Gaussian,16,8,murmur,4,1024,0.5301565574471726,0.31498310264447144,0.5047147206702524,0.773242119212485,0.03473,23.1553,0.1
GPS_Tracker,multiclass,Gaussian,16,8,murmur,8,16,0.5328941740097528,0.28134797840210674,0.4868742340853775,0.7383217836581235,0.03411,26.0989,0.1
GPS_Tracker,multiclass,Gaussian,16,8,murmur,8,64,0.5325519719394303,0.3281258835915942,0.5182893687787885,0.7850186682992686,0.03676,22.1301,0.1
GPS_Tracker,multiclass,Gaussian,16,8,murmur,8,256,0.5169817777397553,0.2792126449101919,0.48674468585076064,0.7662480662240484,0.03356,21.7497,0.1
GPS_Tracker,multiclass,Gaussian,16,8,murmur,8,1024,0.5341774317734622,0.3268758592482608,0.5186650991177311,0.7808170090769798,0.03427,23.2714,0.1
GPS_Tracker,multiclass,Gaussian,16,8,simhash,2,16,0.5077423218410472,0.2932801485180231,0.4835000758812435,0.7594575800998572,0.11413,59.2838,0.1
GPS_Tracker,multiclass,Gaussian,16,8,simhash,2,64,0.5327230729745915,0.2977184562503845,0.5095738164719691,0.767469752995086,0.11141,54.1145,0.1
GPS_Tracker,multiclass,Gaussian,16,8,simhash,2,256,0.5469244588929763,0.3136881523912985,0.4984506477156653,0.7538276957128693,0.11221,53.5765,0.1
GPS_Tracker,multiclass,Gaussian,16,8,simhash,2,1024,0.5500898280434596,0.3253895581709408,0.5177318052580756,0.7764686999309843,0.11155,53.8111,0.1
GPS_Tracker,multiclass,Gaussian,16,8,simhash,4,16,0.5387116092052356,0.303261941464312,0.49572003164430395,0.7600285432341015,0.11431,56.7384,0.1
GPS_Tracker,multiclass,Gaussian,16,8,simhash,4,64,0.533065275044914,0.32376326270151407,0.5161729392231372,0.7644343840745114,0.1096,51.6138,0.1
GPS_Tracker,multiclass,Gaussian,16,8,simhash,4,256,0.5484643682094277,0.310738918095967,0.4951348064366319,0.7628080529578743,0.11478,55.3013,0.1
GPS_Tracker,multiclass,Gaussian,16,8,simhash,4,1024,0.5382838566173326,0.3036937584629318,0.49132744082898,0.7606666156818012,0.11544,59.7015,0.1
GPS_Tracker,multiclass,Gaussian,16,8,simhash,8,16,0.5197193943023355,0.29428897135966514,0.5018208875236322,0.7133218169349491,0.11716,59.111,0.1
GPS_Tracker,multiclass,Gaussian,16,8,simhash,8,64,0.5261356831208829,0.31169499793499356,0.5037215176188677,0.7547526032453682,0.12069,55.3127,0.1
GPS_Tracker,multiclass,Gaussian,16,8,simhash,8,256,0.5447001454358799,0.3018792176599488,0.489376997288395,0.7626021894952052,0.11704,53.9292,0.1
GPS_Tracker,multiclass,Gaussian,16,8,simhash,8,1024,0.5423902814612028,0.2939816000004779,0.4889072852213842,0.7634545090665805,0.1156,57.0223,0.1
GPS_Tracker,multiclass,Gaussian,16,8,h3,2,16,0.5450423475062024,0.29764863458289553,0.48750869754663334,0.766783410836172,0.03158,25.5676,0.1
GPS_Tracker,multiclass,Gaussian,16,8,h3,2,64,0.5371716998887843,0.30187286783601563,0.4976894047504491,0.7436972989231543,0.03101,21.5267,0.1
GPS_Tracker,multiclass,Gaussian,16,8,h3,2,256,0.5420480793908803,0.33144105142028457,0.5156666417021754,0.7728650557918342,0.03047,23.5195,0.1
GPS_Tracker,multiclass,Gaussian,16,8,h3,2,1024,0.5474377619984601,0.29474431878893875,0.4795629827283137,0.7771049713406952,0.03116,21.9056,0.1
GPS_Tracker,multiclass,Gaussian,16,8,h3,4,16,0.5373428009239456,0.33672488929943106,0.5301247161409953,0.7695259730081138,0.03354,23.9601,0.1
GPS_Tracker,multiclass,Gaussian,16,8,h3,4,64,0.5308409615878176,0.28290741134509273,0.46714795166498474,0.7844119604500467,0.03701,24.7115,0.1
GPS_Tracker,multiclass,Gaussian,16,8,h3,4,256,0.5252801779450765,0.2764931577529909,0.4649165930545037,0.7602360965766717,0.05356,36.2675,0.1
GPS_Tracker,multiclass,Gaussian,16,8,h3,4,1024,0.5290444007186244,0.27614376196259455,0.4806673768223678,0.8004798823925399,0.01606,10.5484,0.1
GPS_Tracker,multiclass,Gaussian,16,8,h3,8,16,0.5349473864316879,0.2889317668779009,0.5014937657988869,0.7870473710873445,0.01811,12.937,0.1
GPS_Tracker,multiclass,Gaussian,16,8,h3,8,64,0.5417058773205577,0.309826266411486,0.4963822545038033,0.80160452916394,0.01775,10.716,0.1
GPS_Tracker,multiclass,Gaussian,16,8,h3,8,256,0.5199760458550774,0.28500462944155996,0.47525029163803273,0.7619191805552155,0.01803,11.2206,0.1
GPS_Tracker,multiclass,Gaussian,16,8,h3,8,1024,0.526563435708786,0.29873480980346234,0.4980676919636025,0.7751511211784348,0.01857,11.5519,0.1
GPS_Tracker,multiclass,Gaussian,16,16,murmur,2,16,0.5310120626229788,0.3107731415327398,0.5031806847583173,0.7308554974079424,0.01154,5.972,0.1
GPS_Tracker,multiclass,Gaussian,16,16,murmur,2,64,0.544186842330396,0.2871341668318184,0.48535918307766046,0.7369226141541136,0.01136,5.5641,0.1
GPS_Tracker,multiclass,Gaussian,16,16,murmur,2,256,0.5297288048592694,0.32460284710061893,0.5184963000788209,0.7568002531975535,0.01153,5.5498,0.1
GPS_Tracker,multiclass,Gaussian,16,16,murmur,2,1024,0.5458978526820087,0.32576011961954277,0.4962899178682968,0.7610965949484889,0.01197,5.6181,0.1
GPS_Tracker,multiclass,Gaussian,16,16,murmur,4,16,0.4904611172897596,0.2769973391129825,0.45085236128389694,0.7021239829118169,0.01212,6.6666,0.1
GPS_Tracker,multiclass,Gaussian,16,16,murmur,4,64,0.5370861493712037,0.3189647401049269,0.5033797725355832,0.7532052354275371,0.01251,5.593,0.1
GPS_Tracker,multiclass,Gaussian,16,16,murmur,4,256,0.5439301907776543,0.3035201220873345,0.4882875703210609,0.7437522223695546,0.0197,11.6913,0.1
GPS_Tracker,multiclass,Gaussian,16,16,murmur,4,1024,0.5448712464710411,0.3039007930809361,0.48121845247366396,0.7443532460539348,0.02281,12.6632,0.1
GPS_Tracker,multiclass,Gaussian,16,16,murmur,8,16,0.49259988022927537,0.25118372386260074,0.42898532715032206,0.686170193136173,0.02422,17.3095,0.1
GPS_Tracker,multiclass,Gaussian,16,16,murmur,8,64,0.5447856959534605,0.3103744775748732,0.49280037626444656,0.7619979800380428,0.02573,13.9688,0.1
GPS_Tracker,multiclass,Gaussian,16,16,murmur,8,256,0.5325519719394303,0.3053616295512387,0.493874218511272,0.753037869604871,0.02426,12.5115,0.1
GPS_Tracker,multiclass,Gaussian,16,16,murmur,8,1024,0.5469244588929763,0.29977329234869715,0.4821200943619322,0.7485870110597541,0.02451,12.4771,0.1
GPS_Tracker,multiclass,Gaussian,16,16,simhash,2,16,0.5026092907862093,0.2670059124520445,0.4499681045218806,0.6924623474598408,0.08794,37.6178,0.1
GPS_Tracker,multiclass,Gaussian,16,16,simhash,2,64,0.5402515185216871,0.32427360773694863,0.5038565864823777,0.7635270495708247,0.09034,36.6433,0.1
GPS_Tracker,multiclass,Gaussian,16,16,simhash,2,256,0.5504320301137822,0.3177157725884254,0.5003812789900138,0.7529682711163506,0.09302,39.348,0.1
GPS_Tracker,multiclass,Gaussian,16,16,simhash,2,1024,0.5521430404653949,0.3042379581234661,0.48595249665184725,0.75761755702931,0.09261,38.2456,0.1
GPS_Tracker,multiclass,Gaussian,16,16,simhash,4,16,0.5143297116947557,0.29837839800868743,0.4821599318377439,0.6924686350968419,0.09645,40.6292,0.1
GPS_Tracker,multiclass,Gaussian,16,16,simhash,4,64,0.5446145949182992,0.3194093053760829,0.5075985771808507,0.7562263796380558,0.09606,38.6015,0.1
GPS_Tracker,multiclass,Gaussian,16,16,simhash,4,256,0.5488921207973309,0.31313553924368087,0.4917404056169902,0.7638858143396772,0.09571,37.8052,0.1
GPS_Tracker,multiclass,Gaussian,16,16,simhash,4,1024,0.5487210197621696,0.3109543954530735,0.49179433509682846,0.7317379126942989,0.09729,39.2404,0.1
GPS_Tracker,multiclass,Gaussian,16,16,simhash,8,16,0.5074001197707246,0.26980593519751495,0.47359957221194027,0.671644874978631,0.09682,42.9069,0.1
GPS_Tracker,multiclass,Gaussian,16,16,simhash,8,64,0.5385405081700745,0.29718783206034144,0.5003214234369838,0.7560445158991638,0.09607,40.2802,0.1
GPS_Tracker,multiclass,Gaussian,16,16,simhash,8,256,0.544186842330396,0.31120171588526774,0.49998681341820705,0.7728079201229429,0.09865,39.0169,0.1
GPS_Tracker,multiclass,Gaussian,16,16,simhash,8,1024,0.5453845495765249,0.2898874736917042,0.47532366340592364,0.7447781209401193,0.11154,39.2555,0.1
GPS_Tracker,multiclass,Gaussian,16,16,h3,2,16,0.5347762853965267,0.2551873926759928,0.4585939992376433,0.7349122489080394,0.02305,14.0415,0.1
GPS_Tracker,multiclass,Gaussian,16,16,h3,2,64,0.5477799640687826,0.3021102162027982,0.48462881406790664,0.7233356792058805,0.02295,12.6168,0.1
GPS_Tracker,multiclass,Gaussian,16,16,h3,2,256,0.5431602361194285,0.303191335605053,0.4894578622432194,0.7697992589445517,0.02314,12.0379,0.1
GPS_Tracker,multiclass,Gaussian,16,16,h3,2,1024,0.540508170074429,0.32163493587706293,0.5026765556927755,0.7380835293913739,0.02354,12.5357,0.1
GPS_Tracker,multiclass,Gaussian,16,16,h3,4,16,0.521943707759432,0.2740008465559383,0.4736987524046686,0.6676984783954115,0.02769,15.7936,0.1
GPS_Tracker,multiclass,Gaussian,16,16,h3,4,64,0.5346051843613654,0.28047067147584737,0.4694246053087694,0.7483559260255745,0.02695,13.0589,0.1
GPS_Tracker,multiclass,Gaussian,16,16,h3,4,256,0.548378817691847,0.30787748408876675,0.4924837276734725,0.7938953671587532,0.02417,13.1185,0.1
GPS_Tracker,multiclass,Gaussian,16,16,h3,4,1024,0.5482077166566858,0.3109521782327215,0.49214550147593833,0.7500042769774522,0.02362,13.3007,0.1
GPS_Tracker,multiclass,Gaussian,16,16,h3,8,16,0.4994439216357259,0.2787531652250535,0.47645255727852426,0.6579412297354079,0.02936,17.7093,0.1
GPS_Tracker,multiclass,Gaussian,16,16,h3,8,64,0.5393960133458807,0.28597753046293456,0.488285614149295,0.7476660233611114,0.03203,14.5139,0.1
GPS_Tracker,multiclass,Gaussian,16,16,h3,8,256,0.5535118487466849,0.30650211340436245,0.49057903606939135,0.7520698111396773,0.02888,14.9229,0.1
GPS_Tracker,multiclass,Gaussian,16,16,h3,8,1024,0.5362306441953973,0.3093645344931347,0.5050647919149573,0.7418219008783784,0.03668,19.899,0.1
Modbus,binary,Distributive,8,4,murmur,2,16,0.5011787398199743,0.49484429757872384,0.4968567710946044,0.4979443294701987,0.02267,2.3857,0.1
Modbus,binary,Distributive,8,4,murmur,2,64,0.5100728675525075,0.5049642454035108,0.5067533409240456,0.5077064937454011,0.03732,5.0445,0.1
Modbus,binary,Distributive,8,4,murmur,2,256,0.5142520360051436,0.5127911797582319,0.5137403074959513,0.5131149282560706,0.03839,4.8041,0.1
Modbus,binary,Distributive,8,4,murmur,2,1024,0.4951778825546507,0.4950722136154754,0.4948123462983926,0.4962390544518029,0.04013,4.7416,0.1
Modbus,binary,Distributive,8,4,murmur,4,16,0.5020360051435919,0.5015645686044601,0.5021099237647102,0.5015767108167771,0.04034,4.7761,0.1
Modbus,binary,Distributive,8,4,murmur,4,64,0.49057008144020575,0.48903198283241245,0.4900293436484034,0.4893425772626932,0.03844,4.8405,0.1
Modbus,binary,Distributive,8,4,murmur,4,256,0.5143591941705958,0.5143286550547315,0.5144656683853659,0.5144964357983811,0.04088,4.7691,0.1
Modbus,binary,Distributive,8,4,murmur,4,1024,0.5041791684526361,0.49571510121811685,0.4980393942883074,0.5002664643119941,0.04094,4.8309,0.1
Modbus,binary,Distributive,8,4,murmur,8,16,0.49485640805829406,0.4864207223402761,0.48876240098440815,0.49091823031640913,0.04164,4.9922,0.1
Modbus,binary,Distributive,8,4,murmur,8,64,0.5006429489927132,0.4996099714028124,0.49880113045977686,0.5033357247976453,0.04108,4.8448,0.1
Modbus,binary,Distributive,8,4,murmur,8,256,0.4997856836690956,0.4963925558478579,0.4978632065484465,0.49804605868285506,0.0412,4.8669,0.1
Modbus,binary,Distributive,8,4,murmur,8,1024,0.5017145306472354,0.5017126767938322,0.501678483497732,0.5023635485651213,0.04243,5.1054,0.1
Modbus,binary,Distributive,8,4,simhash,2,16,0.5027861123017574,0.48170635219877356,0.4854249921319248,0.49611253679175865,0.06605,6.5297,0.1
Modbus,binary,Distributive,8,4,simhash,2,64,0.4965709387055294,0.4898134061766534,0.4919023268466598,0.49310062545989697,0.05855,5.9043,0.1
Modbus,binary,Distributive,8,4,simhash,2,256,0.503643377625375,0.5028787058205313,0.5021850691013834,0.5059248988226638,0.06083,5.9581,0.1
Modbus,binary,Distributive,8,4,simhash,2,1024,0.4969995713673382,0.4932568528956994,0.4948062076744825,0.4952445272259014,0.06107,5.9639,0.1
Modbus,binary,Distributive,8,4,simhash,4,16,0.5068581225889413,0.5009662085215338,0.5028953164804878,0.5038832781456953,0.06149,6.2113,0.1
Modbus,binary,Distributive,8,4,simhash,4,64,0.5006429489927132,0.4908534170950736,0.49336510534083583,0.496100326526858,0.06301,6.4212,0.1
Modbus,binary,Distributive,8,4,simhash,4,256,0.4951778825546507,0.49517156975182963,0.49523508037415026,0.49678759657836646,0.07227,6.7283,0.1
Modbus,binary,Distributive,8,4,simhash,4,1024,0.49324903557651095,0.49099502595040223,0.4897899837670397,0.49497295805739516,0.06416,6.4963,0.1
Modbus,binary,Distributive,8,4,simhash,8,16,0.5130732961851693,0.4942139352296818,0.4976885788685396,0.5068450147167035,0.06936,7.3404,0.1
Modbus,binary,Distributive,8,4,simhash,8,64,0.4915345049292756,0.4895559370177267,0.48842532678255596,0.4943751839587932,0.07713,8.3934,0.1
Modbus,binary,Distributive,8,4,simhash,8,256,0.5116802400342906,0.5101884971399603,0.5111501644038781,0.5102701434878587,0.06922,7.581,0.1
Modbus,binary,Distributive,8,4,simhash,8,1024,0.5004286326618088,0.4944599009403283,0.4964141602416415,0.4971922369389258,0.14333,14.7902,0.1
Modbus,binary,Distributive,8,4,h3,2,16,0.4978568366909559,0.4973579475848837,0.496794576213401,0.49950496688741725,0.03798,4.8872,0.1
Modbus,binary,Distributive,8,4,h3,2,64,0.5037505357908273,0.5032741454021261,0.5027268733984973,0.5043980638337013,0.03819,4.5386,0.1
Modbus,binary,Distributive,8,4,h3,2,256,0.4992498928418346,0.48613220700534276,0.4890531135765803,0.4936962610375276,0.03822,4.7229,0.1
Modbus,binary,Distributive,8,4,h3,2,1024,0.4996785255036434,0.4821056234470176,0.4854995754439924,0.4936554911699779,0.04056,6.0168,0.1
Modbus,binary,Distributive,8,4,h3,4,16,0.4987141020145735,0.4969283136119986,0.49799464769411167,0.4972237858719647,0.0424,4.7712,0.1
Modbus,binary,Distributive,8,4,h3,4,64,0.5100728675525075,0.5099777735726994,0.5097349181781126,0.5112155077262693,0.03924,5.0,0.1
Modbus,binary,Distributive,8,4,h3,4,256,0.5065366480925847,0.5065366424262079,0.506538523663299,0.5062710402869758,0.04164,4.9203,0.1
Modbus,binary,Distributive,8,4,h3,4,1024,0.5027861123017574,0.5001632704926632,0.5014514117361829,0.5010059786607799,0.04877,5.109,0.1
Modbus,binary,Distributive,8,4,h3,8,16,0.5042863266180883,0.4907034675996955,0.4936624631338861,0.4991080757910228,0.04829,5.4134,0.1
Modbus,binary,Distributive,8,4,h3,8,64,0.5095370767252465,0.5090194698130909,0.5095866166607333,0.5088278145695364,0.04696,5.4489,0.1
Modbus,binary,Distributive,8,4,h3,8,256,0.4961423060437205,0.49595477850576675,0.4956088943802075,0.4969910779985283,0.04733,5.5738,0.1
Modbus,binary,Distributive,8,4,h3,8,1024,0.5054650664380625,0.5039068882725044,0.5048960185802774,0.504596141464312,0.04934,5.4242,0.1
Modbus,binary,Distributive,8,8,murmur,2,16,0.5022503214744963,0.49532721922959266,0.49743011945402826,0.4982279939293598,0.024,2.9921,0.1
Modbus,binary,Distributive,8,8,murmur,2,64,0.5103943420488641,0.5028844319234507,0.5050581809745729,0.5068814615526123,0.02365,3.9742,0.1
Modbus,binary,Distributive,8,8,murmur,2,256,0.5091084440634376,0.5039350581467907,0.5057373290012783,0.5071370722958057,0.02445,3.0301,0.1
Modbus,binary,Distributive,8,8,murmur,2,1024,0.5127518216888127,0.5127251823961663,0.5128533598622332,0.5134860191317145,0.0248,2.9559,0.1
Modbus,binary,Distributive,8,8,murmur,4,16,0.5229318474067723,0.5036349549795471,0.5071167855696769,0.5163662389624724,0.02468,2.9916,0.1
Modbus,binary,Distributive,8,8,murmur,4,64,0.5155379339905701,0.5120676934531735,0.5135316322821641,0.5123818524650479,0.02595,3.0273,0.1
Modbus,binary,Distributive,8,8,murmur,4,256,0.49057008144020575,0.4894453703450097,0.48859284960618526,0.49336766464311993,0.02532,2.9891,0.1
Modbus,binary,Distributive,8,8,murmur,4,1024,0.5166095156450922,0.49613850413264515,0.49975167575525675,0.509708885209713,0.02536,3.1522,0.1
Modbus,binary,Distributive,8,8,murmur,8,16,0.48853407629661383,0.48600189581479547,0.4872853827155034,0.486652961736571,0.0262,3.0986,0.1
Modbus,binary,Distributive,8,8,murmur,8,64,0.5072867552507501,0.5044987642879208,0.5058210685731485,0.5049846854304636,0.02556,3.1135,0.1
Modbus,binary,Distributive,8,8,murmur,8,256,0.5091084440634376,0.5066482006064192,0.507887655580213,0.506126195732156,0.03099,3.2554,0.1
Modbus,binary,Distributive,8,8,murmur,8,1024,0.5136090870124304,0.5113321913227151,0.5125188936288148,0.5107831125827814,0.02497,3.2874,0.1
Modbus,binary,Distributive,8,8,simhash,2,16,0.5226103729104158,0.5178319965292861,0.5195396617160838,0.5198956033848419,0.10519,10.5596,0.1
Modbus,binary,Distributive,8,8,simhash,2,64,0.4969995713673382,0.4958890551955144,0.4967308163120567,0.49563596854304637,0.10964,10.7423,0.1
Modbus,binary,Distributive,8,8,simhash,2,256,0.5031075867981141,0.5010380798630634,0.5021813016641229,0.5019185522442973,0.11058,11.4262,0.1
Modbus,binary,Distributive,8,8,simhash,2,1024,0.4959279897128161,0.49366408338167034,0.49245956911574024,0.4980825974981603,0.10508,10.7027,0.1
Modbus,binary,Distributive,8,8,simhash,4,16,0.502571795970853,0.48566354987499905,0.4889812435533818,0.496538286423841,0.10989,11.1277,0.1
Modbus,binary,Distributive,8,8,simhash,4,64,0.5019288469781398,0.499425001255617,0.5006845115281587,0.5004000413907285,0.10325,11.0539,0.1
Modbus,binary,Distributive,8,8,simhash,4,256,0.5137162451778825,0.513716155834917,0.5137087403687804,0.5141496964679911,0.10844,10.6226,0.1
Modbus,binary,Distributive,8,8,simhash,4,1024,0.5012858979854264,0.49932510361845167,0.49821040545092493,0.5048579148270788,0.10715,10.4223,0.1
Modbus,binary,Distributive,8,8,simhash,8,16,0.5034290612944706,0.49960305653870857,0.501159715336396,0.5009522626931567,0.11097,11.1137,0.1
Modbus,binary,Distributive,8,8,simhash,8,64,0.5100728675525075,0.5059742444640298,0.5075751184232941,0.5075881852465047,0.10777,10.3545,0.1
Modbus,binary,Distributive,8,8,simhash,8,256,0.505143591941706,0.5042327387877794,0.5049887469055384,0.5042331447755702,0.11104,11.1464,0.1
Modbus,binary,Distributive,8,8,simhash,8,1024,0.5101800257179597,0.5057752188177641,0.5074351460491658,0.5072135301692421,0.11302,11.2385,0.1
Modbus,binary,Distributive,8,8,h3,2,16,0.5061080154307758,0.5052034854569908,0.5044508439750442,0.5089115618101546,0.02508,2.8683,0.1
Modbus,binary,Distributive,8,8,h3,2,64,0.5048221174453493,0.5048036427326925,0.504911249830974,0.5052801692420897,0.02616,3.0962,0.1
Modbus,binary,Distributive,8,8,h3,2,256,0.5054650664380625,0.5042341372652716,0.5051129942230492,0.5038377943340692,0.02601,2.9892,0.1
Modbus,binary,Distributive,8,8,h3,2,1024,0.5092156022288898,0.5082664232375746,0.5090350267134689,0.5081344968727005,0.02499,2.9721,0.1
Modbus,binary,Distributive,8,8,h3,4,16,0.4928204029147021,0.491354378165183,0.492325875603986,0.49153256070640183,0.02826,3.2126,0.1
Modbus,binary,Distributive,8,8,h3,4,64,0.48874839262751824,0.48863818288934713,0.4889052605030172,0.4891753817144959,0.02725,3.395,0.1
Modbus,binary,Distributive,8,8,h3,4,256,0.5002143163309044,0.5000746135898179,0.5003719296798225,0.5017832275570272,0.02754,3.3302,0.1
Modbus,binary,Distributive,8,8,h3,4,1024,0.5105015002143163,0.5075537971839408,0.5089092506549722,0.5081345658572479,0.03122,3.2567,0.1
Modbus,binary,Distributive,8,8,h3,8,16,0.5086798114016288,0.507035273393661,0.508048235580387,0.5072670161883738,0.04738,5.3608,0.1
Modbus,binary,Distributive,8,8,h3,8,64,0.5072867552507501,0.5072278848479406,0.5070362674584036,0.5079103660779984,0.03183,3.5991,0.1
Modbus,binary,Distributive,8,8,h3,8,256,0.5079297042434634,0.48913377539176284,0.49261994767040224,0.5024465369757174,0.03244,3.6054,0.1
Modbus,binary,Distributive,8,8,h3,8,1024,0.513394770681526,0.5118733177044282,0.5109037929666232,0.5155219140912435,0.0327,3.8626,0.1
Modbus,binary,Distributive,8,16,murmur,2,16,0.5117873981997428,0.5080813259043803,0.5096003580056894,0.509142798013245,0.01713,2.0648,0.1
Modbus,binary,Distributive,8,16,murmur,2,64,0.5084654950707244,0.5061790144108882,0.5073744657165034,0.506616169977925,0.01735,2.1123,0.1
Modbus,binary,Distributive,8,16,murmur,2,256,0.5169309901414488,0.5108795171841758,0.5128150557408373,0.5133636865342163,0.01751,1.9983,0.1
Modbus,binary,Distributive,8,16,murmur,2,1024,0.5349335619374196,0.5336895637386462,0.5345464255685067,0.5345223969830758,0.01898,2.1157,0.1
Modbus,binary,Distributive,8,16,murmur,4,16,0.520681525932276,0.3948780739517154,0.4046939954693526,0.5053890268579838,0.01845,2.152,0.1
Modbus,binary,Distributive,8,16,murmur,4,64,0.5158594084869267,0.487478430368796,0.4917691793374751,0.5088848188005887,0.01698,2.2093,0.1
Modbus,binary,Distributive,8,16,murmur,4,256,0.5090012858979854,0.5061587601357095,0.5074916959451383,0.5082444812362031,0.01842,1.6524,0.1
Modbus,binary,Distributive,8,16,murmur,4,1024,0.5316116588084012,0.5243762221622652,0.5264632464598474,0.5270959115158205,0.00905,1.0366,0.1
Modbus,binary,Distributive,8,16,murmur,8,16,0.5117873981997428,0.46861316817126686,0.47400183146805414,0.5022823767476086,0.01047,1.0196,0.1
Modbus,binary,Distributive,8,16,murmur,8,64,0.49464209172738965,0.4884098082559968,0.4904186607924069,0.49133728844738783,0.0093,0.9932,0.1
Modbus,binary,Distributive,8,16,murmur,8,256,0.5166095156450922,0.5112524837691863,0.5130728876410396,0.5146397626931567,0.00952,1.0259,0.1
Modbus,binary,Distributive,8,16,murmur,8,1024,0.5292541791684526,0.5268660284693044,0.5280619048375053,0.5277469876747609,0.01129,1.057,0.1
Modbus,binary,Distributive,8,16,simhash,2,16,0.5026789541363051,0.47911129193360225,0.48305308732468405,0.495092853200883,0.04454,4.268,0.1
Modbus,binary,Distributive,8,16,simhash,2,64,0.5131804543506215,0.5087017627971928,0.5103705906263043,0.5095459667034585,0.04386,4.2056,0.1
Modbus,binary,Distributive,8,16,simhash,2,256,0.5140377196742392,0.5126886946343102,0.5136008663517367,0.5123590185798381,0.04732,4.4648,0.1
Modbus,binary,Distributive,8,16,simhash,2,1024,0.528932704672096,0.5262364712810423,0.5275079904370507,0.5282152547829286,0.04405,4.2935,0.1
Modbus,binary,Distributive,8,16,simhash,4,16,0.517038148306901,0.45107314510477736,0.4578429692355671,0.5053449227373069,0.04655,4.4357,0.1
Modbus,binary,Distributive,8,16,simhash,4,64,0.5079297042434634,0.49540911966376483,0.498236897949792,0.5018215139808684,0.04488,4.3418,0.1
Modbus,binary,Distributive,8,16,simhash,4,256,0.5121088726960994,0.5074768105082443,0.5091760863605845,0.508600464495953,0.04377,4.3222,0.1
Modbus,binary,Distributive,8,16,simhash,4,1024,0.5290398628375482,0.5267792104642566,0.5279428330812067,0.527620355040471,0.04505,4.3343,0.1
Modbus,binary,Distributive,8,16,simhash,8,16,0.5094299185597942,0.4488449401798822,0.4553459785839323,0.4982652685798381,0.05058,4.649,0.1
Modbus,binary,Distributive,8,16,simhash,8,64,0.5151093013287612,0.5062648797199896,0.5086158388665966,0.5107159676232524,0.04707,4.3357,0.1
Modbus,binary,Distributive,8,16,simhash,8,256,0.4984997856836691,0.4957430149851766,0.4970694611763353,0.4963398638704929,0.08739,8.2405,0.1
Modbus,binary,Distributive,8,16,simhash,8,1024,0.535147878268324,0.5346006402293833,0.5351683996947842,0.5337434004782928,0.09485,9.3776,0.1
Modbus,binary,Distributive,8,16,h3,2,16,0.5030004286326618,0.4862714902325412,0.4895695944776956,0.4972098050036792,0.02012,2.299,0.1
Modbus,binary,Distributive,8,16,h3,2,64,0.5246463780540077,0.519981024080012,0.5216646083401931,0.5215226499264165,0.01011,1.0489,0.1
Modbus,binary,Distributive,8,16,h3,2,256,0.5140377196742392,0.5132849581091351,0.5139659304241612,0.5135292724429728,0.01038,1.0853,0.1
Modbus,binary,Distributive,8,16,h3,2,1024,0.5466138019717103,0.5462197427235274,0.5457440057402664,0.5512127943340692,0.01015,1.0606,0.1
Modbus,binary,Distributive,8,16,h3,4,16,0.497428204029147,0.49385583016142365,0.4953686211360208,0.49506594922737307,0.0117,1.2253,0.1
Modbus,binary,Distributive,8,16,h3,4,64,0.5107158165452207,0.5091325043611381,0.5101243150122993,0.5087166114790287,0.01119,1.2037,0.1
Modbus,binary,Distributive,8,16,h3,4,256,0.5163951993141878,0.5162289412844872,0.5165480029368605,0.5172124724061808,0.01153,1.1735,0.1
Modbus,binary,Distributive,8,16,h3,4,1024,0.5285040720102872,0.527583261540274,0.52832527386077,0.5287298795069905,0.01186,1.2028,0.1
Modbus,binary,Distributive,8,16,h3,8,16,0.5178954136305186,0.3537640329629895,0.36535059864056124,0.5005997056659309,0.01298,1.2999,0.1
Modbus,binary,Distributive,8,16,h3,8,64,0.5066438062580368,0.4609130638266371,0.46649901176159836,0.49691087196467987,0.01438,1.3339,0.1
Modbus,binary,Distributive,8,16,h3,8,256,0.5217531075867982,0.5023866522819119,0.505879136345585,0.5142403651582045,0.01286,1.3423,0.1
Modbus,binary,Distributive,8,16,h3,8,1024,0.5421131590227175,0.5380519080966989,0.5395928627337712,0.5409123206401766,0.01456,1.3599,0.1
Modbus,binary,Distributive,16,4,murmur,2,16,0.5138234033433348,0.5118656187825297,0.5129654233073813,0.5121705298013246,0.03382,3.9374,0.1
Modbus,binary,Distributive,16,4,murmur,2,64,0.5013930561508787,0.5013092158896433,0.5010791748422868,0.5024627713392199,0.03436,3.9571,0.1
Modbus,binary,Distributive,16,4,murmur,2,256,0.5053579082726104,0.5044291150163602,0.5051923807615956,0.5042746504782929,0.0339,3.9873,0.1
Modbus,binary,Distributive,16,4,murmur,2,1024,0.5063223317616803,0.503439883134236,0.5047858366424097,0.5046888107064018,0.03424,3.9651,0.1
Modbus,binary,Distributive,16,4,murmur,4,16,0.496892413201886,0.49685450666018316,0.4970098766829653,0.4976628035320088,0.03466,3.9777,0.1
Modbus,binary,Distributive,16,4,murmur,4,64,0.5004286326618088,0.5003592111934425,0.5005687378070572,0.5008583057395143,0.03422,4.0503,0.1
Modbus,binary,Distributive,16,4,murmur,4,256,0.5143591941705958,0.514314019902404,0.5144806627584005,0.5147101959161149,0.03646,4.1316,0.1
Modbus,binary,Distributive,16,4,murmur,4,1024,0.514466352336048,0.49916778661110844,0.5022819029941127,0.5089567466887418,0.03771,4.1469,0.1
Modbus,binary,Distributive,16,4,murmur,8,16,0.494320617231033,0.49252567456487545,0.491451943096111,0.4970655813097866,0.03695,4.3193,0.1
Modbus,binary,Distributive,16,4,murmur,8,64,0.5065366480925847,0.5064509065838669,0.5066823389488612,0.506999402133922,0.03581,5.2307,0.1
Modbus,binary,Distributive,16,4,murmur,8,256,0.5011787398199743,0.4995949745721717,0.500596517547925,0.49968182027225905,0.03729,4.1908,0.1
Modbus,binary,Distributive,16,4,murmur,8,1024,0.5069652807543935,0.5064853964716465,0.5070328933165675,0.505731765084621,0.03793,4.2193,0.1
Modbus,binary,Distributive,16,4,simhash,2,16,0.505143591941706,0.49840045160652036,0.5004695113027141,0.5014981604120677,0.12188,12.2869,0.1
Modbus,binary,Distributive,16,4,simhash,2,64,0.5006429489927132,0.5006223055474304,0.5007365326113286,0.5010385393671817,0.12423,12.8624,0.1
Modbus,binary,Distributive,16,4,simhash,2,256,0.508786969567081,0.5079363501844122,0.5086641997592731,0.5076753587196469,0.12956,14.4675,0.1
Modbus,binary,Distributive,16,4,simhash,2,1024,0.4956065152164595,0.4944878214887941,0.4953338495470741,0.4947938281824871,0.12721,12.5993,0.1
Modbus,binary,Distributive,16,4,simhash,4,16,0.5169309901414488,0.5144877468580341,0.5157130591995653,0.5150353890728477,0.13292,14.2414,0.1
Modbus,binary,Distributive,16,4,simhash,4,64,0.506215173596228,0.5061163585578301,0.5063648933513764,0.5059824089403974,0.13842,13.1062,0.1
Modbus,binary,Distributive,16,4,simhash,4,256,0.4913201885983712,0.48965536389168307,0.49069236539753763,0.4904938373804268,0.13014,13.0659,0.1
Modbus,binary,Distributive,16,4,simhash,4,1024,0.5078225460780111,0.5011033386144305,0.5031631510594062,0.5037149558498896,0.13586,13.342,0.1
Modbus,binary,Distributive,16,4,simhash,8,16,0.496892413201886,0.49410257202231134,0.49543911931180457,0.4948858075791023,0.30489,30.4806,0.1
Modbus,binary,Distributive,16,4,simhash,8,64,0.4996785255036434,0.4981501191894832,0.49913542190074767,0.49808579378219275,0.29274,29.6271,0.1
Modbus,binary,Distributive,16,4,simhash,8,256,0.5127518216888127,0.5081464803595515,0.5098396955548058,0.5096433728844739,0.29738,29.7428,0.1
Modbus,binary,Distributive,16,4,simhash,8,1024,0.5121088726960994,0.5101840301367706,0.5112764194183043,0.5111722314201619,0.29864,30.5698,0.1
Modbus,binary,Distributive,16,4,h3,2,16,0.48831975996570937,0.47713292746245645,0.4798538273826615,0.48309775110375275,0.07198,8.7061,0.1
Modbus,binary,Distributive,16,4,h3,2,64,0.497428204029147,0.49735319333745154,0.4975716455273015,0.4978441409124357,0.07538,8.2781,0.1
Modbus,binary,Distributive,16,4,h3,2,256,0.5004286326618088,0.4941459891737914,0.49615160228727384,0.49726193432671084,0.07288,9.5086,0.1
Modbus,binary,Distributive,16,4,h3,2,1024,0.5024646378054007,0.5020631091070965,0.5025661563819532,0.5021674025018396,0.07363,11.2502,0.1
Modbus,binary,Distributive,16,4,h3,4,16,0.5045006429489927,0.5044545516391694,0.5046245773598508,0.5044518027961736,0.0768,9.2522,0.1
Modbus,binary,Distributive,16,4,h3,4,64,0.4987141020145735,0.49760737115564896,0.4967684792717153,0.50133940397351,0.08852,8.9846,0.1
Modbus,binary,Distributive,16,4,h3,4,256,0.513930561508787,0.5089052870390944,0.5106726505178422,0.510718727005151,0.08027,9.4008,0.1
Modbus,binary,Distributive,16,4,h3,4,1024,0.5126446635233605,0.5113733824940206,0.5122600743044006,0.5116141004415011,0.08031,9.6022,0.1
Modbus,binary,Distributive,16,4,h3,8,16,0.5145735105015002,0.5133808311418144,0.5142379080842726,0.5137835724797646,0.08487,9.6427,0.1
Modbus,binary,Distributive,16,4,h3,8,64,0.4957136733819117,0.49474789161866073,0.4955337728573845,0.49434340507726265,0.0858,10.0632,0.1
Modbus,binary,Distributive,16,4,h3,8,256,0.503643377625375,0.49851174814045085,0.5003165161372674,0.5006096624356144,0.08778,10.1316,0.1
Modbus,binary,Distributive,16,4,h3,8,1024,0.5002143163309044,0.49779282194051855,0.4990334641281854,0.4983514532744665,0.09102,10.5171,0.1
Modbus,binary,Distributive,16,8,murmur,2,16,0.4991427346763823,0.498345582822989,0.49763414622264873,0.501344807763061,0.04523,5.0081,0.1
Modbus,binary,Distributive,16,8,murmur,2,64,0.5047149592798972,0.49919197289769907,0.5010630254271784,0.5007448951434879,0.04341,5.2472,0.1
Modbus,binary,Distributive,16,8,murmur,2,256,0.5072867552507501,0.5072809616329755,0.5072208528485642,0.5076121228844739,0.04403,5.104,0.1
Modbus,binary,Distributive,16,8,murmur,2,1024,0.5116802400342906,0.5098580361878385,0.5109212553038703,0.5103019913539367,0.04428,5.3731,0.1
Modbus,binary,Distributive,16,8,murmur,4,16,0.4975353621945992,0.4906757140786119,0.49277857942903464,0.49370329746136865,0.0517,5.6395,0.1
Modbus,binary,Distributive,16,8,murmur,4,64,0.5190741534504929,0.5155494210192016,0.5170195355508458,0.5173223417954378,0.05219,5.2149,0.1
Modbus,binary,Distributive,16,8,murmur,4,256,0.5199314187741105,0.5192781961084303,0.5199086319369356,0.5186352557027226,0.04325,5.3903,0.1
Modbus,binary,Distributive,16,8,murmur,4,1024,0.52475353621946,0.5247000442358547,0.5248794314940054,0.5249514578734363,0.04551,5.3703,0.1
Modbus,binary,Distributive,16,8,murmur,8,16,0.4992498928418346,0.49560767950680895,0.49408281843842505,0.5029095842531273,0.04487,5.0863,0.1
Modbus,binary,Distributive,16,8,murmur,8,64,0.5107158165452207,0.5096157179247621,0.5104420363455591,0.5097151857983812,0.04573,5.172,0.1
Modbus,binary,Distributive,16,8,murmur,8,256,0.5091084440634376,0.49977074230429863,0.502202206605502,0.5060594876747609,0.04317,5.382,0.1
Modbus,binary,Distributive,16,8,murmur,8,1024,0.5265752250321475,0.5169991134450586,0.5194186484883717,0.5226101453274465,0.04364,5.6728,0.1
Modbus,binary,Distributive,16,8,simhash,2,16,0.5071795970852979,0.4981611991212988,0.5005545709230955,0.5030095888520971,0.13615,11.2341,0.1
Modbus,binary,Distributive,16,8,simhash,2,64,0.5189669952850408,0.5170167375582344,0.5181086187813367,0.5167563925680648,0.11952,11.262,0.1
Modbus,binary,Distributive,16,8,simhash,2,256,0.5027861123017574,0.5023508089548463,0.5028744347199713,0.503079378219279,0.11476,12.6031,0.1
Modbus,binary,Distributive,16,8,simhash,2,1024,0.5096442348906987,0.5035731656847382,0.505526261592082,0.5064661745768947,0.11507,11.2692,0.1
Modbus,binary,Distributive,16,8,simhash,4,16,0.5106086583797685,0.5097829313211762,0.5104987051683111,0.5097937821927888,0.11926,11.3826,0.1
Modbus,binary,Distributive,16,8,simhash,4,64,0.511894556365195,0.5097094117235217,0.5108738868776719,0.5104267384105962,0.12231,11.9545,0.1
Modbus,binary,Distributive,16,8,simhash,4,256,0.5037505357908273,0.5027766631914584,0.5019937922399077,0.5065269499632081,0.11752,11.5361,0.1
Modbus,binary,Distributive,16,8,simhash,4,1024,0.49485640805829406,0.4934484022874998,0.4943985200027512,0.4929187821927888,0.11222,11.114,0.1
Modbus,binary,Distributive,16,8,simhash,8,16,0.4976425203600514,0.476250205496931,0.48001597884505187,0.4910740434142752,0.12326,13.5631,0.1
Modbus,binary,Distributive,16,8,simhash,8,64,0.5136090870124304,0.5118575442804167,0.5128978165291261,0.5122967025386314,0.24683,24.1722,0.1
Modbus,binary,Distributive,16,8,simhash,8,256,0.49035576510930134,0.4902410365652859,0.49051310711252244,0.490931222406181,0.24415,24.4117,0.1
Modbus,binary,Distributive,16,8,simhash,8,1024,0.5034290612944706,0.5003548452693459,0.4989605287115025,0.5062574273362767,0.25299,24.1475,0.1
Modbus,binary,Distributive,16,8,h3,2,16,0.5008572653236176,0.4969350719282253,0.49851537315064065,0.4986163079470199,0.04826,5.5142,0.1
Modbus,binary,Distributive,16,8,h3,2,64,0.5092156022288898,0.5078587502650089,0.5087780866976792,0.5081056613318615,0.0457,5.9365,0.1
Modbus,binary,Distributive,16,8,h3,2,256,0.5018216888126875,0.4987629048760945,0.5001559313053797,0.5005036561810154,0.04756,5.514,0.1
Modbus,binary,Distributive,16,8,h3,2,1024,0.5012858979854264,0.499117579503764,0.5002900253277247,0.4995413677336278,0.04635,5.8552,0.1
Modbus,binary,Distributive,16,8,h3,4,16,0.4944277753964852,0.49161612546439226,0.4902710710300192,0.4977034584253127,0.05365,5.9466,0.1
Modbus,binary,Distributive,16,8,h3,4,64,0.5007501071581655,0.49857235201564276,0.4997479856860778,0.49947861479028705,0.05098,5.9124,0.1
Modbus,binary,Distributive,16,8,h3,4,256,0.5020360051435919,0.5018316666131154,0.5021906104867567,0.5026674944812362,0.05165,5.7601,0.1
Modbus,binary,Distributive,16,8,h3,4,1024,0.5132876125160737,0.5125129732952538,0.511821628614307,0.5147279709345107,0.05335,5.7743,0.1
Modbus,binary,Distributive,16,8,h3,8,16,0.5075010715816545,0.5071184761551735,0.5066299312259744,0.5091366813833701,0.06005,6.5201,0.1
Modbus,binary,Distributive,16,8,h3,8,64,0.5140377196742392,0.5140011049422641,0.5141511801399887,0.5142619113318616,0.06413,6.5605,0.1
Modbus,binary,Distributive,16,8,h3,8,256,0.511894556365195,0.5106691308613912,0.5115403113052089,0.5113149144591611,0.05902,6.6578,0.1
Modbus,binary,Distributive,16,8,h3,8,1024,0.5154307758251179,0.5154079835991145,0.5155262182715065,0.5161619987122885,0.06229,7.1537,0.1
Modbus,binary,Distributive,16,16,murmur,2,16,0.514466352336048,0.4961131697003643,0.4995344255313845,0.5083908664459161,0.02936,3.6778,0.1
Modbus,binary,Distributive,16,16,murmur,2,64,0.5046078011144449,0.5025445424211649,0.5036843126144577,0.5033815075423106,0.02973,3.3279,0.1
Modbus,binary,Distributive,16,16,murmur,2,256,0.5208958422631804,0.5196513438734172,0.5205211827479465,0.5189795575791022,0.03046,3.4452,0.1
Modbus,binary,Distributive,16,16,murmur,2,1024,0.5627946849549935,0.5613475779332205,0.5622439203422293,0.5594723371964678,0.02901,3.6204,0.1
Modbus,binary,Distributive,16,16,murmur,4,16,0.5111444492070296,0.45085886291214683,0.4573319595000838,0.5006348417954378,0.03068,3.7,0.1
Modbus,binary,Distributive,16,16,murmur,4,64,0.5188598371195885,0.5000090689007347,0.5034629624154474,0.5120112444812362,0.03664,3.6051,0.1
Modbus,binary,Distributive,16,16,murmur,4,256,0.5270038576939563,0.5267360272546346,0.5271365664701968,0.5266115250183958,0.03119,3.5598,0.1
Modbus,binary,Distributive,16,16,murmur,4,1024,0.5682597513930562,0.5680593656975361,0.5683903510254598,0.5680830803899927,0.04451,5.4401,0.1
Modbus,binary,Distributive,16,16,murmur,8,16,0.5020360051435919,0.4877016111955199,0.49075030997243213,0.496713668138337,0.03236,3.4626,0.1
Modbus,binary,Distributive,16,16,murmur,8,64,0.5066438062580368,0.49584143527922253,0.4984669017250252,0.5016989284400294,0.02925,3.5744,0.1
Modbus,binary,Distributive,16,16,murmur,8,256,0.525825117873982,0.5202611119015605,0.5220991715859824,0.5230756300588669,0.01622,1.698,0.1
Modbus,binary,Distributive,16,16,murmur,8,1024,0.5373981997428204,0.535940636332048,0.536865896470435,0.5356730592347314,0.01567,1.7043,0.1
Modbus,binary,Distributive,16,16,simhash,2,16,0.5115730818688384,0.504460746793606,0.5065728176746231,0.5086430969462841,0.09725,8.5806,0.1
Modbus,binary,Distributive,16,16,simhash,2,64,0.5076082297471067,0.5075977751462304,0.5075170559022543,0.5079050312729947,0.09296,8.9187,0.1
Modbus,binary,Distributive,16,16,simhash,2,256,0.5156450921560223,0.5124623504820539,0.5138637698928729,0.5128098785871964,0.09314,8.774,0.1
Modbus,binary,Distributive,16,16,simhash,2,1024,0.5493999142734677,0.5493987500792177,0.549424517578617,0.5505074503311258,0.09566,10.7949,0.1
Modbus,binary,Distributive,16,16,simhash,4,16,0.5081440205743678,0.451285313374687,0.4575692983248515,0.49732128403237674,0.09268,8.7001,0.1
Modbus,binary,Distributive,16,16,simhash,4,64,0.5140377196742392,0.4868773409286984,0.4910772690812459,0.5066321284032377,0.09733,9.2139,0.1
Modbus,binary,Distributive,16,16,simhash,4,256,0.517038148306901,0.5118615997921978,0.51364995994504,0.513103775754231,0.09122,8.797,0.1
Modbus,binary,Distributive,16,16,simhash,4,1024,0.5457565366480925,0.5456003727243388,0.5459000630288835,0.5446763704930095,0.09529,9.0101,0.1
Modbus,binary,Distributive,16,16,simhash,8,16,0.5154307758251179,0.48461194425412224,0.4890956655869752,0.5073732523914642,0.09521,9.0323,0.1
Modbus,binary,Distributive,16,16,simhash,8,64,0.5120017145306472,0.44951931496449915,0.45611732916804915,0.5002896431199412,0.1105,9.7244,0.1
Modbus,binary,Distributive,16,16,simhash,8,256,0.5192884697813973,0.5191675303959188,0.5194388268552355,0.5191534676232524,0.10578,10.002,0.1
Modbus,binary,Distributive,16,16,simhash,8,1024,0.5433990570081441,0.5415352953290162,0.5425752430222438,0.540283641464312,0.11018,9.9233,0.1
Modbus,binary,Distributive,16,16,h3,2,16,0.5099657093870553,0.49199896545729915,0.49539780248560633,0.5043148454746137,0.0205,2.1637,0.1
Modbus,binary,Distributive,16,16,h3,2,64,0.5078225460780111,0.50663937532643,0.5074989216930054,0.5062199227373068,0.01896,2.1929,0.1
Modbus,binary,Distributive,16,16,h3,2,256,0.5280754393484783,0.5276441009715344,0.5281519177841068,0.5265741813833702,0.01898,2.4302,0.1
Modbus,binary,Distributive,16,16,h3,2,1024,0.5610801543077583,0.5595502216521614,0.5604737446369945,0.5572702124724063,0.02267,2.9312,0.1
Modbus,binary,Distributive,16,16,h3,4,16,0.5140377196742392,0.42857341919927106,0.4364354717782928,0.5008994205298014,0.02422,2.3319,0.1
Modbus,binary,Distributive,16,16,h3,4,64,0.5125375053579083,0.5010331596169577,0.503728602655769,0.5073752989330389,0.02219,2.3695,0.1
Modbus,binary,Distributive,16,16,h3,4,256,0.5222888984140591,0.520587093219814,0.5216032790552265,0.5199128955114054,0.04157,4.1838,0.1
Modbus,binary,Distributive,16,16,h3,4,1024,0.5460780111444492,0.54503882201069,0.5458123888098112,0.5430787113686534,0.04219,4.8657,0.1
Modbus,binary,Distributive,16,16,h3,8,16,0.5064294899271324,0.48201506195088095,0.4860158467920041,0.49933774834437095,0.05077,5.2863,0.1
Modbus,binary,Distributive,16,16,h3,8,64,0.5076082297471067,0.5070321926342178,0.5064326806546596,0.5094025018395879,0.04191,4.2236,0.1
Modbus,binary,Distributive,16,16,h3,8,256,0.5172524646378054,0.5170148216334671,0.5166336743994562,0.5169773730684326,0.03957,4.548,0.1
Modbus,binary,Distributive,16,16,h3,8,1024,0.5333261894556365,0.5321139795501526,0.5329612504735646,0.5335695594186901,0.05995,7.3117,0.1
Modbus,binary,Gaussian,8,4,murmur,2,16,0.511358765537934,0.5102799513616416,0.5094622200681962,0.5138680785504047,0.03738,4.6892,0.1
Modbus,binary,Gaussian,8,4,murmur,2,64,0.5055722246035148,0.5029173261480171,0.5042097400589045,0.5036096394407653,0.03951,4.753,0.1
Modbus,binary,Gaussian,8,4,murmur,2,256,0.49003429061294473,0.48475067040962244,0.48660692639639813,0.4880625689845475,0.04043,5.3949,0.1
Modbus,binary,Gaussian,8,4,murmur,2,1024,0.5027861123017574,0.502729011308529,0.5029185866060475,0.503209621044886,0.03786,4.5595,0.1
Modbus,binary,Gaussian,8,4,murmur,4,16,0.49624946420917276,0.4939504328861187,0.4951639120582235,0.4942567834805004,0.03888,4.7941,0.1
Modbus,binary,Gaussian,8,4,murmur,4,64,0.49774967852550367,0.48498788913179586,0.48787210565916894,0.4928955344002943,0.03937,4.6972,0.1
Modbus,binary,Gaussian,8,4,murmur,4,256,0.5068581225889413,0.5068573071609148,0.5068347469855159,0.5073983167770418,0.03802,4.7763,0.1
Modbus,binary,Gaussian,8,4,murmur,4,1024,0.5128589798542649,0.5114111366634971,0.51046490843646,0.5150563603752759,0.03931,4.7589,0.1
Modbus,binary,Gaussian,8,4,murmur,8,16,0.5213244749249892,0.4913606751349587,0.49575271996069387,0.5133393119941132,0.04058,5.0534,0.1
Modbus,binary,Gaussian,8,4,murmur,8,64,0.5008572653236176,0.5007904030752495,0.5009959425794923,0.5009747516556291,0.04299,6.0872,0.1
Modbus,binary,Gaussian,8,4,murmur,8,256,0.4989284183454779,0.4971818448353288,0.49823614011781875,0.49741406824871226,0.04017,5.1255,0.1
Modbus,binary,Gaussian,8,4,murmur,8,1024,0.4956065152164595,0.4956055363858197,0.49558053855717393,0.4962842163355408,0.04338,5.0658,0.1
Modbus,binary,Gaussian,8,4,simhash,2,16,0.50825117873982,0.5074727324768479,0.5081693474615022,0.5074791206769684,0.12612,13.0368,0.1
Modbus,binary,Gaussian,8,4,simhash,2,64,0.5106086583797685,0.5028337752634652,0.5050456528938103,0.5075759979764533,0.16742,17.6476,0.1
Modbus,binary,Gaussian,8,4,simhash,2,256,0.499464209172739,0.49715056843105365,0.498364041932222,0.4976346118469463,0.12384,12.6883,0.1
Modbus,binary,Gaussian,8,4,simhash,2,1024,0.4980711530218603,0.497766074061471,0.49732569921430037,0.49958029801324505,0.12583,12.9831,0.1
Modbus,binary,Gaussian,8,4,simhash,4,16,0.511894556365195,0.5053550714177285,0.5073784721656864,0.5084474797645329,0.12942,13.27,0.1
Modbus,binary,Gaussian,8,4,simhash,4,64,0.5013930561508787,0.5012726497070317,0.5009969604700851,0.5023520511405445,0.17847,18.5679,0.1
Modbus,binary,Gaussian,8,4,simhash,4,256,0.4979639948564081,0.4978145205858059,0.4981227532431966,0.49798050036791763,0.12807,12.9909,0.1
Modbus,binary,Gaussian,8,4,simhash,4,1024,0.510822974710673,0.5106773290233093,0.5103769913325966,0.5118657330757911,0.13061,13.0001,0.1
Modbus,binary,Gaussian,8,4,simhash,8,16,0.4945349335619374,0.4876084634625995,0.4897278994745628,0.4910200515084621,0.13484,14.1783,0.1
Modbus,binary,Gaussian,8,4,simhash,8,64,0.511894556365195,0.5117667266539704,0.5120477827077887,0.5119668874172186,0.12815,12.6702,0.1
Modbus,binary,Gaussian,8,4,simhash,8,256,0.5122160308615517,0.48239336874954797,0.48681351331257705,0.5035219370860928,0.13702,13.9161,0.1
Modbus,binary,Gaussian,8,4,simhash,8,1024,0.49014144877839694,0.4888559087895086,0.48794394452388695,0.4923290103016924,0.1252,13.5279,0.1
Modbus,binary,Gaussian,8,4,h3,2,16,0.5012858979854264,0.481969994401175,0.48552875133234674,0.49504267844002947,0.04054,4.6319,0.1
Modbus,binary,Gaussian,8,4,h3,2,64,0.5039648521217317,0.5023045322877332,0.5033272153765782,0.5027404801324504,0.03868,4.9097,0.1
Modbus,binary,Gaussian,8,4,h3,2,256,0.48906986712387485,0.4843587062130551,0.4861121876282929,0.48643083149374544,0.03848,4.8718,0.1
Modbus,binary,Gaussian,8,4,h3,2,1024,0.5131804543506215,0.5080281976279234,0.5098193486561284,0.509454999080206,0.04026,4.6629,0.1
Modbus,binary,Gaussian,8,4,h3,4,16,0.5022503214744963,0.499474147600483,0.500800319868357,0.5002339036055924,0.04187,4.9223,0.1
Modbus,binary,Gaussian,8,4,h3,4,64,0.5024646378054007,0.5023273418582042,0.5026214209192963,0.5024366721854304,0.03916,5.464,0.1
Modbus,binary,Gaussian,8,4,h3,4,256,0.5143591941705958,0.5112526262907723,0.5126388904521989,0.5125720198675496,0.04144,5.2909,0.1
Modbus,binary,Gaussian,8,4,h3,4,1024,0.49624946420917276,0.49413734814154303,0.4953002379167554,0.49474572295805747,0.03459,4.2696,0.1
Modbus,binary,Gaussian,8,4,h3,8,16,0.5061080154307758,0.48682415961306014,0.49036326416335396,0.49984418690213395,0.04203,4.4888,0.1
Modbus,binary,Gaussian,8,4,h3,8,64,0.5126446635233605,0.5123882433114875,0.5127860541074775,0.5122084253127299,0.04672,5.5572,0.1
Modbus,binary,Gaussian,8,4,h3,8,256,0.5064294899271324,0.504868378953018,0.5058574797992127,0.5050555095658573,0.04968,5.6456,0.1
Modbus,binary,Gaussian,8,4,h3,8,1024,0.5090012858979854,0.4914007581644268,0.4947667577079415,0.5028706309786608,0.04902,5.7446,0.1
Modbus,binary,Gaussian,8,8,murmur,2,16,0.5006429489927132,0.4921900689947925,0.49452092959222577,0.4961729672553349,0.02476,3.0712,0.1
Modbus,binary,Gaussian,8,8,murmur,2,64,0.5047149592798972,0.5045800426516543,0.5048709018761778,0.505602419058131,0.02591,3.0594,0.1
Modbus,binary,Gaussian,8,8,murmur,2,256,0.5083583369052722,0.5072629409833451,0.5064364149695275,0.5110404019499633,0.02433,3.137,0.1
Modbus,binary,Gaussian,8,8,murmur,2,1024,0.4938919845692242,0.49356534360457427,0.49402291660146774,0.4940923013245032,0.02534,2.9021,0.1
Modbus,binary,Gaussian,8,8,murmur,4,16,0.5151093013287612,0.512980342027761,0.5141259084587693,0.5134069168506254,0.02615,3.2186,0.1
Modbus,binary,Gaussian,8,8,murmur,4,64,0.5096442348906987,0.508812547240145,0.5095316105213529,0.5084525846210449,0.02557,3.3572,0.1
Modbus,binary,Gaussian,8,8,murmur,4,256,0.510822974710673,0.5107977579913858,0.5109227124809873,0.5108009565857248,0.02513,3.164,0.1
Modbus,binary,Gaussian,8,8,murmur,4,1024,0.5141448778396914,0.48900227730658025,0.493034810338944,0.5059572985651214,0.02654,2.8313,0.1
Modbus,binary,Gaussian,8,8,murmur,8,16,0.5256108015430776,0.4989928076503761,0.5031012102409744,0.518066225165563,0.03334,4.0961,0.1
Modbus,binary,Gaussian,8,8,murmur,8,64,0.5086798114016288,0.4729110086996523,0.477795929512921,0.49976508462104485,0.02691,3.1682,0.1
Modbus,binary,Gaussian,8,8,murmur,8,256,0.5052507501071581,0.5051881075804374,0.5053861772839734,0.5049606788079469,0.02707,3.2155,0.1
Modbus,binary,Gaussian,8,8,murmur,8,1024,0.5106086583797685,0.5095915051457156,0.5103860813191404,0.5097205895879323,0.02538,3.1526,0.1
Modbus,binary,Gaussian,8,8,simhash,2,16,0.49485640805829406,0.4943947075340175,0.49385114521465645,0.496453780353201,0.11173,11.097,0.1
Modbus,binary,Gaussian,8,8,simhash,2,64,0.5032147449635662,0.5021577346738698,0.5029738449440541,0.502995355040471,0.1138,12.9714,0.1
Modbus,binary,Gaussian,8,8,simhash,2,256,0.505143591941706,0.5041771594984059,0.5049559351565992,0.5037537711552612,0.11348,11.4156,0.1
Modbus,binary,Gaussian,8,8,simhash,2,1024,0.5147878268324046,0.5072527732303006,0.5094205702804727,0.51125,0.09773,9.2419,0.1
Modbus,binary,Gaussian,8,8,simhash,4,16,0.49174882126018005,0.4869019050045167,0.48867607942224567,0.4889098601913171,0.08381,8.8399,0.1
Modbus,binary,Gaussian,8,8,simhash,4,64,0.5171453064723532,0.508860921533597,0.5111302415003189,0.5126573307579102,0.11463,11.5661,0.1
Modbus,binary,Gaussian,8,8,simhash,4,256,0.5097513930561509,0.5093676082550317,0.509855794285574,0.5098537527593818,0.12271,11.7417,0.1
Modbus,binary,Gaussian,8,8,simhash,4,1024,0.5160737248178311,0.5019036093052694,0.504892477380346,0.5095917724429727,0.11076,10.6753,0.1
Modbus,binary,Gaussian,8,8,simhash,8,16,0.5065366480925847,0.5001971525938746,0.5021997334745328,0.5031667586460633,0.11003,10.9633,0.1
Modbus,binary,Gaussian,8,8,simhash,8,64,0.5028932704672096,0.5027765158008414,0.5025054490229796,0.50444782468727,0.11375,11.4047,0.1
Modbus,binary,Gaussian,8,8,simhash,8,256,0.5140377196742392,0.5131297447080526,0.5138777538613377,0.5133734363502575,0.11244,11.4977,0.1
Modbus,binary,Gaussian,8,8,simhash,8,1024,0.5216459494213459,0.5157929788040359,0.5176869225125611,0.5181173197203827,0.11443,11.85,0.1
Modbus,binary,Gaussian,8,8,h3,2,16,0.5008572653236176,0.49410659216373887,0.4961856492037015,0.4973771155261221,0.02617,3.1588,0.1
Modbus,binary,Gaussian,8,8,h3,2,64,0.5026789541363051,0.49523854977012044,0.49741879182623105,0.4983750689845474,0.02628,3.1115,0.1
Modbus,binary,Gaussian,8,8,h3,2,256,0.5078225460780111,0.5039456181537495,0.505505787936604,0.5055302612214865,0.02741,3.2836,0.1
Modbus,binary,Gaussian,8,8,h3,2,1024,0.508786969567081,0.5029181007958955,0.5048396633521417,0.5041353476821193,0.02526,2.7071,0.1
Modbus,binary,Gaussian,8,8,h3,4,16,0.5127518216888127,0.4855195742453785,0.48973061576900223,0.5052062178072112,0.02988,3.5353,0.1
Modbus,binary,Gaussian,8,8,h3,4,64,0.4978568366909559,0.4887126569882023,0.49114524325528097,0.49384607247976453,0.02896,3.573,0.1
Modbus,binary,Gaussian,8,8,h3,4,256,0.5008572653236176,0.49879917379061256,0.49994179317014054,0.49862444812362033,0.02951,3.3609,0.1
Modbus,binary,Gaussian,8,8,h3,4,1024,0.5063223317616803,0.5010531639873264,0.4992290099715958,0.5100430923473143,0.03453,4.1454,0.1
Modbus,binary,Gaussian,8,8,h3,8,16,0.4981783111873125,0.4922185385467853,0.4941756547848219,0.4945679727740986,0.03182,3.604,0.1
Modbus,binary,Gaussian,8,8,h3,8,64,0.5102871838834119,0.5068773839078393,0.5083362158561513,0.5072713622148639,0.03171,3.7129,0.1
Modbus,binary,Gaussian,8,8,h3,8,256,0.528396913844835,0.5203462633371368,0.5225570292333782,0.5243960172921266,0.03186,3.7552,0.1
Modbus,binary,Gaussian,8,8,h3,8,1024,0.5075010715816545,0.5074807116515001,0.5073680533713121,0.5086293230316409,0.02826,5.7802,0.1
Modbus,binary,Gaussian,8,16,murmur,2,16,0.5011787398199743,0.4892355834184157,0.4920142294768022,0.4958654341427521,0.01866,2.3067,0.1
Modbus,binary,Gaussian,8,16,murmur,2,64,0.5003214744963567,0.49507779616126246,0.49690839679980214,0.49759471578366443,0.0178,2.0249,0.1
Modbus,binary,Gaussian,8,16,murmur,2,256,0.5193956279468496,0.5171458202428679,0.5183184044779102,0.516899673473142,0.01721,2.1113,0.1
Modbus,binary,Gaussian,8,16,murmur,2,1024,0.5358979854264895,0.5304302232399727,0.5322329015378113,0.5344054911699779,0.01931,2.3728,0.1
Modbus,binary,Gaussian,8,16,murmur,4,16,0.5212173167595371,0.4080709798479905,0.4172779856947144,0.5068611111111112,0.01858,2.1847,0.1
Modbus,binary,Gaussian,8,16,murmur,4,64,0.5072867552507501,0.49783933643529643,0.5002897606905548,0.5028353568800589,0.01737,2.2551,0.1
Modbus,binary,Gaussian,8,16,murmur,4,256,0.5151093013287612,0.5125438520698211,0.5138019453548553,0.5134641510301692,0.01819,2.0834,0.1
Modbus,binary,Gaussian,8,16,murmur,4,1024,0.5215387912558938,0.5176022851367414,0.519152605458875,0.5192564385577632,0.01766,2.117,0.1
Modbus,binary,Gaussian,8,16,murmur,8,16,0.5126446635233605,0.4052174901580878,0.4142103851548781,0.49815553715967625,0.01781,2.2034,0.1
Modbus,binary,Gaussian,8,16,murmur,8,64,0.513394770681526,0.50082244251793,0.5036408172311736,0.5084177014348785,0.0183,2.071,0.1
Modbus,binary,Gaussian,8,16,murmur,8,256,0.5027861123017574,0.497927611935972,0.4996847166434238,0.5010185798381162,0.01816,2.3616,0.1
Modbus,binary,Gaussian,8,16,murmur,8,1024,0.5287183883411916,0.5271817628843176,0.5281407095980059,0.5274274052612214,0.01841,2.2348,0.1
Modbus,binary,Gaussian,8,16,simhash,2,16,0.5166095156450922,0.48708346021716764,0.4914615979581551,0.5085699503311258,0.09226,8.9467,0.1
Modbus,binary,Gaussian,8,16,simhash,2,64,0.5111444492070296,0.5103495494063087,0.5110514290175835,0.5104410412067697,0.09011,9.1218,0.1
Modbus,binary,Gaussian,8,16,simhash,2,256,0.5226103729104158,0.5219645716858072,0.5225896620839706,0.5211765774466519,0.09392,9.1353,0.1
Modbus,binary,Gaussian,8,16,simhash,2,1024,0.5511144449207029,0.547561230867768,0.5489876723013525,0.5499889624724061,0.0883,8.9612,0.1
Modbus,binary,Gaussian,8,16,simhash,4,16,0.5095370767252465,0.4321512005359235,0.43960899760264494,0.497032744665195,0.09632,9.3191,0.1
Modbus,binary,Gaussian,8,16,simhash,4,64,0.5121088726960994,0.4991868796346709,0.5020488554161214,0.5071949043414276,0.09357,9.0627,0.1
Modbus,binary,Gaussian,8,16,simhash,4,256,0.5132876125160737,0.5105651373929745,0.5118637893195104,0.5139629782928624,0.09551,9.1597,0.1
Modbus,binary,Gaussian,8,16,simhash,4,1024,0.5319331333047578,0.5311057675052937,0.5318064956823909,0.532208885209713,0.10997,9.3785,0.1
Modbus,binary,Gaussian,8,16,simhash,8,16,0.5128589798542649,0.4992941087159445,0.5022260990921961,0.5076457873436351,0.0954,9.4311,0.1
Modbus,binary,Gaussian,8,16,simhash,8,64,0.5161808829832834,0.47590416183963774,0.48107303366789067,0.5068675726637233,0.09319,8.9273,0.1
Modbus,binary,Gaussian,8,16,simhash,8,256,0.5180025717959709,0.5157816876387178,0.5169483546327177,0.5155493699411331,0.09332,9.403,0.1
Modbus,binary,Gaussian,8,16,simhash,8,1024,0.5357908272610373,0.532901135825256,0.5342081897171898,0.5326518349889625,0.09911,9.5502,0.1
Modbus,binary,Gaussian,8,16,h3,2,16,0.5111444492070296,0.5060034402445488,0.5077963131180189,0.5079494343267108,0.02195,2.2346,0.1
Modbus,binary,Gaussian,8,16,h3,2,64,0.5073939134162023,0.49529278849778924,0.4980731161607049,0.5017605316409124,0.02245,2.1786,0.1
Modbus,binary,Gaussian,8,16,h3,2,256,0.5327903986283755,0.5316819817949581,0.5324925421224792,0.5332912067696837,0.0195,2.2204,0.1
Modbus,binary,Gaussian,8,16,h3,2,1024,0.5319331333047578,0.5280544604415202,0.5295765873807576,0.5314103200883002,0.01906,2.4633,0.1
Modbus,binary,Gaussian,8,16,h3,4,16,0.4975353621945992,0.4963380359894893,0.49721168939629484,0.49642908388520973,0.02303,2.7361,0.1
Modbus,binary,Gaussian,8,16,h3,4,64,0.5,0.4999425790443095,0.5001332166172019,0.500355408388521,0.0217,2.7684,0.1
Modbus,binary,Gaussian,8,16,h3,4,256,0.5115730818688384,0.5112389431618953,0.5116935909106867,0.5114260485651213,0.02202,2.7619,0.1
Modbus,binary,Gaussian,8,16,h3,4,1024,0.5451135876553793,0.543941951011193,0.5447643259918904,0.5436066731052245,0.02324,2.5234,0.1
Modbus,binary,Gaussian,8,16,h3,8,16,0.5105015002143163,0.42636254011222946,0.43417847037353136,0.49750597866078,0.02763,2.9769,0.1
Modbus,binary,Gaussian,8,16,h3,8,64,0.5154307758251179,0.5117888734802906,0.5132890119151325,0.5130906916850626,0.02603,3.2499,0.1
Modbus,binary,Gaussian,8,16,h3,8,256,0.5151093013287612,0.5036986919244357,0.506375951516122,0.5111293690213393,0.02577,2.8663,0.1
Modbus,binary,Gaussian,8,16,h3,8,1024,0.5399699957136734,0.5387445835934368,0.5395903981961779,0.5396632174392936,0.02266,2.1038,0.1
Modbus,binary,Gaussian,16,4,murmur,2,16,0.4979639948564081,0.4808782595815304,0.4842287995173008,0.49154610467255333,0.06266,6.7745,0.1
Modbus,binary,Gaussian,16,4,murmur,2,64,0.4975353621945992,0.49415379429322703,0.4956251973643353,0.49528904525386314,0.07007,9.0129,0.1
Modbus,binary,Gaussian,16,4,murmur,2,256,0.5046078011144449,0.5017479828668194,0.5030909243918713,0.5029028697571744,0.06862,8.1493,0.1
Modbus,binary,Gaussian,16,4,murmur,2,1024,0.5071795970852979,0.5043669095816745,0.5056952342633287,0.5060418276306108,0.08101,13.0222,0.1
Modbus,binary,Gaussian,16,4,murmur,4,16,0.5105015002143163,0.5092566971833318,0.5101360048562825,0.5094657376747609,0.08334,9.5666,0.1
Modbus,binary,Gaussian,16,4,murmur,4,64,0.4939991427346764,0.4900230591767024,0.49162507342578904,0.4915569122516556,0.08141,9.4689,0.1
Modbus,binary,Gaussian,16,4,murmur,4,256,0.5028932704672096,0.49297814433024467,0.49550061320187105,0.4984994941133186,0.09274,11.1546,0.1
Modbus,binary,Gaussian,16,4,murmur,4,1024,0.499464209172739,0.4946908703934424,0.49643811237219265,0.4967467807211184,0.08628,9.1269,0.1
Modbus,binary,Gaussian,16,4,murmur,8,16,0.49207029575653666,0.4910393559190731,0.49185428931440145,0.4910906916850626,0.08327,9.7043,0.1
Modbus,binary,Gaussian,16,4,murmur,8,64,0.5200385769395628,0.5199949176777137,0.5201577814410162,0.5192979442604857,0.09124,10.4664,0.1
Modbus,binary,Gaussian,16,4,murmur,8,256,0.5084654950707244,0.5031748739000768,0.5049988471385555,0.505079263245033,0.09913,11.7024,0.1
Modbus,binary,Gaussian,16,4,murmur,8,1024,0.5033219031290185,0.49901757625862975,0.5006696416007905,0.5012476315305372,0.08662,10.0886,0.1
Modbus,binary,Gaussian,16,4,simhash,2,16,0.5042863266180883,0.4997567489647462,0.5014502397090137,0.5014900432303164,0.31958,30.7653,0.1
Modbus,binary,Gaussian,16,4,simhash,2,64,0.5097513930561509,0.508011222957047,0.5090521895748893,0.5079773040838853,0.31626,32.6002,0.1
Modbus,binary,Gaussian,16,4,simhash,2,256,0.505679382768967,0.5043294829172292,0.505249743185765,0.5044719922737307,0.30941,30.7659,0.1
Modbus,binary,Gaussian,16,4,simhash,2,1024,0.4942134590655808,0.49146544316459845,0.4927953867201759,0.49139912159676236,0.32468,31.8051,0.1
Modbus,binary,Gaussian,16,4,simhash,4,16,0.4989284183454779,0.49830105143267,0.49893222056919195,0.49786706677704196,0.33761,32.4993,0.1
Modbus,binary,Gaussian,16,4,simhash,4,64,0.4996785255036434,0.4981501191894832,0.49913542190074767,0.49768529249448124,0.3265,37.2464,0.1
Modbus,binary,Gaussian,16,4,simhash,4,256,0.5069652807543935,0.5068558715129674,0.5065945487204966,0.5076836138704929,0.30978,31.5526,0.1
Modbus,binary,Gaussian,16,4,simhash,4,1024,0.5112516073724818,0.5082507225510576,0.5096173806590314,0.5081188143855776,0.33354,32.8758,0.1
Modbus,binary,Gaussian,16,4,simhash,8,16,0.5018216888126875,0.49390720849569725,0.49615880015400127,0.4980030353200884,0.33311,34.1273,0.1
Modbus,binary,Gaussian,16,4,simhash,8,64,0.5103943420488641,0.5103250626080239,0.5105322767914379,0.5103534998160411,0.32851,33.1745,0.1
Modbus,binary,Gaussian,16,4,simhash,8,256,0.5093227603943421,0.5064901608365058,0.5078203207420243,0.507500597866078,0.32934,32.7683,0.1
Modbus,binary,Gaussian,16,4,simhash,8,1024,0.5132876125160737,0.5106587092474428,0.511934726623445,0.5100763658940398,0.33425,35.2229,0.1
Modbus,binary,Gaussian,16,4,h3,2,16,0.5038576939562794,0.5010824716269202,0.5024062845771318,0.5016281043046358,0.0894,10.5244,0.1
Modbus,binary,Gaussian,16,4,h3,2,64,0.5052507501071581,0.5033652640678558,0.5044539273114181,0.5037495401030169,0.03603,4.1992,0.1
Modbus,binary,Gaussian,16,4,h3,2,256,0.5031075867981141,0.5022337516687929,0.5029757293233571,0.5021613778513613,0.03524,4.2472,0.1
Modbus,binary,Gaussian,16,4,h3,2,1024,0.5002143163309044,0.4956889519707648,0.49738852320104343,0.49745856328182486,0.03743,4.4212,0.1
Modbus,binary,Gaussian,16,4,h3,4,16,0.5075010715816545,0.5070572963645201,0.5065311057499178,0.5093819904341428,0.03922,4.3471,0.1
Modbus,binary,Gaussian,16,4,h3,4,64,0.5127518216888127,0.5117863118920578,0.5125587197294617,0.5120401260117733,0.086,9.2264,0.1
Modbus,binary,Gaussian,16,4,h3,4,256,0.4939991427346764,0.4938786307612495,0.4936007837114042,0.4952156916850626,0.03878,4.2626,0.1
Modbus,binary,Gaussian,16,4,h3,4,1024,0.5009644234890699,0.49988772563835365,0.4990621743994674,0.5029783848417955,0.0398,4.4523,0.1
Modbus,binary,Gaussian,16,4,h3,8,16,0.496892413201886,0.4863489934278565,0.48373088171134354,0.5026256438557763,0.0418,4.6673,0.1
Modbus,binary,Gaussian,16,4,h3,8,64,0.501071581654522,0.4999801141887473,0.5008112316168143,0.5001897764900662,0.04587,5.079,0.1
Modbus,binary,Gaussian,16,4,h3,8,256,0.4980711530218603,0.4980700233566744,0.4980968125596537,0.49819554819720385,0.05107,5.0763,0.1
Modbus,binary,Gaussian,16,4,h3,8,1024,0.5129661380197171,0.5082593109742535,0.5099708844453312,0.5099985743193525,0.04545,4.9358,0.1
Modbus,binary,Gaussian,16,8,murmur,2,16,0.4992498928418346,0.49922407953860815,0.4990961688420238,0.49998213300220745,0.02159,2.4986,0.1
Modbus,binary,Gaussian,16,8,murmur,2,64,0.5148949849978568,0.5125664358979953,0.5137650069075365,0.5125830344002943,0.02233,2.5417,0.1
Modbus,binary,Gaussian,16,8,murmur,2,256,0.4972138876982426,0.48943338037983597,0.49167567936396006,0.4937181751287712,0.02237,2.4325,0.1
Modbus,binary,Gaussian,16,8,murmur,2,1024,0.5171453064723532,0.511959014298617,0.5137488781257277,0.5139258876011772,0.0224,2.4097,0.1
Modbus,binary,Gaussian,16,8,murmur,4,16,0.5002143163309044,0.49533068579081324,0.4970968789708898,0.49734409492273723,0.03748,2.9938,0.1
Modbus,binary,Gaussian,16,8,murmur,4,64,0.5109301328761252,0.5097285018391262,0.5105920115886579,0.510164620125092,0.02177,2.428,0.1
Modbus,binary,Gaussian,16,8,murmur,4,256,0.4976425203600514,0.492017523997961,0.49391925392893254,0.4937038033480501,0.02133,2.4738,0.1
Modbus,binary,Gaussian,16,8,murmur,4,1024,0.5120017145306472,0.5117303484057689,0.512139864557858,0.5131036607799853,0.02164,2.5901,0.1
Modbus,binary,Gaussian,16,8,murmur,8,16,0.5002143163309044,0.49140753537347814,0.48902654899085146,0.5055356880058867,0.02358,2.5058,0.1
Modbus,binary,Gaussian,16,8,murmur,8,64,0.4984997856836691,0.49594789461700695,0.49722384015033794,0.49633544885945546,0.02202,2.5475,0.1
Modbus,binary,Gaussian,16,8,murmur,8,256,0.5046078011144449,0.5022446667941577,0.5034648232394693,0.5027008370125092,0.02285,2.5497,0.1
Modbus,binary,Gaussian,16,8,murmur,8,1024,0.508786969567081,0.5072922277281982,0.5063267524548343,0.5107992779617366,0.02341,2.5524,0.1
Modbus,binary,Gaussian,16,8,simhash,2,16,0.5150021431633091,0.5138208367957944,0.5146734318262615,0.51389891464312,0.11269,11.0438,0.1
Modbus,binary,Gaussian,16,8,simhash,2,64,0.5168238319759966,0.5134157450813988,0.5148645092926747,0.5144659906181015,0.12024,11.4304,0.1
Modbus,binary,Gaussian,16,8,simhash,2,256,0.4978568366909559,0.49785646766374814,0.4978717822928666,0.4973024282560707,0.12163,11.7314,0.1
Modbus,binary,Gaussian,16,8,simhash,2,1024,0.5155379339905701,0.507212013616095,0.5094908310640139,0.5109906870860929,0.12396,13.3771,0.1
Modbus,binary,Gaussian,16,8,simhash,4,16,0.5131804543506215,0.5090399010327233,0.5106439426914656,0.5108220428623989,0.11816,11.4599,0.1
Modbus,binary,Gaussian,16,8,simhash,4,64,0.5114659237033862,0.5085322208737773,0.509883107613625,0.5093572939661516,0.12189,11.8175,0.1
Modbus,binary,Gaussian,16,8,simhash,4,256,0.520681525932276,0.5196758902463463,0.5204577896555469,0.5203139486754966,0.12291,11.6793,0.1
Modbus,binary,Gaussian,16,8,simhash,4,1024,0.5142520360051436,0.5096197207222167,0.5113153421929243,0.5114288539367181,0.13148,12.2209,0.1
Modbus,binary,Gaussian,16,8,simhash,8,16,0.47481783111873127,0.46875414925728187,0.4667349492793469,0.4792252575423106,0.12128,11.8876,0.1
Modbus,binary,Gaussian,16,8,simhash,8,64,0.5103943420488641,0.48605039920860416,0.4900298128092768,0.5027971164459162,0.12665,13.4453,0.1
Modbus,binary,Gaussian,16,8,simhash,8,256,0.5107158165452207,0.5095754413105037,0.510416784817006,0.5095390222590139,0.12253,11.6323,0.1
Modbus,binary,Gaussian,16,8,simhash,8,1024,0.5219674239177026,0.5169081641246239,0.5186669853301759,0.5195277777777777,0.12527,12.0617,0.1
Modbus,binary,Gaussian,16,8,h3,2,16,0.5146806686669524,0.5133553496926363,0.5142588525662974,0.5133614330389992,0.02278,2.4535,0.1
Modbus,binary,Gaussian,16,8,h3,2,64,0.5204672096013716,0.5197878528210778,0.5204304353027233,0.5202310982339956,0.0224,2.4579,0.1
Modbus,binary,Gaussian,16,8,h3,2,256,0.5128589798542649,0.5127010498747961,0.5130131495961273,0.5124064339587933,0.02274,2.4604,0.1
Modbus,binary,Gaussian,16,8,h3,2,1024,0.5101800257179597,0.5062838644755807,0.5078442089055805,0.5071911561810154,0.0231,2.587,0.1
Modbus,binary,Gaussian,16,8,h3,4,16,0.5122160308615517,0.5043175297968904,0.5065435929152838,0.5084054911699779,0.02438,2.6604,0.1
Modbus,binary,Gaussian,16,8,h3,4,64,0.5111444492070296,0.5104558309853429,0.5111090345556285,0.5103612490802062,0.02348,2.7339,0.1
Modbus,binary,Gaussian,16,8,h3,4,256,0.5147878268324046,0.5123337439603324,0.5135644924701934,0.5128030951066961,0.02436,2.7884,0.1
Modbus,binary,Gaussian,16,8,h3,4,1024,0.5153236176596656,0.5015914577407161,0.5045346966645967,0.5088542356512141,0.02543,2.7591,0.1
Modbus,binary,Gaussian,16,8,h3,8,16,0.48521217316759535,0.4644836367361542,0.46073533929866056,0.4928353568800589,0.03309,3.2329,0.1
Modbus,binary,Gaussian,16,8,h3,8,64,0.5067509644234891,0.506715613391886,0.5068641772209017,0.5071067420897718,0.02818,2.9806,0.1
Modbus,binary,Gaussian,16,8,h3,8,256,0.5065366480925847,0.5046031627733898,0.505704221308506,0.5047364560338484,0.02968,3.2209,0.1
Modbus,binary,Gaussian,16,8,h3,8,1024,0.5178954136305186,0.5136978730469794,0.5153052357617833,0.5145660642016189,0.02873,3.1727,0.1
Modbus,binary,Gaussian,16,16,murmur,2,16,0.48831975996570937,0.4855964691006771,0.48692803400081075,0.48634676232523916,0.01578,1.5902,0.1
Modbus,binary,Gaussian,16,16,murmur,2,64,0.5127518216888127,0.5119297106891588,0.51264234998912,0.5123663309418691,0.01423,1.5735,0.1
Modbus,binary,Gaussian,16,16,murmur,2,256,0.5231461637376769,0.5216147371699937,0.5225776796330066,0.5199681521339219,0.01491,1.576,0.1
Modbus,binary,Gaussian,16,16,murmur,2,1024,0.5458636948135448,0.5448146480564311,0.5455920666353636,0.5449382588300221,0.01495,1.6707,0.1
Modbus,binary,Gaussian,16,16,murmur,4,16,0.5061080154307758,0.5028191318560183,0.5042577475962284,0.5041693340691685,0.01473,1.7304,0.1
Modbus,binary,Gaussian,16,16,murmur,4,64,0.5100728675525075,0.4883701989180275,0.49211904698600223,0.5028992825607064,0.01465,1.6905,0.1
Modbus,binary,Gaussian,16,16,murmur,4,256,0.517038148306901,0.513399246080652,0.5148962913583653,0.5155186718175129,0.01608,1.6243,0.1
Modbus,binary,Gaussian,16,16,murmur,4,1024,0.5520788684097728,0.5504367686715564,0.5514033947585916,0.5507159906181015,0.01786,1.7577,0.1
Modbus,binary,Gaussian,16,16,murmur,8,16,0.50825117873982,0.5014368955702599,0.5035105362781371,0.5047307763061075,0.03074,3.5724,0.1
Modbus,binary,Gaussian,16,16,murmur,8,64,0.5068581225889413,0.4961892755759305,0.4987975651255031,0.5017058038999264,0.03346,3.7467,0.1
Modbus,binary,Gaussian,16,16,murmur,8,256,0.5128589798542649,0.5080989060045105,0.509820414194182,0.5100355730316409,0.03138,3.4072,0.1
Modbus,binary,Gaussian,16,16,murmur,8,1024,0.5328975567938277,0.5312395455453045,0.5322313648867634,0.5316540424944812,0.03323,3.6291,0.1
Modbus,binary,Gaussian,16,16,simhash,2,16,0.5009644234890699,0.4960988440708126,0.49433726024653624,0.5051347728108904,0.17644,17.5962,0.1
Modbus,binary,Gaussian,16,16,simhash,2,64,0.5140377196742392,0.5039157203604975,0.5064367284416393,0.5097782146799117,0.13335,13.7727,0.1
Modbus,binary,Gaussian,16,16,simhash,2,256,0.5297899699957137,0.5288355894035639,0.5295900045383108,0.528256438557763,0.19651,18.9159,0.1
Modbus,binary,Gaussian,16,16,simhash,2,1024,0.5498285469352765,0.5468148783112063,0.5481296457004196,0.5507949549300956,0.1994,19.414,0.1
Modbus,binary,Gaussian,16,16,simhash,4,16,0.5071795970852979,0.5070539297270928,0.507333940216516,0.507253587196468,0.19682,20.5722,0.1
Modbus,binary,Gaussian,16,16,simhash,4,64,0.508786969567081,0.48754404607472424,0.4912559674428624,0.5015063925680647,0.20536,19.48,0.1
Modbus,binary,Gaussian,16,16,simhash,4,256,0.5275396485212173,0.5275395128911299,0.5275305070533225,0.5274740158204562,0.20419,20.2378,0.1
Modbus,binary,Gaussian,16,16,simhash,4,1024,0.5412558936990999,0.5401627494286636,0.5409603843688501,0.5409436856144224,0.20629,19.9291,0.1
Modbus,binary,Gaussian,16,16,simhash,8,16,0.5140377196742392,0.47765124980784035,0.482555962757757,0.5052875275938189,0.26488,20.2666,0.1
Modbus,binary,Gaussian,16,16,simhash,8,64,0.5234676382340334,0.4974070128763387,0.5014786023439879,0.5171760255702723,0.2177,21.8398,0.1
Modbus,binary,Gaussian,16,16,simhash,8,256,0.5165023574796399,0.5153954591388652,0.5145714899703961,0.5198304129874908,0.2244,22.0129,0.1
Modbus,binary,Gaussian,16,16,simhash,8,1024,0.5426489498499786,0.538564338621617,0.5401088613184462,0.5393814845474613,0.21556,20.4802,0.1
Modbus,binary,Gaussian,16,16,h3,2,16,0.4990355765109301,0.49602722802915306,0.49741248696944435,0.49705514164827075,0.04337,5.157,0.1
Modbus,binary,Gaussian,16,16,h3,2,64,0.5073939134162023,0.5018667396811203,0.5037334962223687,0.5043269177704194,0.05073,5.614,0.1
Modbus,binary,Gaussian,16,16,h3,2,256,0.5183240462923274,0.516818005523322,0.5177777090459896,0.5168002207505519,0.03169,4.4742,0.1
Modbus,binary,Gaussian,16,16,h3,2,1024,0.5532576082297471,0.5532538685116275,0.5532998531936901,0.5543434280721118,0.04133,5.4872,0.1
Modbus,binary,Gaussian,16,16,h3,4,16,0.4975353621945992,0.49752907887207154,0.497465864839369,0.49905560154525386,0.04823,5.6702,0.1
Modbus,binary,Gaussian,16,16,h3,4,64,0.5076082297471067,0.5072686099963989,0.5077288294136847,0.5071368653421633,0.055,6.3906,0.1
Modbus,binary,Gaussian,16,16,h3,4,256,0.5177882554650665,0.5163437216200046,0.5172840848289468,0.517582988410596,0.04997,3.9474,0.1
Modbus,binary,Gaussian,16,16,h3,4,1024,0.5591513073296185,0.5573700167036064,0.5583689837438699,0.557184809602649,0.04332,4.9415,0.1
Modbus,binary,Gaussian,16,16,h3,8,16,0.5141448778396914,0.46236840815880087,0.4683041084122732,0.5037419977924945,0.04939,5.43,0.1
Modbus,binary,Gaussian,16,16,h3,8,64,0.5018216888126875,0.48377142977220017,0.4872056337844877,0.49522482064017664,0.05037,5.1329,0.1
Modbus,binary,Gaussian,16,16,h3,8,256,0.5228246892413202,0.5225569224662925,0.5221546664965675,0.5234032376747608,0.05063,5.2585,0.1
Modbus,binary,Gaussian,16,16,h3,8,1024,0.5445777968281184,0.5410514817090599,0.5424827000703403,0.5418451296909491,0.05108,5.0483,0.1
Modbus,multiclass,Distributive,8,4,murmur,2,16,0.4355979425632233,0.13417578285645163,0.3278464809091056,0.4916875015748663,0.04188,50.1185,0.1
Modbus,multiclass,Distributive,8,4,murmur,2,64,0.4368838405486498,0.13918049537426472,0.33218550532139085,0.4940301497371651,0.03827,49.4122,0.1
Modbus,multiclass,Distributive,8,4,murmur,2,256,0.4299185597942563,0.14698388052058803,0.3386730547310512,0.4943787538403334,0.041,49.1626,0.1
Modbus,multiclass,Distributive,8,4,murmur,2,1024,0.4544577796828118,0.13441532799413278,0.33226205677449505,0.500310683136744,0.03982,50.2553,0.1
Modbus,multiclass,Distributive,8,4,murmur,4,16,0.44084869267038146,0.13357832081804677,0.32840044005678065,0.4990332136009874,0.04031,50.4097,0.1
Modbus,multiclass,Distributive,8,4,murmur,4,64,0.44170595799399914,0.1512322001535565,0.34457591743339877,0.5041900159891496,0.03929,50.3458,0.1
Modbus,multiclass,Distributive,8,4,murmur,4,256,0.4516716673810544,0.13637447690287394,0.3339205442165943,0.4993550694187135,0.04191,50.0348,0.1
Modbus,multiclass,Distributive,8,4,murmur,4,1024,0.4319545649378483,0.1473792585232004,0.3403931520427145,0.5039149848145744,0.04356,50.6113,0.1
Modbus,multiclass,Distributive,8,4,murmur,8,16,0.4516716673810544,0.13227609118947087,0.33034907953973225,0.49725705259316744,0.04111,50.2421,0.1
Modbus,multiclass,Distributive,8,4,murmur,8,64,0.4358122588941277,0.13728896707253366,0.3303101176428205,0.49402880672765564,0.04317,50.101,0.1
Modbus,multiclass,Distributive,8,4,murmur,8,256,0.4601371624517788,0.13942441118818957,0.3383151653007701,0.5033282519551144,0.0412,49.4807,0.1
Modbus,multiclass,Distributive,8,4,murmur,8,1024,0.43774110587226744,0.13349580112433548,0.3270334774220372,0.503893464059996,0.04535,51.1602,0.1
Modbus,multiclass,Distributive,8,4,simhash,2,16,0.43913416202314615,0.1429514652344787,0.3368934047532274,0.4991662341761394,0.17052,98.532,0.1
Modbus,multiclass,Distributive,8,4,simhash,2,64,0.42123874839262754,0.14377483894944423,0.33320292981367217,0.5106384626193525,0.15102,91.5555,0.1
Modbus,multiclass,Distributive,8,4,simhash,2,256,0.44213459065580796,0.1363120079150509,0.33132749906292297,0.49175258970546776,0.15098,91.8287,0.1
Modbus,multiclass,Distributive,8,4,simhash,2,1024,0.4533861980282898,0.1314866155430313,0.3294931095083745,0.4953293455678142,0.14778,88.0343,0.1
Modbus,multiclass,Distributive,8,4,simhash,4,16,0.4568152593227604,0.12756560799471245,0.32632955412934284,0.49772237238907174,0.15466,93.967,0.1
Modbus,multiclass,Distributive,8,4,simhash,4,64,0.44288469781397344,0.1434090571250943,0.33966737317373075,0.5040703993107704,0.14892,90.537,0.1
Modbus,multiclass,Distributive,8,4,simhash,4,256,0.4479211315902272,0.13678767196201988,0.3335486765608345,0.49993690309793015,0.15272,91.7603,0.1
Modbus,multiclass,Distributive,8,4,simhash,4,1024,0.44320617231033005,0.13450829325352623,0.33002804844461364,0.49982175109385074,0.15616,93.2556,0.1
Modbus,multiclass,Distributive,8,4,simhash,8,16,0.4614230604372053,0.12313470477434717,0.3228378937861805,0.5017627300531133,0.15889,105.2905,0.1
Modbus,multiclass,Distributive,8,4,simhash,8,64,0.4315259322760394,0.1470100174205738,0.33827444450764826,0.5040066985931065,0.1552,96.1395,0.1
Modbus,multiclass,Distributive,8,4,simhash,8,256,0.4342048864123446,0.13890736948447288,0.3313675787090964,0.49831830153292866,0.15727,93.9097,0.1
Modbus,multiclass,Distributive,8,4,simhash,8,1024,0.4334547792541792,0.14007100366798395,0.3325642179948828,0.5024029986361612,0.1642,96.9527,0.1
Modbus,multiclass,Distributive,8,4,h3,2,16,0.4349549935705101,0.1377729991168237,0.3307098732277747,0.4945135724749801,0.04088,51.5909,0.1
Modbus,multiclass,Distributive,8,4,h3,2,64,0.4314187741105872,0.14388840174488482,0.3354785172595613,0.5000837548661046,0.04083,49.7149,0.1
Modbus,multiclass,Distributive,8,4,h3,2,256,0.4294899271324475,0.13918462810146975,0.3304620215987461,0.5051671881360377,0.04298,50.0585,0.1
Modbus,multiclass,Distributive,8,4,h3,2,1024,0.44599228461208745,0.13475353680982505,0.33042896284702367,0.49502926530119423,0.03633,59.245,0.1
Modbus,multiclass,Distributive,8,4,h3,4,16,0.4425632233176168,0.13350182494558507,0.32915526717863497,0.5063825250281504,0.04221,52.5767,0.1
Modbus,multiclass,Distributive,8,4,h3,4,64,0.44588512644663525,0.1347467054847212,0.33087444806713356,0.4977565670411001,0.04088,48.3925,0.1
Modbus,multiclass,Distributive,8,4,h3,4,256,0.433883411915988,0.14366583882754203,0.3353969728607965,0.4995873345926782,0.04379,49.8633,0.1
Modbus,multiclass,Distributive,8,4,h3,4,1024,0.4506000857265324,0.14298409361774614,0.3403720257338751,0.5017774027514584,0.04736,51.6371,0.1
Modbus,multiclass,Distributive,8,4,h3,8,16,0.4528504072010287,0.1269597733198419,0.32487662832797476,0.4994109886668523,0.04712,56.2991,0.1
Modbus,multiclass,Distributive,8,4,h3,8,64,0.44192027432490355,0.13461077706273925,0.3291279057737067,0.49738529843137913,0.04977,55.0181,0.1
Modbus,multiclass,Distributive,8,4,h3,8,256,0.44181311615945135,0.1410559385850795,0.33549077583551046,0.49528692238059185,0.05055,50.2112,0.1
Modbus,multiclass,Distributive,8,4,h3,8,1024,0.4379554222031719,0.13868532696855304,0.3332695219523403,0.49523896863564004,0.05401,58.6257,0.1
Modbus,multiclass,Distributive,8,8,murmur,2,16,0.45767252464637803,0.12994827944953258,0.32844428890839666,0.5062688968622843,0.02982,23.9279,0.1
Modbus,multiclass,Distributive,8,8,murmur,2,64,0.41480925846549505,0.15272409482920893,0.3397484481751053,0.5034515323017271,0.02941,22.6081,0.1
Modbus,multiclass,Distributive,8,8,murmur,2,256,0.4290612944706387,0.14682189182969074,0.33845734999319105,0.5048781454003953,0.03001,28.5012,0.1
Modbus,multiclass,Distributive,8,8,murmur,2,1024,0.43024003429061297,0.14813611607813834,0.3393064901816,0.513845631522696,0.03317,22.8186,0.1
Modbus,multiclass,Distributive,8,8,murmur,4,16,0.46913844834976426,0.1267818937611811,0.32842761912527246,0.507117592154931,0.02816,24.4179,0.1
Modbus,multiclass,Distributive,8,8,murmur,4,64,0.42563223317616805,0.14136857759022978,0.3320261498959717,0.504088694126794,0.02749,23.4005,0.1
Modbus,multiclass,Distributive,8,8,murmur,4,256,0.4290612944706387,0.1538470631133738,0.3444136367976642,0.5097749326809106,0.02772,17.6709,0.1
Modbus,multiclass,Distributive,8,8,murmur,4,1024,0.4270252893270467,0.14339909170175238,0.3342624300765683,0.49720274837333633,0.03731,24.3664,0.1
Modbus,multiclass,Distributive,8,8,murmur,8,16,0.48221174453493354,0.10844418739155581,0.31375836472053226,0.49738569806975425,0.03264,27.4233,0.1
Modbus,multiclass,Distributive,8,8,murmur,8,64,0.46067295327903984,0.1222801020839059,0.32190616911785364,0.5045216702418747,0.02887,23.9622,0.1
Modbus,multiclass,Distributive,8,8,murmur,8,256,0.4262751821688813,0.14510861698193564,0.3363189884332358,0.5034457794986341,0.03087,22.6861,0.1
Modbus,multiclass,Distributive,8,8,murmur,8,1024,0.4107372481783112,0.15366243298938795,0.339033310116025,0.5029121107823715,0.03433,24.9591,0.1
Modbus,multiclass,Distributive,8,8,simhash,2,16,0.46292327475353623,0.12624057193739383,0.3261411070898987,0.49744438084555426,0.14678,66.6697,0.1
Modbus,multiclass,Distributive,8,8,simhash,2,64,0.433347621088727,0.14125813942881052,0.3333864433202449,0.4975995520397494,0.15475,65.4385,0.1
Modbus,multiclass,Distributive,8,8,simhash,2,256,0.4249892841834548,0.16004894399227435,0.3494619833437072,0.5129181950949793,0.15399,63.9141,0.1
Modbus,multiclass,Distributive,8,8,simhash,2,1024,0.4365623660522932,0.14867297000871252,0.34174531705821093,0.5125014488963007,0.14536,66.1767,0.1
Modbus,multiclass,Distributive,8,8,simhash,4,16,0.4712816116588084,0.12007870831165812,0.3224025228014976,0.5036404776904709,0.1599,68.4072,0.1
Modbus,multiclass,Distributive,8,8,simhash,4,64,0.44470638662666095,0.14111923303534515,0.3370138858717645,0.5068205416943062,0.15309,65.8513,0.1
Modbus,multiclass,Distributive,8,8,simhash,4,256,0.4094513501928847,0.15990989586943574,0.34620747362952764,0.5083075479304574,0.1609,68.2241,0.1
Modbus,multiclass,Distributive,8,8,simhash,4,1024,0.42059579939991426,0.15241989161784283,0.34140755275027423,0.5100809685238777,0.15762,68.2157,0.1
Modbus,multiclass,Distributive,8,8,simhash,8,16,0.48221174453493354,0.10844418739155581,0.31375836472053226,0.49768379451354955,0.16222,70.4536,0.1
Modbus,multiclass,Distributive,8,8,simhash,8,64,0.46945992284612087,0.1193842608698004,0.3222647095066672,0.5048040011111925,0.15171,67.9409,0.1
Modbus,multiclass,Distributive,8,8,simhash,8,256,0.42873981997428207,0.1520759848740825,0.3418437587115412,0.514913484484261,0.16598,69.8408,0.1
Modbus,multiclass,Distributive,8,8,simhash,8,1024,0.4025932276039434,0.152378634446055,0.3362421677549894,0.51015296853717,0.16538,67.1813,0.1
Modbus,multiclass,Distributive,8,8,h3,2,16,0.4453493356193742,0.139392105018021,0.3344852007581091,0.502766608250981,0.03435,28.2851,0.1
Modbus,multiclass,Distributive,8,8,h3,2,64,0.4239177025289327,0.14894726968874705,0.33831817261401975,0.4932090908486187,0.02975,22.6993,0.1
Modbus,multiclass,Distributive,8,8,h3,2,256,0.41866695242177454,0.1631534254159295,0.3498241719558948,0.5019936962863388,0.03256,26.7844,0.1
Modbus,multiclass,Distributive,8,8,h3,2,1024,0.4252036005143592,0.1502672239103848,0.34037088003697286,0.5182232382412838,0.04182,29.0014,0.1
Modbus,multiclass,Distributive,8,8,h3,4,16,0.47063866266609516,0.11790644294595427,0.3208221586152857,0.5063418770707108,0.03943,27.5121,0.1
Modbus,multiclass,Distributive,8,8,h3,4,64,0.4596013716245178,0.13078799010265393,0.3300830419987849,0.5006275529088434,0.03543,27.7517,0.1
Modbus,multiclass,Distributive,8,8,h3,4,256,0.4255250750107158,0.15911023012912118,0.3482382902829654,0.5107115063783022,0.041,27.8089,0.1
Modbus,multiclass,Distributive,8,8,h3,4,1024,0.41748821260180025,0.15236964577523962,0.3401379692370343,0.5093708642254768,0.03904,26.7103,0.1
Modbus,multiclass,Distributive,8,8,h3,8,16,0.4814616373767681,0.11113204591379762,0.31604003970776595,0.5031482527484834,0.04612,33.4995,0.1
Modbus,multiclass,Distributive,8,8,h3,8,64,0.46442348906986713,0.12237603210017123,0.3227874398488372,0.5071978891134664,0.04804,31.0681,0.1
Modbus,multiclass,Distributive,8,8,h3,8,256,0.42477496785255037,0.15412796284908364,0.3440310935863277,0.5039093854441526,0.03928,29.064,0.1
Modbus,multiclass,Distributive,8,8,h3,8,1024,0.4328118302614659,0.1490510094503454,0.3418432331035291,0.5121002287707405,0.04638,30.0608,0.1
Modbus,multiclass,Distributive,8,16,murmur,2,16,0.48221174453493354,0.10844418739155581,0.31375836472053226,0.5005998138834334,0.02323,14.2142,0.1
Modbus,multiclass,Distributive,8,16,murmur,2,64,0.4769609944277754,0.11169731473041089,0.3156908897452531,0.5002395249419186,0.02433,13.4804,0.1
Modbus,multiclass,Distributive,8,16,murmur,2,256,0.43881268752678954,0.15266726895165125,0.3465379994590142,0.512647110485254,0.02534,12.9033,0.1
Modbus,multiclass,Distributive,8,16,murmur,2,1024,0.42445349335619376,0.1869383769840405,0.37627065344714977,0.5389615416657744,0.02551,11.305,0.1
Modbus,multiclass,Distributive,8,16,murmur,4,16,0.48221174453493354,0.10844418739155581,0.31375836472053226,0.50537156995066,0.02484,14.3728,0.1
Modbus,multiclass,Distributive,8,16,murmur,4,64,0.48221174453493354,0.10844418739155581,0.31375836472053226,0.5036200930542121,0.0206,14.2532,0.1
Modbus,multiclass,Distributive,8,16,murmur,4,256,0.46613801971710245,0.13518044437489676,0.3354139892886627,0.5131289297279532,0.02372,14.4376,0.1
Modbus,multiclass,Distributive,8,16,murmur,4,1024,0.4309901414487784,0.17947402914467714,0.36563636428089674,0.5334518347936382,0.02355,13.216,0.1
Modbus,multiclass,Distributive,8,16,murmur,8,16,0.48221174453493354,0.10844418739155581,0.31375836472053226,0.49823999153692466,0.02116,15.2539,0.1
Modbus,multiclass,Distributive,8,16,murmur,8,64,0.48221174453493354,0.10844418739155581,0.31375836472053226,0.5066236356076327,0.01075,5.1958,0.1
Modbus,multiclass,Distributive,8,16,murmur,8,256,0.4774967852550364,0.1157499728870152,0.3196407487550594,0.5059307970680212,0.00989,5.168,0.1
Modbus,multiclass,Distributive,8,16,murmur,8,1024,0.44620660094299186,0.1571553915640234,0.35141389648939386,0.5288268405961883,0.01095,4.3777,0.1
Modbus,multiclass,Distributive,8,16,simhash,2,16,0.48221174453493354,0.10844418739155581,0.31375836472053226,0.5017601893997331,0.05246,20.1192,0.1
Modbus,multiclass,Distributive,8,16,simhash,2,64,0.4768538362623232,0.11439301250258281,0.3186384048411463,0.5040892442074589,0.05518,17.3576,0.1
Modbus,multiclass,Distributive,8,16,simhash,2,256,0.4337762537505358,0.1548071488844204,0.34662360646800117,0.5143286891541302,0.05168,16.8311,0.1
Modbus,multiclass,Distributive,8,16,simhash,2,1024,0.4164166309472782,0.1927927019499829,0.37685616280246004,0.537038698510956,0.05491,16.4782,0.1
Modbus,multiclass,Distributive,8,16,simhash,4,16,0.48221174453493354,0.10844418739155581,0.31375836472053226,0.504736350384378,0.05728,17.9047,0.1
Modbus,multiclass,Distributive,8,16,simhash,4,64,0.48189027003857693,0.10841892087371618,0.3136852618506576,0.5063575084242417,0.05161,20.5786,0.1
Modbus,multiclass,Distributive,8,16,simhash,4,256,0.46667381054436347,0.11963788846539831,0.32134606370695806,0.50825989611213,0.05249,17.1528,0.1
Modbus,multiclass,Distributive,8,16,simhash,4,1024,0.4263823403343335,0.18482063299220855,0.37229550664366934,0.5364053917316977,0.05452,16.4875,0.1
Modbus,multiclass,Distributive,8,16,simhash,8,16,0.48221174453493354,0.10844418739155581,0.31375836472053226,0.5021874122484613,0.05396,17.6705,0.1
Modbus,multiclass,Distributive,8,16,simhash,8,64,0.48221174453493354,0.10844418739155581,0.31375836472053226,0.5091978880464177,0.05418,17.9296,0.1
Modbus,multiclass,Distributive,8,16,simhash,8,256,0.4783540505786541,0.11128375640218369,0.315723333101004,0.5051336775138467,0.05639,17.9722,0.1
Modbus,multiclass,Distributive,8,16,simhash,8,1024,0.44020574367766824,0.16655959651049465,0.3587529252143513,0.5201339825022687,0.0541,17.0582,0.1
Modbus,multiclass,Distributive,8,16,h3,2,16,0.48221174453493354,0.10844418739155581,0.31375836472053226,0.5007173176800498,0.01184,5.6603,0.1
Modbus,multiclass,Distributive,8,16,h3,2,64,0.4777111015859408,0.11423507642149211,0.3185436741850491,0.5043147773591259,0.01151,5.5852,0.1
Modbus,multiclass,Distributive,8,16,h3,2,256,0.43859837119588513,0.15252276376400545,0.34670866800173716,0.5146398699594523,0.01119,5.4382,0.1
Modbus,multiclass,Distributive,8,16,h3,2,1024,0.43784826403771965,0.18905853789522034,0.3777049900172063,0.5374591414976392,0.01213,4.8631,0.1
Modbus,multiclass,Distributive,8,16,h3,4,16,0.48221174453493354,0.10844418739155581,0.31375836472053226,0.4999639449651599,0.01409,6.0515,0.1
Modbus,multiclass,Distributive,8,16,h3,4,64,0.48221174453493354,0.10844418739155581,0.31375836472053226,0.5014402502959187,0.01277,6.1905,0.1
Modbus,multiclass,Distributive,8,16,h3,4,256,0.46335190741534504,0.13410374661640115,0.33517696474660513,0.5158919241853138,0.01267,5.7422,0.1
Modbus,multiclass,Distributive,8,16,h3,4,1024,0.4484569224174882,0.1660832973553146,0.3582956014452766,0.5376579351149355,0.01402,5.7371,0.1
Modbus,multiclass,Distributive,8,16,h3,8,16,0.48221174453493354,0.10844418739155581,0.31375836472053226,0.5025266519109729,0.0154,6.5744,0.1
Modbus,multiclass,Distributive,8,16,h3,8,64,0.48221174453493354,0.10844418739155581,0.31375836472053226,0.5087320734637906,0.01572,6.863,0.1
Modbus,multiclass,Distributive,8,16,h3,8,256,0.4802828975567938,0.10981859927423193,0.31478254356551505,0.5111326835012971,0.01587,6.5001,0.1
Modbus,multiclass,Distributive,8,16,h3,8,1024,0.44717102443206175,0.1689620701679031,0.3657889750311978,0.5337086764386226,0.02128,7.6176,0.1
Modbus,multiclass,Distributive,16,4,murmur,2,16,0.43591941705957993,0.15089161706075166,0.34339425265662915,0.5041616316448589,0.09547,165.1711,0.1
Modbus,multiclass,Distributive,16,4,murmur,2,64,0.44567081011573084,0.14466065754920154,0.3404516945208824,0.5001104607344473,0.08816,165.0829,0.1
Modbus,multiclass,Distributive,16,4,murmur,2,256,0.44009858551221603,0.14095222647903935,0.33477518845628645,0.4941090502542036,0.09089,149.9977,0.1
Modbus,multiclass,Distributive,16,4,murmur,2,1024,0.4394556365195028,0.14992045574881532,0.3431208929354309,0.4937801225902166,0.1009,172.1078,0.1
Modbus,multiclass,Distributive,16,4,murmur,4,16,0.4249892841834548,0.1447907119260019,0.33509648077600895,0.4877830716211049,0.08828,171.8919,0.1
Modbus,multiclass,Distributive,16,4,murmur,4,64,0.4498499785683669,0.14860062704404095,0.3442259391178966,0.49779875683416225,0.08662,157.153,0.1
Modbus,multiclass,Distributive,16,4,murmur,4,256,0.4309901414487784,0.1449058569283961,0.3363712589829129,0.503053661995977,0.09519,154.3806,0.1
Modbus,multiclass,Distributive,16,4,murmur,4,1024,0.4283111873124732,0.14306678459683042,0.33447444639585466,0.48959387677612126,0.09808,178.875,0.1
Modbus,multiclass,Distributive,16,4,murmur,8,16,0.4292756108015431,0.13523664945073602,0.3272264872379192,0.5025072203928351,0.10531,174.2774,0.1
Modbus,multiclass,Distributive,16,4,murmur,8,64,0.4240248606943849,0.14391783487635615,0.33382295895571706,0.4938413021341253,0.09885,164.2345,0.1
Modbus,multiclass,Distributive,16,4,murmur,8,256,0.450921560222889,0.1460929925017361,0.34264882364226745,0.49334137572770786,0.1058,175.388,0.1
Modbus,multiclass,Distributive,16,4,murmur,8,1024,0.4317402486069438,0.1421932288777805,0.33467551181807453,0.492198855168859,0.07144,79.2169,0.1
Modbus,multiclass,Distributive,16,4,simhash,2,16,0.44470638662666095,0.1359896864254632,0.33120709899810646,0.4973754491196742,0.22326,135.085,0.1
Modbus,multiclass,Distributive,16,4,simhash,2,64,0.4382768966995285,0.12774022058381518,0.32295466445033894,0.500978203282045,0.19612,128.6274,0.1
Modbus,multiclass,Distributive,16,4,simhash,2,256,0.43624089155593654,0.14070376196559833,0.33375408930688744,0.49631805923806843,0.20988,143.9314,0.1
Modbus,multiclass,Distributive,16,4,simhash,2,1024,0.4358122588941277,0.14029744542469075,0.33271764627018846,0.5086491189715675,0.24938,152.492,0.1
Modbus,multiclass,Distributive,16,4,simhash,4,16,0.4308829832833262,0.138475561710215,0.33046417782253484,0.5041319690517945,0.44023,314.292,0.1
Modbus,multiclass,Distributive,16,4,simhash,4,64,0.4314187741105872,0.1440328137890222,0.3368924325437277,0.5024586077802727,0.44498,299.2552,0.1
Modbus,multiclass,Distributive,16,4,simhash,4,256,0.4497428204029147,0.13587631100637063,0.33328731100411263,0.4995896890653228,0.47504,305.1098,0.1
Modbus,multiclass,Distributive,16,4,simhash,4,1024,0.4506000857265324,0.13693252568711858,0.3344829284324078,0.5077372656220202,0.4639,302.3754,0.1
Modbus,multiclass,Distributive,16,4,simhash,8,16,0.44245606515216457,0.13338915710255397,0.32936198887357965,0.5053783492156406,0.45852,335.1231,0.1
Modbus,multiclass,Distributive,16,4,simhash,8,64,0.4358122588941277,0.1533433321819483,0.34576296002143725,0.4961250206762617,0.46119,303.3345,0.1
Modbus,multiclass,Distributive,16,4,simhash,8,256,0.42734676382340336,0.14394869656695863,0.3356335249746573,0.49987324420468954,0.47485,316.9306,0.1
Modbus,multiclass,Distributive,16,4,simhash,8,1024,0.4332404629232747,0.1438807399939392,0.3368735935015031,0.4974230535337627,0.36838,263.6688,0.1
Modbus,multiclass,Distributive,16,4,h3,2,16,0.44620660094299186,0.14575430957219046,0.34060993269369594,0.49635465168243326,0.04015,77.9192,0.1
Modbus,multiclass,Distributive,16,4,h3,2,64,0.4398842691813116,0.1461246698438407,0.3401300140992845,0.499674858791614,0.05411,84.1078,0.1
Modbus,multiclass,Distributive,16,4,h3,2,256,0.4480282897556794,0.1339427359445573,0.33071980913604215,0.4983493246499197,0.05677,77.6666,0.1
Modbus,multiclass,Distributive,16,4,h3,2,1024,0.4268109729961423,0.14505186364702052,0.33588801647083966,0.4980849805497725,0.04313,71.4302,0.1
Modbus,multiclass,Distributive,16,4,h3,4,16,0.42873981997428207,0.14322672712232307,0.3348880929754799,0.5002722901122061,0.04113,69.315,0.1
Modbus,multiclass,Distributive,16,4,h3,4,64,0.42188169738534076,0.1543967526577004,0.3430976024880027,0.5009882835903711,0.03983,75.7563,0.1
Modbus,multiclass,Distributive,16,4,h3,4,256,0.4334547792541792,0.139779147589803,0.33282795463331805,0.4959559687905246,0.10554,180.2699,0.1
Modbus,multiclass,Distributive,16,4,h3,4,1024,0.4379554222031719,0.14391517943424995,0.3383668790916678,0.5028329526879675,0.10651,161.8,0.1
Modbus,multiclass,Distributive,16,4,h3,8,16,0.42338191170167166,0.14021516347909171,0.33062976456857157,0.5014381225097915,0.06906,173.3848,0.1
Modbus,multiclass,Distributive,16,4,h3,8,64,0.4352764680668667,0.14431175393198364,0.3374440835114461,0.5020992001029988,0.10956,169.1144,0.1
Modbus,multiclass,Distributive,16,4,h3,8,256,0.42723960565795116,0.1466014260838824,0.33651020809739945,0.49750034925367737,0.11634,132.3398,0.1
Modbus,multiclass,Distributive,16,4,h3,8,1024,0.42584654950707246,0.14575499606792372,0.3356422169731414,0.504029447972853,0.13345,189.1429,0.1
Modbus,multiclass,Distributive,16,8,murmur,2,16,0.44556365195027864,0.13808971207507195,0.3334546641783142,0.5009833120785737,0.06307,57.39,0.1
Modbus,multiclass,Distributive,16,8,murmur,2,64,0.4289541363051865,0.1594200149474798,0.3486025755217925,0.5039399699387507,0.05482,57.2702,0.1
Modbus,multiclass,Distributive,16,8,murmur,2,256,0.43024003429061297,0.14844286614512028,0.34068249928375177,0.5222641531078176,0.05631,52.1665,0.1
Modbus,multiclass,Distributive,16,8,murmur,2,1024,0.41480925846549505,0.1584399992047635,0.34413082981890375,0.5122929484394207,0.0561,55.356,0.1
Modbus,multiclass,Distributive,16,8,murmur,4,16,0.48221174453493354,0.10844418739155581,0.31375836472053226,0.5013952271081875,0.05577,63.0443,0.1
Modbus,multiclass,Distributive,16,8,murmur,4,64,0.4328118302614659,0.143029124622248,0.3356267400337838,0.5125832690562832,0.05756,61.7523,0.1
Modbus,multiclass,Distributive,16,8,murmur,4,256,0.4102014573510501,0.1585457167656639,0.3422293547653028,0.5130428070477117,0.05592,57.0679,0.1
Modbus,multiclass,Distributive,16,8,murmur,4,1024,0.42359622803257607,0.15965758788013978,0.34790090679900687,0.5122182629131384,0.06391,57.3942,0.1
Modbus,multiclass,Distributive,16,8,murmur,8,16,0.48221174453493354,0.10844418739155581,0.31375836472053226,0.4959126846764321,0.05645,63.5604,0.1
Modbus,multiclass,Distributive,16,8,murmur,8,64,0.46645949421345906,0.12729890095248492,0.3281269916433748,0.49921975049892486,0.05964,59.8949,0.1
Modbus,multiclass,Distributive,16,8,murmur,8,256,0.41759537076725245,0.1564218990408107,0.34483307721308204,0.5089750549315747,0.05321,44.5869,0.1
Modbus,multiclass,Distributive,16,8,murmur,8,1024,0.4099871410201457,0.15792955324389005,0.34290299950506503,0.5092722009662387,0.04968,48.8309,0.1
Modbus,multiclass,Distributive,16,8,simhash,2,16,0.44438491213030434,0.13244416122175376,0.3279036796580592,0.501881308420399,0.20939,120.469,0.1
Modbus,multiclass,Distributive,16,8,simhash,2,64,0.4103086155165024,0.15197632088099125,0.33828563417645546,0.4979954929099153,0.32518,137.2686,0.1
Modbus,multiclass,Distributive,16,8,simhash,2,256,0.41759537076725245,0.15250213170534035,0.34018411028171436,0.5189628041447655,0.30896,133.8752,0.1
Modbus,multiclass,Distributive,16,8,simhash,2,1024,0.41566652378911273,0.15508218210573096,0.34322755808144295,0.5201544312927977,0.29402,135.1209,0.1
Modbus,multiclass,Distributive,16,8,simhash,4,16,0.4585297899699957,0.1236044875385394,0.3223867226103434,0.49990880400587345,0.29362,140.5948,0.1
Modbus,multiclass,Distributive,16,8,simhash,4,64,0.4303471924560652,0.14783066627225713,0.33793740187116866,0.5077724836553096,0.33117,152.9975,0.1
Modbus,multiclass,Distributive,16,8,simhash,4,256,0.4074153450492928,0.16074363906081762,0.3447798925890337,0.5189525094515346,0.3496,148.1693,0.1
Modbus,multiclass,Distributive,16,8,simhash,4,1024,0.39177025289327044,0.16579023726998818,0.34529669850584477,0.5174560226516397,0.32125,137.8258,0.1
Modbus,multiclass,Distributive,16,8,simhash,8,16,0.48221174453493354,0.10844418739155581,0.31375836472053226,0.5042660764412674,0.33693,164.8859,0.1
Modbus,multiclass,Distributive,16,8,simhash,8,64,0.45145735105015,0.14300600449903145,0.3401455603327929,0.5070682297763431,0.31149,144.5606,0.1
Modbus,multiclass,Distributive,16,8,simhash,8,256,0.4120231461637377,0.15932553067488,0.3455640065709746,0.5068660546472966,0.31403,135.6074,0.1
Modbus,multiclass,Distributive,16,8,simhash,8,1024,0.40441491641663097,0.16264279318100106,0.34635668299661426,0.5159961833868021,0.33677,140.4949,0.1
Modbus,multiclass,Distributive,16,8,h3,2,16,0.4340977282468924,0.14294026407685836,0.33489354449605907,0.4988769186536082,0.05196,60.2244,0.1
Modbus,multiclass,Distributive,16,8,h3,2,64,0.41748821260180025,0.14644387221424185,0.3332759907146961,0.5104883050021566,0.06036,59.1382,0.1
Modbus,multiclass,Distributive,16,8,h3,2,256,0.41180882983283323,0.16436509699696708,0.3494248227505012,0.5203292135735068,0.06099,57.5343,0.1
Modbus,multiclass,Distributive,16,8,h3,2,1024,0.41791684526360906,0.15990257332703492,0.3461879893271813,0.5194615066267004,0.0524,55.588,0.1
Modbus,multiclass,Distributive,16,8,h3,4,16,0.47342477496785257,0.11530263629740711,0.318542389975519,0.5023529750694281,0.06683,69.7092,0.1
Modbus,multiclass,Distributive,16,8,h3,4,64,0.44213459065580796,0.14884665246763443,0.3427079492891897,0.5157049957315635,0.06109,60.8217,0.1
Modbus,multiclass,Distributive,16,8,h3,4,256,0.42434633519074155,0.15086736513927812,0.33882579606747276,0.5169252146343079,0.0463,36.06,0.1
Modbus,multiclass,Distributive,16,8,h3,4,1024,0.4368838405486498,0.14845531162913791,0.3413169419423719,0.5037554854321714,0.04979,57.3994,0.1
Modbus,multiclass,Distributive,16,8,h3,8,16,0.48221174453493354,0.10844418739155581,0.31375836472053226,0.4950513485981863,0.07675,80.0368,0.1
Modbus,multiclass,Distributive,16,8,h3,8,64,0.4682811830261466,0.12439460317559196,0.32622707555258207,0.5066492170721116,0.07664,72.6362,0.1
Modbus,multiclass,Distributive,16,8,h3,8,256,0.4141663094727818,0.1617247358990496,0.3475732796815514,0.5140509938386636,0.07992,58.7914,0.1
Modbus,multiclass,Distributive,16,8,h3,8,1024,0.4339905700814402,0.14935189318745465,0.34169900359133276,0.5052295550249721,0.07635,67.8661,0.1
Modbus,multiclass,Distributive,16,16,murmur,2,16,0.48221174453493354,0.10844418739155581,0.31375836472053226,0.5043061264377222,0.03634,27.6853,0.1
Modbus,multiclass,Distributive,16,16,murmur,2,64,0.47331761680240036,0.11882876403821252,0.32219293738505095,0.5100537202620307,0.03804,27.2491,0.1
Modbus,multiclass,Distributive,16,16,murmur,2,256,0.4336690955850836,0.1637855181590373,0.3547610249360964,0.5358828537584811,0.04119,24.5325,0.1
Modbus,multiclass,Distributive,16,16,murmur,2,1024,0.43602657522503213,0.18527879636575495,0.37544715255599564,0.566154132218419,0.04109,21.5632,0.1
Modbus,multiclass,Distributive,16,16,murmur,4,16,0.48221174453493354,0.10844418739155581,0.31375836472053226,0.4974731240947687,0.03837,28.855,0.1
Modbus,multiclass,Distributive,16,16,murmur,4,64,0.48221174453493354,0.10845202805292459,0.31378104987451394,0.5042732876009081,0.03447,24.8683,0.1
Modbus,multiclass,Distributive,16,16,murmur,4,256,0.4624946420917274,0.13154594351010587,0.33156076158657083,0.5291355067994807,0.04072,25.2937,0.1
Modbus,multiclass,Distributive,16,16,murmur,4,1024,0.44877839691384486,0.20314091232445028,0.39510603064305083,0.5560409617247827,0.03802,20.3649,0.1
Modbus,multiclass,Distributive,16,16,murmur,8,16,0.48221174453493354,0.10844418739155581,0.31375836472053226,0.5029192289364363,0.03761,29.8097,0.1
Modbus,multiclass,Distributive,16,16,murmur,8,64,0.48221174453493354,0.10844418739155581,0.31375836472053226,0.504051866925731,0.04114,29.4137,0.1
Modbus,multiclass,Distributive,16,16,murmur,8,256,0.4756750964423489,0.11591027302345776,0.31990798717243923,0.5116702924460138,0.03761,28.1689,0.1
Modbus,multiclass,Distributive,16,16,murmur,8,1024,0.44727818259751395,0.17714532774325095,0.37166290849024614,0.5496525239493779,0.03559,17.6651,0.1
Modbus,multiclass,Distributive,16,16,simhash,2,16,0.48221174453493354,0.10844418739155581,0.31375836472053226,0.5029282899248205,0.22537,85.3721,0.1
Modbus,multiclass,Distributive,16,16,simhash,2,64,0.47171024432061726,0.12032513111228808,0.32357068266415845,0.515102014239841,0.20377,82.1635,0.1
Modbus,multiclass,Distributive,16,16,simhash,2,256,0.4499571367338191,0.16318973988986332,0.3584102251938245,0.5390446753729742,0.23209,69.7399,0.1
Modbus,multiclass,Distributive,16,16,simhash,2,1024,0.4330261465923703,0.19384750437221662,0.38297354338181144,0.5640916936564535,0.22087,75.3556,0.1
Modbus,multiclass,Distributive,16,16,simhash,4,16,0.48221174453493354,0.10844418739155581,0.31375836472053226,0.5046155296962543,0.19563,81.8114,0.1
Modbus,multiclass,Distributive,16,16,simhash,4,64,0.47921131590227173,0.11452371593811499,0.31893023079397087,0.5096958062961824,0.21315,77.6192,0.1
Modbus,multiclass,Distributive,16,16,simhash,4,256,0.46206600942991854,0.13333885403834325,0.33365036564056033,0.5185016020371968,0.23373,85.1504,0.1
Modbus,multiclass,Distributive,16,16,simhash,4,1024,0.4340977282468924,0.19474350722894695,0.38396618223920753,0.5592812645951534,0.22767,77.5917,0.1
Modbus,multiclass,Distributive,16,16,simhash,8,16,0.48221174453493354,0.10844418739155581,0.31375836472053226,0.5010441726002303,0.23002,88.9597,0.1
Modbus,multiclass,Distributive,16,16,simhash,8,64,0.48221174453493354,0.10844418739155581,0.31375836472053226,0.5082163184062705,0.23636,89.0961,0.1
Modbus,multiclass,Distributive,16,16,simhash,8,256,0.4783540505786541,0.11526748962007834,0.319601657151628,0.521149804640269,0.22646,83.7278,0.1
Modbus,multiclass,Distributive,16,16,simhash,8,1024,0.4342048864123446,0.16294083006492907,0.35492043011025826,0.5432419505210587,0.22491,84.6408,0.1
Modbus,multiclass,Distributive,16,16,h3,2,16,0.48221174453493354,0.10844418739155581,0.31375836472053226,0.5079737600663731,0.04394,30.4035,0.1
Modbus,multiclass,Distributive,16,16,h3,2,64,0.46774539219888556,0.12270291631287765,0.324075490715832,0.5064479199956126,0.05031,28.5826,0.1
Modbus,multiclass,Distributive,16,16,h3,2,256,0.43741963137591083,0.15632754466896742,0.34875878442095726,0.5281126600478158,0.048,26.1649,0.1
Modbus,multiclass,Distributive,16,16,h3,2,1024,0.43602657522503213,0.19438381844805028,0.38178736735574115,0.5721625503379183,0.05315,22.287,0.1
Modbus,multiclass,Distributive,16,16,h3,4,16,0.48221174453493354,0.10844418739155581,0.31375836472053226,0.5049804282007327,0.03473,17.3223,0.1
Modbus,multiclass,Distributive,16,16,h3,4,64,0.48221174453493354,0.10844418739155581,0.31375836472053226,0.5096579568605982,0.0256,13.3257,0.1
Modbus,multiclass,Distributive,16,16,h3,4,256,0.45767252464637803,0.15374459041980196,0.35242218615498727,0.5275231783211809,0.03968,17.2059,0.1
Modbus,multiclass,Distributive,16,16,h3,4,1024,0.44052721817402485,0.17940728881456816,0.3723726920300598,0.5585871516604509,0.03185,12.8243,0.1
Modbus,multiclass,Distributive,16,16,h3,8,16,0.48221174453493354,0.10844418739155581,0.31375836472053226,0.4978450801036571,0.03262,15.1333,0.1
Modbus,multiclass,Distributive,16,16,h3,8,64,0.48221174453493354,0.10844418739155581,0.31375836472053226,0.5024564041735345,0.02789,14.3167,0.1
Modbus,multiclass,Distributive,16,16,h3,8,256,0.479318474067724,0.1117964149946968,0.3163177940604505,0.5121060330820288,0.02879,15.8121,0.1
Modbus,multiclass,Distributive,16,16,h3,8,1024,0.45017145306472356,0.18529784688649295,0.37942150468851876,0.5427940255575633,0.02889,12.1455,0.1
Modbus,multiclass,Gaussian,8,4,murmur,2,16,0.44588512644663525,0.1265896890721301,0.323032511765065,0.4959011304760656,0.02101,25.608,0.1
Modbus,multiclass,Gaussian,8,4,murmur,2,64,0.4515645092156022,0.13041558494473487,0.3287573497671958,0.5100543619876045,0.02274,27.2612,0.1
Modbus,multiclass,Gaussian,8,4,murmur,2,256,0.46795970852978996,0.13127020300541306,0.33270150584948444,0.5125914494919025,0.02348,25.356,0.1
Modbus,multiclass,Gaussian,8,4,murmur,2,1024,0.4552078868409773,0.1310994072726133,0.32891372254384704,0.5046643247463888,0.02044,28.197,0.1
Modbus,multiclass,Gaussian,8,4,murmur,4,16,0.41984569224174884,0.13161384005624013,0.32167284311265715,0.4991878162546936,0.02042,24.8403,0.1
Modbus,multiclass,Gaussian,8,4,murmur,4,64,0.4510287183883412,0.13686369571492352,0.3344518893760239,0.4999752421597097,0.02121,24.1812,0.1
Modbus,multiclass,Gaussian,8,4,murmur,4,256,0.4291684526360909,0.148682702744007,0.3402413551597736,0.5020237149895158,0.02326,29.7317,0.1
Modbus,multiclass,Gaussian,8,4,murmur,4,1024,0.4521003000428633,0.12884209858223486,0.327514470958846,0.507578769310112,0.02343,26.7303,0.1
Modbus,multiclass,Gaussian,8,4,murmur,8,16,0.4541363051864552,0.1305297084124277,0.3286051149780854,0.4881525926013084,0.04649,54.4131,0.1
Modbus,multiclass,Gaussian,8,4,murmur,8,64,0.4239177025289327,0.14683702681847877,0.3364945115451114,0.5019145717708458,0.04667,62.5121,0.1
Modbus,multiclass,Gaussian,8,4,murmur,8,256,0.44502786112301757,0.1378166820159614,0.33335143815606816,0.5095394229118567,0.04987,65.432,0.1
Modbus,multiclass,Gaussian,8,4,murmur,8,1024,0.43924132018859835,0.14134071943040635,0.33520798573333116,0.5017572614520381,0.06499,67.2651,0.1
Modbus,multiclass,Gaussian,8,4,simhash,2,16,0.44427775396485214,0.13969074932001432,0.3349213350429044,0.4982532728726186,0.18674,114.7488,0.1
Modbus,multiclass,Gaussian,8,4,simhash,2,64,0.44492070295756536,0.1353643148592102,0.33069906489277706,0.5027227682033054,0.12939,106.8564,0.1
Modbus,multiclass,Gaussian,8,4,simhash,2,256,0.4573510501500214,0.13363716369473075,0.33316443808359547,0.5005189273443208,0.07666,54.4724,0.1
Modbus,multiclass,Gaussian,8,4,simhash,2,1024,0.4586369481354479,0.12724640034909104,0.32723833685201004,0.5003811500068052,0.08274,50.8067,0.1
Modbus,multiclass,Gaussian,8,4,simhash,4,16,0.4277753964852122,0.1321104925843827,0.3233206210416112,0.497133719787955,0.08873,60.2543,0.1
Modbus,multiclass,Gaussian,8,4,simhash,4,64,0.4289541363051865,0.13801962381604058,0.33016403649771114,0.5027614824811412,0.08583,54.313,0.1
Modbus,multiclass,Gaussian,8,4,simhash,4,256,0.4557436776682383,0.138918006872051,0.3371570720270701,0.50743355527689,0.0892,53.5144,0.1
Modbus,multiclass,Gaussian,8,4,simhash,4,1024,0.4367766823831976,0.13387644750909786,0.3277358107406772,0.49661463286209867,0.09845,53.9405,0.1
Modbus,multiclass,Gaussian,8,4,simhash,8,16,0.46163737676810973,0.11943850074128198,0.31969378609142,0.504590659600319,0.0888,54.0564,0.1
Modbus,multiclass,Gaussian,8,4,simhash,8,64,0.4614230604372053,0.12618439717202937,0.3258700184470079,0.5041518668390363,0.09562,49.0051,0.1
Modbus,multiclass,Gaussian,8,4,simhash,8,256,0.42177453921988856,0.14159027401748106,0.33157872736430133,0.49540583834955854,0.09576,54.7434,0.1
Modbus,multiclass,Gaussian,8,4,simhash,8,1024,0.47042434633519076,0.13111809245261316,0.332637627043227,0.4999135742712492,0.09653,56.6875,0.1
Modbus,multiclass,Gaussian,8,4,h3,2,16,0.44567081011573084,0.13795776472081922,0.33405373090660556,0.5056870085696489,0.01986,24.5459,0.1
Modbus,multiclass,Gaussian,8,4,h3,2,64,0.44299185597942564,0.13885594254245745,0.3339229818604396,0.4937603208270942,0.02363,23.6946,0.1
Modbus,multiclass,Gaussian,8,4,h3,2,256,0.42316759537076726,0.15369220249106189,0.3420170514358016,0.5012895873985214,0.02088,25.9682,0.1
Modbus,multiclass,Gaussian,8,4,h3,2,1024,0.4544577796828118,0.12424714816903772,0.32294610385008987,0.4948313502247122,0.02404,25.7924,0.1
Modbus,multiclass,Gaussian,8,4,h3,4,16,0.4279897128161166,0.15916832510373521,0.34852976034287797,0.5033202040255901,0.02528,28.0962,0.1
Modbus,multiclass,Gaussian,8,4,h3,4,64,0.4588512644663523,0.13374101884653547,0.3323718360904453,0.5003555934588084,0.02266,25.1641,0.1
Modbus,multiclass,Gaussian,8,4,h3,4,256,0.44063437633947705,0.13863167610149665,0.33342052941780403,0.5024144927749747,0.02371,28.9469,0.1
Modbus,multiclass,Gaussian,8,4,h3,4,1024,0.46078011144449205,0.12673995853526057,0.32727959069126217,0.5026227205536773,0.06066,59.491,0.1
Modbus,multiclass,Gaussian,8,4,h3,8,16,0.4368838405486498,0.14218080476378694,0.33531009044739424,0.49567470899195526,0.04897,51.952,0.1
Modbus,multiclass,Gaussian,8,4,h3,8,64,0.4397771110158594,0.13017418517235885,0.32461827881363575,0.5026841576613861,0.06289,63.5912,0.1
Modbus,multiclass,Gaussian,8,4,h3,8,256,0.41180882983283323,0.1503243549374762,0.3357510357496417,0.4993512540434753,0.05827,61.3945,0.1
Modbus,multiclass,Gaussian,8,4,h3,8,1024,0.4507072438919846,0.13063970224226487,0.3280474791158243,0.4946502661581547,0.02535,27.7765,0.1
Modbus,multiclass,Gaussian,8,8,murmur,2,16,0.4558508358336905,0.13258568521203973,0.33209785184961865,0.5039264189372142,0.01526,11.0434,0.1
Modbus,multiclass,Gaussian,8,8,murmur,2,64,0.4278825546506644,0.14559105219113153,0.33730266679071824,0.5037867671402968,0.02718,14.4793,0.1
Modbus,multiclass,Gaussian,8,8,murmur,2,256,0.4103086155165024,0.14760289323282458,0.33400523956837735,0.5009459762229919,0.01465,13.4563,0.1
Modbus,multiclass,Gaussian,8,8,murmur,2,1024,0.4092370338619803,0.157442342047697,0.34285649257776246,0.5105022515226924,0.01439,10.9693,0.1
Modbus,multiclass,Gaussian,8,8,murmur,4,16,0.48221174453493354,0.10844418739155581,0.31375836472053226,0.5042120358524539,0.03015,25.8211,0.1
Modbus,multiclass,Gaussian,8,8,murmur,4,64,0.4322760394342049,0.13432698631900594,0.3278822179712304,0.5034788171458363,0.02672,20.5961,0.1
Modbus,multiclass,Gaussian,8,8,murmur,4,256,0.4195242177453922,0.14631678980675816,0.33520308490794565,0.5079004256278539,0.03046,25.4411,0.1
Modbus,multiclass,Gaussian,8,8,murmur,4,1024,0.43613373339048433,0.1487889086560816,0.34126178872993695,0.5093690940075248,0.03594,24.1108,0.1
Modbus,multiclass,Gaussian,8,8,murmur,8,16,0.48199742820402913,0.108411665461557,0.31366426998093005,0.49876347758486844,0.03225,27.4593,0.1
Modbus,multiclass,Gaussian,8,8,murmur,8,64,0.46624517788255465,0.1206672185236518,0.3217054925797145,0.5062061317461387,0.03259,25.5045,0.1
Modbus,multiclass,Gaussian,8,8,murmur,8,256,0.4081654522074582,0.15201522262724834,0.33654294757362924,0.5002468105738224,0.03413,25.24,0.1
Modbus,multiclass,Gaussian,8,8,murmur,8,1024,0.44234890698671236,0.14296468847384716,0.3374373947316978,0.5107889034476427,0.03583,20.7464,0.1
Modbus,multiclass,Gaussian,8,8,simhash,2,16,0.4709601371624518,0.11766234223199629,0.320378350803108,0.5005327298637777,0.14576,61.0833,0.1
Modbus,multiclass,Gaussian,8,8,simhash,2,64,0.42338191170167166,0.1449224903603041,0.33529200651136937,0.5088046468283259,0.14385,62.767,0.1
Modbus,multiclass,Gaussian,8,8,simhash,2,256,0.4181311615945135,0.15394952339091095,0.3414448743091011,0.5137422658317726,0.14283,57.7049,0.1
Modbus,multiclass,Gaussian,8,8,simhash,2,1024,0.430775825117874,0.15616414318991817,0.34689725906016144,0.5154347471567663,0.1554,61.2828,0.1
Modbus,multiclass,Gaussian,8,8,simhash,4,16,0.4804972138876982,0.11070269191049154,0.3156631537265778,0.5065766053238939,0.15218,61.6517,0.1
Modbus,multiclass,Gaussian,8,8,simhash,4,64,0.44781397342477497,0.13421870069405592,0.33040903569147606,0.5071037304827736,0.13609,53.7282,0.1
Modbus,multiclass,Gaussian,8,8,simhash,4,256,0.4025932276039434,0.15340979804608493,0.3360598139715572,0.5061887025606412,0.1488,62.6949,0.1
Modbus,multiclass,Gaussian,8,8,simhash,4,1024,0.4066652378911273,0.15282127510795937,0.33654565323535,0.4973913116662723,0.14831,59.8952,0.1
Modbus,multiclass,Gaussian,8,8,simhash,8,16,0.48221174453493354,0.10844418739155581,0.31375836472053226,0.500452268447741,0.14766,65.1431,0.1
Modbus,multiclass,Gaussian,8,8,simhash,8,64,0.4585297899699957,0.13005547370489126,0.32937553222650434,0.5004513438935202,0.14457,63.5088,0.1
Modbus,multiclass,Gaussian,8,8,simhash,8,256,0.4082726103729104,0.15191523107515734,0.3381834623351503,0.5095241208886883,0.1404,51.4412,0.1
Modbus,multiclass,Gaussian,8,8,simhash,8,1024,0.41609515645092154,0.15539051200279827,0.34215629330119696,0.5021657167669966,0.07162,26.3311,0.1
Modbus,multiclass,Gaussian,8,8,h3,2,16,0.46592370338619804,0.11953851347172345,0.3214992326680816,0.5057653594748674,0.01917,13.4278,0.1
Modbus,multiclass,Gaussian,8,8,h3,2,64,0.40152164594942136,0.1511505999602163,0.33440582993761564,0.5039239654973325,0.01438,10.0395,0.1
Modbus,multiclass,Gaussian,8,8,h3,2,256,0.416845263609087,0.1564369842901456,0.3429851205978536,0.5016723532810868,0.01427,9.7423,0.1
Modbus,multiclass,Gaussian,8,8,h3,2,1024,0.41748821260180025,0.14884134388673018,0.33671136126003626,0.5062126904580062,0.01627,11.1297,0.1
Modbus,multiclass,Gaussian,8,8,h3,4,16,0.48221174453493354,0.10844418739155581,0.31375836472053226,0.5070727125315962,0.01672,11.2498,0.1
Modbus,multiclass,Gaussian,8,8,h3,4,64,0.4572438919845692,0.1332531361588454,0.33298561930339654,0.5041033079415296,0.01726,11.7396,0.1
Modbus,multiclass,Gaussian,8,8,h3,4,256,0.44909987141020147,0.1372657862895506,0.3342290605078446,0.5157756289927145,0.01703,10.6033,0.1
Modbus,multiclass,Gaussian,8,8,h3,4,1024,0.4009858551221603,0.15416101298025278,0.33724637020969794,0.5155735038081787,0.02366,10.9263,0.1
Modbus,multiclass,Gaussian,8,8,h3,8,16,0.4814616373767681,0.10898541413017238,0.3140420860637531,0.49668163191336184,0.01864,12.6061,0.1
Modbus,multiclass,Gaussian,8,8,h3,8,64,0.46720960137162454,0.12335404920577571,0.3242560064478116,0.5044247963454341,0.01778,11.7356,0.1
Modbus,multiclass,Gaussian,8,8,h3,8,256,0.4078439777111016,0.15284881479109744,0.3382647341244105,0.504945917649373,0.01744,11.4697,0.1
Modbus,multiclass,Gaussian,8,8,h3,8,1024,0.39712816116588084,0.16095347972000665,0.34396904569642855,0.5091535751003912,0.01787,11.3638,0.1
Modbus,multiclass,Gaussian,8,16,murmur,2,16,0.48221174453493354,0.10844418739155581,0.31375836472053226,0.5001318397501567,0.01141,5.4659,0.1
Modbus,multiclass,Gaussian,8,16,murmur,2,64,0.474174882126018,0.11755243033223876,0.3211682498656018,0.5046225872319821,0.01285,6.6627,0.1
Modbus,multiclass,Gaussian,8,16,murmur,2,256,0.4512430347192456,0.15547520641883514,0.3520800753229973,0.5238278028820438,0.01433,6.4983,0.1
Modbus,multiclass,Gaussian,8,16,murmur,2,1024,0.4368838405486498,0.1812496681390742,0.37362026863861997,0.540569964359071,0.0118,5.6776,0.1
Modbus,multiclass,Gaussian,8,16,murmur,4,16,0.48221174453493354,0.10844418739155581,0.31375836472053226,0.49760317544539073,0.01622,7.1607,0.1
Modbus,multiclass,Gaussian,8,16,murmur,4,64,0.48221174453493354,0.10844418739155581,0.31375836472053226,0.5058082058939534,0.02632,14.6697,0.1
Modbus,multiclass,Gaussian,8,16,murmur,4,256,0.46045863694813544,0.14085101413973036,0.33974911798536217,0.5167635421716816,0.02459,12.1161,0.1
Modbus,multiclass,Gaussian,8,16,murmur,4,1024,0.4277753964852122,0.18272644362816312,0.37009449850539033,0.5379131801802018,0.02191,10.0776,0.1
Modbus,multiclass,Gaussian,8,16,murmur,8,16,0.48221174453493354,0.10844418739155581,0.31375836472053226,0.4954254972955176,0.02413,16.6506,0.1
Modbus,multiclass,Gaussian,8,16,murmur,8,64,0.48221174453493354,0.10844418739155581,0.31375836472053226,0.5047460800828624,0.02114,14.1236,0.1
Modbus,multiclass,Gaussian,8,16,murmur,8,256,0.4768538362623232,0.11452921246070412,0.31864632376478563,0.5055704032638874,0.01905,11.3261,0.1
Modbus,multiclass,Gaussian,8,16,murmur,8,1024,0.4481354479211316,0.15505774413023685,0.35146823066896543,0.527947428661482,0.01812,8.7742,0.1
Modbus,multiclass,Gaussian,8,16,simhash,2,16,0.48221174453493354,0.10844418739155581,0.31375836472053226,0.5055021004624212,0.08679,29.2841,0.1
Modbus,multiclass,Gaussian,8,16,simhash,2,64,0.4786755250750107,0.11358310431359318,0.31783930134827787,0.5070721034577802,0.07946,26.77,0.1
Modbus,multiclass,Gaussian,8,16,simhash,2,256,0.4354907843977711,0.1475018708016947,0.34079742034112487,0.5215184165098478,0.0967,34.3061,0.1
Modbus,multiclass,Gaussian,8,16,simhash,2,1024,0.41963137591084443,0.18612889447917927,0.37100352143250626,0.536283494732595,0.10147,31.6291,0.1
Modbus,multiclass,Gaussian,8,16,simhash,4,16,0.48221174453493354,0.10844418739155581,0.31375836472053226,0.4968366231626356,0.09887,34.184,0.1
Modbus,multiclass,Gaussian,8,16,simhash,4,64,0.48221174453493354,0.10844418739155581,0.31375836472053226,0.511151596365533,0.07649,27.2196,0.1
Modbus,multiclass,Gaussian,8,16,simhash,4,256,0.468495499357051,0.1379381284809313,0.33909161609988153,0.5145021313531863,0.08621,30.4734,0.1
Modbus,multiclass,Gaussian,8,16,simhash,4,1024,0.436990998714102,0.1667586494632466,0.3596890493626115,0.5299827787252768,0.05342,16.4223,0.1
Modbus,multiclass,Gaussian,8,16,simhash,8,16,0.48221174453493354,0.10844418739155581,0.31375836472053226,0.5024037599013299,0.05158,17.1409,0.1
Modbus,multiclass,Gaussian,8,16,simhash,8,64,0.48221174453493354,0.10844418739155581,0.31375836472053226,0.5105807538820191,0.05025,16.8821,0.1
Modbus,multiclass,Gaussian,8,16,simhash,8,256,0.4786755250750107,0.10900656360683726,0.31369669468485695,0.5112455426086021,0.05175,17.5416,0.1
Modbus,multiclass,Gaussian,8,16,simhash,8,1024,0.44470638662666095,0.1751676746988862,0.367794918053531,0.5239649480916407,0.05192,16.2636,0.1
Modbus,multiclass,Gaussian,8,16,h3,2,16,0.48221174453493354,0.10844418739155581,0.31375836472053226,0.5031411198198719,0.01101,5.7047,0.1
Modbus,multiclass,Gaussian,8,16,h3,2,64,0.471603086155165,0.11515281703914182,0.31779102559041106,0.5004120756788749,0.01156,6.0126,0.1
Modbus,multiclass,Gaussian,8,16,h3,2,256,0.44642091727389627,0.1508204860338806,0.3459287780664072,0.5221432132147449,0.01179,5.1585,0.1
Modbus,multiclass,Gaussian,8,16,h3,2,1024,0.4340977282468924,0.18531980728397338,0.37407581797206635,0.542837045857481,0.01313,5.5265,0.1
Modbus,multiclass,Gaussian,8,16,h3,4,16,0.48221174453493354,0.10844418739155581,0.31375836472053226,0.5021483858477124,0.01249,6.0501,0.1
Modbus,multiclass,Gaussian,8,16,h3,4,64,0.48221174453493354,0.10844418739155581,0.31375836472053226,0.4994557323669202,0.02647,13.5875,0.1
Modbus,multiclass,Gaussian,8,16,h3,4,256,0.4713887698242606,0.12825269854652482,0.33013569105958934,0.5159987358786093,0.02605,12.2365,0.1
Modbus,multiclass,Gaussian,8,16,h3,4,1024,0.4324903557651093,0.18238418236566975,0.3719356314601696,0.538087418497581,0.02512,10.7735,0.1
Modbus,multiclass,Gaussian,8,16,h3,8,16,0.48221174453493354,0.10844418739155581,0.31375836472053226,0.4961791173792392,0.0294,13.9738,0.1
Modbus,multiclass,Gaussian,8,16,h3,8,64,0.48221174453493354,0.10844418739155581,0.31375836472053226,0.5053226175300641,0.02887,13.5878,0.1
Modbus,multiclass,Gaussian,8,16,h3,8,256,0.4799614230604372,0.11137228053377135,0.3159188921591539,0.514444132288442,0.03016,12.5888,0.1
Modbus,multiclass,Gaussian,8,16,h3,8,1024,0.44470638662666095,0.16465262967725178,0.3593301642750808,0.5243097552696271,0.0283,11.7304,0.1
Modbus,multiclass,Gaussian,16,4,murmur,2,16,0.4345263609087012,0.14007287312060324,0.33286435967031336,0.4968230176007973,0.06996,130.6972,0.1
Modbus,multiclass,Gaussian,16,4,murmur,2,64,0.44181311615945135,0.14414588375136259,0.3389798608655751,0.4968549975135397,0.0727,124.915,0.1
Modbus,multiclass,Gaussian,16,4,murmur,2,256,0.4262751821688813,0.14238577190466542,0.3335677718535529,0.49567401090163243,0.07569,134.0414,0.1
Modbus,multiclass,Gaussian,16,4,murmur,2,1024,0.42884697813973427,0.14346166727256127,0.3351370895855156,0.5050368294819652,0.09462,150.0692,0.1
Modbus,multiclass,Gaussian,16,4,murmur,4,16,0.44909987141020147,0.13474500266303077,0.33069504053396587,0.49951365205387427,0.08391,139.795,0.1
Modbus,multiclass,Gaussian,16,4,murmur,4,64,0.44417059579939994,0.1359207650996537,0.33145332293441526,0.49392347169650574,0.07266,125.5555,0.1
Modbus,multiclass,Gaussian,16,4,murmur,4,256,0.43613373339048433,0.13653295960981618,0.3291214432878898,0.49765445855496293,0.07848,120.3451,0.1
Modbus,multiclass,Gaussian,16,4,murmur,4,1024,0.43902700385769394,0.14543214354018888,0.3399266134919084,0.49888273941030553,0.05158,73.4283,0.1
Modbus,multiclass,Gaussian,16,4,murmur,8,16,0.43913416202314615,0.13205034151161985,0.3267031239602997,0.4874149030424735,0.04155,72.0755,0.1
Modbus,multiclass,Gaussian,16,4,murmur,8,64,0.44717102443206175,0.13724076794985973,0.3336841509273894,0.502530424514355,0.03684,60.449,0.1
Modbus,multiclass,Gaussian,16,4,murmur,8,256,0.44620660094299186,0.13497778422971854,0.3316082035411717,0.49568106257905553,0.03862,60.0564,0.1
Modbus,multiclass,Gaussian,16,4,murmur,8,1024,0.44609944277753966,0.14089912334728114,0.3363988142480855,0.5100059462411894,0.04099,65.2135,0.1
Modbus,multiclass,Gaussian,16,4,simhash,2,16,0.42145306472353194,0.1427921772217571,0.3318288953121577,0.4885703293719919,0.17532,120.3767,0.1
Modbus,multiclass,Gaussian,16,4,simhash,2,64,0.44470638662666095,0.1391064761576454,0.33470016623654464,0.49347866176200966,0.36646,246.4864,0.1
Modbus,multiclass,Gaussian,16,4,simhash,2,256,0.4528504072010287,0.14136621852090833,0.3388401245133603,0.4968782465680941,0.35752,245.8229,0.1
Modbus,multiclass,Gaussian,16,4,simhash,2,1024,0.4298114016288041,0.14159737412083231,0.332577060490672,0.4942870637313019,0.26414,156.551,0.1
Modbus,multiclass,Gaussian,16,4,simhash,4,16,0.43474067723960563,0.13972790091054657,0.33300076779934934,0.5004067477894744,0.22245,145.5224,0.1
Modbus,multiclass,Gaussian,16,4,simhash,4,64,0.434419202743249,0.14056832915937284,0.33278310793359195,0.49997801393439206,0.18117,121.0989,0.1
Modbus,multiclass,Gaussian,16,4,simhash,4,256,0.44063437633947705,0.14057011343166467,0.3344556270022535,0.5032808823128332,0.19698,121.2975,0.1
Modbus,multiclass,Gaussian,16,4,simhash,4,1024,0.4467423917702529,0.1343925454481721,0.33198746630604536,0.4963835077321546,0.41708,252.0647,0.1
Modbus,multiclass,Gaussian,16,4,simhash,8,16,0.44342048864123446,0.13066282643165864,0.3256832310008989,0.49773911097770945,0.36235,257.4132,0.1
Modbus,multiclass,Gaussian,16,4,simhash,8,64,0.431311615945135,0.1403349362583807,0.3307661199692936,0.5034610247340934,0.18691,151.5521,0.1
Modbus,multiclass,Gaussian,16,4,simhash,8,256,0.44717102443206175,0.13749186896026724,0.3339069400426282,0.4932032674623137,0.21809,123.3167,0.1
Modbus,multiclass,Gaussian,16,4,simhash,8,1024,0.4337762537505358,0.1381494371565357,0.3310610534547947,0.49004981070671966,0.36927,248.6143,0.1
Modbus,multiclass,Gaussian,16,4,h3,2,16,0.44320617231033005,0.14407691059217326,0.33824746356769253,0.5029636703395922,0.07477,132.7902,0.1
Modbus,multiclass,Gaussian,16,4,h3,2,64,0.436990998714102,0.14283147873313434,0.33654744066371695,0.499407480554329,0.07469,131.576,0.1
Modbus,multiclass,Gaussian,16,4,h3,2,256,0.4499571367338191,0.14904973222480256,0.34478339890340143,0.4989317824595032,0.06237,85.7198,0.1
Modbus,multiclass,Gaussian,16,4,h3,2,1024,0.4526360908701243,0.13070170174628706,0.32864989288560803,0.4992990252133657,0.04052,66.7307,0.1
Modbus,multiclass,Gaussian,16,4,h3,4,16,0.42198885555079296,0.1421464009764636,0.33198968914664445,0.49945186936234154,0.04023,67.1378,0.1
Modbus,multiclass,Gaussian,16,4,h3,4,64,0.4439562794684955,0.1342021262460102,0.32967724349218275,0.5023162919129411,0.07914,127.0583,0.1
Modbus,multiclass,Gaussian,16,4,h3,4,256,0.44406343763394773,0.1420981715043739,0.33730980294514157,0.5021887546659353,0.08993,129.3698,0.1
Modbus,multiclass,Gaussian,16,4,h3,4,1024,0.4453493356193742,0.14075897174722535,0.3363741216304554,0.49852342833619295,0.07663,94.8092,0.1
Modbus,multiclass,Gaussian,16,4,h3,8,16,0.457136733819117,0.13031970024600278,0.32927979026059995,0.49267418173100713,0.04902,77.1966,0.1
Modbus,multiclass,Gaussian,16,4,h3,8,64,0.41759537076725245,0.14757001263018285,0.33596566646415477,0.5061215349296052,0.09154,134.1505,0.1
Modbus,multiclass,Gaussian,16,4,h3,8,256,0.434419202743249,0.14084865292722154,0.3334576830362464,0.5053009424839584,0.09312,134.6817,0.1
Modbus,multiclass,Gaussian,16,4,h3,8,1024,0.46228032576082295,0.131619275717375,0.3319839933155952,0.4981165252979283,0.09579,136.7776,0.1
Modbus,multiclass,Gaussian,16,8,murmur,2,16,0.4355979425632233,0.1379776894291955,0.3320769462072028,0.49924331330496613,0.04561,51.7699,0.1
Modbus,multiclass,Gaussian,16,8,murmur,2,64,0.42188169738534076,0.1494152453967254,0.3380531794807832,0.5112025226777711,0.04537,46.1949,0.1
Modbus,multiclass,Gaussian,16,8,murmur,2,256,0.4125589369909987,0.15695651189212323,0.34370724075444276,0.5160333396038311,0.04668,42.8585,0.1
Modbus,multiclass,Gaussian,16,8,murmur,2,1024,0.4078439777111016,0.1633551122606537,0.34710855469604185,0.5093793966444596,0.04909,43.7889,0.1
Modbus,multiclass,Gaussian,16,8,murmur,4,16,0.4582083154736391,0.13128894964023033,0.3300892392161914,0.4985179245560216,0.04325,52.6113,0.1
Modbus,multiclass,Gaussian,16,8,murmur,4,64,0.4482426060865838,0.14397673201613215,0.34018303220098794,0.5066762218556927,0.04487,48.5884,0.1
Modbus,multiclass,Gaussian,16,8,murmur,4,256,0.4149164166309473,0.15933836268359372,0.3454263768069942,0.5152813600775806,0.04839,42.6,0.1
Modbus,multiclass,Gaussian,16,8,murmur,4,1024,0.4078439777111016,0.15560650818908858,0.34068379972356194,0.5135370321440259,0.05112,44.4137,0.1
Modbus,multiclass,Gaussian,16,8,murmur,8,16,0.48221174453493354,0.10844418739155581,0.31375836472053226,0.501036574063113,0.04714,47.4283,0.1
Modbus,multiclass,Gaussian,16,8,murmur,8,64,0.4563866266609516,0.13006506820407604,0.32835014953794045,0.4974494020395494,0.04862,51.4008,0.1
Modbus,multiclass,Gaussian,16,8,murmur,8,256,0.41620231461637375,0.15481569550437652,0.3417663627380262,0.5045463368727425,0.04786,44.2714,0.1
Modbus,multiclass,Gaussian,16,8,murmur,8,1024,0.4335619374196314,0.1500741063925366,0.34229003553527804,0.5109849421135141,0.04863,44.9897,0.1
Modbus,multiclass,Gaussian,16,8,simhash,2,16,0.4467423917702529,0.13720833584193257,0.33349472187035206,0.5017244777669961,0.2689,122.663,0.1
Modbus,multiclass,Gaussian,16,8,simhash,2,64,0.42027432490355765,0.1488120616240877,0.33722237378588926,0.5040708124307856,0.27064,113.2591,0.1
Modbus,multiclass,Gaussian,16,8,simhash,2,256,0.41845263609087013,0.15268041251652,0.3406060705372137,0.50913581423714,0.27764,117.0919,0.1
Modbus,multiclass,Gaussian,16,8,simhash,2,1024,0.42059579939991426,0.16085809107870905,0.3485530168838608,0.509094156814968,0.29927,122.4465,0.1
Modbus,multiclass,Gaussian,16,8,simhash,4,16,0.46635233604800685,0.1215747304321188,0.3224021182619889,0.5013174761104109,0.28536,127.1427,0.1
Modbus,multiclass,Gaussian,16,8,simhash,4,64,0.4309901414487784,0.14707099144446148,0.33901746119604326,0.5038956709491621,0.28311,122.3645,0.1
Modbus,multiclass,Gaussian,16,8,simhash,4,256,0.40141448778396915,0.15700588274837438,0.34015240923806134,0.513819839352548,0.28526,117.3319,0.1
Modbus,multiclass,Gaussian,16,8,simhash,4,1024,0.416845263609087,0.16771228320448764,0.351561011276964,0.5321207986506963,0.33862,118.6007,0.1
Modbus,multiclass,Gaussian,16,8,simhash,8,16,0.48221174453493354,0.10844418739155581,0.31375836472053226,0.5061061328789419,0.28696,129.7977,0.1
Modbus,multiclass,Gaussian,16,8,simhash,8,64,0.44588512644663525,0.13978650920483784,0.33570006818688203,0.5109323680305486,0.2905,126.8253,0.1
Modbus,multiclass,Gaussian,16,8,simhash,8,256,0.4301328761251607,0.1408532401841144,0.33363639700710623,0.5092479210699526,0.28462,119.5618,0.1
Modbus,multiclass,Gaussian,16,8,simhash,8,1024,0.4070938705529361,0.15894985960091457,0.3418918605545581,0.5242555355704726,0.29268,124.0783,0.1
Modbus,multiclass,Gaussian,16,8,h3,2,16,0.45777968281183024,0.13119790419118746,0.3303345276632608,0.5064537243633045,0.05221,55.8261,0.1
Modbus,multiclass,Gaussian,16,8,h3,2,64,0.4072010287183883,0.1605857773978819,0.34417359608634157,0.509279548776739,0.04912,48.8869,0.1
Modbus,multiclass,Gaussian,16,8,h3,2,256,0.4279897128161166,0.16052012165798715,0.35144205974968057,0.5208967812300185,0.04946,44.97,0.1
Modbus,multiclass,Gaussian,16,8,h3,2,1024,0.41834547792541793,0.1622249838339544,0.349849706802174,0.5095491765306681,0.05447,45.9674,0.1
Modbus,multiclass,Gaussian,16,8,h3,4,16,0.46228032576082295,0.12555405352265417,0.32626822962853297,0.5125144089095123,0.05429,57.3532,0.1
Modbus,multiclass,Gaussian,16,8,h3,4,64,0.4295970852978997,0.1500539713083578,0.34179030091125057,0.5066253062496842,0.0532,52.6791,0.1
Modbus,multiclass,Gaussian,16,8,h3,4,256,0.43624089155593654,0.14596950604695308,0.33928366802937293,0.5190801992657281,0.05002,41.7894,0.1
Modbus,multiclass,Gaussian,16,8,h3,4,1024,0.43602657522503213,0.15162657616704694,0.3449302972452459,0.49667955443638134,0.04494,37.611,0.1
Modbus,multiclass,Gaussian,16,8,h3,8,16,0.48221174453493354,0.10844418739155581,0.31375836472053226,0.49755076511856916,0.07302,66.167,0.1
Modbus,multiclass,Gaussian,16,8,h3,8,64,0.4639948564080583,0.12263774643078142,0.323492795364389,0.5023919767012502,0.05977,57.3804,0.1
Modbus,multiclass,Gaussian,16,8,h3,8,256,0.42263180454350624,0.15782126255608045,0.3475314207046062,0.515989424559029,0.06092,49.1635,0.1
Modbus,multiclass,Gaussian,16,8,h3,8,1024,0.4121303043291899,0.15979221935715174,0.3452362900492631,0.5091185300912714,0.06596,52.2054,0.1
Modbus,multiclass,Gaussian,16,16,murmur,2,16,0.48221174453493354,0.10844418739155581,0.31375836472053226,0.5019322701437384,0.03042,22.5644,0.1
Modbus,multiclass,Gaussian,16,16,murmur,2,64,0.4738534076296614,0.11744563352476327,0.3204318870800639,0.5053413519289728,0.03113,22.1563,0.1
Modbus,multiclass,Gaussian,16,16,murmur,2,256,0.4355979425632233,0.16587949542270172,0.3576630040841057,0.5324229036440052,0.03387,18.9343,0.1
Modbus,multiclass,Gaussian,16,16,murmur,2,1024,0.4320617231033005,0.18299157114838505,0.3709796202663635,0.553807754889585,0.03401,16.8407,0.1
Modbus,multiclass,Gaussian,16,16,murmur,4,16,0.48221174453493354,0.10844418739155581,0.31375836472053226,0.5034446612239417,0.03255,23.6788,0.1
Modbus,multiclass,Gaussian,16,16,murmur,4,64,0.48221174453493354,0.10844418739155581,0.31375836472053226,0.5073400347777325,0.03367,22.6324,0.1
Modbus,multiclass,Gaussian,16,16,murmur,4,256,0.4552078868409773,0.14429602809597594,0.3417967512326684,0.5216887456273979,0.03222,20.0888,0.1
Modbus,multiclass,Gaussian,16,16,murmur,4,1024,0.45145735105015,0.19081491920050753,0.38208294644678253,0.5671271232401339,0.02727,15.5532,0.1
Modbus,multiclass,Gaussian,16,16,murmur,8,16,0.48221174453493354,0.10844418739155581,0.31375836472053226,0.5038466307449072,0.03357,23.2682,0.1
Modbus,multiclass,Gaussian,16,16,murmur,8,64,0.48221174453493354,0.10844418739155581,0.31375836472053226,0.5066398381721636,0.03302,24.5442,0.1
Modbus,multiclass,Gaussian,16,16,murmur,8,256,0.4755679382768967,0.11733904628529866,0.32073818546556887,0.5123805979269336,0.03229,21.5124,0.1
Modbus,multiclass,Gaussian,16,16,murmur,8,1024,0.44781397342477497,0.1786500458476321,0.3731614104744308,0.5557262746566163,0.03513,18.9044,0.1
Modbus,multiclass,Gaussian,16,16,simhash,2,16,0.48221174453493354,0.10844418739155581,0.31375836472053226,0.500882674971307,0.19939,73.8992,0.1
Modbus,multiclass,Gaussian,16,16,simhash,2,64,0.480390055722246,0.11455742198728293,0.3193277564140993,0.5074413846849889,0.2006,71.5668,0.1
Modbus,multiclass,Gaussian,16,16,simhash,2,256,0.43731247321045863,0.1706676281898786,0.3620672443333008,0.5342286039989333,0.20467,69.1547,0.1
Modbus,multiclass,Gaussian,16,16,simhash,2,1024,0.4334547792541792,0.19361080992571902,0.3795303632846071,0.5579354654493058,0.22006,67.4321,0.1
Modbus,multiclass,Gaussian,16,16,simhash,4,16,0.48221174453493354,0.10844418739155581,0.31375836472053226,0.49694498447499275,0.20004,74.074,0.1
Modbus,multiclass,Gaussian,16,16,simhash,4,64,0.4817831118731247,0.10837913412399962,0.31357014802271643,0.506964736060001,0.20299,75.0685,0.1
Modbus,multiclass,Gaussian,16,16,simhash,4,256,0.4569224174882126,0.14411182557526306,0.34244970074930964,0.5214484258869002,0.20729,71.7518,0.1
Modbus,multiclass,Gaussian,16,16,simhash,4,1024,0.4439562794684955,0.1789715206135084,0.37226874722425185,0.5545635877610197,0.20002,67.3124,0.1
Modbus,multiclass,Gaussian,16,16,simhash,8,16,0.48221174453493354,0.10844418739155581,0.31375836472053226,0.49960007138738005,0.22678,74.9938,0.1
Modbus,multiclass,Gaussian,16,16,simhash,8,64,0.48221174453493354,0.10844418739155581,0.31375836472053226,0.4980185566788504,0.21146,76.6141,0.1
Modbus,multiclass,Gaussian,16,16,simhash,8,256,0.45906558079725673,0.12627879297035727,0.32551844034498945,0.5160513467700294,0.21189,73.1679,0.1
Modbus,multiclass,Gaussian,16,16,simhash,8,1024,0.44406343763394773,0.18114739204540684,0.374166612977936,0.5493204970255955,0.21104,75.8761,0.1
Modbus,multiclass,Gaussian,16,16,h3,2,16,0.48221174453493354,0.10844418739155581,0.31375836472053226,0.5009177252478966,0.03108,24.3263,0.1
Modbus,multiclass,Gaussian,16,16,h3,2,64,0.4699957136733819,0.12806772941609637,0.3302771993527917,0.508972878714596,0.04166,24.7981,0.1
Modbus,multiclass,Gaussian,16,16,h3,2,256,0.4394556365195028,0.16029192205161638,0.35333828175174714,0.5315081840022858,0.03946,21.1266,0.1
Modbus,multiclass,Gaussian,16,16,h3,2,1024,0.4372053150450064,0.19553048280733978,0.3863019108413267,0.5585067674163905,0.04153,20.0761,0.1
Modbus,multiclass,Gaussian,16,16,h3,4,16,0.48221174453493354,0.10844418739155581,0.31375836472053226,0.49989849300825046,0.03966,20.4901,0.1
Modbus,multiclass,Gaussian,16,16,h3,4,64,0.48199742820402913,0.1084273454825957,0.31370963652272654,0.5034458184101172,0.04511,27.2362,0.1
Modbus,multiclass,Gaussian,16,16,h3,4,256,0.4515645092156022,0.1494509342488188,0.345922472113396,0.5214845358780521,0.0479,23.6205,0.1
Modbus,multiclass,Gaussian,16,16,h3,4,1024,0.42177453921988856,0.18685321395634644,0.3737898868456513,0.5464120543209089,0.03889,18.1512,0.1
Modbus,multiclass,Gaussian,16,16,h3,8,16,0.48221174453493354,0.10844418739155581,0.31375836472053226,0.5043210370902454,0.05336,29.2175,0.1
Modbus,multiclass,Gaussian,16,16,h3,8,64,0.48221174453493354,0.10844418739155581,0.31375836472053226,0.5007731478623763,0.05065,29.6966,0.1
Modbus,multiclass,Gaussian,16,16,h3,8,256,0.4764252036005144,0.12273198303150962,0.32614240036019193,0.5166984103316784,0.05639,27.319,0.1
Modbus,multiclass,Gaussian,16,16,h3,8,1024,0.4510287183883412,0.17601081997739257,0.37145634991603693,0.5455669462757431,0.05681,23.3803,0.1
Thermostat,binary,Distributive,8,4,murmur,2,16,0.48571138004678127,0.4851173216527076,0.48363573290341616,0.4921206533741692,0.01808,2.2537,0.1
Thermostat,binary,Distributive,8,4,murmur,2,64,0.5127631445133733,0.494480061800825,0.5026243441000512,0.5002424734879263,0.01865,2.3918,0.1
Thermostat,binary,Distributive,8,4,murmur,2,256,0.5066612427539917,0.5002934499865692,0.5050721629372565,0.5006914598829093,0.01883,2.3751,0.1
Thermostat,binary,Distributive,8,4,murmur,2,1024,0.484796094782874,0.48356032470917887,0.4814202073050456,0.49247436298101965,0.0222,3.3706,0.1
Thermostat,binary,Distributive,8,4,murmur,4,16,0.5168310790196278,0.45903642175146225,0.4740155597428692,0.4926770839844157,0.01785,2.0779,0.1
Thermostat,binary,Distributive,8,4,murmur,4,64,0.5185599511847859,0.49066913972938586,0.5007660740806888,0.5023411254870096,0.01889,2.302,0.1
Thermostat,binary,Distributive,8,4,murmur,4,256,0.49740669175226276,0.49739208986536493,0.497162592284499,0.5014620913807113,0.01938,2.2482,0.1
Thermostat,binary,Distributive,8,4,murmur,4,1024,0.5058476558527407,0.4854884540280991,0.4941588094063846,0.4925307206700419,0.02114,2.4889,0.1
Thermostat,binary,Distributive,8,4,murmur,8,16,0.5006610393572664,0.49715555614435947,0.500712276627126,0.49715571806571235,0.02007,2.2343,0.1
Thermostat,binary,Distributive,8,4,murmur,8,64,0.4955761212244483,0.4946320310147846,0.49278161420384364,0.5028463653978373,0.01977,2.272,0.1
Thermostat,binary,Distributive,8,4,murmur,8,256,0.5226278856910404,0.48385605596224335,0.49584007606023517,0.5030194803841908,0.0205,2.2899,0.1
Thermostat,binary,Distributive,8,4,murmur,8,1024,0.5305603579782365,0.4447790268593642,0.46326695669688567,0.4985908077588183,0.01921,2.4744,0.1
Thermostat,binary,Distributive,8,4,simhash,2,16,0.5351367842977728,0.43811423654467174,0.45789391894269754,0.502961560097506,0.05105,4.7685,0.1
Thermostat,binary,Distributive,8,4,simhash,2,64,0.5052374656768026,0.49488062589867476,0.5010079323867291,0.49667145863283124,0.04833,5.0166,0.1
Thermostat,binary,Distributive,8,4,simhash,2,256,0.5028984033357063,0.4993224811423918,0.5029070096466408,0.49932247848823885,0.05249,4.8069,0.1
Thermostat,binary,Distributive,8,4,simhash,2,1024,0.506762941116648,0.479484961988144,0.4895793896265464,0.49089272246182053,0.06352,5.8558,0.1
Thermostat,binary,Distributive,8,4,simhash,4,16,0.5134750330519678,0.4795927569812855,0.4908418346882917,0.49541450507323376,0.0511,4.9795,0.1
Thermostat,binary,Distributive,8,4,simhash,4,64,0.5315773416048002,0.4416063158403474,0.4605943737227363,0.5011692397441507,0.05034,5.0393,0.1
Thermostat,binary,Distributive,8,4,simhash,4,256,0.5223227906030713,0.4878236069047155,0.4990845081667572,0.5039530804008584,0.05034,5.0756,0.1
Thermostat,binary,Distributive,8,4,simhash,4,1024,0.517441269195566,0.4656975105746352,0.47978331153255527,0.4950515657228577,0.05109,5.2277,0.1
Thermostat,binary,Distributive,8,4,simhash,8,16,0.5133733346893115,0.5096748156102738,0.5132823874988434,0.509673542096381,0.05281,5.5055,0.1
Thermostat,binary,Distributive,8,4,simhash,8,64,0.523339774229635,0.48422064330749526,0.49625396533782845,0.5036237056482696,0.05412,5.38,0.1
Thermostat,binary,Distributive,8,4,simhash,8,256,0.5057459574900844,0.4990240544536856,0.503940073092246,0.49951790736921065,0.05381,5.4903,0.1
Thermostat,binary,Distributive,8,4,simhash,8,1024,0.5140852232279061,0.5049602729716953,0.5106539685248216,0.5079845823697314,0.05721,5.4021,0.1
Thermostat,binary,Distributive,8,4,h3,2,16,0.5399166073426218,0.399335825405853,0.42395297725645814,0.5027859449548929,0.01779,2.2224,0.1
Thermostat,binary,Distributive,8,4,h3,2,64,0.5227295840536967,0.4730205293428021,0.4867316692680257,0.5003016855220117,0.01703,2.2972,0.1
Thermostat,binary,Distributive,8,4,h3,2,256,0.4900844096410048,0.4900839824603326,0.4901235204047745,0.4935488676375607,0.0177,2.165,0.1
Thermostat,binary,Distributive,8,4,h3,2,1024,0.5239499644055731,0.5014708353557845,0.5104388020696129,0.5096184344854886,0.01801,2.2488,0.1
Thermostat,binary,Distributive,8,4,h3,4,16,0.5162208888436897,0.48754596595333843,0.4978151881234428,0.4997682146800842,0.0175,2.2657,0.1
Thermostat,binary,Distributive,8,4,h3,4,64,0.4776772093969287,0.4498093267147849,0.43931951818598886,0.5003336666875012,0.01884,2.2854,0.1
Thermostat,binary,Distributive,8,4,h3,4,256,0.5163225872063459,0.4685184287789945,0.48202160408248174,0.49446448736379356,0.01906,2.2203,0.1
Thermostat,binary,Distributive,8,4,h3,4,1024,0.5328994203193329,0.44749325905958204,0.46589556954312383,0.503203762735171,0.02033,2.3245,0.1
Thermostat,binary,Distributive,8,4,h3,8,16,0.533204515407302,0.44289438711787443,0.46189624032956755,0.5027040440027503,0.01988,2.4481,0.1
Thermostat,binary,Distributive,8,4,h3,8,64,0.5241533611308858,0.4770179366908829,0.4903186848475639,0.502325832864554,0.02025,2.485,0.1
Thermostat,binary,Distributive,8,4,h3,8,256,0.5231363775043222,0.5031532146780942,0.511594378285725,0.5098055711815322,0.01928,2.3172,0.1
Thermostat,binary,Distributive,8,4,h3,8,1024,0.5131699379639988,0.5051473877024363,0.5104850748972298,0.5060149801029231,0.02242,2.6158,0.1
Thermostat,binary,Distributive,8,8,murmur,2,16,0.5168310790196278,0.47622008191499066,0.4885754364029975,0.49680763381044657,0.01424,1.8333,0.1
Thermostat,binary,Distributive,8,8,murmur,2,64,0.5331028170446456,0.4336805029321951,0.4537821504214357,0.5012045127820489,0.01457,2.2837,0.1
Thermostat,binary,Distributive,8,8,murmur,2,256,0.5221193938777585,0.48713961026942465,0.4984862456844333,0.503609371419047,0.01443,1.9112,0.1
Thermostat,binary,Distributive,8,8,murmur,2,1024,0.5352384826604292,0.43597925119838443,0.45602360024271976,0.5027454632581203,0.01477,1.8412,0.1
Thermostat,binary,Distributive,8,8,murmur,4,16,0.5231363775043222,0.4705846122790849,0.48471489647295923,0.5000345646602913,0.01794,1.9771,0.1
Thermostat,binary,Distributive,8,8,murmur,4,64,0.5345265941218347,0.433289333136042,0.4535806320776121,0.5017558180719628,0.01637,1.8376,0.1
Thermostat,binary,Distributive,8,8,murmur,4,256,0.5331028170446456,0.4336805029321951,0.4537821504214357,0.5012045127820489,0.01493,2.0366,0.1
Thermostat,binary,Distributive,8,8,murmur,4,1024,0.5167293806569714,0.4958953042363319,0.5045770379323763,0.5031179657061899,0.01483,1.819,0.1
Thermostat,binary,Distributive,8,8,murmur,8,16,0.4876436489372521,0.48399363942904017,0.4803171485942874,0.4983449590599413,0.01694,1.9397,0.1
Thermostat,binary,Distributive,8,8,murmur,8,64,0.5087969083697752,0.49897132408977324,0.5049151960616264,0.5005256370189803,0.0239,2.9963,0.1
Thermostat,binary,Distributive,8,8,murmur,8,256,0.5153056035797824,0.4749844346318619,0.4873101350845656,0.49538394066295816,0.02113,1.7674,0.1
Thermostat,binary,Distributive,8,8,murmur,8,1024,0.5205939184379131,0.48611516010744044,0.49739148742949923,0.5022550992770382,0.01659,1.906,0.1
Thermostat,binary,Distributive,8,8,simhash,2,16,0.5108308756229025,0.49671094355877415,0.5038523542505888,0.5002313477925704,0.04504,4.7831,0.1
Thermostat,binary,Distributive,8,8,simhash,2,64,0.517441269195566,0.46091776764544967,0.4757054802055147,0.49355201366752094,0.04524,4.3197,0.1
Thermostat,binary,Distributive,8,8,simhash,2,256,0.5423573680463745,0.3516418304101279,0.3814310752724931,0.49316278100714633,0.04334,4.3134,0.1
Thermostat,binary,Distributive,8,8,simhash,2,1024,0.5039153869622699,0.5008944393050332,0.5041839156429131,0.5009195366377065,0.04515,4.4931,0.1
Thermostat,binary,Distributive,8,8,simhash,4,16,0.5249669480321367,0.4936882758199209,0.5043491325927424,0.5075535345959123,0.04554,4.6073,0.1
Thermostat,binary,Distributive,8,8,simhash,4,64,0.5173395708329096,0.4644154067394982,0.47867804947318043,0.4979536846052878,0.04621,4.5245,0.1
Thermostat,binary,Distributive,8,8,simhash,4,256,0.5325943252313637,0.4298003019634894,0.4503098639711875,0.5002150759422463,0.04321,4.8631,0.1
Thermostat,binary,Distributive,8,8,simhash,4,1024,0.529848469439642,0.4428276733126729,0.4614813848859527,0.49943390211888244,0.04585,4.5852,0.1
Thermostat,binary,Distributive,8,8,simhash,8,16,0.48703345876131393,0.48694239687529817,0.48752143924973423,0.489417192741213,0.05209,4.6418,0.1
Thermostat,binary,Distributive,8,8,simhash,8,64,0.5079833214685243,0.4851906446004901,0.4943672032428645,0.49370125216159344,0.04557,4.4326,0.1
Thermostat,binary,Distributive,8,8,simhash,8,256,0.4997457540933591,0.4992285742064962,0.500591899667752,0.5017460257932788,0.04546,4.6315,0.1
Thermostat,binary,Distributive,8,8,simhash,8,1024,0.527611105461202,0.41591409200317414,0.4375521413544618,0.49411113194574663,0.04668,4.7994,0.1
Thermostat,binary,Distributive,8,8,h3,2,16,0.5348316892098037,0.4336014952792717,0.453886496853516,0.5026248098839511,0.01567,1.7022,0.1
Thermostat,binary,Distributive,8,8,h3,2,64,0.521407505339164,0.4675615488985357,0.48190554688863596,0.49804154426318314,0.01549,1.8547,0.1
Thermostat,binary,Distributive,8,8,h3,2,256,0.5311705481541747,0.4579947753381036,0.47486591255254795,0.5036578327812156,0.01456,1.7635,0.1
Thermostat,binary,Distributive,8,8,h3,2,1024,0.5415437811451236,0.35825501603639887,0.3873091628176677,0.5034364647790487,0.01581,1.8297,0.1
Thermostat,binary,Distributive,8,8,h3,4,16,0.5238482660429167,0.49887695490656214,0.5083535390416799,0.5085874950517741,0.01587,2.0039,0.1
Thermostat,binary,Distributive,8,8,h3,4,64,0.5162208888436897,0.4939229913236163,0.5029220943440722,0.5020417526095381,0.01574,1.8581,0.1
Thermostat,binary,Distributive,8,8,h3,4,256,0.5086952100071189,0.48526237674428,0.4945662614477809,0.4941666354147134,0.01379,1.5539,0.1
Thermostat,binary,Distributive,8,8,h3,4,1024,0.5197803315366623,0.46590493836987645,0.48027516011433125,0.49257695272621216,0.0128,1.4473,0.1
Thermostat,binary,Distributive,8,8,h3,8,16,0.49120309163022474,0.4911841467852135,0.4909211291869735,0.49527439214950936,0.01489,1.6802,0.1
Thermostat,binary,Distributive,8,8,h3,8,64,0.5321875317807383,0.4297841762896475,0.4502550174521334,0.49987476300602124,0.00968,0.927,0.1
Thermostat,binary,Distributive,8,8,h3,8,256,0.5138818265025933,0.49374686350093955,0.5022998590034269,0.5005795778902848,0.00895,0.9443,0.1
Thermostat,binary,Distributive,8,8,h3,8,1024,0.53940811552934,0.44109726050584036,0.46095490896233293,0.5089135570973186,0.00921,1.0151,0.1
Thermostat,binary,Distributive,16,4,murmur,2,16,0.4949659310485101,0.49455901315772044,0.49577393288183447,0.4961227160030835,0.02797,3.3914,0.1
Thermostat,binary,Distributive,16,4,murmur,2,64,0.512966541238686,0.4894580779267796,0.49873890728166975,0.4983647102943934,0.02674,3.2051,0.1
Thermostat,binary,Distributive,16,4,murmur,2,256,0.517746364283535,0.4917214230413499,0.5014646931783118,0.5028529699772902,0.02831,3.1062,0.1
Thermostat,binary,Distributive,16,4,murmur,2,1024,0.5154073019424388,0.4981777254901709,0.5060549138462297,0.5025120736712712,0.02736,3.1351,0.1
Thermostat,binary,Distributive,16,4,murmur,4,16,0.5179497610088477,0.4770143786536177,0.48940957076627006,0.4978215930162302,0.02798,3.2325,0.1
Thermostat,binary,Distributive,16,4,murmur,4,64,0.5049323705888336,0.5011251692652282,0.5048171351587826,0.501128174677584,0.02586,2.9408,0.1
Thermostat,binary,Distributive,16,4,murmur,4,256,0.507881623105868,0.4927189992516783,0.5001486849402312,0.49544865304081503,0.03142,3.2371,0.1
Thermostat,binary,Distributive,16,4,murmur,4,1024,0.5243567578561985,0.4822550396100902,0.49476243308334567,0.5038149884367773,0.0283,3.2414,0.1
Thermostat,binary,Distributive,16,4,murmur,8,16,0.5218142987897895,0.5070988151036903,0.5143136461281286,0.5108429276829801,0.03124,3.2283,0.1
Thermostat,binary,Distributive,16,4,murmur,8,64,0.5136784297772806,0.48413882942729936,0.494596325003812,0.4969730816509365,0.03081,3.4332,0.1
Thermostat,binary,Distributive,16,4,murmur,8,256,0.49466083596054106,0.4931435149187313,0.49549282426413555,0.49356791049440585,0.02906,3.2052,0.1
Thermostat,binary,Distributive,16,4,murmur,8,1024,0.5024916098850809,0.49926766532555206,0.5026713989352953,0.4992772048253016,0.02986,3.2669,0.1
Thermostat,binary,Distributive,16,4,simhash,2,16,0.4920166785314756,0.49179362840795005,0.49269557381036183,0.49226939183698976,0.08947,7.4337,0.1
Thermostat,binary,Distributive,16,4,simhash,2,64,0.5252720431201058,0.4585838332007054,0.4746809873191813,0.5017524428610121,0.08202,7.7113,0.1
Thermostat,binary,Distributive,16,4,simhash,2,256,0.5109325739855588,0.4855047247507388,0.4951942940154255,0.4956565410338146,0.07399,7.0755,0.1
Thermostat,binary,Distributive,16,4,simhash,2,1024,0.503101800061019,0.5013729358014115,0.5038602310142838,0.5017141071316957,0.07922,7.5807,0.1
Thermostat,binary,Distributive,16,4,simhash,4,16,0.4981185802908573,0.4938404677726629,0.49778257809086635,0.4938746379982083,0.06653,6.5036,0.1
Thermostat,binary,Distributive,16,4,simhash,4,64,0.5085935116444625,0.47776698866069944,0.4885156255989475,0.49153901285497015,0.04313,4.0151,0.1
Thermostat,binary,Distributive,16,4,simhash,4,256,0.5193735380860368,0.4937303111476,0.5033827323133107,0.5039242244306936,0.04563,4.409,0.1
Thermostat,binary,Distributive,16,4,simhash,4,1024,0.5191701413607241,0.48602605024848294,0.4970829296623783,0.5042856220180427,0.04004,3.8239,0.1
Thermostat,binary,Distributive,16,4,simhash,8,16,0.5158140953930642,0.49408122564521784,0.5029641895804269,0.5018576369356418,0.04312,4.1301,0.1
Thermostat,binary,Distributive,16,4,simhash,8,64,0.526187328384013,0.4668658276322346,0.4819313185243783,0.5015282413484177,0.04309,4.2045,0.1
Thermostat,binary,Distributive,16,4,simhash,8,256,0.5015763246211736,0.49270943273276313,0.4983910642274138,0.49392103673146237,0.0456,4.1046,0.1
Thermostat,binary,Distributive,16,4,simhash,8,1024,0.4992372622800773,0.4943469851534368,0.49855960236800917,0.49445471591974494,0.08595,7.4641,0.1
Thermostat,binary,Distributive,16,4,h3,2,16,0.5234414725922912,0.4915950292176987,0.5023744226882536,0.5058695126778756,0.02906,3.4823,0.1
Thermostat,binary,Distributive,16,4,h3,2,64,0.5119495576121225,0.4907553973608242,0.4995563622109396,0.49824284851136535,0.02696,3.1035,0.1
Thermostat,binary,Distributive,16,4,h3,2,256,0.5130682396013424,0.48723674821144314,0.4969864683418401,0.4999338291976582,0.01324,1.4008,0.1
Thermostat,binary,Distributive,16,4,h3,2,1024,0.5106274788975897,0.4957135369919098,0.5030602629572744,0.4996446652915808,0.01435,1.4841,0.1
Thermostat,binary,Distributive,16,4,h3,4,16,0.5117461608868097,0.49699296338098503,0.5042907148788187,0.5008321770110632,0.02679,3.0569,0.1
Thermostat,binary,Distributive,16,4,h3,4,64,0.5091020034577444,0.5024850177826061,0.5073456430624916,0.502941600516699,0.02775,3.3253,0.1
Thermostat,binary,Distributive,16,4,h3,4,256,0.5253737414827622,0.47528668043434796,0.4890202294314938,0.5028087588807634,0.02819,3.3974,0.1
Thermostat,binary,Distributive,16,4,h3,4,1024,0.5227295840536967,0.4734554867036761,0.487100873370088,0.500405817030231,0.02928,3.2861,0.1
Thermostat,binary,Distributive,16,4,h3,8,16,0.5020848164344553,0.4941830337791785,0.4995387579059854,0.49504931558222387,0.03164,3.5851,0.1
Thermostat,binary,Distributive,16,4,h3,8,64,0.5186616495474423,0.4860196269567306,0.4969925102569981,0.5009076192262016,0.0309,3.4283,0.1
Thermostat,binary,Distributive,16,4,h3,8,256,0.5144920166785315,0.49468011265800815,0.5031563920874359,0.5013156655624309,0.03102,4.029,0.1
Thermostat,binary,Distributive,16,4,h3,8,1024,0.5060510525780535,0.49944045753471855,0.5043135775976372,0.4999033064566536,0.03083,3.761,0.1
Thermostat,binary,Distributive,16,8,murmur,2,16,0.5271026136479202,0.4638668604667524,0.4794651377542599,0.5001815321790946,0.01998,2.2991,0.1
Thermostat,binary,Distributive,16,8,murmur,2,64,0.5083901149191498,0.4936985967871418,0.5010048861029405,0.49752997062316395,0.02049,2.4299,0.1
Thermostat,binary,Distributive,16,8,murmur,2,256,0.5202888233499441,0.4782870165409936,0.4908273409395082,0.49983913577931954,0.01181,1.2078,0.1
Thermostat,binary,Distributive,16,8,murmur,2,1024,0.5196786331740059,0.47371200994145113,0.4868882649836803,0.49821793028730965,0.01055,1.0985,0.1
Thermostat,binary,Distributive,16,8,murmur,4,16,0.500864436082579,0.5005543742537867,0.5016085844716808,0.5023588974310894,0.01065,1.1355,0.1
Thermostat,binary,Distributive,16,8,murmur,4,64,0.5094070985457134,0.4915048544730094,0.4995875478673522,0.4970791091109861,0.01951,2.393,0.1
Thermostat,binary,Distributive,16,8,murmur,4,256,0.511542764161497,0.49582806654122974,0.5033685867703096,0.500176073504594,0.02142,2.1765,0.1
Thermostat,binary,Distributive,16,8,murmur,4,1024,0.5351367842977728,0.41059371886740204,0.4335460138903,0.49978213221659684,0.01976,2.2116,0.1
Thermostat,binary,Distributive,16,8,murmur,8,16,0.5133733346893115,0.49170967416904965,0.5005992452101227,0.49946865429089327,0.02167,2.5253,0.1
Thermostat,binary,Distributive,16,8,murmur,8,64,0.5181531577341605,0.5008845902893178,0.5087493889123653,0.506027230868596,0.02215,2.2812,0.1
Thermostat,binary,Distributive,16,8,murmur,8,256,0.5066612427539917,0.49683674621437024,0.5027929366201233,0.49840056670208555,0.02193,2.577,0.1
Thermostat,binary,Distributive,16,8,murmur,8,1024,0.5186616495474423,0.49018334095709865,0.5003909274699025,0.502214721753443,0.02367,2.5304,0.1
Thermostat,binary,Distributive,16,8,simhash,2,16,0.5009661344452354,0.49724457109041387,0.5009089473014852,0.4972460778798675,0.06495,6.4506,0.1
Thermostat,binary,Distributive,16,8,simhash,2,64,0.49740669175226276,0.4943621878073438,0.4976860040407874,0.49261210075629724,0.06647,6.2055,0.1
Thermostat,binary,Distributive,16,8,simhash,2,256,0.5240516627682295,0.4764483894405822,0.4898222601596142,0.5021105902452236,0.059,6.1554,0.1
Thermostat,binary,Distributive,16,8,simhash,2,1024,0.5224244889657277,0.45163197784475656,0.46832322091403733,0.49554276308935974,0.02997,2.8946,0.1
Thermostat,binary,Distributive,16,8,simhash,4,16,0.4918132818061629,0.49052739525037437,0.488359088568245,0.4996550826093297,0.06272,6.9941,0.1
Thermostat,binary,Distributive,16,8,simhash,4,64,0.5147971117665006,0.48908189244184586,0.4987921271188347,0.49937546096631036,0.06482,6.5208,0.1
Thermostat,binary,Distributive,16,8,simhash,4,256,0.5244584562188549,0.4495679539380717,0.46676778531383467,0.4970442527657979,0.06495,6.2843,0.1
Thermostat,binary,Distributive,16,8,simhash,4,1024,0.5238482660429167,0.4502878585037185,0.4673231155179392,0.49641183823989,0.06486,6.5754,0.1
Thermostat,binary,Distributive,16,8,simhash,8,16,0.5068646394793044,0.49546561840814096,0.5018901005138778,0.49770296060170427,0.06742,7.2364,0.1
Thermostat,binary,Distributive,16,8,simhash,8,64,0.5087969083697752,0.4947595980526623,0.5018938747422017,0.4982520990895265,0.06754,6.4573,0.1
Thermostat,binary,Distributive,16,8,simhash,8,256,0.5109325739855588,0.49334561855293163,0.5013423073495356,0.5000487530470655,0.06464,6.6589,0.1
Thermostat,binary,Distributive,16,8,simhash,8,1024,0.5205939184379131,0.49084026232631384,0.5012671851453976,0.5037302956434777,0.07023,6.5316,0.1
Thermostat,binary,Distributive,16,8,h3,2,16,0.5232380758669786,0.5033224535800354,0.5117479047557711,0.5099340375440132,0.02504,3.3013,0.1
Thermostat,binary,Distributive,16,8,h3,2,64,0.49435574087257195,0.491990120124299,0.4949268743468197,0.49210648582203054,0.0191,2.2028,0.1
Thermostat,binary,Distributive,16,8,h3,2,256,0.4984236753788264,0.49235625777695374,0.49705780090473034,0.4926980644623622,0.0191,2.3831,0.1
Thermostat,binary,Distributive,16,8,h3,2,1024,0.5239499644055731,0.47245958642970276,0.4864216583222483,0.5010831510302727,0.02028,2.4667,0.1
Thermostat,binary,Distributive,16,8,h3,4,16,0.5065595443913353,0.49846762076752926,0.5038643960906921,0.49938283642727666,0.01046,1.1089,0.1
Thermostat,binary,Distributive,16,8,h3,4,64,0.5124580494254043,0.4864458551928892,0.4962371601163799,0.4987897368585536,0.0122,1.176,0.1
Thermostat,binary,Distributive,16,8,h3,4,256,0.5133733346893115,0.4842133684390366,0.49460269773179927,0.49679594557993206,0.01394,1.2347,0.1
Thermostat,binary,Distributive,16,8,h3,4,1024,0.5330011186819892,0.44023104269221863,0.45953593234984513,0.5021173615017606,0.011,1.1497,0.1
Thermostat,binary,Distributive,16,8,h3,8,16,0.5136784297772806,0.5048223719743993,0.5104323310236769,0.5059804571119029,0.01222,1.2968,0.1
Thermostat,binary,Distributive,16,8,h3,8,64,0.5185599511847859,0.4883048674144624,0.4988454298488746,0.5015601391753651,0.01194,1.2855,0.1
Thermostat,binary,Distributive,16,8,h3,8,256,0.5216109020644768,0.48124226143692334,0.493501494992429,0.501578619497052,0.01318,1.2819,0.1
Thermostat,binary,Distributive,16,8,h3,8,1024,0.529848469439642,0.431256911223788,0.45131718674743393,0.4981522595162198,0.01374,1.4426,0.1
Thermostat,binary,Distributive,16,16,murmur,2,16,0.5244584562188549,0.4610397562980332,0.47670171213380086,0.4989798529074734,0.00966,0.9835,0.1
Thermostat,binary,Distributive,16,16,murmur,2,64,0.5286280890877657,0.44453174934536255,0.4628412765292156,0.5011058607829656,0.00907,1.0065,0.1
Thermostat,binary,Distributive,16,16,murmur,2,256,0.5201871249872877,0.4780780865241997,0.4906369225570505,0.49971066941683856,0.01019,1.0469,0.1
Thermostat,binary,Distributive,16,16,murmur,2,1024,0.5234414725922912,0.46224866780104895,0.47761604989061934,0.4984572785799112,0.01185,1.0102,0.1
Thermostat,binary,Distributive,16,16,murmur,4,16,0.5097121936336825,0.48859765457765464,0.49740066310301556,0.49605873283746904,0.01048,0.9975,0.1
Thermostat,binary,Distributive,16,16,murmur,4,64,0.5244584562188549,0.46356226765192055,0.47887362445127346,0.5002078671583641,0.01781,2.0393,0.1
Thermostat,binary,Distributive,16,16,murmur,4,256,0.5237465676802604,0.45697663249947507,0.4731075362133945,0.4976119965831198,0.01917,2.0398,0.1
Thermostat,binary,Distributive,16,16,murmur,4,1024,0.5146954134038442,0.4991377878541404,0.5066158617623361,0.5069333083317707,0.01105,1.0477,0.1
Thermostat,binary,Distributive,16,16,murmur,8,16,0.5145937150411878,0.4967011194665796,0.5047402414264763,0.5022251182365565,0.00975,1.0069,0.1
Thermostat,binary,Distributive,16,16,murmur,8,64,0.5166276822943151,0.48424182092125223,0.49519045019225927,0.4989804362772673,0.01069,1.0005,0.1
Thermostat,binary,Distributive,16,16,murmur,8,256,0.5364588630123055,0.4130344736254559,0.4358360962378413,0.5012092214096714,0.01032,1.0063,0.1
Thermostat,binary,Distributive,16,16,murmur,8,1024,0.5272043120105766,0.4605678000411427,0.47662920469118275,0.5010253140821301,0.01004,1.0819,0.1
Thermostat,binary,Distributive,16,16,simhash,2,16,0.518865046272755,0.48069044351509604,0.4926182169948897,0.49948109256828555,0.03333,3.1177,0.1
Thermostat,binary,Distributive,16,16,simhash,2,64,0.5390013220787145,0.37349067515985984,0.4007701308154606,0.4990005208658875,0.03236,3.017,0.1
Thermostat,binary,Distributive,16,16,simhash,2,256,0.5204922200752568,0.4587110162546311,0.4742028111921932,0.4969384128174677,0.03941,3.6567,0.1
Thermostat,binary,Distributive,16,16,simhash,2,1024,0.5242550594935421,0.4775147001749509,0.4907532990570952,0.5032482030126884,0.03566,3.1824,0.1
Thermostat,binary,Distributive,16,16,simhash,4,16,0.5088986067324316,0.49210528356516237,0.499929018575417,0.4970615663478967,0.03333,3.1129,0.1
Thermostat,binary,Distributive,16,16,simhash,4,64,0.5220176955151022,0.4776754577187363,0.4905679827045558,0.5013071233618768,0.03388,3.1942,0.1
Thermostat,binary,Distributive,16,16,simhash,4,256,0.5348316892098037,0.40688507511499344,0.4302219548042811,0.49597904035668894,0.0345,3.1196,0.1
Thermostat,binary,Distributive,16,16,simhash,4,1024,0.5222210922404149,0.45367441453417,0.47006815054602813,0.49577177740275435,0.0333,3.1913,0.1
Thermostat,binary,Distributive,16,16,simhash,8,16,0.5133733346893115,0.4977919012416363,0.5052857430787687,0.5020545867450049,0.03507,3.2329,0.1
Thermostat,binary,Distributive,16,16,simhash,8,64,0.5259839316587003,0.47269080324703805,0.48689207514944205,0.5026597287330459,0.05247,5.2452,0.1
Thermostat,binary,Distributive,16,16,simhash,8,256,0.5362554662869928,0.40466006052385317,0.4283717137794654,0.5070738171135696,0.04158,3.6471,0.1
Thermostat,binary,Distributive,16,16,simhash,8,1024,0.5229329807790094,0.4596096533874596,0.47528057784294414,0.501139550388566,0.03718,3.4484,0.1
Thermostat,binary,Distributive,16,16,h3,2,16,0.5175429675582223,0.4743389784272294,0.4871055349884629,0.4968217805279497,0.00875,0.8952,0.1
Thermostat,binary,Distributive,16,16,h3,2,64,0.5354418793857418,0.4357582198371484,0.45584931308756654,0.5034476738129466,0.00949,1.0514,0.1
Thermostat,binary,Distributive,16,16,h3,2,256,0.5303569612529239,0.4436950810411149,0.46229578864648385,0.497577119403296,0.00833,0.9309,0.1
Thermostat,binary,Distributive,16,16,h3,2,1024,0.5348316892098037,0.44741301746137896,0.46603223340779626,0.5047547138362815,0.00962,0.9557,0.1
Thermostat,binary,Distributive,16,16,h3,4,16,0.5183565544594732,0.49081182170695203,0.5008445118612372,0.5022577452757464,0.01059,1.09,0.1
Thermostat,binary,Distributive,16,16,h3,4,64,0.5203905217126005,0.45194200216649444,0.46834994944186314,0.49471837823197284,0.00989,0.9783,0.1
Thermostat,binary,Distributive,16,16,h3,4,256,0.530967151428862,0.44174648189143,0.4606528206664696,0.5006934808425527,0.01004,0.9877,0.1
Thermostat,binary,Distributive,16,16,h3,4,1024,0.5268992169226075,0.42960970404471194,0.44956591291624287,0.4954680500864638,0.00974,1.027,0.1
Thermostat,binary,Distributive,16,16,h3,8,16,0.5073731312925862,0.5017020219215301,0.5062053909454479,0.5019378294476738,0.01534,1.1897,0.1
Thermostat,binary,Distributive,16,16,h3,8,64,0.5161191904810333,0.5037076323776175,0.5103563963005405,0.5063473967122945,0.0132,1.2272,0.1
Thermostat,binary,Distributive,16,16,h3,8,256,0.5297467710769856,0.4640358235247244,0.4799339412450362,0.5035176365189491,0.0127,1.2165,0.1
Thermostat,binary,Distributive,16,16,h3,8,1024,0.5379843384521509,0.40071842978429734,0.42501560401301003,0.5010362314311311,0.01279,1.1636,0.1
Thermostat,binary,Gaussian,8,4,murmur,2,16,0.4962880097630428,0.4961338397150664,0.4953871905873666,0.5022749546846678,0.01159,1.1843,0.1
Thermostat,binary,Gaussian,8,4,murmur,2,64,0.5167293806569714,0.5004513281466091,0.5080905494092186,0.5050617538596163,0.00954,1.0281,0.1
Thermostat,binary,Gaussian,8,4,murmur,2,256,0.5356452761110546,0.4242603933632909,0.4457132505491608,0.5019864366522908,0.01297,1.6987,0.1
Thermostat,binary,Gaussian,8,4,murmur,2,1024,0.5400183057052781,0.4393879857283411,0.45950921869540506,0.5077708190095215,0.01095,1.2045,0.1
Thermostat,binary,Gaussian,8,4,murmur,4,16,0.5080850198311807,0.5063675559803751,0.5088341894074804,0.5081084234431319,0.01027,1.2986,0.1
Thermostat,binary,Gaussian,8,4,murmur,4,64,0.4990338655547646,0.49861855874991456,0.4998409989210808,0.5001853449173906,0.01172,1.3089,0.1
Thermostat,binary,Gaussian,8,4,murmur,4,256,0.5200854266246313,0.46057526352274386,0.47575345270335384,0.4955037189824364,0.01002,1.0439,0.1
Thermostat,binary,Gaussian,8,4,murmur,4,1024,0.5060510525780535,0.49932133702492554,0.5042387519861147,0.49981653019980415,0.0101,1.0571,0.1
Thermostat,binary,Gaussian,8,4,murmur,8,16,0.5023899115224245,0.491760842259779,0.4979872942258717,0.49357953622101386,0.00974,1.0643,0.1
Thermostat,binary,Gaussian,8,4,murmur,8,64,0.4967965015763246,0.49574509488850893,0.49379448960799555,0.5042838302393899,0.00929,1.0885,0.1
Thermostat,binary,Gaussian,8,4,murmur,8,256,0.5354418793857418,0.42051552936511405,0.44237751830486804,0.5013129778944517,0.01213,1.1969,0.1
Thermostat,binary,Gaussian,8,4,murmur,8,1024,0.5336113088579274,0.419149440770427,0.44099290838025235,0.4995906619163697,0.00947,1.2324,0.1
Thermostat,binary,Gaussian,8,4,simhash,2,16,0.5049323705888336,0.5032336742147432,0.5056945682662515,0.5035926203721066,0.02486,2.5337,0.1
Thermostat,binary,Gaussian,8,4,simhash,2,64,0.5040170853249263,0.4956567921086044,0.5011576801411448,0.4994992395358043,0.02388,2.4187,0.1
Thermostat,binary,Gaussian,8,4,simhash,2,256,0.532085833418082,0.418748935648104,0.4404922879839841,0.4982537450257308,0.02406,2.3478,0.1
Thermostat,binary,Gaussian,8,4,simhash,2,1024,0.531272246516831,0.4563655547747759,0.4734606983970039,0.503439194116299,0.03251,2.4048,0.1
Thermostat,binary,Gaussian,8,4,simhash,4,16,0.5020848164344553,0.500639531670634,0.5029153770548745,0.5011236535616809,0.02861,2.7867,0.1
Thermostat,binary,Gaussian,8,4,simhash,4,64,0.5204922200752568,0.5034821718577559,0.5112675400803813,0.5084612996645623,0.02691,2.564,0.1
Thermostat,binary,Gaussian,8,4,simhash,4,256,0.5016780229838299,0.486081162605948,0.49366562535829805,0.4904396108090089,0.02544,2.3841,0.1
Thermostat,binary,Gaussian,8,4,simhash,4,1024,0.5286280890877657,0.49098536946701943,0.5027117664169377,0.5092452861637187,0.02743,2.6116,0.1
Thermostat,binary,Gaussian,8,4,simhash,8,16,0.5045255771382081,0.49296120608961663,0.4994481563141801,0.49528624705710766,0.02594,2.4906,0.1
Thermostat,binary,Gaussian,8,4,simhash,8,64,0.5111359707108716,0.49753110889325836,0.504535342449545,0.5007902993937121,0.02687,2.8172,0.1
Thermostat,binary,Gaussian,8,4,simhash,8,256,0.5343231973965219,0.4367853641497096,0.45664093968602304,0.5061209033897952,0.0279,2.5582,0.1
Thermostat,binary,Gaussian,8,4,simhash,8,1024,0.5254754398454184,0.49018706750528807,0.5015497324296516,0.5068248015500969,0.06978,5.9697,0.1
Thermostat,binary,Gaussian,8,4,h3,2,16,0.5254754398454184,0.434001639245572,0.45327755017389787,0.4949711648644707,0.01697,2.0164,0.1
Thermostat,binary,Gaussian,8,4,h3,2,64,0.522526187328384,0.5027282609052748,0.5111338025517833,0.5092777465258245,0.018,2.2014,0.1
Thermostat,binary,Gaussian,8,4,h3,2,256,0.5208990135258822,0.491719222346127,0.502036185865964,0.50421982623914,0.01832,2.1629,0.1
Thermostat,binary,Gaussian,8,4,h3,2,1024,0.5259839316587003,0.4639925549630677,0.4794347848636245,0.5007680063337292,0.00957,0.9728,0.1
Thermostat,binary,Gaussian,8,4,h3,4,16,0.5280178989118275,0.47849933449315685,0.49211285401815774,0.5037303998166551,0.00989,1.0196,0.1
Thermostat,binary,Gaussian,8,4,h3,4,64,0.5111359707108716,0.4967946432136877,0.5039912250240215,0.5004258391149448,0.01726,2.748,0.1
Thermostat,binary,Gaussian,8,4,h3,4,256,0.5172378724702532,0.48489289373304956,0.49582770188568376,0.49959503718982434,0.01006,1.1188,0.1
Thermostat,binary,Gaussian,8,4,h3,4,1024,0.5258822332960439,0.4637516687044396,0.47921469837423536,0.5035084067754235,0.01003,1.0128,0.1
Thermostat,binary,Gaussian,8,4,h3,8,16,0.5246618529441676,0.491389032089625,0.5024094137086444,0.506630122716003,0.01141,1.1246,0.1
Thermostat,binary,Gaussian,8,4,h3,8,64,0.5134750330519678,0.4912998247706251,0.5002973642242824,0.4993715023855658,0.01027,1.1946,0.1
Thermostat,binary,Gaussian,8,4,h3,8,256,0.5186616495474423,0.4940670686662174,0.5035169237741788,0.5035976831885327,0.01251,1.1426,0.1
Thermostat,binary,Gaussian,8,4,h3,8,1024,0.4879487440252212,0.48470630396462666,0.4812435442588891,0.4982444111090276,0.01254,1.2035,0.1
Thermostat,binary,Gaussian,8,8,murmur,2,16,0.5280178989118275,0.46973274746962557,0.484625855184765,0.500122861845532,0.00751,0.8948,0.1
Thermostat,binary,Gaussian,8,8,murmur,2,64,0.49455913759788467,0.4934936069723456,0.4915255648191882,0.5012743504802384,0.00762,0.8404,0.1
Thermostat,binary,Gaussian,8,8,murmur,2,256,0.515509000305095,0.4659649715136702,0.47974466299388957,0.49328514282142627,0.00773,0.8383,0.1
Thermostat,binary,Gaussian,8,8,murmur,2,1024,0.5203905217126005,0.4845459929411953,0.4960610305295411,0.5045652853303332,0.00738,0.847,0.1
Thermostat,binary,Gaussian,8,8,murmur,4,16,0.5248652496694803,0.44752612682610704,0.46503726825816194,0.49673423338958683,0.00939,0.8762,0.1
Thermostat,binary,Gaussian,8,8,murmur,4,64,0.5165259839316587,0.4782589061693605,0.49022904352422136,0.4971511552805383,0.00921,0.8832,0.1
Thermostat,binary,Gaussian,8,8,murmur,4,256,0.507881623105868,0.48079293196683187,0.4908396281907041,0.48968839719149115,0.00794,0.8804,0.1
Thermostat,binary,Gaussian,8,8,murmur,4,1024,0.5119495576121225,0.4831792971395181,0.49350930876610405,0.49201316748963475,0.00763,0.8698,0.1
Thermostat,binary,Gaussian,8,8,murmur,8,16,0.5087969083697752,0.4872655970250961,0.4961666304494721,0.49498931183198946,0.00873,0.9082,0.1
Thermostat,binary,Gaussian,8,8,murmur,8,64,0.5259839316587003,0.42634679063715264,0.4466000211083456,0.4909528095505969,0.00842,0.8633,0.1
Thermostat,binary,Gaussian,8,8,murmur,8,256,0.5264924234719821,0.4521124495223653,0.4692138898480708,0.49893068316769795,0.00808,0.8901,0.1
Thermostat,binary,Gaussian,8,8,murmur,8,1024,0.5290348825383911,0.4736367895478384,0.4881028119494467,0.5051773652519949,0.00781,0.9379,0.1
Thermostat,binary,Gaussian,8,8,simhash,2,16,0.5321875317807383,0.46284222701999145,0.47919225217303485,0.5053763776902723,0.02017,1.978,0.1
Thermostat,binary,Gaussian,8,8,simhash,2,64,0.5345265941218347,0.4268494507581799,0.4478947488393447,0.501406358730754,0.02198,2.0749,0.1
Thermostat,binary,Gaussian,8,8,simhash,2,256,0.5342214990338655,0.4224950945255962,0.4440137291973623,0.5005523678563244,0.02115,2.1078,0.1
Thermostat,binary,Gaussian,8,8,simhash,2,1024,0.5417471778704362,0.3746383537282466,0.402024080761582,0.5015548055086776,0.02119,2.0026,0.1
Thermostat,binary,Gaussian,8,8,simhash,4,16,0.5196786331740059,0.4955622356627418,0.5049059375822224,0.502872158676584,0.02498,2.3554,0.1
Thermostat,binary,Gaussian,8,8,simhash,4,64,0.5254754398454184,0.4669974061290077,0.48195356274115697,0.501283205200325,0.044,4.2526,0.1
Thermostat,binary,Gaussian,8,8,simhash,4,256,0.5347299908471473,0.4199550330159442,0.44181318113514684,0.49822211804904476,0.04279,4.3471,0.1
Thermostat,binary,Gaussian,8,8,simhash,4,1024,0.5260856300213567,0.47769447658858144,0.49116251227501706,0.5039162864345688,0.04612,4.4009,0.1
Thermostat,binary,Gaussian,8,8,simhash,8,16,0.5107291772602461,0.49561770183168263,0.5030136237071194,0.4996516448944726,0.04615,4.4255,0.1
Thermostat,binary,Gaussian,8,8,simhash,8,64,0.5117461608868097,0.49167278571898737,0.5002301662280949,0.4984892180761298,0.04595,4.545,0.1
Thermostat,binary,Gaussian,8,8,simhash,8,256,0.5345265941218347,0.4242113448566954,0.4455618566219977,0.5010418984519865,0.04697,4.819,0.1
Thermostat,binary,Gaussian,8,8,simhash,8,1024,0.5406284958812163,0.42470108572567145,0.44657864183341245,0.5062333687522137,0.02542,2.5291,0.1
Thermostat,binary,Gaussian,8,8,h3,2,16,0.5315773416048002,0.43785390128724594,0.45729888902934374,0.5005791611975748,0.00877,0.8427,0.1
Thermostat,binary,Gaussian,8,8,h3,2,64,0.541950574595749,0.38126274068786276,0.40797456779727587,0.5023844615288455,0.0079,0.8938,0.1
Thermostat,binary,Gaussian,8,8,h3,2,256,0.5262890267466693,0.4482024566916749,0.46578723983733866,0.4980682542658917,0.00723,0.8142,0.1
Thermostat,binary,Gaussian,8,8,h3,2,1024,0.5358486728363673,0.4243848518616568,0.44584298980294035,0.5021739483717732,0.00776,0.8618,0.1
Thermostat,binary,Gaussian,8,8,h3,4,16,0.5081867181938371,0.4915049337905303,0.4993072506956142,0.496405275329708,0.00831,0.8685,0.1
Thermostat,binary,Gaussian,8,8,h3,4,64,0.5411369876944981,0.433446967878235,0.45437204054139035,0.5078493030814426,0.00801,0.8798,0.1
Thermostat,binary,Gaussian,8,8,h3,4,256,0.5254754398454184,0.4263778450576313,0.4465756176189787,0.49380836302268893,0.01068,0.9122,0.1
Thermostat,binary,Gaussian,8,8,h3,4,1024,0.5106274788975897,0.49709483184129605,0.5040834834208947,0.500321520095006,0.00949,0.8839,0.1
Thermostat,binary,Gaussian,8,8,h3,8,16,0.4989321671921082,0.49691915468587267,0.4996150379940626,0.4971411963247703,0.0171,1.9144,0.1
Thermostat,binary,Gaussian,8,8,h3,8,64,0.5116444625241534,0.4815515940756466,0.4921330037073925,0.4984725086984603,0.0181,2.1357,0.1
Thermostat,binary,Gaussian,8,8,h3,8,256,0.5423573680463745,0.35958872189548485,0.38857145219125694,0.49974108798466566,0.01762,1.9702,0.1
Thermostat,binary,Gaussian,8,8,h3,8,1024,0.5143903183158751,0.48497367789435963,0.4954009380948372,0.49771614892597454,0.01616,1.8441,0.1
Thermostat,binary,Gaussian,16,4,murmur,2,16,0.5242550594935421,0.46919183456807223,0.4836748362614465,0.5005625768277184,0.02797,3.3591,0.1
Thermostat,binary,Gaussian,16,4,murmur,2,64,0.521102410251195,0.4882326470602051,0.49922001172236186,0.5032445361168406,0.02865,3.2376,0.1
Thermostat,binary,Gaussian,16,4,murmur,2,256,0.49964405573070275,0.4878042025279403,0.4944012578576401,0.49028266349980204,0.03568,4.5965,0.1
Thermostat,binary,Gaussian,16,4,murmur,2,1024,0.5109325739855588,0.4981384320125951,0.504926661479779,0.5010019584557368,0.02845,3.4747,0.1
Thermostat,binary,Gaussian,16,4,murmur,4,16,0.5163225872063459,0.4732099110875009,0.485976658050529,0.4956446444569452,0.02554,3.2752,0.1
Thermostat,binary,Gaussian,16,4,murmur,4,64,0.5328994203193329,0.44149063473149563,0.46063179068792315,0.5022318686584578,0.02747,3.556,0.1
Thermostat,binary,Gaussian,16,4,murmur,4,256,0.5111359707108716,0.4980443236791736,0.50491166749366,0.5010506281642603,0.02834,3.3438,0.1
Thermostat,binary,Gaussian,16,4,murmur,4,1024,0.4982202786535137,0.4940849594851039,0.4979597861074721,0.49410723586890853,0.03484,3.2202,0.1
Thermostat,binary,Gaussian,16,4,murmur,8,16,0.5058476558527407,0.5024715513734728,0.5059435205478311,0.5024752797049815,0.0289,3.5146,0.1
Thermostat,binary,Gaussian,16,4,murmur,8,64,0.5138818265025933,0.49924702325095377,0.506499129799803,0.5030093130820676,0.02925,3.5627,0.1
Thermostat,binary,Gaussian,16,4,murmur,8,256,0.5306620563408929,0.4270201688119758,0.4476642846205812,0.4982080963393546,0.02863,3.5181,0.1
Thermostat,binary,Gaussian,16,4,murmur,8,1024,0.5182548560968169,0.48275593488850177,0.49423520560532097,0.49964747796737297,0.01509,1.5807,0.1
Thermostat,binary,Gaussian,16,4,simhash,2,16,0.5301535645276111,0.46345056798452305,0.47947698740199995,0.5039004312769548,0.03996,3.9196,0.1
Thermostat,binary,Gaussian,16,4,simhash,2,64,0.5178480626461914,0.4728797611429417,0.4859224474772756,0.49392307852574113,0.03995,3.7212,0.1
Thermostat,binary,Gaussian,16,4,simhash,2,256,0.5238482660429167,0.4567830482530538,0.47295246255665896,0.4976536866887514,0.04047,3.7507,0.1
Thermostat,binary,Gaussian,16,4,simhash,2,1024,0.521407505339164,0.47361077174317123,0.4870480579684368,0.49946467487551305,0.03985,3.7512,0.1
Thermostat,binary,Gaussian,16,4,simhash,4,16,0.5212041086138514,0.49180597449703534,0.50216058156651,0.504449028064254,0.03996,3.8833,0.1
Thermostat,binary,Gaussian,16,4,simhash,4,64,0.5091020034577444,0.490187345946972,0.49850620006865803,0.4963466049961456,0.04107,3.8169,0.1
Thermostat,binary,Gaussian,16,4,simhash,4,256,0.5046272755008644,0.49536725823410155,0.5011582450082859,0.4967163572723295,0.08459,8.1167,0.1
Thermostat,binary,Gaussian,16,4,simhash,4,1024,0.5308654530662056,0.46867882312755516,0.4840775932639689,0.5055112611204866,0.0799,8.0209,0.1
Thermostat,binary,Gaussian,16,4,simhash,8,16,0.5066612427539917,0.4969240521675218,0.5028532040377918,0.49620840885888706,0.04311,4.1066,0.1
Thermostat,binary,Gaussian,16,4,simhash,8,64,0.5018814197091427,0.484070116366413,0.49219097881003304,0.48965522845177833,0.04381,4.3035,0.1
Thermostat,binary,Gaussian,16,4,simhash,8,256,0.519983728261975,0.46929098592275964,0.48318603507332447,0.49740619205367004,0.04267,3.9801,0.1
Thermostat,binary,Gaussian,16,4,simhash,8,1024,0.5028984033357063,0.4891520236991386,0.4962510529844833,0.4932384315686397,0.04403,4.2399,0.1
Thermostat,binary,Gaussian,16,4,h3,2,16,0.5099155903589953,0.48022788560689406,0.49075122946157496,0.49320907556722304,0.01465,1.6369,0.1
Thermostat,binary,Gaussian,16,4,h3,2,64,0.5165259839316587,0.4998208620108908,0.5075645273197387,0.5046659791236953,0.01283,1.4408,0.1
Thermostat,binary,Gaussian,16,4,h3,2,256,0.5288314858130784,0.48435022014526863,0.4971801696955752,0.507348917640686,0.01268,1.5013,0.1
Thermostat,binary,Gaussian,16,4,h3,2,1024,0.5049323705888336,0.49633076346198346,0.5019067469146419,0.4986680417526095,0.01475,1.406,0.1
Thermostat,binary,Gaussian,16,4,h3,4,16,0.4969998983016373,0.4943111533494569,0.49118740921393905,0.5068143008938059,0.01403,1.5484,0.1
Thermostat,binary,Gaussian,16,4,h3,4,64,0.5114410657988406,0.4876946235719507,0.4970384055157388,0.49431545721607606,0.01631,1.6865,0.1
Thermostat,binary,Gaussian,16,4,h3,4,256,0.5156106986677514,0.49743446761789384,0.5055311523582849,0.5031106110798591,0.01494,1.6385,0.1
Thermostat,binary,Gaussian,16,4,h3,4,1024,0.49303366215803923,0.493032634463623,0.49297148664585566,0.49671902410567326,0.01648,1.6064,0.1
Thermostat,binary,Gaussian,16,4,h3,8,16,0.5193735380860368,0.49117006682589814,0.5013184433095679,0.5030391066108298,0.02723,3.0784,0.1
Thermostat,binary,Gaussian,16,4,h3,8,64,0.5340181023085528,0.45525303016277746,0.4728008517988916,0.505432589536846,0.02758,2.5221,0.1
Thermostat,binary,Gaussian,16,4,h3,8,256,0.5143903183158751,0.46299485469775103,0.4770686289232268,0.49171123195199706,0.02627,3.0267,0.1
Thermostat,binary,Gaussian,16,4,h3,8,1024,0.5040170853249263,0.48528167450735205,0.4936007561763496,0.4876138508656791,0.02604,3.0721,0.1
Thermostat,binary,Gaussian,16,8,murmur,2,16,0.5168310790196278,0.4970090684420789,0.5054679489805514,0.5036282475988082,0.01633,1.6062,0.1
Thermostat,binary,Gaussian,16,8,murmur,2,64,0.5242550594935421,0.4497143989462563,0.46687172700259477,0.4966402900181261,0.01839,2.3165,0.1
Thermostat,binary,Gaussian,16,8,murmur,2,256,0.517746364283535,0.48019155331783614,0.4920277839400182,0.49579892493280825,0.01747,2.0304,0.1
Thermostat,binary,Gaussian,16,8,murmur,2,1024,0.4958812163124174,0.49587018350672957,0.4956703937863398,0.49840779632060345,0.01723,1.8618,0.1
Thermostat,binary,Gaussian,16,8,murmur,4,16,0.5018814197091427,0.5013826315880143,0.5000466492571465,0.5082079921661771,0.01548,2.0695,0.1
Thermostat,binary,Gaussian,16,8,murmur,4,64,0.5219159971524459,0.4632833182326759,0.47831132486041994,0.4945959955830572,0.01766,2.1661,0.1
Thermostat,binary,Gaussian,16,8,murmur,4,256,0.5201871249872877,0.48432739497382515,0.4958473159538539,0.5014461945538263,0.01553,1.5782,0.1
Thermostat,binary,Gaussian,16,8,murmur,4,1024,0.511542764161497,0.49090031961520486,0.4995847419925085,0.4955860157926537,0.0168,1.74,0.1
Thermostat,binary,Gaussian,16,8,murmur,8,16,0.5156106986677514,0.49310321408569896,0.5021518311980782,0.5013577306915016,0.01169,1.6308,0.1
Thermostat,binary,Gaussian,16,8,murmur,8,64,0.511237669073528,0.4910361643993302,0.4996261865502269,0.4979336625205742,0.02232,2.2167,0.1
Thermostat,binary,Gaussian,16,8,murmur,8,256,0.5159157937557205,0.4724319240528701,0.48526297735165663,0.49317382336396026,0.01712,2.0915,0.1
Thermostat,binary,Gaussian,16,8,murmur,8,1024,0.5208990135258822,0.4856537654615139,0.497059861668825,0.5023281038398233,0.01551,2.2462,0.1
Thermostat,binary,Gaussian,16,8,simhash,2,16,0.5181531577341605,0.4991156720028383,0.5073880901636058,0.5052635998083214,0.04532,4.9078,0.1
Thermostat,binary,Gaussian,16,8,simhash,2,64,0.505339164039459,0.49369809760265426,0.5002017919969254,0.4973057482759339,0.05095,4.9136,0.1
Thermostat,binary,Gaussian,16,8,simhash,2,256,0.5198820298993186,0.4856130565586268,0.49686051707588313,0.49884134425068233,0.04627,5.2089,0.1
Thermostat,binary,Gaussian,16,8,simhash,2,1024,0.5252720431201058,0.439686647483546,0.4582379445340936,0.49572083671896155,0.0489,5.1452,0.1
Thermostat,binary,Gaussian,16,8,simhash,4,16,0.5259839316587003,0.4710047574539449,0.48545196632226073,0.5022779132029085,0.05368,4.7902,0.1
Thermostat,binary,Gaussian,16,8,simhash,4,64,0.5163225872063459,0.4808888913753431,0.49237829138594075,0.4977619851240702,0.05425,4.2973,0.1
Thermostat,binary,Gaussian,16,8,simhash,4,256,0.48754195057459576,0.4863884054866672,0.48432638175652865,0.4951099027022522,0.0502,5.0548,0.1
Thermostat,binary,Gaussian,16,8,simhash,4,1024,0.5231363775043222,0.48086106179376414,0.49341107533150286,0.5025684313602933,0.04707,4.6509,0.1
Thermostat,binary,Gaussian,16,8,simhash,8,16,0.4965931048510119,0.4957876773064339,0.4974948557915064,0.4967724024418193,0.04545,4.6945,0.1
Thermostat,binary,Gaussian,16,8,simhash,8,64,0.5192718397233804,0.49887037568384374,0.5074361113415726,0.5058089672271184,0.04967,5.5957,0.1
Thermostat,binary,Gaussian,16,8,simhash,8,256,0.5352384826604292,0.4259126082424463,0.4471357388390857,0.49861516344771545,0.05109,4.6676,0.1
Thermostat,binary,Gaussian,16,8,simhash,8,1024,0.5316790399674566,0.4679129623334471,0.4835172933173278,0.5059836239764985,0.05515,5.3765,0.1
Thermostat,binary,Gaussian,16,8,h3,2,16,0.5070680362046172,0.4811919054724728,0.4910073958640375,0.4894631539471217,0.01304,1.6238,0.1
Thermostat,binary,Gaussian,16,8,h3,2,64,0.5063561476660225,0.4942552458690937,0.5008824984639929,0.49459924578619496,0.01611,1.8226,0.1
Thermostat,binary,Gaussian,16,8,h3,2,256,0.5215092037018204,0.460277061399024,0.4756775368030788,0.4963151863658144,0.01659,1.4031,0.1
Thermostat,binary,Gaussian,16,8,h3,2,1024,0.5135767314146242,0.48453455337564366,0.4948996494795301,0.49448288434693843,0.01709,2.2791,0.1
Thermostat,binary,Gaussian,16,8,h3,4,16,0.5048306722261772,0.5012772790763452,0.5048435158158753,0.500369210575661,0.01759,2.0765,0.1
Thermostat,binary,Gaussian,16,8,h3,4,64,0.5318824366927692,0.4697470122665693,0.4851239607356794,0.5038752005333667,0.0166,1.8947,0.1
Thermostat,binary,Gaussian,16,8,h3,4,256,0.5051357673141462,0.4922406942834948,0.49909557356526424,0.4951892826634998,0.01765,2.146,0.1
Thermostat,binary,Gaussian,16,8,h3,4,1024,0.5216109020644768,0.48947557333298014,0.5003262943841907,0.5012447861324667,0.01856,1.7115,0.1
Thermostat,binary,Gaussian,16,8,h3,8,16,0.5130682396013424,0.4767367700007095,0.48841724633314,0.49429320582536407,0.01898,2.4977,0.1
Thermostat,binary,Gaussian,16,8,h3,8,64,0.511542764161497,0.49349740457618374,0.5015964264159283,0.4991458841177574,0.02061,2.3598,0.1
Thermostat,binary,Gaussian,16,8,h3,8,256,0.5178480626461914,0.48768275380026,0.49821406237891086,0.5008864929058066,0.01945,1.8727,0.1
Thermostat,binary,Gaussian,16,8,h3,8,1024,0.5307637547035493,0.45629872158099516,0.4733444408970401,0.5030224805717024,0.01316,1.3599,0.1
Thermostat,binary,Gaussian,16,16,murmur,2,16,0.5146954134038442,0.49420778686131966,0.5028314315858892,0.5012428485113652,0.01528,1.1882,0.1
Thermostat,binary,Gaussian,16,16,murmur,2,64,0.5187633479100986,0.4480752445467697,0.4648081772269781,0.49218699085359496,0.01219,1.7255,0.1
Thermostat,binary,Gaussian,16,16,murmur,2,256,0.5156106986677514,0.47913824547027756,0.4908144766437963,0.496758589078484,0.0142,1.6028,0.1
Thermostat,binary,Gaussian,16,16,murmur,2,1024,0.5330011186819892,0.40136297862578074,0.42514406096514784,0.49339683730233136,0.0128,1.7451,0.1
Thermostat,binary,Gaussian,16,16,murmur,4,16,0.5150005084918133,0.49972908593159127,0.5071336813871588,0.5038150092714128,0.01375,1.829,0.1
Thermostat,binary,Gaussian,16,16,murmur,4,64,0.5324926268687075,0.40780227943903125,0.43082246104561817,0.4971882826009959,0.01478,1.3701,0.1
Thermostat,binary,Gaussian,16,16,murmur,4,256,0.507881623105868,0.49622074134498834,0.5027137323254781,0.49831397795695564,0.01452,2.0181,0.1
Thermostat,binary,Gaussian,16,16,murmur,4,1024,0.5184582528221295,0.4850658010944363,0.496174392264232,0.49957797362335143,0.0209,2.2345,0.1
Thermostat,binary,Gaussian,16,16,murmur,8,16,0.5047289738635208,0.4864931668551835,0.4946909149598489,0.4922977477759026,0.01644,1.2605,0.1
Thermostat,binary,Gaussian,16,16,murmur,8,64,0.5082884165564935,0.4838885873696608,0.49339516253927335,0.49214630081046734,0.01444,1.5325,0.1
Thermostat,binary,Gaussian,16,16,murmur,8,256,0.5201871249872877,0.4724106780077671,0.4858604178975747,0.49800029168489696,0.0155,1.8587,0.1
Thermostat,binary,Gaussian,16,16,murmur,8,1024,0.5326960235940201,0.4083395943146034,0.43131849972493047,0.4922638081546763,0.01387,1.2104,0.1
Thermostat,binary,Gaussian,16,16,simhash,2,16,0.5207973151632259,0.5048062963311303,0.5123447902117956,0.5092285142821427,0.04618,5.2728,0.1
Thermostat,binary,Gaussian,16,16,simhash,2,64,0.5195769348113496,0.46326409290921633,0.4779920669451589,0.49285217826114125,0.04757,4.6226,0.1
Thermostat,binary,Gaussian,16,16,simhash,2,256,0.5299501678022984,0.42487237841085623,0.4456979312452772,0.49150771923245196,0.05071,4.9252,0.1
Thermostat,binary,Gaussian,16,16,simhash,2,1024,0.5360520695616801,0.4108449720120095,0.4338534679879361,0.5004419026189136,0.05345,4.781,0.1
Thermostat,binary,Gaussian,16,16,simhash,4,16,0.5130682396013424,0.49960308704408257,0.5065568825060772,0.5027799237452341,0.05316,4.9629,0.1
Thermostat,binary,Gaussian,16,16,simhash,4,64,0.5216109020644768,0.45883582486015784,0.4744499303576788,0.4940934225055733,0.05095,4.4429,0.1
Thermostat,binary,Gaussian,16,16,simhash,4,256,0.5292382792637038,0.44284624961924157,0.4614321382281871,0.49940458778673663,0.04857,4.5067,0.1
Thermostat,binary,Gaussian,16,16,simhash,4,1024,0.5267975185599512,0.4392120190187902,0.4579867799857966,0.49358316144759046,0.05131,4.3122,0.1
Thermostat,binary,Gaussian,16,16,simhash,8,16,0.5351367842977728,0.3927052166194475,0.4176202724523003,0.4976821468008417,0.04872,4.9081,0.1
Thermostat,binary,Gaussian,16,16,simhash,8,64,0.523644869317604,0.486911396741527,0.49854156878860884,0.5054009000562535,0.05329,5.2301,0.1
Thermostat,binary,Gaussian,16,16,simhash,8,256,0.5201871249872877,0.4604845757885989,0.47568855728737836,0.4955627643394379,0.06307,4.5346,0.1
Thermostat,binary,Gaussian,16,16,simhash,8,1024,0.5366622597376183,0.39663406992066663,0.4212579842372215,0.4958039252453278,0.05209,5.5478,0.1
Thermostat,binary,Gaussian,16,16,h3,2,16,0.49435574087257195,0.4915611275491374,0.49475442370609346,0.4916031835323041,0.01432,1.6262,0.1
Thermostat,binary,Gaussian,16,16,h3,2,64,0.505644259127428,0.4989568215978397,0.5038605499976171,0.5011347167531304,0.01294,1.203,0.1
Thermostat,binary,Gaussian,16,16,h3,2,256,0.5237465676802604,0.4470552211220671,0.46450030350409194,0.49763993582932264,0.01575,1.6906,0.1
Thermostat,binary,Gaussian,16,16,h3,2,1024,0.5317807383301129,0.39533398100121964,0.41966713211553514,0.4970468779298706,0.0101,1.3963,0.1
Thermostat,binary,Gaussian,16,16,h3,4,16,0.5030001016983626,0.4989873530718917,0.5027857844421761,0.498999708315103,0.01118,1.5092,0.1
Thermostat,binary,Gaussian,16,16,h3,4,64,0.5362554662869928,0.4049521339161072,0.42863164806742743,0.5000498156134758,0.01617,1.9166,0.1
Thermostat,binary,Gaussian,16,16,h3,4,256,0.534628292484491,0.4022775082905191,0.4261046540077395,0.4944574452569952,0.0137,1.4092,0.1
Thermostat,binary,Gaussian,16,16,h3,4,1024,0.5206956168005695,0.4569896360589993,0.47274589554763585,0.4958349063483134,0.01563,1.8463,0.1
Thermostat,binary,Gaussian,16,16,h3,8,16,0.5082884165564935,0.4819787713582518,0.4918686334747388,0.49273294164218595,0.01947,1.8477,0.1
Thermostat,binary,Gaussian,16,16,h3,8,64,0.5323909285060511,0.42589708457354536,0.4468438075949803,0.4994895514302978,0.01887,2.1423,0.1
Thermostat,binary,Gaussian,16,16,h3,8,256,0.5107291772602461,0.48450031772931773,0.494350921872358,0.4928145509094318,0.01779,2.3867,0.1
Thermostat,binary,Gaussian,16,16,h3,8,1024,0.5176446659208787,0.4710644786313387,0.48436170139082696,0.49317921953455424,0.01763,2.1859,0.1
Thermostat,multiclass,Distributive,8,4,murmur,2,16,0.4262178378928099,0.10372102011356758,0.2964946921161397,0.4978996506140895,0.01507,13.7688,0.1
Thermostat,multiclass,Distributive,8,4,murmur,2,64,0.45448998271127833,0.09105028510620329,0.28817516183711184,0.49951863017172154,0.01438,14.3544,0.1
Thermostat,multiclass,Distributive,8,4,murmur,2,256,0.39204718804027255,0.11022204568023833,0.29408851756811444,0.5017274321508456,0.01593,13.7187,0.1
Thermostat,multiclass,Distributive,8,4,murmur,2,1024,0.4198108410454592,0.10394228742901776,0.2948241546845349,0.5000683651839053,0.0138,14.2948,0.1
Thermostat,multiclass,Distributive,8,4,murmur,4,16,0.33418081968880303,0.1263386807857856,0.29232205276087486,0.5029697371649136,0.01486,15.241,0.1
Thermostat,multiclass,Distributive,8,4,murmur,4,64,0.42540425099155904,0.10613061017957093,0.297797697123715,0.5010572745340055,0.016,15.8553,0.1
Thermostat,multiclass,Distributive,8,4,murmur,4,256,0.4229634902878064,0.10840749925143525,0.3001396655946127,0.5012318826008174,0.01366,13.1589,0.1
Thermostat,multiclass,Distributive,8,4,murmur,4,1024,0.45682904505237465,0.09073128633882721,0.28832998653045666,0.49964946099521246,0.01794,18.221,0.1
Thermostat,multiclass,Distributive,8,4,murmur,8,16,0.362046171056646,0.12171014347877182,0.2979443011829663,0.500376700146545,0.01579,13.6637,0.1
Thermostat,multiclass,Distributive,8,4,murmur,8,64,0.3893013322485508,0.12291206091876247,0.3074696140476944,0.49679227144275667,0.0162,14.3989,0.1
Thermostat,multiclass,Distributive,8,4,murmur,8,256,0.4551001728872165,0.0909105068062175,0.28817815314081774,0.4968991305481973,0.01442,15.8849,0.1
Thermostat,multiclass,Distributive,8,4,murmur,8,1024,0.3911319027763653,0.12283864770078586,0.3068813249317623,0.501198454288602,0.01828,13.4768,0.1
Thermostat,multiclass,Distributive,8,4,simhash,2,16,0.4563205532390929,0.09048737768337986,0.2879523360186007,0.5002546817852128,0.04397,24.7024,0.1
Thermostat,multiclass,Distributive,8,4,simhash,2,64,0.39072510932573984,0.12006989762577303,0.3043457907319957,0.5005706768309313,0.04403,22.2907,0.1
Thermostat,multiclass,Distributive,8,4,simhash,2,256,0.4262178378928099,0.10372102011356758,0.2964946921161397,0.5002473907990816,0.03997,20.1372,0.1
Thermostat,multiclass,Distributive,8,4,simhash,2,1024,0.41960744432014646,0.10888472917153423,0.2992583518130029,0.5005697484274358,0.0586,36.7163,0.1
Thermostat,multiclass,Distributive,8,4,simhash,4,16,0.4446252415336113,0.09906523332343473,0.29443389821731974,0.5006312186555787,0.03163,18.667,0.1
Thermostat,multiclass,Distributive,8,4,simhash,4,64,0.4563205532390929,0.09048737768337986,0.2879523360186007,0.5008193673152557,0.04305,25.4118,0.1
Thermostat,multiclass,Distributive,8,4,simhash,4,256,0.4551001728872165,0.0909105068062175,0.28817815314081774,0.49292872225932166,0.04185,24.5317,0.1
Thermostat,multiclass,Distributive,8,4,simhash,4,1024,0.45469337943659105,0.09141605135605124,0.2885523466498683,0.4999697672653758,0.04902,29.5277,0.1
Thermostat,multiclass,Distributive,8,4,simhash,8,16,0.41411573273670294,0.1052154378278013,0.29389035200452973,0.49827629045832034,0.04303,23.8667,0.1
Thermostat,multiclass,Distributive,8,4,simhash,8,64,0.4545916810739347,0.09123521344647145,0.2883726343859591,0.49616645202826876,0.04581,23.8534,0.1
Thermostat,multiclass,Distributive,8,4,simhash,8,256,0.4283535035085935,0.10607027618247909,0.29900330482066234,0.5032068302104277,0.04367,21.47,0.1
Thermostat,multiclass,Distributive,8,4,simhash,8,1024,0.42540425099155904,0.10613061017957093,0.297797697123715,0.49930694950758575,0.04967,24.7434,0.1
Thermostat,multiclass,Distributive,8,4,h3,2,16,0.38889453879792535,0.1171384146132378,0.30174003374919994,0.5040894558592999,0.01598,15.5004,0.1
Thermostat,multiclass,Distributive,8,4,h3,2,64,0.4343537069053188,0.1051288355855637,0.29744130349169773,0.5000189866217584,0.01587,13.5141,0.1
Thermostat,multiclass,Distributive,8,4,h3,2,256,0.4018102308552832,0.11203188564288549,0.2989799840471681,0.499942738681377,0.01561,14.4864,0.1
Thermostat,multiclass,Distributive,8,4,h3,2,1024,0.45662564832706193,0.09122522967979653,0.2879313629728533,0.5013014680103762,0.01612,14.5175,0.1
Thermostat,multiclass,Distributive,8,4,h3,4,16,0.4577443303162819,0.08971675736012279,0.28747135911170435,0.5044911883766018,0.01834,14.1591,0.1
Thermostat,multiclass,Distributive,8,4,h3,4,64,0.4078104342520085,0.10864674764134685,0.29670808062772974,0.49875391618544235,0.0135,15.6945,0.1
Thermostat,multiclass,Distributive,8,4,h3,4,256,0.41828536560561375,0.10557583930416033,0.295410212481848,0.49971812116109365,0.01314,13.8211,0.1
Thermostat,multiclass,Distributive,8,4,h3,4,1024,0.4357774839825079,0.09909085451581126,0.29282837049526733,0.49987410060405807,0.01343,15.2677,0.1
Thermostat,multiclass,Distributive,8,4,h3,8,16,0.34536763958100275,0.12274735208294485,0.29308036478654625,0.5007165180871892,0.01662,15.8709,0.1
Thermostat,multiclass,Distributive,8,4,h3,8,64,0.4226583951998373,0.10305728465609634,0.29453412114581484,0.4971519896537701,0.01638,13.8202,0.1
Thermostat,multiclass,Distributive,8,4,h3,8,256,0.4530662056340893,0.0929745502644083,0.2885591077753573,0.5024323359784831,0.01954,14.8478,0.1
Thermostat,multiclass,Distributive,8,4,h3,8,1024,0.42113291975999184,0.10723902154664469,0.29889192676614723,0.4989785783139636,0.0133,9.7057,0.1
Thermostat,multiclass,Distributive,8,8,murmur,2,16,0.4179802705176447,0.10793413336838946,0.29820557945607545,0.4987571055640575,0.00796,6.1671,0.1
Thermostat,multiclass,Distributive,8,8,murmur,2,64,0.4552018712498729,0.09164372177889872,0.2890069218492573,0.4953302764519939,0.00838,6.3117,0.1
Thermostat,multiclass,Distributive,8,8,murmur,2,256,0.4248957591782772,0.1064143059346627,0.29830920717658344,0.5037177759392868,0.00827,6.0091,0.1
Thermostat,multiclass,Distributive,8,8,murmur,2,1024,0.45387979253534017,0.0925669881286496,0.289567241495757,0.5027173263502489,0.00942,6.2942,0.1
Thermostat,multiclass,Distributive,8,8,murmur,4,16,0.4383199430489169,0.10179100815597453,0.2947093256341207,0.4978282374278677,0.00856,8.1921,0.1
Thermostat,multiclass,Distributive,8,8,murmur,4,64,0.4554052679751856,0.09149984199024416,0.2888074645851663,0.5013319965490419,0.00835,6.1148,0.1
Thermostat,multiclass,Distributive,8,8,murmur,4,256,0.4577443303162819,0.08971675736012279,0.28747135911170435,0.4982870678141862,0.01077,6.1785,0.1
Thermostat,multiclass,Distributive,8,8,murmur,4,1024,0.4563205532390929,0.09001398448722117,0.28732883271186604,0.49628032097983754,0.00845,6.0498,0.1
Thermostat,multiclass,Distributive,8,8,murmur,8,16,0.4240821722770263,0.1040837124176284,0.29587502465192095,0.5014422852608599,0.00827,6.187,0.1
Thermostat,multiclass,Distributive,8,8,murmur,8,64,0.41848876233092647,0.10458597019945022,0.29493314674123755,0.5071092412513982,0.00816,6.2555,0.1
Thermostat,multiclass,Distributive,8,8,murmur,8,256,0.4304891691243771,0.10862629229096885,0.30145922182896573,0.5011026075084074,0.00861,6.4303,0.1
Thermostat,multiclass,Distributive,8,8,murmur,8,1024,0.4509305400183057,0.09282067420894537,0.2885468531085434,0.5038706215139503,0.00973,6.6328,0.1
Thermostat,multiclass,Distributive,8,8,simhash,2,16,0.4409641004779823,0.09860894074493247,0.2933617410843547,0.49763368615406195,0.02245,10.8208,0.1
Thermostat,multiclass,Distributive,8,8,simhash,2,64,0.4557103630631547,0.09200519755608065,0.28934709983801726,0.5030687962557456,0.02273,10.9944,0.1
Thermostat,multiclass,Distributive,8,8,simhash,2,256,0.4541848876233093,0.09070044055393166,0.2875529985893991,0.49575228715855413,0.0225,10.6097,0.1
Thermostat,multiclass,Distributive,8,8,simhash,2,1024,0.4248957591782772,0.10557797132905973,0.29720757122822355,0.5020944933633309,0.02374,10.5963,0.1
Thermostat,multiclass,Distributive,8,8,simhash,4,16,0.4430997660937659,0.09679548572880774,0.2910837965662696,0.49748597453963644,0.02347,11.093,0.1
Thermostat,multiclass,Distributive,8,8,simhash,4,64,0.45286280890877656,0.09305308791215423,0.2900082585292822,0.4981608704971142,0.02401,11.0406,0.1
Thermostat,multiclass,Distributive,8,8,simhash,4,256,0.45194752364486934,0.09221281585207415,0.2888986203343532,0.4965387187946296,0.02426,11.0164,0.1
Thermostat,multiclass,Distributive,8,8,simhash,4,1024,0.45479507779924744,0.091553763076466,0.2887127921318091,0.5001377274410423,0.02349,10.9164,0.1
Thermostat,multiclass,Distributive,8,8,simhash,8,16,0.4296755822231262,0.102569121350798,0.2956998949656193,0.49539320233257594,0.02448,11.1831,0.1
Thermostat,multiclass,Distributive,8,8,simhash,8,64,0.45479507779924744,0.09144345333708744,0.2886378133785041,0.5025246700754632,0.02386,11.133,0.1
Thermostat,multiclass,Distributive,8,8,simhash,8,256,0.4577443303162819,0.08971675736012279,0.28747135911170435,0.4993862799052196,0.0239,11.025,0.1
Thermostat,multiclass,Distributive,8,8,simhash,8,1024,0.4523543170954948,0.09290443198589615,0.2896371507325156,0.4967072845398169,0.02391,11.1274,0.1
Thermostat,multiclass,Distributive,8,8,h3,2,16,0.4444218448082986,0.09711569858490868,0.2923736103908779,0.49781018088202444,0.00851,5.9626,0.1
Thermostat,multiclass,Distributive,8,8,h3,2,64,0.4050645784602868,0.11451655876054449,0.3019026802697076,0.5004636009533102,0.00813,6.0066,0.1
Thermostat,multiclass,Distributive,8,8,h3,2,256,0.42377707718905727,0.10424460845769894,0.2960249144144311,0.4994958659690552,0.00908,6.1732,0.1
Thermostat,multiclass,Distributive,8,8,h3,2,1024,0.4556086647004983,0.09040406143480204,0.2876982421851157,0.5071178331617657,0.00954,6.1186,0.1
Thermostat,multiclass,Distributive,8,8,h3,4,16,0.4260144411674972,0.10906344076423975,0.30070284766546684,0.5010318659515453,0.0121,7.7596,0.1
Thermostat,multiclass,Distributive,8,8,h3,4,64,0.41248855893420117,0.10396229760265523,0.2926342167737203,0.5025049173574057,0.01618,13.8907,0.1
Thermostat,multiclass,Distributive,8,8,h3,4,256,0.43984541848876235,0.10115372836270453,0.29551483569888265,0.4970865645519523,0.00966,7.2811,0.1
Thermostat,multiclass,Distributive,8,8,h3,4,1024,0.4475744940506458,0.09359332112370103,0.28938449100373265,0.5013368455470729,0.00874,6.2418,0.1
Thermostat,multiclass,Distributive,8,8,h3,8,16,0.4248957591782772,0.10557797132905973,0.29720757122822355,0.5007663416614475,0.00944,7.0893,0.1
Thermostat,multiclass,Distributive,8,8,h3,8,64,0.4392352283128242,0.09804478890644554,0.29255988916094844,0.4954327955172149,0.01,6.6633,0.1
Thermostat,multiclass,Distributive,8,8,h3,8,256,0.43842164141157325,0.10132362698622384,0.2954664368937047,0.4944895561361469,0.00975,6.5076,0.1
Thermostat,multiclass,Distributive,8,8,h3,8,1024,0.4577443303162819,0.08971675736012279,0.28747135911170435,0.4991833169767785,0.00995,6.9343,0.1
Thermostat,multiclass,Distributive,16,4,murmur,2,16,0.39621682090918336,0.113868559424558,0.2993033379763842,0.4947614066148368,0.01522,16.7697,0.1
Thermostat,multiclass,Distributive,16,4,murmur,2,64,0.4551001728872165,0.09190359154832542,0.2890354357576334,0.49885424878876317,0.0174,18.8804,0.1
Thermostat,multiclass,Distributive,16,4,murmur,2,256,0.42276009356249367,0.10387078292764619,0.29583540880192843,0.5001598991695233,0.01388,17.1093,0.1
Thermostat,multiclass,Distributive,16,4,murmur,2,1024,0.4210312213973355,0.11342831635081098,0.3047613788421277,0.49886488261898104,0.01573,19.5917,0.1
Thermostat,multiclass,Distributive,16,4,murmur,4,16,0.4389301332248551,0.10038326512806664,0.29465091604463733,0.4944852590656185,0.01495,18.3065,0.1
Thermostat,multiclass,Distributive,16,4,murmur,4,64,0.4188955557815519,0.10654786058864817,0.29734188576007303,0.5004266554631769,0.01499,17.1249,0.1
Thermostat,multiclass,Distributive,16,4,murmur,4,256,0.4084206244279467,0.12010196499068419,0.3085669197915632,0.5079631600054574,0.01532,16.5994,0.1
Thermostat,multiclass,Distributive,16,4,murmur,4,1024,0.4158446049018611,0.1102889088064565,0.30058023729942135,0.48867555086332537,0.01553,17.581,0.1
Thermostat,multiclass,Distributive,16,4,murmur,8,16,0.4117766703956066,0.10926624312060548,0.29835959944289275,0.4908004716685338,0.0143,17.5033,0.1
Thermostat,multiclass,Distributive,16,4,murmur,8,64,0.4058781653615377,0.11854306501751628,0.30752382129490574,0.4969755505137162,0.01435,16.0893,0.1
Thermostat,multiclass,Distributive,16,4,murmur,8,256,0.40018305705278145,0.12093277023043503,0.3074904559015629,0.5001250914217549,0.0153,17.1208,0.1
Thermostat,multiclass,Distributive,16,4,murmur,8,1024,0.4223533001118682,0.10993028643140465,0.3017137091596442,0.5019301113055435,0.01565,17.5662,0.1
Thermostat,multiclass,Distributive,16,4,simhash,2,16,0.4230651886504627,0.10966126499317899,0.3011713449414555,0.49813201816910635,0.04147,26.0742,0.1
Thermostat,multiclass,Distributive,16,4,simhash,2,64,0.42225160174921184,0.1085734290823301,0.3001409727396102,0.49857691859433106,0.04114,26.0635,0.1
Thermostat,multiclass,Distributive,16,4,simhash,2,256,0.4412691955659514,0.10502537810033229,0.3000622619383511,0.49990130739842176,0.04245,25.7369,0.1
Thermostat,multiclass,Distributive,16,4,simhash,2,1024,0.42428556900233905,0.11334539201572288,0.30529145075950614,0.4958580098224315,0.04345,27.7055,0.1
Thermostat,multiclass,Distributive,16,4,simhash,4,16,0.40526797518559954,0.10812561636497076,0.29540296836990354,0.49335809703761846,0.04366,29.0594,0.1
Thermostat,multiclass,Distributive,16,4,simhash,4,64,0.40821722770263397,0.11572660649155135,0.3045982430695474,0.5034575528088495,0.0466,34.2341,0.1
Thermostat,multiclass,Distributive,16,4,simhash,4,256,0.42174310993593,0.10530229719459087,0.2968707096423985,0.5024127393343518,0.04298,26.8927,0.1
Thermostat,multiclass,Distributive,16,4,simhash,4,1024,0.39021661751245806,0.1152256016356389,0.30023486795424753,0.5039307630670617,0.04337,26.8558,0.1
Thermostat,multiclass,Distributive,16,4,simhash,8,16,0.4220482050238991,0.11189595554445746,0.3037699505586283,0.4966692963584009,0.05396,27.9302,0.1
Thermostat,multiclass,Distributive,16,4,simhash,8,64,0.40303061120715955,0.11681942941111602,0.30357916553996156,0.5040552692290062,0.04454,26.974,0.1
Thermostat,multiclass,Distributive,16,4,simhash,8,256,0.4509305400183057,0.09509195363073043,0.2913782492172132,0.5031857951620549,0.05613,37.4625,0.1
Thermostat,multiclass,Distributive,16,4,simhash,8,1024,0.4399471168514187,0.099426702996176,0.29405599979458835,0.5003203135417766,0.06547,39.3289,0.1
Thermostat,multiclass,Distributive,16,4,h3,2,16,0.38279263703854366,0.1222589197705715,0.3039523465537507,0.49903717168120193,0.023,28.919,0.1
Thermostat,multiclass,Distributive,16,4,h3,2,64,0.392453981490898,0.13036849417402696,0.3152253873881239,0.5024651030035183,0.02111,27.9491,0.1
Thermostat,multiclass,Distributive,16,4,h3,2,256,0.35340181023085526,0.13507397840826335,0.30746581693012026,0.5049265646347284,0.03614,28.2554,0.1
Thermostat,multiclass,Distributive,16,4,h3,2,1024,0.3670293908268077,0.1199676505397935,0.2966704336872608,0.5057868242898407,0.02487,27.2979,0.1
Thermostat,multiclass,Distributive,16,4,h3,4,16,0.4202176344960846,0.10917950387050135,0.3003334682293204,0.5019901683809206,0.01991,27.7485,0.1
Thermostat,multiclass,Distributive,16,4,h3,4,64,0.4552018712498729,0.09053336603010739,0.2877296955572714,0.5002632296878035,0.02058,24.866,0.1
Thermostat,multiclass,Distributive,16,4,h3,4,256,0.41777687379233197,0.10426440604052299,0.29449681078324547,0.5020072558310127,0.02268,27.2825,0.1
Thermostat,multiclass,Distributive,16,4,h3,4,1024,0.37679243364181836,0.11663110724226351,0.29710233220625565,0.5002700409162346,0.02363,28.3262,0.1
Thermostat,multiclass,Distributive,16,4,h3,8,16,0.42123461812264823,0.10881704574569287,0.2994234964314629,0.5027031472597094,0.02795,29.9777,0.1
Thermostat,multiclass,Distributive,16,4,h3,8,64,0.4241838706396827,0.10559040331684592,0.2971863725777037,0.4974788694440206,0.02537,29.8068,0.1
Thermostat,multiclass,Distributive,16,4,h3,8,256,0.4231668870131191,0.10857156011380127,0.2999393769867097,0.5036602498653836,0.02767,28.9906,0.1
Thermostat,multiclass,Distributive,16,4,h3,8,1024,0.42042103122139735,0.11352137214909067,0.30410201936844516,0.5041520246943835,0.03616,41.8711,0.1
Thermostat,multiclass,Distributive,16,8,murmur,2,16,0.431302756025628,0.10177779407544486,0.2948447357337026,0.4997718367046716,0.02583,24.4161,0.1
Thermostat,multiclass,Distributive,16,8,murmur,2,64,0.4148276212752975,0.10931999660348324,0.29842796354390644,0.4916201465253373,0.02726,22.8644,0.1
Thermostat,multiclass,Distributive,16,8,murmur,2,256,0.43903183158751147,0.0995009415733835,0.29449761279075104,0.4987792067430357,0.02314,22.9415,0.1
Thermostat,multiclass,Distributive,16,8,murmur,2,1024,0.45611715651378015,0.09010331547983384,0.28751546465516525,0.5016488180794928,0.02803,23.9884,0.1
Thermostat,multiclass,Distributive,16,8,murmur,4,16,0.41635309671514287,0.11239318291378411,0.3030647969482086,0.49891927563158056,0.02589,23.1773,0.1
Thermostat,multiclass,Distributive,16,8,murmur,4,64,0.4525577138208075,0.09337966475027802,0.2902520409670194,0.49466479467398317,0.02605,22.5689,0.1
Thermostat,multiclass,Distributive,16,8,murmur,4,256,0.3866571748194854,0.12042710245287644,0.30375729372901955,0.5028117873521623,0.02521,23.8999,0.1
Thermostat,multiclass,Distributive,16,8,murmur,4,1024,0.42560764771687176,0.1081697555277835,0.3006250582366056,0.49703565535706257,0.02823,22.6473,0.1
Thermostat,multiclass,Distributive,16,8,murmur,8,16,0.4577443303162819,0.08971675736012279,0.28747135911170435,0.4926303491961455,0.0269,25.1665,0.1
Thermostat,multiclass,Distributive,16,8,murmur,8,64,0.3826909386758873,0.11882839465774483,0.300646815101543,0.49948079855238064,0.0286,22.6802,0.1
Thermostat,multiclass,Distributive,16,8,murmur,8,256,0.4400488152140751,0.10172443497795187,0.2965303355659581,0.5028910313514512,0.02636,23.3573,0.1
Thermostat,multiclass,Distributive,16,8,murmur,8,1024,0.41828536560561375,0.10740669332063542,0.2975072484822512,0.4957810694011565,0.02867,23.1037,0.1
Thermostat,multiclass,Distributive,16,8,simhash,2,16,0.4248957591782772,0.10845933880636552,0.2991881989644169,0.4979183619708552,0.084,46.7951,0.1
Thermostat,multiclass,Distributive,16,8,simhash,2,64,0.40414929319637954,0.10665713168303616,0.2940809005523607,0.49499379306914043,0.08418,43.9033,0.1
Thermostat,multiclass,Distributive,16,8,simhash,2,256,0.4414725922912641,0.1004192518973956,0.2955109154781688,0.49920533862215555,0.07962,44.6049,0.1
Thermostat,multiclass,Distributive,16,8,simhash,2,1024,0.4412691955659514,0.10118472407718468,0.29641790029724613,0.49728073684131874,0.07833,42.9185,0.1
Thermostat,multiclass,Distributive,16,8,simhash,4,16,0.40313230956981594,0.10808448621562858,0.29444724090675334,0.4945479750904235,0.07935,44.6244,0.1
Thermostat,multiclass,Distributive,16,8,simhash,4,64,0.4373029594223533,0.1029381897672079,0.2963032357715907,0.5011760138762464,0.08588,45.143,0.1
Thermostat,multiclass,Distributive,16,8,simhash,4,256,0.4564222516017492,0.09018686558373602,0.28778628543363743,0.4998911683511972,0.08315,43.7413,0.1
Thermostat,multiclass,Distributive,16,8,simhash,4,1024,0.42225160174921184,0.1130539186692221,0.30509158077313414,0.5007009766372634,0.07422,44.5461,0.1
Thermostat,multiclass,Distributive,16,8,simhash,8,16,0.4259127428048408,0.10630441126677762,0.2984512535470521,0.4990387125054558,0.099,54.1517,0.1
Thermostat,multiclass,Distributive,16,8,simhash,8,64,0.4392352283128242,0.10132776000359636,0.29618221622057866,0.49670151905901516,0.08871,44.2139,0.1
Thermostat,multiclass,Distributive,16,8,simhash,8,256,0.4381165463236042,0.09957342809281258,0.29387084273209363,0.4977850271484346,0.08368,44.7226,0.1
Thermostat,multiclass,Distributive,16,8,simhash,8,1024,0.41940404759483374,0.11428639060850887,0.30533040971196734,0.5037046614914975,0.08798,45.5849,0.1
Thermostat,multiclass,Distributive,16,8,h3,2,16,0.39469134546933793,0.1139109486421237,0.29517268872790536,0.4948679229333,0.02149,22.889,0.1
Thermostat,multiclass,Distributive,16,8,h3,2,64,0.39601342418387064,0.11300769595227544,0.2980213618693062,0.4998709718301108,0.02512,23.0106,0.1
Thermostat,multiclass,Distributive,16,8,h3,2,256,0.42398047391437,0.1118776521341341,0.30366140224170524,0.5047966358730632,0.02012,13.59,0.1
Thermostat,multiclass,Distributive,16,8,h3,2,1024,0.4573375368656565,0.09042277013048543,0.2881251572998206,0.4948716608261396,0.02075,15.6244,0.1
Thermostat,multiclass,Distributive,16,8,h3,4,16,0.41126817858232484,0.11349824370930273,0.30196045707605235,0.5037895106467827,0.01793,16.6024,0.1
Thermostat,multiclass,Distributive,16,8,h3,4,64,0.40730194243872675,0.11061301327395244,0.29830136717866795,0.5000747656488018,0.01742,16.1386,0.1
Thermostat,multiclass,Distributive,16,8,h3,4,256,0.3841147157530764,0.117423356259699,0.3008556663400423,0.49332998141962153,0.0194,17.0184,0.1
Thermostat,multiclass,Distributive,16,8,h3,4,1024,0.4506254449303366,0.09354516906327094,0.290015311911976,0.49808918075408276,0.02109,15.0544,0.1
Thermostat,multiclass,Distributive,16,8,h3,8,16,0.4577443303162819,0.08971675736012279,0.28747135911170435,0.5009220993661431,0.01996,16.3022,0.1
Thermostat,multiclass,Distributive,16,8,h3,8,64,0.44777789077595853,0.09388852998124779,0.28966286318540424,0.5039683541409735,0.01977,17.0273,0.1
Thermostat,multiclass,Distributive,16,8,h3,8,256,0.4178785721549883,0.10556271017359321,0.2951833464803381,0.4990642978522821,0.01896,16.5667,0.1
Thermostat,multiclass,Distributive,16,8,h3,8,1024,0.38279263703854366,0.11584062170805871,0.2981766793299206,0.49514701375615605,0.02207,18.2136,0.1
Thermostat,multiclass,Distributive,16,16,murmur,2,16,0.4019119292179396,0.11845463727403649,0.30599444498237255,0.49915135959219675,0.01664,11.3718,0.1
Thermostat,multiclass,Distributive,16,16,murmur,2,64,0.4542865859859656,0.09140455938207696,0.2885429241743626,0.4961970748672204,0.02218,16.7739,0.1
Thermostat,multiclass,Distributive,16,16,murmur,2,256,0.4577443303162819,0.08971675736012279,0.28747135911170435,0.5054462988534313,0.01023,8.3343,0.1
Thermostat,multiclass,Distributive,16,16,murmur,2,1024,0.4552018712498729,0.08997651928093273,0.2871161548034975,0.4957044266742741,0.01672,10.8422,0.1
Thermostat,multiclass,Distributive,16,16,murmur,4,16,0.4393369266754805,0.10139600018046824,0.2958139010742351,0.5008367975266337,0.01486,11.6397,0.1
Thermostat,multiclass,Distributive,16,16,murmur,4,64,0.4050645784602868,0.10954128842085036,0.29655632751036304,0.49963914537934395,0.01524,10.7085,0.1
Thermostat,multiclass,Distributive,16,16,murmur,4,256,0.4577443303162819,0.08971675736012279,0.28747135911170435,0.5013044875626635,0.01531,8.9621,0.1
Thermostat,multiclass,Distributive,16,16,murmur,4,1024,0.4577443303162819,0.08971675736012279,0.28747135911170435,0.5015483835629698,0.0155,10.9147,0.1
Thermostat,multiclass,Distributive,16,16,murmur,8,16,0.4577443303162819,0.08971675736012279,0.28747135911170435,0.4992784497257068,0.0149,11.761,0.1
Thermostat,multiclass,Distributive,16,16,murmur,8,64,0.45001525475439846,0.09454499080882958,0.2908029970281578,0.4992091492976266,0.01273,11.3962,0.1
Thermostat,multiclass,Distributive,16,16,murmur,8,256,0.4402522119393878,0.10112376858588437,0.2956070318258556,0.49923990829999204,0.01561,10.8316,0.1
Thermostat,multiclass,Distributive,16,16,murmur,8,1024,0.45489677616190377,0.09000794235179381,0.2872087741842815,0.498580922326706,0.01588,11.0257,0.1
Thermostat,multiclass,Distributive,16,16,simhash,2,16,0.3977422963490288,0.11441328795824512,0.29955105757554495,0.5017456592180353,0.05355,24.0768,0.1
Thermostat,multiclass,Distributive,16,16,simhash,2,64,0.4147259229126411,0.11392973963620101,0.3018653470699797,0.499126267391513,0.05088,21.5334,0.1
Thermostat,multiclass,Distributive,16,16,simhash,2,256,0.453269602359402,0.0929859451236091,0.2897087655435511,0.49669009169120076,0.05762,24.7638,0.1
Thermostat,multiclass,Distributive,16,16,simhash,2,1024,0.4512356351062748,0.09282268158241148,0.28938228060042553,0.4999420245133046,0.05612,23.7193,0.1
Thermostat,multiclass,Distributive,16,16,simhash,4,16,0.41614969998983015,0.11078504677996022,0.30160550428162886,0.5013139294767669,0.05383,23.287,0.1
Thermostat,multiclass,Distributive,16,16,simhash,4,64,0.42428556900233905,0.10704421018730995,0.2978963903006218,0.49378926200318396,0.05606,24.1368,0.1
Thermostat,multiclass,Distributive,16,16,simhash,4,256,0.45479507779924744,0.09013697531087199,0.2872476815645097,0.5013413788089729,0.05574,22.7575,0.1
Thermostat,multiclass,Distributive,16,16,simhash,4,1024,0.448184684226584,0.09414152100343327,0.2899524294605727,0.5032698347865796,0.05541,23.7341,0.1
Thermostat,multiclass,Distributive,16,16,simhash,8,16,0.4577443303162819,0.08971675736012279,0.28747135911170435,0.500403461128388,0.05733,24.5489,0.1
Thermostat,multiclass,Distributive,16,16,simhash,8,64,0.4429980677311095,0.09592444205258606,0.29076555572075047,0.4966436075332158,0.05599,23.0135,0.1
Thermostat,multiclass,Distributive,16,16,simhash,8,256,0.4577443303162819,0.08971675736012279,0.28747135911170435,0.4958833938863712,0.05463,25.2196,0.1
Thermostat,multiclass,Distributive,16,16,simhash,8,1024,0.449608461303773,0.09125491723674949,0.28712290419001235,0.5018895496309868,0.05213,22.3607,0.1
Thermostat,multiclass,Distributive,16,16,h3,2,16,0.4150310180006102,0.11350360866659549,0.3032104580195894,0.49889408129386326,0.00992,10.2579,0.1
Thermostat,multiclass,Distributive,16,16,h3,2,64,0.4339469134546934,0.1037270016279653,0.29734334217789465,0.5036570233287154,0.01492,10.5603,0.1
Thermostat,multiclass,Distributive,16,16,h3,2,256,0.45479507779924744,0.09146571445927465,0.28876881535487214,0.49641880019898615,0.0147,11.107,0.1
Thermostat,multiclass,Distributive,16,16,h3,2,1024,0.4556086647004983,0.09071767177305798,0.2879075817502396,0.4974969733841906,0.0169,11.4624,0.1
Thermostat,multiclass,Distributive,16,16,h3,4,16,0.4556086647004983,0.08982881986994187,0.2870248959290975,0.49844038640471316,0.01707,11.9971,0.1
Thermostat,multiclass,Distributive,16,16,h3,4,64,0.4230651886504627,0.1120859040666513,0.3038039222651657,0.5008239720915958,0.01205,9.3976,0.1
Thermostat,multiclass,Distributive,16,16,h3,4,256,0.4524560154581511,0.0919359186855592,0.2885005925929895,0.49396298135878425,0.01146,6.7467,0.1
Thermostat,multiclass,Distributive,16,16,h3,4,1024,0.4520492220075257,0.0918295494883491,0.28847079685420474,0.4991678417395108,0.01116,8.8381,0.1
Thermostat,multiclass,Distributive,16,16,h3,8,16,0.44574392352283126,0.09749408257051487,0.2929140825232626,0.5046638443844345,0.01216,10.6751,0.1
Thermostat,multiclass,Distributive,16,16,h3,8,64,0.4472693989626767,0.0934832279213007,0.2877735034071143,0.49650372449414615,0.02015,10.3489,0.1
Thermostat,multiclass,Distributive,16,16,h3,8,256,0.4575409335909692,0.09026496358357053,0.28801762924920815,0.5022044390747102,0.01984,12.2819,0.1
Thermostat,multiclass,Distributive,16,16,h3,8,1024,0.4328282314654734,0.10020904472002472,0.2933201910068432,0.49711600859008614,0.0173,9.6684,0.1
Thermostat,multiclass,Gaussian,8,4,murmur,2,16,0.42753991660734264,0.10599469092535616,0.29837506044379336,0.5064712580123778,0.01516,12.3857,0.1
Thermostat,multiclass,Gaussian,8,4,murmur,2,64,0.42642123461812265,0.11304102887815888,0.30480978516911783,0.4999390604015816,0.01564,14.413,0.1
Thermostat,multiclass,Gaussian,8,4,murmur,2,256,0.4063866571748195,0.11091644104977579,0.2979963985515942,0.49881671384189163,0.01283,13.9214,0.1
Thermostat,multiclass,Gaussian,8,4,murmur,2,1024,0.39936947015153057,0.12036582678901227,0.3067227714945809,0.5079166149670342,0.01169,12.9475,0.1
Thermostat,multiclass,Gaussian,8,4,murmur,4,16,0.44676090714939487,0.09283728621117866,0.2869563515017062,0.4967584206400974,0.0106,11.4334,0.1
Thermostat,multiclass,Gaussian,8,4,murmur,4,64,0.39916607342621785,0.11844892970573326,0.30490942298641766,0.49827023541612936,0.01082,12.08,0.1
Thermostat,multiclass,Gaussian,8,4,murmur,4,256,0.4464558120614258,0.09589163803552614,0.29177765952730395,0.501581020306794,0.01718,15.8428,0.1
Thermostat,multiclass,Gaussian,8,4,murmur,4,1024,0.44554052679751854,0.09476748792879275,0.29030549788219634,0.5012314341108147,0.01017,8.7284,0.1
Thermostat,multiclass,Gaussian,8,4,murmur,8,16,0.4541848876233093,0.09121916987009662,0.2884656702720934,0.4988651254960978,0.00943,9.2389,0.1
Thermostat,multiclass,Gaussian,8,4,murmur,8,64,0.4350655954439134,0.10695802814408253,0.3007488430915006,0.5002376272800769,0.00944,9.0597,0.1
Thermostat,multiclass,Gaussian,8,4,murmur,8,256,0.4319129462015662,0.10203543753609993,0.29568084635452685,0.49646419781125684,0.00973,9.0319,0.1
Thermostat,multiclass,Gaussian,8,4,murmur,8,1024,0.39103020441370895,0.1105573240784492,0.2935019258390477,0.5019735771607732,0.00974,9.123,0.1
Thermostat,multiclass,Gaussian,8,4,simhash,2,16,0.447066002237364,0.09779639960791735,0.2937093309992568,0.5003603524690855,0.02377,13.7438,0.1
Thermostat,multiclass,Gaussian,8,4,simhash,2,64,0.4557103630631547,0.09305511378754439,0.29046602810243977,0.49623725914147976,0.02361,13.5485,0.1
Thermostat,multiclass,Gaussian,8,4,simhash,2,256,0.43252313637750434,0.10638766880289852,0.2994670864764194,0.5018547795944965,0.02454,13.5357,0.1
Thermostat,multiclass,Gaussian,8,4,simhash,2,1024,0.4340486118173497,0.10268034902036353,0.2967022679585295,0.5016510012010065,0.02327,13.2531,0.1
Thermostat,multiclass,Gaussian,8,4,simhash,4,16,0.4473710973253331,0.09593903872512496,0.291870337944971,0.5004382407757076,0.02401,13.1879,0.1
Thermostat,multiclass,Gaussian,8,4,simhash,4,64,0.42947218549781346,0.10415783653284676,0.29726605781306625,0.5001809597432053,0.02487,13.8242,0.1
Thermostat,multiclass,Gaussian,8,4,simhash,4,256,0.40831892606529036,0.10741397853331196,0.29600328526979913,0.4993712696096588,0.02473,14.2541,0.1
Thermostat,multiclass,Gaussian,8,4,simhash,4,1024,0.4340486118173497,0.10268034902036353,0.2967022679585295,0.5028945153867076,0.02552,21.0624,0.1
Thermostat,multiclass,Gaussian,8,4,simhash,8,16,0.4229634902878064,0.105288345482392,0.2962106516073023,0.49923638393830044,0.02542,13.8332,0.1
Thermostat,multiclass,Gaussian,8,4,simhash,8,64,0.41828536560561375,0.10831403575356566,0.2988777806288633,0.4995764775882036,0.02536,14.0664,0.1
Thermostat,multiclass,Gaussian,8,4,simhash,8,256,0.42255669683718095,0.10330239620215291,0.29472293889164536,0.49864052957466576,0.04189,14.3093,0.1
Thermostat,multiclass,Gaussian,8,4,simhash,8,1024,0.42347198210108816,0.10579482839580859,0.29754192177702654,0.49666641496525743,0.02524,13.6981,0.1
Thermostat,multiclass,Gaussian,8,4,h3,2,16,0.41747177870436286,0.10886674881855878,0.29827020511595775,0.5025462991657343,0.00869,8.6114,0.1
Thermostat,multiclass,Gaussian,8,4,h3,2,64,0.4446252415336113,0.09628330298347153,0.29129911837738154,0.5034571005449321,0.00891,8.5704,0.1
Thermostat,multiclass,Gaussian,8,4,h3,2,256,0.4439133529950168,0.09685728610309616,0.29176541321285926,0.4992666191324791,0.00896,8.8694,0.1
Thermostat,multiclass,Gaussian,8,4,h3,2,1024,0.41635309671514287,0.10840592098476658,0.29856028630187315,0.5052075477396555,0.00911,8.3793,0.1
Thermostat,multiclass,Gaussian,8,4,h3,4,16,0.4260144411674972,0.10504362252866681,0.2966453454095602,0.4972504335245924,0.00924,8.8855,0.1
Thermostat,multiclass,Gaussian,8,4,h3,4,64,0.3976405979863724,0.10639901646756536,0.291413703897574,0.503419901288605,0.00948,9.0432,0.1
Thermostat,multiclass,Gaussian,8,4,h3,4,256,0.38706396827011086,0.11430198891339773,0.29620314923720736,0.49443707155551103,0.00954,8.9546,0.1
Thermostat,multiclass,Gaussian,8,4,h3,4,1024,0.443404861181735,0.0984976814279982,0.2934742601560594,0.5000906614107109,0.00957,8.7745,0.1
Thermostat,multiclass,Gaussian,8,4,h3,8,16,0.44574392352283126,0.09449038729072932,0.28988098682804025,0.49689986701303884,0.00995,9.2604,0.1
Thermostat,multiclass,Gaussian,8,4,h3,8,64,0.38787755517136174,0.11307864564169488,0.2953187483122437,0.4951307229295268,0.01009,9.2413,0.1
Thermostat,multiclass,Gaussian,8,4,h3,8,256,0.4439133529950168,0.09606625961529376,0.2903686548105255,0.5035727580672947,0.01008,8.7035,0.1
Thermostat,multiclass,Gaussian,8,4,h3,8,1024,0.4553035696125292,0.09024861620309003,0.2876074193466765,0.5014379647843089,0.01007,10.6105,0.1
Thermostat,multiclass,Gaussian,8,8,murmur,2,16,0.4420827824672023,0.09988944089722189,0.2937520736600033,0.5000747886415711,0.00744,5.7416,0.1
Thermostat,multiclass,Gaussian,8,8,murmur,2,64,0.4545916810739347,0.09271140673996185,0.28979113795725053,0.49840582981609,0.00779,5.7411,0.1
Thermostat,multiclass,Gaussian,8,8,murmur,2,256,0.44574392352283126,0.09569217906060053,0.2909840546315955,0.49760645896765776,0.00755,5.7206,0.1
Thermostat,multiclass,Gaussian,8,8,murmur,2,1024,0.4504220482050239,0.09561563362196136,0.29209500153090096,0.49701271613223946,0.00766,5.5554,0.1
Thermostat,multiclass,Gaussian,8,8,murmur,4,16,0.43354012000406794,0.1074704180241841,0.3008637855805934,0.5026457743072669,0.00767,5.946,0.1
Thermostat,multiclass,Gaussian,8,8,murmur,4,64,0.45703244177768737,0.09058762212109066,0.2882644317922488,0.4990919590999955,0.00777,5.9163,0.1
Thermostat,multiclass,Gaussian,8,8,murmur,4,256,0.4577443303162819,0.08971675736012279,0.28747135911170435,0.501189210325016,0.00789,5.9086,0.1
Thermostat,multiclass,Gaussian,8,8,murmur,4,1024,0.4534729990847147,0.09095159400965512,0.28800313384578413,0.5048837324880967,0.0078,5.8417,0.1
Thermostat,multiclass,Gaussian,8,8,murmur,8,16,0.4530662056340893,0.09286769586901387,0.28964068290079004,0.4961008582401381,0.00769,5.9515,0.1
Thermostat,multiclass,Gaussian,8,8,murmur,8,64,0.4263195362554663,0.10617962936528647,0.29795282487674357,0.5020356477505691,0.00828,5.8259,0.1
Thermostat,multiclass,Gaussian,8,8,murmur,8,256,0.4436082579070477,0.09276038374810983,0.2862412273898019,0.500031375746724,0.00787,5.9729,0.1
Thermostat,multiclass,Gaussian,8,8,murmur,8,1024,0.443404861181735,0.09549010118226105,0.2897534139331896,0.5015534411202267,0.00822,5.7871,0.1
Thermostat,multiclass,Gaussian,8,8,simhash,2,16,0.4553035696125292,0.09024861620309003,0.2876074193466765,0.4998043359303991,0.02055,10.2133,0.1
Thermostat,multiclass,Gaussian,8,8,simhash,2,64,0.4461507169734567,0.09616319428508134,0.2903262197122811,0.49299844643574614,0.02168,10.4587,0.1
Thermostat,multiclass,Gaussian,8,8,simhash,2,256,0.44574392352283126,0.09449038729072932,0.28988098682804025,0.4985759642802681,0.02111,10.4323,0.1
Thermostat,multiclass,Gaussian,8,8,simhash,2,1024,0.4577443303162819,0.08971675736012279,0.28747135911170435,0.5026746841042564,0.02576,10.951,0.1
Thermostat,multiclass,Gaussian,8,8,simhash,4,16,0.45001525475439846,0.09390553302836113,0.29015930990605976,0.5008760549408807,0.02242,11.2387,0.1
Thermostat,multiclass,Gaussian,8,8,simhash,4,64,0.4472693989626767,0.09411875436323079,0.2897979737287338,0.5018506076544972,0.02249,10.2728,0.1
Thermostat,multiclass,Gaussian,8,8,simhash,4,256,0.45591375978846743,0.09103865169438939,0.2885767631196623,0.498793940195262,0.02149,10.5621,0.1
Thermostat,multiclass,Gaussian,8,8,simhash,4,1024,0.4577443303162819,0.08971675736012279,0.28747135911170435,0.49663629290563854,0.02363,11.3637,0.1
Thermostat,multiclass,Gaussian,8,8,simhash,8,16,0.42937048713515713,0.10439384934653986,0.297381618251742,0.4969427038965169,0.022,10.6374,0.1
Thermostat,multiclass,Gaussian,8,8,simhash,8,64,0.4523543170954948,0.09313283473032972,0.2899292498045914,0.4973351840501268,0.02358,10.9961,0.1
Thermostat,multiclass,Gaussian,8,8,simhash,8,256,0.45682904505237465,0.09143320580313515,0.2890024720662214,0.500734149439742,0.02128,10.8241,0.1
Thermostat,multiclass,Gaussian,8,8,simhash,8,1024,0.4442184480829859,0.09581795786147672,0.2908798821663873,0.5028290333558061,0.02298,10.4617,0.1
Thermostat,multiclass,Gaussian,8,8,h3,2,16,0.41350554256076477,0.11307348529059123,0.30079651248973616,0.4979105380524353,0.00749,5.7651,0.1
Thermostat,multiclass,Gaussian,8,8,h3,2,64,0.4564222516017492,0.09195440261014032,0.28955463199135806,0.5018275509611653,0.00741,5.8159,0.1
Thermostat,multiclass,Gaussian,8,8,h3,2,256,0.4281501067832808,0.10528429976769955,0.2980710631304497,0.4985768805480882,0.00769,5.7336,0.1
Thermostat,multiclass,Gaussian,8,8,h3,2,1024,0.45469337943659105,0.09227186956038805,0.2895469007770287,0.503478520814782,0.00762,5.777,0.1
Thermostat,multiclass,Gaussian,8,8,h3,4,16,0.4173700803417065,0.1043970400899273,0.29317837431235416,0.5059602035706204,0.00816,6.1458,0.1
Thermostat,multiclass,Gaussian,8,8,h3,4,64,0.42377707718905727,0.10662335756712873,0.29761145373512143,0.49797607113216724,0.00853,6.0122,0.1
Thermostat,multiclass,Gaussian,8,8,h3,4,256,0.4340486118173497,0.10268034902036353,0.2967022679585295,0.4978383242718462,0.00899,6.52,0.1
Thermostat,multiclass,Gaussian,8,8,h3,4,1024,0.44401505135767316,0.09597781651716934,0.2911450410645144,0.49926624695788874,0.01363,7.8797,0.1
Thermostat,multiclass,Gaussian,8,8,h3,8,16,0.4577443303162819,0.08971675736012279,0.28747135911170435,0.49758492276387356,0.01296,8.6773,0.1
Thermostat,multiclass,Gaussian,8,8,h3,8,64,0.4577443303162819,0.08971675736012279,0.28747135911170435,0.4988775564512236,0.00993,9.5312,0.1
Thermostat,multiclass,Gaussian,8,8,h3,8,256,0.45550696633784193,0.09004829639191145,0.2873476820219168,0.5035342256218321,0.01152,9.908,0.1
Thermostat,multiclass,Gaussian,8,8,h3,8,1024,0.45550696633784193,0.09004829639191145,0.2873476820219168,0.49971702008166424,0.01515,9.197,0.1
Thermostat,multiclass,Gaussian,16,4,murmur,2,16,0.4454388284348622,0.09477418315899686,0.29010276867477136,0.49143736453136866,0.01872,21.3972,0.1
Thermostat,multiclass,Gaussian,16,4,murmur,2,64,0.41930234923217735,0.11402475968270123,0.3050603300226487,0.4981580905357616,0.01896,25.4884,0.1
Thermostat,multiclass,Gaussian,16,4,murmur,2,256,0.4016068341299705,0.11847261688935957,0.305502074452813,0.4944078037879302,0.02031,22.5491,0.1
Thermostat,multiclass,Gaussian,16,4,murmur,2,1024,0.41442082782467204,0.1145716933871855,0.3045960270085497,0.49903002975634625,0.0233,24.0274,0.1
Thermostat,multiclass,Gaussian,16,4,murmur,4,16,0.4140140343740466,0.11657242212877787,0.30647380651502876,0.5029352238291621,0.01948,24.9851,0.1
Thermostat,multiclass,Gaussian,16,4,murmur,4,64,0.4252008542662463,0.10835434049377887,0.30045102518968037,0.5021221803377446,0.01857,26.0675,0.1
Thermostat,multiclass,Gaussian,16,4,murmur,4,256,0.43872673649954236,0.09911879283769183,0.29363523497427607,0.5016194333826156,0.0189,22.7763,0.1
Thermostat,multiclass,Gaussian,16,4,murmur,4,1024,0.40882741787857213,0.11948934780561449,0.30806262404627993,0.508473802180543,0.02344,25.4255,0.1
Thermostat,multiclass,Gaussian,16,4,murmur,8,16,0.4269297264314045,0.10982193536314404,0.3018603652919172,0.49633420610908746,0.02056,21.0505,0.1
Thermostat,multiclass,Gaussian,16,4,murmur,8,64,0.41116648021966845,0.11641830815739314,0.3055437745820208,0.4991242744105409,0.0211,23.4299,0.1
Thermostat,multiclass,Gaussian,16,4,murmur,8,256,0.4205227295840537,0.10420061881132395,0.2954042337895083,0.4953126953612531,0.02217,24.7729,0.1
Thermostat,multiclass,Gaussian,16,4,murmur,8,1024,0.4449303366215804,0.0998219296520477,0.2954847214727351,0.5072099779774885,0.01792,24.4185,0.1
Thermostat,multiclass,Gaussian,16,4,simhash,2,16,0.4392352283128242,0.10270538773428424,0.2975883995974731,0.49820726120573705,0.04815,35.3791,0.1
Thermostat,multiclass,Gaussian,16,4,simhash,2,64,0.42530255262890265,0.10822658457293942,0.3001205073980846,0.5021832431516801,0.06666,36.6098,0.1
Thermostat,multiclass,Gaussian,16,4,simhash,2,256,0.4241838706396827,0.11226443849229797,0.3040465403429334,0.49762429879226594,0.06282,25.8619,0.1
Thermostat,multiclass,Gaussian,16,4,simhash,2,1024,0.4288619953218753,0.103203050441283,0.29581372573710946,0.5027407991628301,0.04594,37.5107,0.1
Thermostat,multiclass,Gaussian,16,4,simhash,4,16,0.4409641004779823,0.10239734112527588,0.29718048491377436,0.4958365143284932,0.07038,50.8594,0.1
Thermostat,multiclass,Gaussian,16,4,simhash,4,64,0.4178785721549883,0.11819362847031867,0.30902987014459415,0.5055721635090157,0.05559,42.526,0.1
Thermostat,multiclass,Gaussian,16,4,simhash,4,256,0.39916607342621785,0.11513934810710073,0.301518006593651,0.49580756739302184,0.0512,40.1664,0.1
Thermostat,multiclass,Gaussian,16,4,simhash,4,1024,0.3979456930743415,0.1189473454313718,0.3049564156205339,0.5050517644970929,0.05187,34.8592,0.1
Thermostat,multiclass,Gaussian,16,4,simhash,8,16,0.4039458964710668,0.11168003305243492,0.29952504385509865,0.4998581023169235,0.06852,39.2121,0.1
Thermostat,multiclass,Gaussian,16,4,simhash,8,64,0.4105562900437303,0.11404956006615934,0.3033096934343375,0.49554986546657026,0.06842,39.8209,0.1
Thermostat,multiclass,Gaussian,16,4,simhash,8,256,0.4551001728872165,0.09225842612007776,0.2894224408428532,0.5043499888414039,0.05443,38.2049,0.1
Thermostat,multiclass,Gaussian,16,4,simhash,8,1024,0.4209295230346791,0.11379963751943892,0.3046277421272758,0.4987654061625283,0.06041,37.1083,0.1
Thermostat,multiclass,Gaussian,16,4,h3,2,16,0.42743821824468625,0.10798140238450893,0.300692988497424,0.5050551192461225,0.01864,24.9027,0.1
Thermostat,multiclass,Gaussian,16,4,h3,2,64,0.39591172582121426,0.12289073363977765,0.30871568230218926,0.49705857982069734,0.01617,27.3822,0.1
Thermostat,multiclass,Gaussian,16,4,h3,2,256,0.4373029594223533,0.09899835405202682,0.29290108644114443,0.4947044934533258,0.01934,25.5672,0.1
Thermostat,multiclass,Gaussian,16,4,h3,2,1024,0.41126817858232484,0.1150257099742684,0.30364211775745925,0.4932385731007144,0.01578,22.1665,0.1
Thermostat,multiclass,Gaussian,16,4,h3,4,16,0.40018305705278145,0.11750723042437076,0.30440678826014306,0.49405574348548364,0.01536,19.8257,0.1
Thermostat,multiclass,Gaussian,16,4,h3,4,64,0.4085223227906031,0.11681787109204833,0.3019075718163004,0.5026711596148605,0.01607,21.3462,0.1
Thermostat,multiclass,Gaussian,16,4,h3,4,256,0.4399471168514187,0.0989065993015207,0.29392956400638504,0.507434274841797,0.01605,24.4028,0.1
Thermostat,multiclass,Gaussian,16,4,h3,4,1024,0.42326858537577544,0.10376367032885504,0.29459927913674583,0.5004210637922043,0.01503,25.0998,0.1
Thermostat,multiclass,Gaussian,16,4,h3,8,16,0.4577443303162819,0.08971675736012279,0.28747135911170435,0.5009864787583354,0.02313,26.1456,0.1
Thermostat,multiclass,Gaussian,16,4,h3,8,64,0.4281501067832808,0.10875962997468339,0.3016269199906187,0.4949146777948248,0.01706,24.7411,0.1
Thermostat,multiclass,Gaussian,16,4,h3,8,256,0.4268280280687481,0.10731755531548358,0.2995580446553689,0.5000703809930045,0.03146,25.4314,0.1
Thermostat,multiclass,Gaussian,16,4,h3,8,1024,0.4414725922912641,0.10208390612882574,0.29740545568473703,0.4966428600348391,0.01721,18.3279,0.1
Thermostat,multiclass,Gaussian,16,8,murmur,2,16,0.41411573273670294,0.108685904037963,0.2983382871090384,0.4970101785824945,0.01336,14.4514,0.1
Thermostat,multiclass,Gaussian,16,8,murmur,2,64,0.42855690023390625,0.1032562765802556,0.29523827723120555,0.5033674415923499,0.01181,11.975,0.1
Thermostat,multiclass,Gaussian,16,8,murmur,2,256,0.4554052679751856,0.09160081770689363,0.28881896148217445,0.4958229609741163,0.01417,10.4478,0.1
Thermostat,multiclass,Gaussian,16,8,murmur,2,1024,0.37496186311400387,0.120359729086936,0.30071853630898526,0.5019579743853938,0.01261,13.4159,0.1
Thermostat,multiclass,Gaussian,16,8,murmur,4,16,0.4321163429268789,0.1023188083682061,0.29556352308422856,0.497284710868897,0.01265,13.1576,0.1
Thermostat,multiclass,Gaussian,16,8,murmur,4,64,0.4328282314654734,0.10148402038056462,0.2938985440803865,0.5032058777420038,0.01264,13.0995,0.1
Thermostat,multiclass,Gaussian,16,8,murmur,4,256,0.45713414014034376,0.09061325092093626,0.2883478581756218,0.5008370729133262,0.0118,11.6271,0.1
Thermostat,multiclass,Gaussian,16,8,murmur,4,1024,0.45448998271127833,0.0915970126844523,0.28875106962898034,0.4965319518516467,0.01497,12.5546,0.1
Thermostat,multiclass,Gaussian,16,8,murmur,8,16,0.4551001728872165,0.09018542120187491,0.28740089030918103,0.496528418839389,0.01293,13.4298,0.1
Thermostat,multiclass,Gaussian,16,8,murmur,8,64,0.39723380453574697,0.12204810400502232,0.30824644372135945,0.4962814106744459,0.01204,14.1336,0.1
Thermostat,multiclass,Gaussian,16,8,murmur,8,256,0.4270314247940608,0.10929039711622769,0.3011720465747547,0.5031202172331837,0.01834,14.3485,0.1
Thermostat,multiclass,Gaussian,16,8,murmur,8,1024,0.43038747076172074,0.11249213282567908,0.3055692143062362,0.5011811087917658,0.01825,12.3088,0.1
Thermostat,multiclass,Gaussian,16,8,simhash,2,16,0.40496288009763043,0.11378439434272714,0.3012396035426388,0.4986857610651934,0.03841,21.8628,0.1
Thermostat,multiclass,Gaussian,16,8,simhash,2,64,0.4137089392860775,0.1069988099279867,0.29638167442977875,0.4963690065822921,0.051,25.0305,0.1
Thermostat,multiclass,Gaussian,16,8,simhash,2,256,0.41014949659310485,0.1151342813698487,0.30423024088427286,0.49987492465268646,0.05223,22.8153,0.1
Thermostat,multiclass,Gaussian,16,8,simhash,2,1024,0.4389301332248551,0.10130263563344609,0.29601849411460124,0.4950445093684018,0.05205,22.1241,0.1
Thermostat,multiclass,Gaussian,16,8,simhash,4,16,0.42255669683718095,0.10920824015074818,0.3005917199228515,0.4993552734237064,0.04966,24.3295,0.1
Thermostat,multiclass,Gaussian,16,8,simhash,4,64,0.39682701108512153,0.11487574274798959,0.300615984793619,0.49752541831872177,0.05396,23.0309,0.1
Thermostat,multiclass,Gaussian,16,8,simhash,4,256,0.3885894437099563,0.12602772053671094,0.3108785449305534,0.4960148820936854,0.0548,25.4074,0.1
Thermostat,multiclass,Gaussian,16,8,simhash,4,1024,0.45398149089799655,0.09135467029585131,0.28837449774323104,0.5016043713495348,0.04139,21.1485,0.1
Thermostat,multiclass,Gaussian,16,8,simhash,8,16,0.4577443303162819,0.08971675736012279,0.28747135911170435,0.4934657728854379,0.05026,26.1293,0.1
Thermostat,multiclass,Gaussian,16,8,simhash,8,64,0.45398149089799655,0.09162206771220364,0.28795326817309025,0.4998078900655498,0.0488,24.8031,0.1
Thermostat,multiclass,Gaussian,16,8,simhash,8,256,0.42957388386046985,0.10824360788316685,0.3008326290657376,0.5011266320205385,0.03612,18.3277,0.1
Thermostat,multiclass,Gaussian,16,8,simhash,8,1024,0.45601545815112376,0.08995870362364726,0.28744133725877197,0.5006378582197675,0.04027,23.6444,0.1
Thermostat,multiclass,Gaussian,16,8,h3,2,16,0.41614969998983015,0.11333506729495023,0.30361166426888875,0.4990055230173532,0.01398,11.4577,0.1
Thermostat,multiclass,Gaussian,16,8,h3,2,64,0.4523543170954948,0.092185867791581,0.28877364158679253,0.49748791676314125,0.01719,15.8603,0.1
Thermostat,multiclass,Gaussian,16,8,h3,2,256,0.3893013322485508,0.11611392651932592,0.3001077616030711,0.5033997436772143,0.02185,15.102,0.1
Thermostat,multiclass,Gaussian,16,8,h3,2,1024,0.4286585985965626,0.10765140324649107,0.2999964364195446,0.5033596056690863,0.01459,13.4918,0.1
Thermostat,multiclass,Gaussian,16,8,h3,4,16,0.4138106376487339,0.11228216041878855,0.3014517749793345,0.49686752057806943,0.01313,15.7196,0.1
Thermostat,multiclass,Gaussian,16,8,h3,4,64,0.4123868605715448,0.11692932583398265,0.3063885330539584,0.499066271292449,0.01765,13.7169,0.1
Thermostat,multiclass,Gaussian,16,8,h3,4,256,0.41462422454998477,0.11230874620646106,0.30221687288571153,0.500763219813669,0.01553,12.287,0.1
Thermostat,multiclass,Gaussian,16,8,h3,4,1024,0.4300823756737516,0.10123028898507325,0.2942168829111607,0.5003518044134083,0.01449,11.3998,0.1
Thermostat,multiclass,Gaussian,16,8,h3,8,16,0.4412691955659514,0.09894559448074748,0.29386093421825366,0.501971109133035,0.01625,14.0958,0.1
Thermostat,multiclass,Gaussian,16,8,h3,8,64,0.3904200142377708,0.11753509411487532,0.3016956467886007,0.49770917574960943,0.0199,12.73,0.1
Thermostat,multiclass,Gaussian,16,8,h3,8,256,0.40730194243872675,0.1126281454393669,0.3007774180047023,0.5009096155304127,0.01638,12.8202,0.1
Thermostat,multiclass,Gaussian,16,8,h3,8,1024,0.42662463134343537,0.10607218852669982,0.29698727889538185,0.49630794124127026,0.01739,13.5883,0.1
Thermostat,multiclass,Gaussian,16,16,murmur,2,16,0.4208278246720228,0.10476846922571352,0.29562643074918166,0.49804124271904093,0.01548,10.6778,0.1
Thermostat,multiclass,Gaussian,16,16,murmur,2,64,0.4520492220075257,0.09233679667017528,0.2889237110770652,0.49162315267976314,0.01461,8.9043,0.1
Thermostat,multiclass,Gaussian,16,16,murmur,2,256,0.4409641004779823,0.09749143270392187,0.29252540526209764,0.5015288016203544,0.01275,8.6619,0.1
Thermostat,multiclass,Gaussian,16,16,murmur,2,1024,0.4524560154581511,0.09335084928230537,0.28861729719343987,0.49874807189690495,0.0157,8.1235,0.1
Thermostat,multiclass,Gaussian,16,16,murmur,4,16,0.44259127428048406,0.09867219872521216,0.29331370222226455,0.5040971246373828,0.01509,8.6786,0.1
Thermostat,multiclass,Gaussian,16,16,murmur,4,64,0.4524560154581511,0.09266957038097749,0.28927121003295514,0.5005305805844694,0.01117,9.0685,0.1
Thermostat,multiclass,Gaussian,16,16,murmur,4,256,0.4392352283128242,0.10055993851679108,0.29477845817877857,0.49992143013470114,0.01195,8.8685,0.1
Thermostat,multiclass,Gaussian,16,16,murmur,4,1024,0.4506254449303366,0.09298264527411733,0.2893050935032828,0.49965175043324567,0.01197,10.0993,0.1
Thermostat,multiclass,Gaussian,16,16,murmur,8,16,0.4577443303162819,0.08971675736012279,0.28747135911170435,0.5004265808842434,0.01557,8.8138,0.1
Thermostat,multiclass,Gaussian,16,16,murmur,8,64,0.42459066409030816,0.10319925543243405,0.29455212709957096,0.498383349931316,0.01571,11.8915,0.1
Thermostat,multiclass,Gaussian,16,16,murmur,8,256,0.45398149089799655,0.09065291201595692,0.2877429279612084,0.4986444795790136,0.01129,6.5266,0.1
Thermostat,multiclass,Gaussian,16,16,murmur,8,1024,0.45052374656768024,0.09410241907413854,0.29032737310899187,0.5004574753835129,0.01597,9.7695,0.1
Thermostat,multiclass,Gaussian,16,16,simhash,2,16,0.4173700803417065,0.11227215953572948,0.3025631463210644,0.4963486940959867,0.05435,23.2733,0.1
Thermostat,multiclass,Gaussian,16,16,simhash,2,64,0.45387979253534017,0.0923899541963358,0.28936748268283796,0.4977892280136738,0.05733,22.9137,0.1
Thermostat,multiclass,Gaussian,16,16,simhash,2,256,0.453269602359402,0.09109772144221916,0.28793670002903354,0.49838010975713626,0.0524,23.3851,0.1
Thermostat,multiclass,Gaussian,16,16,simhash,2,1024,0.4430997660937659,0.10110579482273083,0.2966689895541216,0.49898544366553554,0.04728,22.4658,0.1
Thermostat,multiclass,Gaussian,16,16,simhash,4,16,0.4340486118173497,0.10173545378774929,0.29560062142369414,0.5015944708345744,0.0534,24.3975,0.1
Thermostat,multiclass,Gaussian,16,16,simhash,4,64,0.4370995626970406,0.10319732823182885,0.29750739703919704,0.5004958727288656,0.05668,21.2508,0.1
Thermostat,multiclass,Gaussian,16,16,simhash,4,256,0.4502186514797112,0.09360121940680581,0.28982190714552913,0.4972465391391176,0.0515,24.7182,0.1
Thermostat,multiclass,Gaussian,16,16,simhash,4,1024,0.4461507169734567,0.10030883807581877,0.29641678958110285,0.5002153184269952,0.05636,22.6399,0.1
Thermostat,multiclass,Gaussian,16,16,simhash,8,16,0.4577443303162819,0.08971675736012279,0.28747135911170435,0.49911767478985464,0.0543,24.6616,0.1
Thermostat,multiclass,Gaussian,16,16,simhash,8,64,0.45479507779924744,0.09239402045591556,0.28950306509687695,0.5034004344198559,0.04656,25.6733,0.1
Thermostat,multiclass,Gaussian,16,16,simhash,8,256,0.4430997660937659,0.09821754865644368,0.2937494481160451,0.49977795933483693,0.06202,23.4891,0.1
Thermostat,multiclass,Gaussian,16,16,simhash,8,1024,0.454388284348622,0.09311848177685056,0.28981779661291684,0.501637694619822,0.05994,23.3345,0.1
Thermostat,multiclass,Gaussian,16,16,h3,2,16,0.41523441472592293,0.11213499394970619,0.30128311106087047,0.4993565180846023,0.01414,11.3438,0.1
Thermostat,multiclass,Gaussian,16,16,h3,2,64,0.4367944676090715,0.10184153263100766,0.2961238713358816,0.5003042191285513,0.01047,8.9756,0.1
Thermostat,multiclass,Gaussian,16,16,h3,2,256,0.4534729990847147,0.09217429817132315,0.2892096199232512,0.49609477067844737,0.01515,9.6209,0.1
Thermostat,multiclass,Gaussian,16,16,h3,2,1024,0.45387979253534017,0.09015028227609244,0.28680117329912824,0.4948030253892501,0.0175,12.4965,0.1
Thermostat,multiclass,Gaussian,16,16,h3,4,16,0.4296755822231262,0.10250259413919154,0.2949895820333177,0.4993136629554004,0.01578,10.311,0.1
Thermostat,multiclass,Gaussian,16,16,h3,4,64,0.4545916810739347,0.0924751041153558,0.2896048800371473,0.49840161356010604,0.01294,11.3358,0.1
Thermostat,multiclass,Gaussian,16,16,h3,4,256,0.45581206142581104,0.09060898517612793,0.28795978420422913,0.49883374696180144,0.01794,12.2111,0.1
Thermostat,multiclass,Gaussian,16,16,h3,4,1024,0.4534729990847147,0.09222202343244527,0.2886460849217543,0.502054846338356,0.01697,11.2918,0.1
Thermostat,multiclass,Gaussian,16,16,h3,8,16,0.43160785111359706,0.10742757720537978,0.3009833278826556,0.4979110652354644,0.02125,13.7192,0.1
Thermostat,multiclass,Gaussian,16,16,h3,8,64,0.4565239499644056,0.09163319875605815,0.2892996901709736,0.49925548383081164,0.02387,13.341,0.1
Thermostat,multiclass,Gaussian,16,16,h3,8,256,0.44289636936845317,0.09665843645646213,0.2917801686522426,0.49685403300679687,0.0196,12.3007,0.1
Thermostat,multiclass,Gaussian,16,16,h3,8,1024,0.4552018712498729,0.09145776247308689,0.2887841309981552,0.5027529770209902,0.02024,13.8856,0.1
Weather,binary,Distributive,8,4,murmur,2,16,0.7215383309279225,0.6861959934707527,0.7110420232692539,0.6802241913571766,0.02672,2.8307,0.1
Weather,binary,Distributive,8,4,murmur,2,64,0.728839460056032,0.67223492552295,0.7043705744437742,0.668016211017997,0.03026,2.4843,0.1
Weather,binary,Distributive,8,4,murmur,2,256,0.7032855081076492,0.6340981180892283,0.6716365321581841,0.6434973210605852,0.03012,2.4568,0.1
Weather,binary,Distributive,8,4,murmur,2,1024,0.6786654215128619,0.5825503296885459,0.629808617052271,0.5988897589717757,0.02874,3.2132,0.1
Weather,binary,Distributive,8,4,murmur,4,16,0.7055777230664743,0.6521313560312181,0.684301045004789,0.6492392575292698,0.02923,2.7801,0.1
Weather,binary,Distributive,8,4,murmur,4,64,0.7002292214958825,0.643750770725656,0.6772163602118947,0.6427332509044282,0.03568,3.3414,0.1
Weather,binary,Distributive,8,4,murmur,4,256,0.6894473215043722,0.6454591039757546,0.6749224099559975,0.64208444383386,0.02889,2.9047,0.1
Weather,binary,Distributive,8,4,murmur,4,1024,0.7261227608455726,0.6825716433588258,0.7103113993743357,0.6763826685594785,0.02707,2.9022,0.1
Weather,binary,Distributive,8,4,murmur,8,16,0.6323117412344001,0.5372827867771093,0.5867555227150657,0.5563622139793317,0.0331,3.1132,0.1
Weather,binary,Distributive,8,4,murmur,8,64,0.7163596230579845,0.6651597782533176,0.6960508700275619,0.6609294316984933,0.03608,3.2558,0.1
Weather,binary,Distributive,8,4,murmur,8,256,0.6969182443331352,0.6271602982417577,0.6652088423414512,0.6299308971012502,0.0318,3.0802,0.1
Weather,binary,Distributive,8,4,murmur,8,1024,0.7417437813057136,0.6956732777224359,0.7236091122103103,0.6882582009128237,0.03277,3.0788,0.1
Weather,binary,Distributive,8,4,simhash,2,16,0.6829951608795314,0.5998606788218345,0.6428911734462225,0.6093755552502633,0.08941,7.5557,0.1
Weather,binary,Distributive,8,4,simhash,2,64,0.7122845742422956,0.6724435826788262,0.6993954121712511,0.6671374120376731,0.09032,7.2826,0.1
Weather,binary,Distributive,8,4,simhash,2,256,0.6961541726801935,0.6402310738853474,0.6736958222813159,0.6386875791851749,0.09472,7.3365,0.1
Weather,binary,Distributive,8,4,simhash,2,1024,0.7195008065200781,0.6735555785201608,0.7024493980747591,0.6681826258185648,0.08843,7.7637,0.1
Weather,binary,Distributive,8,4,simhash,4,16,0.5962305798454878,0.5261819965661025,0.5691638938797284,0.53531335195616,0.0942,7.8021,0.1
Weather,binary,Distributive,8,4,simhash,4,64,0.7118600899906613,0.6506946626381174,0.6851801003765471,0.6492743508723726,0.08624,7.7082,0.1
Weather,binary,Distributive,8,4,simhash,4,256,0.741489090754733,0.7010114138073795,0.7269660663769908,0.6932698325472058,0.08877,7.5248,0.1
Weather,binary,Distributive,8,4,simhash,4,1024,0.7153408608540623,0.6722732480095064,0.7003024976804715,0.6706623773106807,0.08985,8.0766,0.1
Weather,binary,Distributive,8,4,simhash,8,16,0.6853722726886833,0.6115475304933545,0.6515005896093854,0.6210542962250614,0.09982,8.6588,0.1
Weather,binary,Distributive,8,4,simhash,8,64,0.7217930214789031,0.6831404357803936,0.7092501916520898,0.6770790554258064,0.10321,7.8317,0.1
Weather,binary,Distributive,8,4,simhash,8,256,0.73401816792597,0.6962809500920932,0.7215390734929467,0.6897346705133488,0.11708,8.7845,0.1
Weather,binary,Distributive,8,4,simhash,8,1024,0.7037948892096103,0.6300148380530985,0.6689948308599325,0.6337131932041947,0.14987,12.1253,0.1
Weather,binary,Distributive,8,4,h3,2,16,0.6767127939553442,0.6170596433209677,0.6527180872041538,0.6179942147120331,0.04508,4.5365,0.1
Weather,binary,Distributive,8,4,h3,2,64,0.6994651498429408,0.6150853151736456,0.6576041838129876,0.6237196501350918,0.04705,4.3262,0.1
Weather,binary,Distributive,8,4,h3,2,256,0.6977672128364037,0.6363420344332248,0.6716034619858863,0.6362172917525302,0.05332,4.6133,0.1
Weather,binary,Distributive,8,4,h3,2,1024,0.7257831734442652,0.6744587719441154,0.7049549258395432,0.6718287921112485,0.05062,5.0545,0.1
Weather,binary,Distributive,8,4,h3,4,16,0.6863910348926054,0.6120236156171717,0.6520986705263109,0.6174681503869579,0.05415,5.8565,0.1
Weather,binary,Distributive,8,4,h3,4,64,0.7197554970710587,0.6782184505340865,0.7054943135601369,0.6724186319854681,0.0488,4.4665,0.1
Weather,binary,Distributive,8,4,h3,4,256,0.7157653451056966,0.6690609536675003,0.6983923669571608,0.6627584833081468,0.04589,4.5081,0.1
Weather,binary,Distributive,8,4,h3,4,1024,0.7290092537566857,0.67354934215256,0.705294572708248,0.6690038924760728,0.05232,4.6101,0.1
Weather,binary,Distributive,8,4,h3,8,16,0.5945326428389507,0.5204752244342687,0.5649352732021692,0.5313943154584726,0.04666,4.8972,0.1
Weather,binary,Distributive,8,4,h3,8,64,0.7135580269971984,0.6811168071274644,0.7051131206802966,0.6759306986612935,0.05287,5.3895,0.1
Weather,binary,Distributive,8,4,h3,8,256,0.6604974955429154,0.5820923898151574,0.6247987380741616,0.592035200195387,0.05779,4.7514,0.1
Weather,binary,Distributive,8,4,h3,8,1024,0.7309618813142033,0.683435256549128,0.7123740142665126,0.6772437758544366,0.05036,4.8558,0.1
Weather,binary,Distributive,8,8,murmur,2,16,0.6410561168180661,0.5747560476613023,0.6143707309953479,0.580193402634672,0.02627,2.7062,0.1
Weather,binary,Distributive,8,8,murmur,2,64,0.7020120553527465,0.679263119011477,0.6994159064174024,0.6798952237028896,0.02516,3.0659,0.1
Weather,binary,Distributive,8,8,murmur,2,256,0.7350369301298921,0.6976506373204472,0.7227342944226798,0.690216635374212,0.03046,3.0062,0.1
Weather,binary,Distributive,8,8,murmur,2,1024,0.7781645300959334,0.7616559035372956,0.7764550884426036,0.7601166369006731,0.02814,2.7985,0.1
Weather,binary,Distributive,8,8,murmur,4,16,0.5942779522879701,0.44072391465513444,0.5098630382101652,0.49839730732243437,0.02814,3.0727,0.1
Weather,binary,Distributive,8,8,murmur,4,64,0.7133033364462178,0.6957665964648114,0.7129994820405995,0.6958097724046344,0.02476,2.9813,0.1
Weather,binary,Distributive,8,8,murmur,4,256,0.7619492316835046,0.7466675613140247,0.7613470504107355,0.7454998244569615,0.02968,2.9469,0.1
Weather,binary,Distributive,8,8,murmur,4,1024,0.7268868324985143,0.6656788471400779,0.6994282501779936,0.6628324861473646,0.03039,2.9837,0.1
Weather,binary,Distributive,8,8,murmur,8,16,0.6336700908396299,0.46997725891596226,0.5394704425266973,0.5321787333424921,0.03104,2.9861,0.1
Weather,binary,Distributive,8,8,murmur,8,64,0.6833347482808387,0.6195502783115914,0.6563027232721012,0.6213159164109845,0.0297,3.3878,0.1
Weather,binary,Distributive,8,8,murmur,8,256,0.7273113167501486,0.6688542123988116,0.7016794888167477,0.6706650791470135,0.02752,2.7967,0.1
Weather,binary,Distributive,8,8,murmur,8,1024,0.729943119110281,0.6992668890813443,0.721927506638605,0.6977252369831021,0.03077,2.9654,0.1
Weather,binary,Distributive,8,8,simhash,2,16,0.6679684183716784,0.5897974133347982,0.6320450257419337,0.5982778006746958,0.10361,8.1781,0.1
Weather,binary,Distributive,8,8,simhash,2,64,0.7137278206978521,0.6674760339349555,0.6967347900046322,0.6608416296499824,0.09669,8.6387,0.1
Weather,binary,Distributive,8,8,simhash,2,256,0.7377536293403515,0.7148244576515663,0.7339023522992113,0.7092930194929097,0.09926,8.699,0.1
Weather,binary,Distributive,8,8,simhash,2,1024,0.7445453773664997,0.7164122190634156,0.7374855470753484,0.7098857443788065,0.08996,8.6173,0.1
Weather,binary,Distributive,8,8,simhash,4,16,0.6711944986840989,0.5742825750409146,0.6222039693121617,0.5915555708201676,0.09911,8.0771,0.1
Weather,binary,Distributive,8,8,simhash,4,64,0.7088038033788946,0.6689483046358284,0.696048483497336,0.663896887545603,0.12013,11.0152,0.1
Weather,binary,Distributive,8,8,simhash,4,256,0.7575345954665081,0.7382266018131955,0.7549996291225284,0.7461937842499734,0.10252,8.2432,0.1
Weather,binary,Distributive,8,8,simhash,4,1024,0.7521011970455896,0.7270107498206246,0.7465364717019403,0.7187297705728809,0.10296,8.9895,0.1
Weather,binary,Distributive,8,8,simhash,8,16,0.6246710247049835,0.4064630576332404,0.49136923804382204,0.51000796812749,0.10141,8.272,0.1
Weather,binary,Distributive,8,8,simhash,8,64,0.6464046183886578,0.5352769046981156,0.5888921679526324,0.5623350734991069,0.09286,8.0613,0.1
Weather,binary,Distributive,8,8,simhash,8,256,0.7707785041174973,0.7520532847379091,0.768129090933731,0.7475532200699121,0.09282,8.5103,0.1
Weather,binary,Distributive,8,8,simhash,8,1024,0.7356312080821802,0.7196657646194924,0.7354494598819646,0.7228033765321854,0.10127,9.152,0.1
Weather,binary,Distributive,8,8,h3,2,16,0.6141438152644537,0.5176673591997234,0.5685610705520175,0.5386081268794554,0.02955,2.5877,0.1
Weather,binary,Distributive,8,8,h3,2,64,0.7396213600475422,0.7151572204921042,0.7348518450067514,0.7099993894155179,0.02967,2.8238,0.1
Weather,binary,Distributive,8,8,h3,2,256,0.7585533576704304,0.7338740398342932,0.7529941469618721,0.7326576605455573,0.02579,3.06,0.1
Weather,binary,Distributive,8,8,h3,2,1024,0.7661091773495203,0.7386507074137475,0.7586368488363542,0.7304061913266474,0.0314,2.7073,0.1
Weather,binary,Distributive,8,8,h3,4,16,0.63825452075728,0.5437875830313366,0.5927658703336494,0.5621886553403246,0.03136,3.0063,0.1
Weather,binary,Distributive,8,8,h3,4,64,0.7488751167331692,0.7123164899229846,0.7365118754684723,0.7023540779411092,0.03278,3.3303,0.1
Weather,binary,Distributive,8,8,h3,4,256,0.7521860938959165,0.7156944530887923,0.7397253227103557,0.7105759338126422,0.0294,3.2545,0.1
Weather,binary,Distributive,8,8,h3,4,1024,0.7396213600475422,0.710808420311483,0.7323445041002158,0.7054135641342675,0.03205,2.6088,0.1
Weather,binary,Distributive,8,8,h3,8,16,0.6761185160030563,0.558272093074806,0.6121010229429202,0.5869283021172017,0.04109,3.4745,0.1
Weather,binary,Distributive,8,8,h3,8,64,0.7413192970540793,0.7049800918393043,0.7294084061334164,0.696639526186442,0.0345,3.4404,0.1
Weather,binary,Distributive,8,8,h3,8,256,0.7541387214534341,0.7431251455238301,0.7556740292910993,0.7468583596647891,0.03884,3.7285,0.1
Weather,binary,Distributive,8,8,h3,8,1024,0.7418286781560404,0.7070602053720818,0.7308703546738612,0.7000439620827037,0.04122,3.8051,0.1
Weather,binary,Distributive,8,16,murmur,2,16,0.6082859325919009,0.4684822548712406,0.5327951865689255,0.516009494588695,0.02787,2.7238,0.1
Weather,binary,Distributive,8,16,murmur,2,64,0.724764411240343,0.6893111028667571,0.7140722850658512,0.6830889621590268,0.02563,2.9276,0.1
Weather,binary,Distributive,8,16,murmur,2,256,0.7550725868070295,0.7345386489688345,0.7519573953828589,0.7325672635129978,0.02026,2.6347,0.1
Weather,binary,Distributive,8,16,murmur,2,1024,0.7999830206299346,0.7853954952990323,0.7985959944506369,0.7876176519973743,0.0254,2.794,0.1
Weather,binary,Distributive,8,16,murmur,4,16,0.6283215892690381,0.42955639956145436,0.5089995841145071,0.5178824319579918,0.02545,2.7233,0.1
Weather,binary,Distributive,8,16,murmur,4,64,0.6579505900331097,0.5876349101190067,0.6278091030633514,0.5927957289615484,0.02667,2.5155,0.1
Weather,binary,Distributive,8,16,murmur,4,256,0.7485355293318617,0.7274395928844397,0.7453296164997544,0.7254358504678603,0.02439,2.894,0.1
Weather,binary,Distributive,8,16,murmur,4,1024,0.7901349859920197,0.7647543685480056,0.7829845923466396,0.7611737570789637,0.02322,2.7709,0.1
Weather,binary,Distributive,8,16,murmur,8,16,0.6189829357330843,0.38483955976683554,0.47437918296901055,0.5013333333333334,0.02987,2.964,0.1
Weather,binary,Distributive,8,16,murmur,8,64,0.6414806010697003,0.5049404276517767,0.5662797651765762,0.5480852833875227,0.02351,3.1359,0.1
Weather,binary,Distributive,8,16,murmur,8,256,0.7343577553272773,0.6995347587290792,0.7236677032543642,0.6925902520187449,0.03558,3.6698,0.1
Weather,binary,Distributive,8,16,murmur,8,1024,0.7799473639527974,0.7610685438620051,0.7769139805978286,0.7639674711117216,0.02937,2.8066,0.1
Weather,binary,Distributive,8,16,simhash,2,16,0.6144834026657611,0.4946442776242146,0.5527044116009331,0.5290413670986551,0.1137,9.1818,0.1
Weather,binary,Distributive,8,16,simhash,2,64,0.6885134561507769,0.6349492629226745,0.6679401523244689,0.6345013814473905,0.11094,9.1514,0.1
Weather,binary,Distributive,8,16,simhash,2,256,0.7609304694795823,0.7409008972528,0.7578969831209612,0.7366631100120591,0.10533,8.8914,0.1
Weather,binary,Distributive,8,16,simhash,2,1024,0.7921725103998641,0.7822453132623493,0.7932145700596271,0.8135233166949062,0.1111,8.9919,0.1
Weather,binary,Distributive,8,16,simhash,4,16,0.6247559215553103,0.432238053735833,0.5102388052550526,0.516100349559616,0.11048,8.9566,0.1
Weather,binary,Distributive,8,16,simhash,4,64,0.664742338059258,0.5771924819034846,0.6225844688917112,0.590237746332677,0.12052,9.5091,0.1
Weather,binary,Distributive,8,16,simhash,4,256,0.7428474403599626,0.7097422113734994,0.7328692680234193,0.7106168429729358,0.11568,8.8396,0.1
Weather,binary,Distributive,8,16,simhash,4,1024,0.7773155615926649,0.7700482595248489,0.7796928786492332,0.801582925004961,0.11563,9.1551,0.1
Weather,binary,Distributive,8,16,simhash,8,16,0.6179641735291621,0.3819393430580334,0.4720496609422574,0.5,0.11622,9.3812,0.1
Weather,binary,Distributive,8,16,simhash,8,64,0.6662704813651413,0.5528684772252737,0.6059946015517559,0.579443406450825,0.11659,9.2165,0.1
Weather,binary,Distributive,8,16,simhash,8,256,0.7346973427285848,0.7060702162345023,0.7277118877598165,0.7023669002152311,0.11379,9.6367,0.1
Weather,binary,Distributive,8,16,simhash,8,1024,0.7791832922998557,0.7605479751408092,0.7763080318617435,0.7560095861763673,0.12131,8.6356,0.1
Weather,binary,Distributive,8,16,h3,2,16,0.6352831309958401,0.5085814773034504,0.567451882856226,0.5458706018836531,0.02808,2.2757,0.1
Weather,binary,Distributive,8,16,h3,2,64,0.7026063333050344,0.6506103441068163,0.6824098278176104,0.6482868983834776,0.02613,2.7634,0.1
Weather,binary,Distributive,8,16,h3,2,256,0.764581034043637,0.7363239100874217,0.7566886786232937,0.7296431133702738,0.0289,2.9266,0.1
Weather,binary,Distributive,8,16,h3,2,1024,0.8012564733848374,0.791975391109679,0.8023420018985316,0.8000240112347545,0.03209,2.8841,0.1
Weather,binary,Distributive,8,16,h3,4,16,0.6475082774429068,0.5403657149404765,0.5927218220609712,0.5650521286501503,0.02652,3.0096,0.1
Weather,binary,Distributive,8,16,h3,4,64,0.6706002207318108,0.6035204608944558,0.641996137383209,0.6061969592892796,0.03121,3.0249,0.1
Weather,binary,Distributive,8,16,h3,4,256,0.76746752695475,0.7399120732400268,0.7598851055491597,0.733840545862527,0.0328,2.7804,0.1
Weather,binary,Distributive,8,16,h3,4,1024,0.7723915442737075,0.7458267212421894,0.7652131821677641,0.7405794904672498,0.03041,2.6025,0.1
Weather,binary,Distributive,8,16,h3,8,16,0.6179641735291621,0.3819393430580334,0.4720496609422574,0.5,0.03521,2.9412,0.1
Weather,binary,Distributive,8,16,h3,8,64,0.6448764750827745,0.5151982227081041,0.5743538141968121,0.5547944619987483,0.03121,3.3298,0.1
Weather,binary,Distributive,8,16,h3,8,256,0.7214534340775958,0.6743943757052528,0.7035987355124751,0.6706452656805728,0.03689,3.4103,0.1
Weather,binary,Distributive,8,16,h3,8,1024,0.7818150946599881,0.7759042895512696,0.7844908694765851,0.7920766283524904,0.03875,3.6884,0.1
Weather,binary,Distributive,16,4,murmur,2,16,0.7081246285762798,0.6595053334032884,0.6898609886011637,0.6749967181084092,0.08626,8.1812,0.1
Weather,binary,Distributive,16,4,murmur,2,64,0.7254435860429578,0.6867676718838498,0.71273538520788,0.712426890140587,0.08884,8.5408,0.1
Weather,binary,Distributive,16,4,murmur,2,256,0.7382630104423126,0.687433936281246,0.7171716198798995,0.7324290882447222,0.09582,8.252,0.1
Weather,binary,Distributive,16,4,murmur,2,1024,0.7043042703115714,0.6548676260416149,0.6856851303992213,0.6938129627085527,0.08269,6.9012,0.1
Weather,binary,Distributive,16,4,murmur,4,16,0.6876644876475083,0.6279190758477801,0.6630954528374929,0.6630437636427471,0.08583,8.1531,0.1
Weather,binary,Distributive,16,4,murmur,4,64,0.7176330758128874,0.6593270192452243,0.692578103013239,0.7073328143365236,0.08853,7.91,0.1
Weather,binary,Distributive,16,4,murmur,4,256,0.7042193734612446,0.6531178120356298,0.684529278348787,0.6974215322617575,0.08874,9.0486,0.1
Weather,binary,Distributive,16,4,murmur,4,1024,0.704558960862552,0.6517465398367189,0.6837425542319207,0.6883237624215781,0.07501,11.0281,0.1
Weather,binary,Distributive,16,4,murmur,8,16,0.6568469309788607,0.5602325624356892,0.6088634862142571,0.5784621208651982,0.08695,8.3605,0.1
Weather,binary,Distributive,16,4,murmur,8,64,0.7277358010017828,0.6918025669545362,0.7166306269787278,0.7095396193005754,0.09134,8.8946,0.1
Weather,binary,Distributive,16,4,murmur,8,256,0.7250191017913236,0.674768982604511,0.7049299072740903,0.7201703530704766,0.09753,9.4763,0.1
Weather,binary,Distributive,16,4,murmur,8,1024,0.7326598183207403,0.6864958268281045,0.7148785109781123,0.722625482743356,0.10041,9.8586,0.1
Weather,binary,Distributive,16,4,simhash,2,16,0.6754393412004415,0.5885882134844758,0.6331852725980508,0.644710537161698,0.3178,25.0304,0.1
Weather,binary,Distributive,16,4,simhash,2,64,0.7020969522030732,0.648817053101201,0.6810892500506567,0.6496590343606417,0.2927,25.1794,0.1
Weather,binary,Distributive,16,4,simhash,2,256,0.7190763222684439,0.6663630296919931,0.6976509921161616,0.7095667597808002,0.31297,25.9098,0.1
Weather,binary,Distributive,16,4,simhash,2,1024,0.7375838356396978,0.6932499284684355,0.7207630879210791,0.7393409045809101,0.30168,25.4614,0.1
Weather,binary,Distributive,16,4,simhash,4,16,0.6978521096867306,0.6285438655222542,0.6663991348880326,0.6314713559554883,0.31328,27.6788,0.1
Weather,binary,Distributive,16,4,simhash,4,64,0.7224721962815179,0.6652504542352888,0.6979032717191638,0.6972316099586329,0.31927,25.221,0.1
Weather,binary,Distributive,16,4,simhash,4,256,0.7156804482553697,0.6485491911174777,0.6847880729329792,0.6929273709758667,0.29921,25.5325,0.1
Weather,binary,Distributive,16,4,simhash,4,1024,0.7409797096527719,0.7067558971676289,0.7303910797959122,0.7282670696524247,0.29844,25.5478,0.1
Weather,binary,Distributive,16,4,simhash,8,16,0.6611766703455302,0.5744304982965583,0.6197610007644209,0.5886983865305064,0.30058,27.493,0.1
Weather,binary,Distributive,16,4,simhash,8,64,0.7284998726547245,0.6900009085369888,0.7157750885618472,0.717792233365389,0.32612,26.7582,0.1
Weather,binary,Distributive,16,4,simhash,8,256,0.7650055182952712,0.7312411267612693,0.7537156762398302,0.7477958510784448,0.3314,26.2718,0.1
Weather,binary,Distributive,16,4,simhash,8,1024,0.677391968757959,0.6103797843512229,0.6485019666370611,0.6497238631680176,0.3093,26.1592,0.1
Weather,binary,Distributive,16,4,h3,2,16,0.7579590797181425,0.7225881288665208,0.7459585217378134,0.7492763200073269,0.08823,8.6686,0.1
Weather,binary,Distributive,16,4,h3,2,64,0.7181424569148485,0.6805016172028606,0.7063744575589364,0.7179275541512113,0.09492,8.4149,0.1
Weather,binary,Distributive,16,4,h3,2,256,0.7496391883861109,0.7018452942269842,0.730008829398361,0.7309816214070919,0.07487,7.3786,0.1
Weather,binary,Distributive,16,4,h3,2,1024,0.7219628151795568,0.6724909830058399,0.7025220493253592,0.6948355695989986,0.08437,7.6773,0.1
Weather,binary,Distributive,16,4,h3,4,16,0.6946260293743102,0.6087679994362145,0.6520082069748097,0.6541717268855614,0.07278,11.2108,0.1
Weather,binary,Distributive,16,4,h3,4,64,0.701672467951439,0.6299733768675116,0.6684018771803824,0.6458884767443634,0.09525,8.6417,0.1
Weather,binary,Distributive,16,4,h3,4,256,0.7219628151795568,0.6711022529850241,0.7016163942498355,0.7065637221230022,0.10754,8.0369,0.1
Weather,binary,Distributive,16,4,h3,4,1024,0.6815519144239749,0.5832829190220579,0.6310258452846326,0.6377591244218528,0.08499,9.2582,0.1
Weather,binary,Distributive,16,4,h3,8,16,0.6486968333474828,0.5064876946893637,0.5689895444965617,0.552559967028438,0.10578,8.5612,0.1
Weather,binary,Distributive,16,4,h3,8,64,0.7071907632226845,0.6507835945071472,0.6838962945199224,0.6803894002533926,0.11883,10.053,0.1
Weather,binary,Distributive,16,4,h3,8,256,0.7173783852619068,0.6637521515367906,0.6954331259249916,0.677654561829311,0.10463,9.61,0.1
Weather,binary,Distributive,16,4,h3,8,1024,0.6967484506324816,0.6200219360797576,0.6603058929930431,0.6651735128451711,0.11457,10.6087,0.1
Weather,binary,Distributive,16,8,murmur,2,16,0.6703455301808303,0.6053558107103565,0.6431395827623327,0.6084530536856405,0.05049,6.0612,0.1
Weather,binary,Distributive,16,8,murmur,2,64,0.769759741913575,0.7471117300158038,0.764966715849536,0.7597252675123262,0.05554,5.4849,0.1
Weather,binary,Distributive,16,8,murmur,2,256,0.7482808387808813,0.716095268664317,0.7386478907908757,0.7098673810505106,0.05311,6.3161,0.1
Weather,binary,Distributive,16,8,murmur,2,1024,0.7386874946939469,0.6976180761791271,0.7239096942516182,0.7308478270824746,0.0534,5.1661,0.1
Weather,binary,Distributive,16,8,murmur,4,16,0.6709398081331183,0.5839109223824432,0.628806647925626,0.5962278395994566,0.04403,4.5564,0.1
Weather,binary,Distributive,16,8,murmur,4,64,0.7430172340606164,0.7100463822080234,0.7331143573586669,0.7327089191128208,0.05731,5.0221,0.1
Weather,binary,Distributive,16,8,murmur,4,256,0.7568554206638933,0.7256777257351028,0.7474966162430629,0.7653606264596786,0.06133,5.9563,0.1
Weather,binary,Distributive,16,8,murmur,4,1024,0.7644961371933101,0.732370619512053,0.7542468296654992,0.7522886232846393,0.05649,5.0579,0.1
Weather,binary,Distributive,16,8,murmur,8,16,0.6199168010866797,0.40568468139843256,0.4898689377069222,0.5064582283891255,0.05701,4.8169,0.1
Weather,binary,Distributive,16,8,murmur,8,64,0.6909754648102555,0.607776906161958,0.6503960387856665,0.6181124543969716,0.0561,4.7855,0.1
Weather,binary,Distributive,16,8,murmur,8,256,0.7482808387808813,0.7189708582437617,0.7403831705236394,0.7580221642166963,0.04996,5.0518,0.1
Weather,binary,Distributive,16,8,murmur,8,1024,0.7651753119959249,0.7465514009566051,0.7627605612379299,0.7770556395109219,0.05848,4.499,0.1
Weather,binary,Distributive,16,8,simhash,2,16,0.6597334238899737,0.5984064000418111,0.6354317746396917,0.6009896963868664,0.19977,17.8027,0.1
Weather,binary,Distributive,16,8,simhash,2,64,0.7523558875965701,0.7246563898869551,0.7452604862828385,0.7346378776083407,0.20523,17.0943,0.1
Weather,binary,Distributive,16,8,simhash,2,256,0.7572799049155277,0.7303246287046503,0.7504397502379554,0.7554436354200058,0.20616,17.3013,0.1
Weather,binary,Distributive,16,8,simhash,2,1024,0.7505730537397063,0.7131402952405034,0.7375881532591367,0.746668269450932,0.21812,16.6664,0.1
Weather,binary,Distributive,16,8,simhash,4,16,0.6274726207657696,0.4894136886331314,0.5520529984121685,0.5345454503823786,0.22864,17.2396,0.1
Weather,binary,Distributive,16,8,simhash,4,64,0.7297733254096272,0.6910529744893165,0.7168572563136675,0.6897627573995206,0.22545,17.794,0.1
Weather,binary,Distributive,16,8,simhash,4,256,0.7646659308939638,0.736957090429873,0.757099090861395,0.7683616033948498,0.26654,16.8449,0.1
Weather,binary,Distributive,16,8,simhash,4,1024,0.7226419899821717,0.6812196444847041,0.7083305013234847,0.7027966753674955,0.20664,17.3152,0.1
Weather,binary,Distributive,16,8,simhash,8,16,0.6211053569912556,0.3982726782857641,0.4846638632917017,0.5056806643159164,0.2138,17.4685,0.1
Weather,binary,Distributive,16,8,simhash,8,64,0.7341030647762968,0.6849895792987698,0.7143351772652389,0.6847586206896552,0.22139,18.1619,0.1
Weather,binary,Distributive,16,8,simhash,8,256,0.7519314033449359,0.7315308411505383,0.7489910081780193,0.7612826853505518,0.21596,17.7665,0.1
Weather,binary,Distributive,16,8,simhash,8,1024,0.7487902198828423,0.7241256726858861,0.7435869948495265,0.758650211414877,0.22578,17.4967,0.1
Weather,binary,Distributive,16,8,h3,2,16,0.6908905679599286,0.6124223882803284,0.6535663640028962,0.6254168765550823,0.0552,5.2236,0.1
Weather,binary,Distributive,16,8,h3,2,64,0.7438662025638849,0.7170206424612316,0.7375839863215605,0.7291950206835494,0.05415,4.9848,0.1
Weather,binary,Distributive,16,8,h3,2,256,0.7560064521606248,0.7351285584931567,0.7526730600056738,0.7488609699134496,0.05591,4.8854,0.1
Weather,binary,Distributive,16,8,h3,2,1024,0.7580439765684693,0.7386200978056332,0.7554307359501121,0.7743428737158645,0.05769,5.2591,0.1
Weather,binary,Distributive,16,8,h3,4,16,0.6138891247134731,0.4266720520282436,0.5039675868658982,0.5073079330188823,0.05705,5.3675,0.1
Weather,binary,Distributive,16,8,h3,4,64,0.7290092537566857,0.6973626078548985,0.7204516151956878,0.7071822594678757,0.05247,5.6757,0.1
Weather,binary,Distributive,16,8,h3,4,256,0.7535444435011461,0.72568151456461,0.7463078010629142,0.7516740547388989,0.05667,5.2646,0.1
Weather,binary,Distributive,16,8,h3,4,1024,0.761694541132524,0.7385006895471632,0.7568746101730804,0.7647131932041946,0.06748,5.3494,0.1
Weather,binary,Distributive,16,8,h3,8,16,0.6166058239239324,0.3837068354667375,0.47309038593249425,0.4993675718581612,0.06932,5.5181,0.1
Weather,binary,Distributive,16,8,h3,8,64,0.7093980813311827,0.6518198704790672,0.6852248491759416,0.6494167544381859,0.07168,6.6627,0.1
Weather,binary,Distributive,16,8,h3,8,256,0.7434417183122506,0.7142124681240072,0.7357755385442696,0.7461258719909633,0.06667,6.3241,0.1
Weather,binary,Distributive,16,8,h3,8,1024,0.731131675014857,0.7121334884246566,0.7295809307690606,0.7262046831829768,0.055,5.6621,0.1
Weather,binary,Distributive,16,16,murmur,2,16,0.6172849987265473,0.43072943589226353,0.5076147850123102,0.5106494481842744,0.03908,3.8419,0.1
Weather,binary,Distributive,16,16,murmur,2,64,0.6812972238729943,0.6304023597616835,0.6627603619042899,0.6283382027445773,0.03344,3.1114,0.1
Weather,binary,Distributive,16,16,murmur,2,256,0.7577043891671619,0.7313227253923711,0.7511858095511745,0.739585382607501,0.03611,3.1272,0.1
Weather,binary,Distributive,16,16,murmur,2,1024,0.792257407250191,0.7687432907828038,0.7861409823863366,0.7707972554227533,0.041,3.5374,0.1
Weather,binary,Distributive,16,16,murmur,4,16,0.6171152050258936,0.3851443737898094,0.47424554034199706,0.5000342385248279,0.03945,3.4153,0.1
Weather,binary,Distributive,16,16,murmur,4,64,0.6517531199592496,0.5347478269885724,0.5897939941064854,0.5643842560791318,0.03796,4.0381,0.1
Weather,binary,Distributive,16,16,murmur,4,256,0.7343577553272773,0.6976955093346546,0.7225332425412608,0.6950082886843431,0.03568,3.7653,0.1
Weather,binary,Distributive,16,16,murmur,4,1024,0.8115289922743866,0.796702348388445,0.8096552699096746,0.8319622506144005,0.03595,3.1489,0.1
Weather,binary,Distributive,16,16,murmur,8,16,0.6142287121147806,0.3900491117134217,0.4772911099651198,0.4989713635877944,0.03473,2.7962,0.1
Weather,binary,Distributive,16,16,murmur,8,64,0.6418201884710077,0.4945559518472396,0.5589232550207929,0.5445390697745417,0.03317,4.4677,0.1
Weather,binary,Distributive,16,16,murmur,8,256,0.7063417947194159,0.6549457914624333,0.6863645096875002,0.6507475843751431,0.04511,4.2805,0.1
Weather,binary,Distributive,16,16,murmur,8,1024,0.8016809576364717,0.7871159874317111,0.8002532974606076,0.8110502968967044,0.03997,3.3498,0.1
Weather,binary,Distributive,16,16,simhash,2,16,0.6221241191951778,0.45549705600214196,0.5265616061269803,0.519814870785059,0.16626,13.1114,0.1
Weather,binary,Distributive,16,16,simhash,2,64,0.6625350199507598,0.596603322786172,0.6350796324082614,0.5992952175970446,0.16893,13.2453,0.1
Weather,binary,Distributive,16,16,simhash,2,256,0.763986756091349,0.7439768098123899,0.7608634301310135,0.748406343972768,0.17783,13.7607,0.1
Weather,binary,Distributive,16,16,simhash,2,1024,0.818830121402496,0.8066973688298449,0.8181229599512944,0.838083879043214,0.1708,14.0347,0.1
Weather,binary,Distributive,16,16,simhash,4,16,0.6172001018762204,0.38248314867012034,0.4723039160840217,0.4995514646395262,0.17455,14.3987,0.1
Weather,binary,Distributive,16,16,simhash,4,64,0.6642329569572969,0.5651779602256183,0.6141416450205907,0.5859582665506557,0.16823,14.485,0.1
Weather,binary,Distributive,16,16,simhash,4,256,0.7723066474233806,0.7480474346476319,0.7664924010782217,0.7466859000778495,0.16862,13.4423,0.1
Weather,binary,Distributive,16,16,simhash,4,1024,0.8013413702351643,0.7915811451624319,0.8022220496257992,0.8261025171345271,0.18183,9.8856,0.1
Weather,binary,Distributive,16,16,simhash,8,16,0.6179641735291621,0.3819393430580334,0.4720496609422574,0.5,0.11838,9.1663,0.1
Weather,binary,Distributive,16,16,simhash,8,64,0.6245012310043297,0.45906877544480273,0.5296455015731303,0.5231481583245561,0.17138,12.1832,0.1
Weather,binary,Distributive,16,16,simhash,8,256,0.7144918923507938,0.6644706350946041,0.6950355150231334,0.6597379524049396,0.11709,10.2249,0.1
Weather,binary,Distributive,16,16,simhash,8,1024,0.8020205450377791,0.7871951555853873,0.8004469269871876,0.8251603700141962,0.12834,10.129,0.1
Weather,binary,Distributive,16,16,h3,2,16,0.6288309703709992,0.5210856715772094,0.5746786884642583,0.5473949413075667,0.02864,2.4886,0.1
Weather,binary,Distributive,16,16,h3,2,64,0.6963239663808473,0.6404890985091667,0.6739154444409634,0.6400638976660409,0.04291,3.6079,0.1
Weather,binary,Distributive,16,16,h3,2,256,0.7751931403344936,0.7533814583873761,0.7706851021587262,0.7599214177771673,0.03789,3.7914,0.1
Weather,binary,Distributive,16,16,h3,2,1024,0.8023601324390865,0.7876419050026392,0.8008318289129542,0.8203937048739908,0.03724,3.1075,0.1
Weather,binary,Distributive,16,16,h3,4,16,0.6196621105356991,0.4078301823611993,0.4913902857532412,0.5050269878341043,0.02666,2.4098,0.1
Weather,binary,Distributive,16,16,h3,4,64,0.6634688853043552,0.5618325992499084,0.6116205842570136,0.5814516188121079,0.0465,4.3273,0.1
Weather,binary,Distributive,16,16,h3,4,256,0.7459037269717294,0.7125566935293246,0.7356552493459854,0.7050103341423578,0.03625,3.7773,0.1
Weather,binary,Distributive,16,16,h3,4,1024,0.8066049749554292,0.7910376823935241,0.8044938273482781,0.8168025522431348,0.04531,3.8044,0.1
Weather,binary,Distributive,16,16,h3,8,16,0.6179641735291621,0.3819393430580334,0.4720496609422574,0.5,0.04645,5.1052,0.1
Weather,binary,Distributive,16,16,h3,8,64,0.6427540538246032,0.5238068008407342,0.5799566931529767,0.5551862282670086,0.05076,4.518,0.1
Weather,binary,Distributive,16,16,h3,8,256,0.7090584939298752,0.6477527662156866,0.682422814509893,0.6467895162644441,0.05112,5.0653,0.1
Weather,binary,Distributive,16,16,h3,8,1024,0.8058409033024875,0.7930348401125966,0.8051809321278549,0.8199861244676465,0.0563,4.6229,0.1
Weather,binary,Gaussian,8,4,murmur,2,16,0.7504032600390526,0.7169584351310874,0.7399130334070161,0.730122116896399,0.04277,4.7962,0.1
Weather,binary,Gaussian,8,4,murmur,2,64,0.6826555734782239,0.6146254813034737,0.6528262544199883,0.6888985055944803,0.04945,4.3145,0.1
Weather,binary,Gaussian,8,4,murmur,2,256,0.6906358774089482,0.5909423041984239,0.6385860599941328,0.6712778006746959,0.04312,4.202,0.1
Weather,binary,Gaussian,8,4,murmur,2,1024,0.7257831734442652,0.696389946882922,0.7186774711977849,0.7415308879424829,0.03642,4.0765,0.1
Weather,binary,Gaussian,8,4,murmur,4,16,0.6549792002716699,0.5983462993948276,0.6339291236174694,0.5997730762772664,0.04919,4.33,0.1
Weather,binary,Gaussian,8,4,murmur,4,64,0.7228966805331523,0.6623774600202581,0.6961017258725405,0.6992817694738289,0.04418,3.98,0.1
Weather,binary,Gaussian,8,4,murmur,4,256,0.7065115884200697,0.6431932095396704,0.6786550746965889,0.7038210376883272,0.04415,4.189,0.1
Weather,binary,Gaussian,8,4,murmur,4,1024,0.7217081246285763,0.6557788970706961,0.6913205698899685,0.6713049411549206,0.04994,4.6836,0.1
Weather,binary,Gaussian,8,4,murmur,8,16,0.6269632396638085,0.4427027584147837,0.5183058703874752,0.5202618491551037,0.04627,4.5207,0.1
Weather,binary,Gaussian,8,4,murmur,8,64,0.7033704049579761,0.6430840079521594,0.6776917124097435,0.6720283005907405,0.04974,3.9724,0.1
Weather,binary,Gaussian,8,4,murmur,8,256,0.7105866372357585,0.6450295518523409,0.6810198995964178,0.7108342721069745,0.03354,3.724,0.1
Weather,binary,Gaussian,8,4,murmur,8,1024,0.7009083962984973,0.6491543311021682,0.6809457871544667,0.6797596739478866,0.0497,5.5029,0.1
Weather,binary,Gaussian,8,4,simhash,2,16,0.6278971050174038,0.49926883008283846,0.5591445379627642,0.5631973866984171,0.13885,11.9071,0.1
Weather,binary,Gaussian,8,4,simhash,2,64,0.7296884285593005,0.7028994108677382,0.7239473837727005,0.7062226954251958,0.11688,10.3399,0.1
Weather,binary,Gaussian,8,4,simhash,2,256,0.7418286781560404,0.7115551780302269,0.7336018386302363,0.7453583367678711,0.18142,13.5581,0.1
Weather,binary,Gaussian,8,4,simhash,2,1024,0.6996349435435946,0.6210122812309342,0.6617377944773244,0.6885911373662439,0.13196,11.6154,0.1
Weather,binary,Gaussian,8,4,simhash,4,16,0.6677986246710247,0.5750896881216447,0.6219159576001483,0.6132539268214499,0.13969,11.2368,0.1
Weather,binary,Gaussian,8,4,simhash,4,64,0.7041344766109178,0.618367696897241,0.6610514148099036,0.6291209873151073,0.15918,12.1616,0.1
Weather,binary,Gaussian,8,4,simhash,4,256,0.708634009678241,0.647751505015953,0.6823017358626955,0.7031406786646517,0.1273,12.5585,0.1
Weather,binary,Gaussian,8,4,simhash,4,1024,0.7069360726717039,0.6423032117797938,0.6781759340523359,0.672934820106547,0.13244,11.8837,0.1
Weather,binary,Gaussian,8,4,simhash,8,16,0.7056626199168011,0.6577294872016974,0.6879486740926396,0.6537620857565904,0.15154,11.9079,0.1
Weather,binary,Gaussian,8,4,simhash,8,64,0.68842855930045,0.6129715140699932,0.6532897468512735,0.6596090122269542,0.15827,12.2332,0.1
Weather,binary,Gaussian,8,4,simhash,8,256,0.7011630868494779,0.6316484038827179,0.6694012481204794,0.6676259864755538,0.15582,12.5293,0.1
Weather,binary,Gaussian,8,4,simhash,8,1024,0.7217081246285763,0.6721654881743218,0.7022329672541151,0.719641953259758,0.16461,12.8304,0.1
Weather,binary,Gaussian,8,4,h3,2,16,0.6559979624755922,0.5467453570952931,0.599246306490391,0.6238670146998214,0.04368,4.3524,0.1
Weather,binary,Gaussian,8,4,h3,2,64,0.7061720010187622,0.6367956854158227,0.6742464975876503,0.7015715376043717,0.03003,2.7658,0.1
Weather,binary,Gaussian,8,4,h3,2,256,0.720095084472366,0.6620393952647685,0.695086662841154,0.6997939277373266,0.0329,2.5643,0.1
Weather,binary,Gaussian,8,4,h3,2,1024,0.6937770608710417,0.6088728261708998,0.6518664246096196,0.6743321274289815,0.02995,3.1614,0.1
Weather,binary,Gaussian,8,4,h3,4,16,0.6979370065370575,0.6328644603443303,0.6693308055489258,0.6348577643449191,0.03286,3.114,0.1
Weather,binary,Gaussian,8,4,h3,4,64,0.7054079293658205,0.6378002164347951,0.674719421432893,0.6977208407748317,0.02933,2.582,0.1
Weather,binary,Gaussian,8,4,h3,4,256,0.7337634773749894,0.6931563843372175,0.7194917662629976,0.7250647982781517,0.0332,3.1029,0.1
Weather,binary,Gaussian,8,4,h3,4,1024,0.7020969522030732,0.6212525512240841,0.6625363789198965,0.6813324785150585,0.02424,2.4014,0.1
Weather,binary,Gaussian,8,4,h3,8,16,0.699380252992614,0.6380090992943808,0.6731741376711623,0.6377345178672285,0.02573,2.149,0.1
Weather,binary,Gaussian,8,4,h3,8,64,0.7389421852449274,0.7032712729451582,0.7275439138073175,0.7226858084901772,0.03366,3.2191,0.1
Weather,binary,Gaussian,8,4,h3,8,256,0.7416588844553867,0.7061228584224707,0.7302328721786898,0.6984976568820503,0.02912,2.8894,0.1
Weather,binary,Gaussian,8,4,h3,8,1024,0.6592240427880126,0.5641663680046725,0.6121876874416661,0.603870250797576,0.02575,2.6266,0.1
Weather,binary,Gaussian,8,8,murmur,2,16,0.6402071483147975,0.5665733433717262,0.6087213029879559,0.5749675169055578,0.01602,1.9393,0.1
Weather,binary,Gaussian,8,8,murmur,2,64,0.7134731301468715,0.6675463772976151,0.6966990602962637,0.6726156065393598,0.01457,1.7241,0.1
Weather,binary,Gaussian,8,8,murmur,2,256,0.7321504372187791,0.684393137375821,0.7133581169182873,0.7063499717604677,0.01943,1.7845,0.1
Weather,binary,Gaussian,8,8,murmur,2,1024,0.7296035317089736,0.7049637015475871,0.7250794735859222,0.7275981132939506,0.01828,1.931,0.1
Weather,binary,Gaussian,8,8,murmur,4,16,0.637575345954665,0.4949181948503374,0.5582479429204535,0.5423802872799988,0.01937,1.428,0.1
Weather,binary,Gaussian,8,8,murmur,4,64,0.699889634094575,0.6439181602857244,0.6772253820661946,0.6635022210010533,0.01827,1.783,0.1
Weather,binary,Gaussian,8,8,murmur,4,256,0.755921555310298,0.7326384065530487,0.751252868692403,0.7476305811237809,0.01682,1.7139,0.1
Weather,binary,Gaussian,8,8,murmur,4,1024,0.7371593513880635,0.7011848254088995,0.7256460947252922,0.7590987773045748,0.01613,1.7042,0.1
Weather,binary,Gaussian,8,8,murmur,8,16,0.6175396892775278,0.38261381591420185,0.47246504108302695,0.49982622765642415,0.01619,1.9239,0.1
Weather,binary,Gaussian,8,8,murmur,8,64,0.6598183207403006,0.5746811980156317,0.6195760868300254,0.5916439071301003,0.01498,1.6243,0.1
Weather,binary,Gaussian,8,8,murmur,8,256,0.7290941506070124,0.6864033823604563,0.7137015059124994,0.7116222771748257,0.01543,1.2994,0.1
Weather,binary,Gaussian,8,8,murmur,8,1024,0.7384328041429663,0.703794628499071,0.7276922179018478,0.7313892323426601,0.01817,1.4465,0.1
Weather,binary,Gaussian,8,8,simhash,2,16,0.6582052805840903,0.607242420254952,0.6406211119482528,0.6070071438384395,0.05531,4.9068,0.1
Weather,binary,Gaussian,8,8,simhash,2,64,0.7297733254096272,0.6737250212701722,0.7056296171742168,0.6872742592847003,0.04961,4.4098,0.1
Weather,binary,Gaussian,8,8,simhash,2,256,0.7404703285508107,0.7195935803316504,0.7376447574632766,0.7687751064706689,0.05235,4.5212,0.1
Weather,binary,Gaussian,8,8,simhash,2,1024,0.7803718482044316,0.7576317728027887,0.7751469251146417,0.7713524140983956,0.0527,3.9318,0.1
Weather,binary,Gaussian,8,8,simhash,4,16,0.6090500042448426,0.4158561214562939,0.49511295645324943,0.5025699500847185,0.04892,4.5495,0.1
Weather,binary,Gaussian,8,8,simhash,4,64,0.72187791832923,0.6774163874197019,0.7056712683704403,0.6852794950466334,0.06585,4.6572,0.1
Weather,binary,Gaussian,8,8,simhash,4,256,0.7415739876050599,0.7156111802215701,0.7358839089989564,0.7554047411885026,0.05245,4.8261,0.1
Weather,binary,Gaussian,8,8,simhash,4,1024,0.7742592749808982,0.7463692040372666,0.7662121398161587,0.7866927233594357,0.05531,4.535,0.1
Weather,binary,Gaussian,8,8,simhash,8,16,0.6479327616945412,0.49199811577344,0.5584005645958029,0.5477062935995483,0.04285,3.5668,0.1
Weather,binary,Gaussian,8,8,simhash,8,64,0.6805331522200526,0.6238065599297729,0.6582716233260753,0.6345325517851963,0.06141,4.7053,0.1
Weather,binary,Gaussian,8,8,simhash,8,256,0.7105866372357585,0.6830484415994855,0.7050901022196476,0.7314573430416266,0.0554,4.0459,0.1
Weather,binary,Gaussian,8,8,simhash,8,1024,0.7416588844553867,0.7106504357720966,0.7329980703392291,0.754151821831448,0.06261,5.0128,0.1
Weather,binary,Gaussian,8,8,h3,2,16,0.680957636471687,0.6280355131170064,0.661137151830186,0.6268585581047458,0.01674,1.8837,0.1
Weather,binary,Gaussian,8,8,h3,2,64,0.7201799813226929,0.6680722279288238,0.6991001787926682,0.6838691517455084,0.01717,1.9167,0.1
Weather,binary,Gaussian,8,8,h3,2,256,0.7538840309024535,0.7276461304112695,0.7475900925187642,0.7435433438659156,0.01684,1.9176,0.1
Weather,binary,Gaussian,8,8,h3,2,1024,0.7049834451141863,0.6678592793039253,0.6940573638104554,0.6762747019584497,0.01768,1.3993,0.1
Weather,binary,Gaussian,8,8,h3,4,16,0.65200781051023,0.5366130398522057,0.5911693630333301,0.5657657339988704,0.01309,1.3985,0.1
Weather,binary,Gaussian,8,8,h3,4,64,0.7003141183462094,0.6496572393443396,0.6810873502499427,0.6477952099647387,0.02081,1.6996,0.1
Weather,binary,Gaussian,8,8,h3,4,256,0.7251039986416504,0.7047175237138594,0.7230225362580699,0.7173071087298317,0.0191,1.3785,0.1
Weather,binary,Gaussian,8,8,h3,4,1024,0.7404703285508107,0.7077369945168914,0.730813081599657,0.7289451695135168,0.01516,1.7775,0.1
Weather,binary,Gaussian,8,8,h3,8,16,0.637065964852704,0.5092116674412066,0.568311316893394,0.5596503793256096,0.02239,1.7988,0.1
Weather,binary,Gaussian,8,8,h3,8,64,0.6946260293743102,0.6066739119361382,0.6505552286974811,0.6174287371586451,0.01746,1.9524,0.1
Weather,binary,Gaussian,8,8,h3,8,256,0.7489600135834961,0.7401741926727121,0.7514464901385793,0.7562171849002457,0.02291,1.9655,0.1
Weather,binary,Gaussian,8,8,h3,8,1024,0.731131675014857,0.692266935000255,0.71806844300326,0.741087832577735,0.01805,1.7411,0.1
Weather,binary,Gaussian,8,16,murmur,2,16,0.6413957042193734,0.5092086819067126,0.569301555292429,0.5495437254812169,0.0124,1.2374,0.1
Weather,binary,Gaussian,8,16,murmur,2,64,0.6973427285847695,0.6378544931249106,0.6724832753500778,0.6378254033673734,0.01671,1.8191,0.1
Weather,binary,Gaussian,8,16,murmur,2,256,0.7688258765599796,0.7594119895984532,0.7706399689401193,0.7878907359069469,0.01228,1.0311,0.1
Weather,binary,Gaussian,8,16,murmur,2,1024,0.7729009253756686,0.7559302126480193,0.7711142469912702,0.7786807559035887,0.01678,1.5668,0.1
Weather,binary,Gaussian,8,16,murmur,4,16,0.6256048900585788,0.40668297140714255,0.49171218341725315,0.5107211460670726,0.01373,1.0599,0.1
Weather,binary,Gaussian,8,16,murmur,4,64,0.6730622293912896,0.5880059676513016,0.6321710183567251,0.5992177191616677,0.01443,1.0589,0.1
Weather,binary,Gaussian,8,16,murmur,4,256,0.7489600135834961,0.7034121374552065,0.7308336166060984,0.713901451664606,0.01533,1.7081,0.1
Weather,binary,Gaussian,8,16,murmur,4,1024,0.8038882757449699,0.7934745007499726,0.804415854515983,0.823654226007846,0.01756,1.6954,0.1
Weather,binary,Gaussian,8,16,murmur,8,16,0.6218694286441973,0.3943999414527476,0.4819657684239401,0.5054080536093175,0.01734,1.1875,0.1
Weather,binary,Gaussian,8,16,murmur,8,64,0.6267085491128279,0.42325404026076596,0.5040716617730416,0.5152622765642411,0.01712,1.3274,0.1
Weather,binary,Gaussian,8,16,murmur,8,256,0.7508277442906868,0.7211969628104418,0.7426406976369004,0.719919494436049,0.01474,1.7498,0.1
Weather,binary,Gaussian,8,16,murmur,8,1024,0.7862297308769844,0.7745133759057319,0.7866399123918068,0.8195244157469738,0.01756,1.3992,0.1
Weather,binary,Gaussian,8,16,simhash,2,16,0.6396977672128364,0.4891090353101462,0.5545486109094544,0.5417644365068461,0.06041,5.0109,0.1
Weather,binary,Gaussian,8,16,simhash,2,64,0.6663553782154682,0.6012027975739014,0.6392324177383446,0.6101087756254675,0.0634,5.2319,0.1
Weather,binary,Gaussian,8,16,simhash,2,256,0.768656082859326,0.746336451279926,0.7640886711308569,0.7810431988521012,0.0657,4.6461,0.1
Weather,binary,Gaussian,8,16,simhash,2,1024,0.7792681891501825,0.7524183860395706,0.7716541691909988,0.7851232159484667,0.06785,5.0431,0.1
Weather,binary,Gaussian,8,16,simhash,4,16,0.6237371593513881,0.40352810176417886,0.4890333373426132,0.5087009051914946,0.06246,5.0794,0.1
Weather,binary,Gaussian,8,16,simhash,4,64,0.6752695474997877,0.5878833916083197,0.6326559076891438,0.6000280105631115,0.06846,5.2974,0.1
Weather,binary,Gaussian,8,16,simhash,4,256,0.7759572119874353,0.7495624078803521,0.7687441967437372,0.7688593671291843,0.05865,4.832,0.1
Weather,binary,Gaussian,8,16,simhash,4,1024,0.7905594702436539,0.7724137747389395,0.7875751962084527,0.8130570438552305,0.06874,4.7318,0.1
Weather,binary,Gaussian,8,16,simhash,8,16,0.6179641735291621,0.3819393430580334,0.4720496609422574,0.5,0.06036,5.0186,0.1
Weather,binary,Gaussian,8,16,simhash,8,64,0.6342643687919178,0.43936676731798197,0.5173538709171278,0.5238916670482819,0.06091,5.0598,0.1
Weather,binary,Gaussian,8,16,simhash,8,256,0.7373291450887172,0.6926968308271297,0.7203273056172725,0.6931115385202484,0.06501,5.1306,0.1
Weather,binary,Gaussian,8,16,simhash,8,1024,0.7787588080482214,0.7536127558292243,0.7721832791129323,0.7716507762055227,0.06324,5.2822,0.1
Weather,binary,Gaussian,8,16,h3,2,16,0.6110026318023601,0.5145229403417269,0.5655831312709022,0.5344040848101845,0.01284,1.1799,0.1
Weather,binary,Gaussian,8,16,h3,2,64,0.6394430766618558,0.5644369829190269,0.607080586542456,0.5736851215826351,0.01335,1.5596,0.1
Weather,binary,Gaussian,8,16,h3,2,256,0.7708634009678241,0.754968900844389,0.7696925061253977,0.7878832562470425,0.0113,0.9792,0.1
Weather,binary,Gaussian,8,16,h3,2,1024,0.7750233466338399,0.7573968040966418,0.7728248865252634,0.7588239074353926,0.01203,1.6252,0.1
Weather,binary,Gaussian,8,16,h3,4,16,0.6245861278546566,0.485083408069621,0.548315842955058,0.5313615576010136,0.01905,1.8268,0.1
Weather,binary,Gaussian,8,16,h3,4,64,0.66414806010697,0.5671939504951209,0.6155231828917718,0.5850482514386897,0.01622,1.6401,0.1
Weather,binary,Gaussian,8,16,h3,4,256,0.7555819679089906,0.7212084643210166,0.7443042008952379,0.756418906748485,0.0169,1.1857,0.1
Weather,binary,Gaussian,8,16,h3,4,1024,0.7998132269292809,0.7837208874229382,0.7976395340112129,0.8283812184213339,0.01495,1.8066,0.1
Weather,binary,Gaussian,8,16,h3,8,16,0.6179641735291621,0.3819393430580334,0.4720496609422574,0.5,0.02228,2.1416,0.1
Weather,binary,Gaussian,8,16,h3,8,64,0.6368112743017234,0.4468255186608843,0.5233097161005326,0.5279330341469372,0.0211,2.0683,0.1
Weather,binary,Gaussian,8,16,h3,8,256,0.7557517616096443,0.7182774849534528,0.7425188757419902,0.7178400116011051,0.01775,1.3625,0.1
Weather,binary,Gaussian,8,16,h3,8,1024,0.7845317938704474,0.7742052914407216,0.7855976496194464,0.8159762635282625,0.01974,2.1022,0.1
Weather,binary,Gaussian,16,4,murmur,2,16,0.672213260888021,0.5825083456389588,0.6281658473746994,0.6892982705194548,0.03654,3.8707,0.1
Weather,binary,Gaussian,16,4,murmur,2,64,0.7026912301553613,0.6308944771654912,0.6693012483991484,0.7239625864358656,0.04818,4.4122,0.1
Weather,binary,Gaussian,16,4,murmur,2,256,0.7078699380252993,0.6393570388573364,0.6764426147801584,0.7334655859321335,0.05234,4.5084,0.1
Weather,binary,Gaussian,16,4,murmur,2,1024,0.7297733254096272,0.6884910925288101,0.7152455993328658,0.7610147608798523,0.05291,4.1243,0.1
Weather,binary,Gaussian,16,4,murmur,4,16,0.6918244333135241,0.6305501757691316,0.6660476036857184,0.6794393613286318,0.04768,3.9968,0.1
Weather,binary,Gaussian,16,4,murmur,4,64,0.7283300789540708,0.6997346070969086,0.721596179666662,0.7561362824563813,0.03981,4.275,0.1
Weather,binary,Gaussian,16,4,murmur,4,256,0.737414041939044,0.6858536735022402,0.7158801328245112,0.765840286364122,0.0412,4.7526,0.1
Weather,binary,Gaussian,16,4,murmur,4,1024,0.7608455726292555,0.7291041361280852,0.750981480383232,0.786741768557952,0.05493,5.2424,0.1
Weather,binary,Gaussian,16,4,murmur,8,16,0.6505645640546736,0.5258502299631613,0.5832217138963367,0.6241302071407855,0.05218,4.7222,0.1
Weather,binary,Gaussian,16,4,murmur,8,64,0.7196706002207318,0.6675210443233719,0.6985871999158184,0.7467000045793837,0.05869,3.4144,0.1
Weather,binary,Gaussian,16,4,murmur,8,256,0.7413192970540793,0.7054988481624029,0.7297308412174099,0.769858313870953,0.04502,3.8533,0.1
Weather,binary,Gaussian,16,4,murmur,8,1024,0.7172934884115799,0.6648086069448689,0.6961013521918095,0.7465168902932332,0.05273,4.2007,0.1
Weather,binary,Gaussian,16,4,simhash,2,16,0.7179726632141947,0.6414723389221,0.6805450096090566,0.6909442078429577,0.1595,11.708,0.1
Weather,binary,Gaussian,16,4,simhash,2,64,0.7223024025808642,0.6854453778043901,0.7108485702284529,0.7473115354673261,0.19506,13.9673,0.1
Weather,binary,Gaussian,16,4,simhash,2,256,0.7077850411749724,0.6615643303372012,0.6910721078281652,0.742127581627513,0.19097,14.5359,0.1
Weather,binary,Gaussian,16,4,simhash,2,1024,0.7183971474658291,0.6666207267975695,0.6976174249959953,0.7366104928943231,0.1842,14.8752,0.1
Weather,binary,Gaussian,16,4,simhash,4,16,0.6854571695390101,0.6161211254221706,0.6546119098010553,0.6691009906733221,0.2074,15.1086,0.1
Weather,binary,Gaussian,16,4,simhash,4,64,0.7216232277782494,0.6824307652681698,0.7087516578045427,0.7575160354749584,0.20239,13.1987,0.1
Weather,binary,Gaussian,16,4,simhash,4,256,0.7232362679344596,0.6660305980865272,0.6986407635239434,0.7521950206835493,0.18525,14.5994,0.1
Weather,binary,Gaussian,16,4,simhash,4,1024,0.7105017403854317,0.644319474271635,0.680517175025471,0.7348200149593197,0.18866,18.3231,0.1
Weather,binary,Gaussian,16,4,simhash,8,16,0.6134646404618389,0.4667796485836242,0.5327617774974407,0.5244140983956892,0.20651,14.8927,0.1
Weather,binary,Gaussian,16,4,simhash,8,64,0.6976823159860769,0.617838754084748,0.659050726321708,0.7298852711758331,0.18673,13.9761,0.1
Weather,binary,Gaussian,16,4,simhash,8,256,0.6989557687409798,0.6222089744368998,0.6623821410164888,0.7122746409000016,0.19975,15.7768,0.1
Weather,binary,Gaussian,16,4,simhash,8,1024,0.7192461159690976,0.6814786746382409,0.7073553313094566,0.7544226160492131,0.19999,15.431,0.1
Weather,binary,Gaussian,16,4,h3,2,16,0.6782409372612276,0.5855268093229151,0.6317756984883379,0.7027889362091864,0.05542,4.8753,0.1
Weather,binary,Gaussian,16,4,h3,2,64,0.7146616860514475,0.673641344546696,0.7009391244896329,0.7488668773183129,0.04581,4.9034,0.1
Weather,binary,Gaussian,16,4,h3,2,256,0.725952967144919,0.6731335695963097,0.7041335919379327,0.749678069331868,0.06189,5.2269,0.1
Weather,binary,Gaussian,16,4,h3,2,1024,0.7183971474658291,0.6625461147415534,0.6949355179011447,0.7464657538428661,0.05394,5.207,0.1
Weather,binary,Gaussian,16,4,h3,4,16,0.7155955514050428,0.6735561922488813,0.7011945596713968,0.7229760040298576,0.04573,5.9038,0.1
Weather,binary,Gaussian,16,4,h3,4,64,0.684353510484761,0.6205204604116864,0.6572399897333743,0.7126358932087742,0.06812,3.5346,0.1
Weather,binary,Gaussian,16,4,h3,4,256,0.710331946684778,0.6501025334106806,0.6843520810858835,0.736304437422723,0.06567,6.4129,0.1
Weather,binary,Gaussian,16,4,h3,4,1024,0.7065115884200697,0.6364802845337879,0.6741238035860078,0.7273646868464838,0.06461,5.804,0.1
Weather,binary,Gaussian,16,4,h3,8,16,0.6818066049749554,0.5814851166999941,0.6298280013741953,0.639364747904932,0.0668,5.341,0.1
Weather,binary,Gaussian,16,4,h3,8,64,0.724170133288055,0.6708730730891697,0.7021204423492335,0.7458698691822747,0.06677,6.0622,0.1
Weather,binary,Gaussian,16,4,h3,8,256,0.7211138466762883,0.6782792079924613,0.7059752203010596,0.7544414525804826,0.05987,6.2351,0.1
Weather,binary,Gaussian,16,4,h3,8,1024,0.7341030647762968,0.689157641253958,0.7170440739328103,0.7601145456488223,0.0668,5.991,0.1
Weather,binary,Gaussian,16,8,murmur,2,16,0.6363867900500891,0.5253050554746527,0.5794812822884713,0.5550038314176245,0.02611,3.2056,0.1
Weather,binary,Gaussian,16,8,murmur,2,64,0.74615841752271,0.7126754416021355,0.7358162498794985,0.768106180641419,0.03374,3.15,0.1
Weather,binary,Gaussian,16,8,murmur,2,256,0.7279055947024365,0.6770559587279792,0.7072894072459546,0.7634799041382363,0.03424,3.0363,0.1
Weather,binary,Gaussian,16,8,murmur,2,1024,0.7511673316919942,0.7276395295569291,0.7465256538011077,0.7894293172139031,0.03407,3.1734,0.1
Weather,binary,Gaussian,16,8,murmur,4,16,0.616266236522625,0.4585656111608557,0.5275053685747862,0.5177577658713804,0.03514,3.1715,0.1
Weather,binary,Gaussian,16,8,murmur,4,64,0.728839460056032,0.6721230202996846,0.7042959098859041,0.7330271099510005,0.03408,3.0453,0.1
Weather,binary,Gaussian,16,8,murmur,4,256,0.7232362679344596,0.6979676883220765,0.7185786019536623,0.7645484269817284,0.03422,2.9562,0.1
Weather,binary,Gaussian,16,8,murmur,4,1024,0.7417437813057136,0.7095603166394586,0.7323702754018974,0.7799265161575919,0.03681,2.8425,0.1
Weather,binary,Gaussian,16,8,murmur,8,16,0.6187282451821038,0.3863975337721534,0.47547687248742,0.5014666239257529,0.03987,3.3819,0.1
Weather,binary,Gaussian,16,8,murmur,8,64,0.7187367348671364,0.6642802793771005,0.6961804669417737,0.6876714444902382,0.02618,3.7291,0.1
Weather,binary,Gaussian,16,8,murmur,8,256,0.7630528907377536,0.7357212754372437,0.7557726373485734,0.7911620643861336,0.03574,3.4423,0.1
Weather,binary,Gaussian,16,8,murmur,8,1024,0.7781645300959334,0.7567622558511731,0.7737848431797903,0.8109024591290013,0.03542,3.2969,0.1
Weather,binary,Gaussian,16,8,simhash,2,16,0.658969352237032,0.5744266348915967,0.6191779132731138,0.5919046267039123,0.13943,11.2493,0.1
Weather,binary,Gaussian,16,8,simhash,2,64,0.7111809151880465,0.6497505924988326,0.6843572956720183,0.7244136251927158,0.12923,10.5689,0.1
Weather,binary,Gaussian,16,8,simhash,2,256,0.7523558875965701,0.7202571507966786,0.7426136394099365,0.7875503808520706,0.12479,10.1453,0.1
Weather,binary,Gaussian,16,8,simhash,2,1024,0.7678071143560574,0.7449527921558465,0.7629653166579413,0.8031747798079711,0.13351,10.242,0.1
Weather,binary,Gaussian,16,8,simhash,4,16,0.6356227183971475,0.4471894850913234,0.5233354724923537,0.5272258857291142,0.13685,10.1545,0.1
Weather,binary,Gaussian,16,8,simhash,4,64,0.7186518380168095,0.6558734833014617,0.690550694145022,0.7119220436262612,0.1396,10.7254,0.1
Weather,binary,Gaussian,16,8,simhash,4,256,0.740300534850157,0.7066392267010764,0.730084032552278,0.7870070675153791,0.12723,9.6963,0.1
Weather,binary,Gaussian,16,8,simhash,4,1024,0.7316410561168181,0.7059771519819005,0.7264714018643533,0.7721188350048084,0.13028,10.4422,0.1
Weather,binary,Gaussian,16,8,simhash,8,16,0.6312080821801511,0.4403235029674856,0.5174376540987543,0.5225086168735023,0.15198,10.6241,0.1
Weather,binary,Gaussian,16,8,simhash,8,64,0.6986161813396723,0.6352039294085543,0.6710871809085699,0.6588015447787395,0.14121,11.0217,0.1
Weather,binary,Gaussian,16,8,simhash,8,256,0.7363952797351219,0.6968134017948326,0.7226588056472911,0.76476930591809,0.12761,10.9405,0.1
Weather,binary,Gaussian,16,8,simhash,8,1024,0.7509126411410136,0.7249484749738315,0.7448861422240662,0.7872446764665476,0.14285,11.0477,0.1
Weather,binary,Gaussian,16,8,h3,2,16,0.6978521096867306,0.6353068579225306,0.6709389314470718,0.6369474744699364,0.03222,3.7871,0.1
Weather,binary,Gaussian,16,8,h3,2,64,0.7233211647847865,0.6767725904279314,0.7057118495191395,0.7554895208438277,0.03359,3.2294,0.1
Weather,binary,Gaussian,16,8,h3,2,256,0.7491298072841498,0.7118253392039358,0.7362871411848029,0.7868119399795453,0.03587,2.9713,0.1
Weather,binary,Gaussian,16,8,h3,2,1024,0.7548178962560489,0.7326043971357193,0.7507874056940098,0.7911403581077986,0.03855,3.7962,0.1
Weather,binary,Gaussian,16,8,h3,4,16,0.6357076152474743,0.4594591146331994,0.532280194503415,0.5305185236067226,0.03735,3.4779,0.1
Weather,binary,Gaussian,16,8,h3,4,64,0.7350369301298921,0.7006155287355802,0.7245657226451427,0.7508543450718199,0.03782,2.9482,0.1
Weather,binary,Gaussian,16,8,h3,4,256,0.727650904151456,0.7140711183607608,0.7287724135350272,0.767452275190426,0.04321,3.8853,0.1
Weather,binary,Gaussian,16,8,h3,4,1024,0.7335936836743356,0.6972931684282422,0.7220245074497901,0.7677733205110593,0.03779,3.4492,0.1
Weather,binary,Gaussian,16,8,h3,8,16,0.6170303081755667,0.3867519810678285,0.4754113702382919,0.5112315641647966,0.0499,4.3409,0.1
Weather,binary,Gaussian,16,8,h3,8,64,0.7024365396043807,0.6205458229525936,0.6621346938545154,0.6728238005831082,0.0414,4.6494,0.1
Weather,binary,Gaussian,16,8,h3,8,256,0.7442906868155191,0.7114645764148295,0.7344255028692761,0.7750862450580818,0.04385,4.1251,0.1
Weather,binary,Gaussian,16,8,h3,8,1024,0.7575345954665081,0.7308159533570846,0.750824335578073,0.793185434507182,0.04782,4.466,0.1
Weather,binary,Gaussian,16,16,murmur,2,16,0.6540453349180746,0.5285056474452848,0.5859052511779078,0.5636813206942346,0.02697,2.3853,0.1
Weather,binary,Gaussian,16,16,murmur,2,64,0.6981916970880381,0.6308152369797253,0.668024931463231,0.6396472500801392,0.02365,2.2437,0.1
Weather,binary,Gaussian,16,16,murmur,2,256,0.7837677222175057,0.761976677039206,0.7789680672048892,0.7854023599090229,0.02369,2.2667,0.1
Weather,binary,Gaussian,16,16,murmur,2,1024,0.7982001867730707,0.7868333333828208,0.7984467471958739,0.8230950069453986,0.02304,2.2856,0.1
Weather,binary,Gaussian,16,16,murmur,4,16,0.6188131420324307,0.3870493081713423,0.4759726402574895,0.5016625757506372,0.02406,2.2202,0.1
Weather,binary,Gaussian,16,16,murmur,4,64,0.6769674845063248,0.563782526073499,0.6162060259876361,0.5896089664331181,0.02405,2.3016,0.1
Weather,binary,Gaussian,16,16,murmur,4,256,0.761100263180236,0.7352754656584388,0.7547826992308972,0.7664032452565217,0.02352,2.1984,0.1
Weather,binary,Gaussian,16,16,murmur,4,1024,0.785975040326004,0.7700476589427945,0.7843257856730973,0.8241776037612005,0.02397,1.9237,0.1
Weather,binary,Gaussian,16,16,murmur,8,16,0.6179641735291621,0.3819393430580334,0.4720496609422574,0.5,0.02452,2.2321,0.1
Weather,binary,Gaussian,16,16,murmur,8,64,0.6313778758808049,0.4278777723158286,0.5083798061673688,0.5199438720214926,0.02468,2.0814,0.1
Weather,binary,Gaussian,16,16,murmur,8,256,0.7316410561168181,0.678469941742428,0.7093180684327057,0.6939438872861046,0.02401,2.2684,0.1
Weather,binary,Gaussian,16,16,murmur,8,1024,0.7640716529416759,0.7422125042568731,0.7599228757423153,0.8105209048862023,0.02723,2.5652,0.1
Weather,binary,Gaussian,16,16,simhash,2,16,0.6352831309958401,0.4801226305487192,0.5471297837332644,0.5330847033322649,0.1061,7.6752,0.1
Weather,binary,Gaussian,16,16,simhash,2,64,0.7182273537651753,0.6628440568531777,0.6950833074016572,0.6602373341881517,0.09954,8.0333,0.1
Weather,binary,Gaussian,16,16,simhash,2,256,0.779013498599202,0.7575859100299913,0.77458969890316,0.7886140953427668,0.1025,7.8526,0.1
Weather,binary,Gaussian,16,16,simhash,2,1024,0.7803718482044316,0.7625141295306257,0.7778784020366648,0.8112401428767687,0.09922,8.4326,0.1
Weather,binary,Gaussian,16,16,simhash,4,16,0.6179641735291621,0.38506446408012174,0.47434964721695205,0.5006363053532995,0.1135,8.2626,0.1
Weather,binary,Gaussian,16,16,simhash,4,64,0.654894303421343,0.5248640389005972,0.5835063798780644,0.5593037810444047,0.10406,8.2467,0.1
Weather,binary,Gaussian,16,16,simhash,4,256,0.7525256812972239,0.7214552851850171,0.7434035899119674,0.7575736135916106,0.10431,8.19,0.1
Weather,binary,Gaussian,16,16,simhash,4,1024,0.7845317938704474,0.768150205581314,0.7826901078028093,0.8241947306559204,0.10449,8.0383,0.1
Weather,binary,Gaussian,16,16,simhash,8,16,0.6179641735291621,0.3819393430580334,0.4720496609422574,0.5,0.10653,8.3289,0.1
Weather,binary,Gaussian,16,16,simhash,8,64,0.6207657695899482,0.4155276898636894,0.4972406731816368,0.5093136725130131,0.09947,8.2803,0.1
Weather,binary,Gaussian,16,16,simhash,8,256,0.7342728584769505,0.6825390415222253,0.712774220768741,0.6910789027796858,0.10793,8.427,0.1
Weather,binary,Gaussian,16,16,simhash,8,1024,0.7802020545037779,0.7660817412156767,0.7796409501402216,0.8124426584848347,0.10527,8.2129,0.1
Weather,binary,Gaussian,16,16,h3,2,16,0.6593089396383394,0.5057210214708945,0.5707257160470945,0.5589046114393003,0.0234,1.9185,0.1
Weather,binary,Gaussian,16,16,h3,2,64,0.6979370065370575,0.6403022802073193,0.6742719312084524,0.6425960831005482,0.02485,2.2531,0.1
Weather,binary,Gaussian,16,16,h3,2,256,0.7739196875795908,0.7518053852118944,0.7692842379649741,0.7826292683671445,0.02427,2.4006,0.1
Weather,binary,Gaussian,16,16,h3,2,1024,0.7915782324475762,0.7735208013717456,0.7886084745406372,0.8129709209140449,0.0233,1.9567,0.1
Weather,binary,Gaussian,16,16,h3,4,16,0.6211902538415824,0.39107615142882696,0.4793908994753741,0.5033801041046542,0.02705,2.5245,0.1
Weather,binary,Gaussian,16,16,h3,4,64,0.6743356821461923,0.5673681117550765,0.6181215483466611,0.5899071606295125,0.02715,2.2748,0.1
Weather,binary,Gaussian,16,16,h3,4,256,0.7729009253756686,0.7468284907809633,0.7659965584367002,0.7603800735754301,0.02859,2.5053,0.1
Weather,binary,Gaussian,16,16,h3,4,1024,0.7879276678835215,0.7714247889124273,0.7859149944924182,0.8281872509960159,0.0275,2.521,0.1
Weather,binary,Gaussian,16,16,h3,8,16,0.6179641735291621,0.3819393430580334,0.4720496609422574,0.5,0.03182,2.465,0.1
Weather,binary,Gaussian,16,16,h3,8,64,0.6293403514729603,0.4530710312041178,0.526325471315844,0.5228813023767,0.03874,3.475,0.1
Weather,binary,Gaussian,16,16,h3,8,256,0.7309618813142033,0.6829433020148297,0.7120540419522117,0.6830220115705758,0.03025,2.9972,0.1
Weather,binary,Gaussian,16,16,h3,8,1024,0.7909839544952882,0.7753537431837438,0.7893339032206869,0.823502404176398,0.03293,2.7993,0.1
Weather,multiclass,Distributive,8,4,murmur,2,16,0.5106545547160201,0.3136401006607617,0.4555695517233047,0.7599962818131467,0.03164,34.6983,0.1
Weather,multiclass,Distributive,8,4,murmur,2,64,0.5036930129892181,0.35193933338209477,0.4754401512892305,0.7787254186209376,0.03199,32.0697,0.1
Weather,multiclass,Distributive,8,4,murmur,2,256,0.521096867306223,0.3740378923425896,0.4778234715027504,0.7655069507221749,0.03097,31.7342,0.1
Weather,multiclass,Distributive,8,4,murmur,2,1024,0.49240173189574665,0.37257442201692703,0.4680441754886403,0.7523506931462038,0.03195,32.1254,0.1
Weather,multiclass,Distributive,8,4,murmur,4,16,0.4940147720519569,0.261003663750814,0.43607165545628923,0.698743461851868,0.02612,35.1368,0.1
Weather,multiclass,Distributive,8,4,murmur,4,64,0.5086170303081756,0.32506644254116374,0.4622868927734524,0.7456628099334031,0.02787,34.8868,0.1
Weather,multiclass,Distributive,8,4,murmur,4,256,0.5418965956363019,0.40558573832361255,0.4973463451384112,0.7907198917626284,0.03298,32.6595,0.1
Weather,multiclass,Distributive,8,4,murmur,4,1024,0.5470753035062399,0.40781673831597964,0.5255790536044431,0.8072536393098431,0.03599,34.3579,0.1
Weather,multiclass,Distributive,8,4,murmur,8,16,0.3752440784446897,0.13476548133025126,0.2824839995741452,0.6547141355440487,0.03311,40.598,0.1
Weather,multiclass,Distributive,8,4,murmur,8,64,0.544698191697088,0.4039092079060111,0.5056032136722144,0.7934984504238927,0.03097,31.3136,0.1
Weather,multiclass,Distributive,8,4,murmur,8,256,0.5062399184990237,0.3298593347574096,0.47013591115555603,0.7831167375954791,0.03046,34.0535,0.1
Weather,multiclass,Distributive,8,4,murmur,8,1024,0.5479242720095084,0.37090608585204093,0.5207484629395908,0.7898359695845825,0.04122,32.6064,0.1
Weather,multiclass,Distributive,8,4,simhash,2,16,0.48722302402580864,0.2898500090344496,0.4450362218427166,0.728805820642186,0.09847,61.3894,0.1
Weather,multiclass,Distributive,8,4,simhash,2,64,0.5462263350029714,0.4039167097976515,0.5086141673173065,0.7810754205979655,0.10551,62.7136,0.1
Weather,multiclass,Distributive,8,4,simhash,2,256,0.5342558791068851,0.3561432107419826,0.48574534031134453,0.7840178486041682,0.10942,57.2238,0.1
Weather,multiclass,Distributive,8,4,simhash,2,1024,0.5185499617964173,0.3080946634398278,0.4844149264604621,0.7761638361938907,0.10143,59.436,0.1
Weather,multiclass,Distributive,8,4,simhash,4,16,0.5160879531369387,0.3593960309701144,0.46108602581756436,0.7499897613881379,0.09658,65.4521,0.1
Weather,multiclass,Distributive,8,4,simhash,4,64,0.513031666525172,0.35233605951516334,0.4570873632918071,0.7597668493508875,0.10751,56.5364,0.1
Weather,multiclass,Distributive,8,4,simhash,4,256,0.5342558791068851,0.39793734642049927,0.5025940098208016,0.7919525616670949,0.08718,60.1,0.1
Weather,multiclass,Distributive,8,4,simhash,4,1024,0.5047966720434672,0.38868687881718683,0.4855332311225187,0.7693323788147844,0.10283,57.0976,0.1
Weather,multiclass,Distributive,8,4,simhash,8,16,0.45207572799049156,0.21129714466956548,0.371692092357765,0.7067542368895184,0.10014,66.4414,0.1
Weather,multiclass,Distributive,8,4,simhash,8,64,0.5234739791153749,0.3629335744246708,0.48613983460417354,0.7716795395554281,0.10359,60.6416,0.1
Weather,multiclass,Distributive,8,4,simhash,8,256,0.5474997877578742,0.34205831557247335,0.5041067959382127,0.7790147300515926,0.10027,58.5441,0.1
Weather,multiclass,Distributive,8,4,simhash,8,1024,0.536632990916037,0.38611586745631565,0.5069795039426355,0.7833513572148878,0.10058,62.1429,0.1
Weather,multiclass,Distributive,8,4,h3,2,16,0.49172255709313184,0.3333297021657813,0.452972975286931,0.7618792944591782,0.03247,33.6407,0.1
Weather,multiclass,Distributive,8,4,h3,2,64,0.5361236098140759,0.3721689391435161,0.49818010263011936,0.7712397956502584,0.03296,30.5844,0.1
Weather,multiclass,Distributive,8,4,h3,2,256,0.5160030562866118,0.33746591155348094,0.46846678128240377,0.7836769515759707,0.03123,33.1746,0.1
Weather,multiclass,Distributive,8,4,h3,2,1024,0.5470753035062399,0.37608268381878884,0.505514506538029,0.7855841493682112,0.03188,32.0959,0.1
Weather,multiclass,Distributive,8,4,h3,4,16,0.47262076576958995,0.28815071348150745,0.41146379977397635,0.732850083530011,0.03361,36.1589,0.1
Weather,multiclass,Distributive,8,4,h3,4,64,0.5172765090415146,0.3398904531315634,0.48431932999778116,0.7809726185566478,0.03798,34.3063,0.1
Weather,multiclass,Distributive,8,4,h3,4,256,0.5316240767467527,0.37362218352053267,0.490407376777971,0.7807243247137223,0.03364,32.4767,0.1
Weather,multiclass,Distributive,8,4,h3,4,1024,0.5187197554970711,0.3740986349739096,0.49927247061930713,0.7959778825743364,0.0348,32.2362,0.1
Weather,multiclass,Distributive,8,4,h3,8,16,0.4703285508107649,0.23611829832733516,0.40208209235757464,0.740446498983412,0.03681,40.2659,0.1
Weather,multiclass,Distributive,8,4,h3,8,64,0.5292469649376008,0.32713599913847624,0.47066365579476444,0.7633613096026215,0.03987,36.6646,0.1
Weather,multiclass,Distributive,8,4,h3,8,256,0.49961796417352916,0.28626085585126637,0.46269387849452426,0.7780719936773396,0.03009,33.2819,0.1
Weather,multiclass,Distributive,8,4,h3,8,1024,0.5081076492062144,0.3028508923478812,0.45829655051655194,0.7809275541071306,0.03651,34.6042,0.1
Weather,multiclass,Distributive,8,8,murmur,2,16,0.394685457169539,0.17007306344611964,0.3153264561118593,0.6678962898842505,0.01958,20.8602,0.1
Weather,multiclass,Distributive,8,8,murmur,2,64,0.5379064436709398,0.4435629350743692,0.5126751627086615,0.8087732041491704,0.0197,14.212,0.1
Weather,multiclass,Distributive,8,8,murmur,2,256,0.5863825452075728,0.43868170241449095,0.5618492485267992,0.8396723576649547,0.01986,13.5261,0.1
Weather,multiclass,Distributive,8,8,murmur,2,1024,0.5761949231683504,0.47574185796952106,0.5508123220140035,0.8149151032893353,0.02098,12.604,0.1
Weather,multiclass,Distributive,8,8,murmur,4,16,0.4703285508107649,0.2438156341775849,0.41034830910913417,0.6694184371716876,0.02051,19.1915,0.1
Weather,multiclass,Distributive,8,8,murmur,4,64,0.5226250106121063,0.3822860134670608,0.48820170052909917,0.8020205711101399,0.02048,13.1058,0.1
Weather,multiclass,Distributive,8,8,murmur,4,256,0.5930044995330673,0.4670558735488801,0.5656774212293533,0.8341943823447271,0.02065,13.1218,0.1
Weather,multiclass,Distributive,8,8,murmur,4,1024,0.5794210034807709,0.5013900048512029,0.5627671974394577,0.8158317532642375,0.02025,12.5118,0.1
Weather,multiclass,Distributive,8,8,murmur,8,16,0.38076237371593513,0.06925144999915091,0.21131649760442744,0.5582155858345552,0.02238,19.4215,0.1
Weather,multiclass,Distributive,8,8,murmur,8,64,0.5126071822735376,0.37440027130006337,0.4715370856232598,0.7803988332511569,0.02408,16.7205,0.1
Weather,multiclass,Distributive,8,8,murmur,8,256,0.564903642074879,0.4730515006557947,0.5377235995603473,0.824363752767139,0.02206,13.6832,0.1
Weather,multiclass,Distributive,8,8,murmur,8,1024,0.5750912641141014,0.49229989747957936,0.5588820610819348,0.8269727179711426,0.02088,13.0846,0.1
Weather,multiclass,Distributive,8,8,simhash,2,16,0.44248238390355715,0.20526141492903524,0.3631827190941038,0.7103088056308318,0.07413,36.6322,0.1
Weather,multiclass,Distributive,8,8,simhash,2,64,0.5559894727905594,0.4380205269554409,0.5306958451662664,0.8072324694486717,0.07411,32.3355,0.1
Weather,multiclass,Distributive,8,8,simhash,2,256,0.5676203412853383,0.4928927499802601,0.5516580086665794,0.8394974757561984,0.07471,31.897,0.1
Weather,multiclass,Distributive,8,8,simhash,2,1024,0.5880804822141099,0.4634788081001848,0.5682891031182125,0.8344782478666538,0.07125,30.0137,0.1
Weather,multiclass,Distributive,8,8,simhash,4,16,0.4496137193310128,0.21122199897719646,0.36484324584325245,0.6508441476992728,0.0727,36.0223,0.1
Weather,multiclass,Distributive,8,8,simhash,4,64,0.5033534255879107,0.32677797335748104,0.4537137167197342,0.7828362444552155,0.07428,30.7701,0.1
Weather,multiclass,Distributive,8,8,simhash,4,256,0.5890992444180321,0.49185589761784865,0.5706691166857552,0.8208497254943985,0.07432,30.4534,0.1
Weather,multiclass,Distributive,8,8,simhash,4,1024,0.5926649121317599,0.49949961754501854,0.5693796718025834,0.8291811849557331,0.08364,35.5353,0.1
Weather,multiclass,Distributive,8,8,simhash,8,16,0.38203582647083795,0.06910743903188156,0.21121214068662333,0.5599763517134877,0.07519,37.3659,0.1
Weather,multiclass,Distributive,8,8,simhash,8,64,0.49766533661601153,0.3290430633224751,0.44333854355282715,0.7517234574271732,0.07364,33.7601,0.1
Weather,multiclass,Distributive,8,8,simhash,8,256,0.5696578656931828,0.5039098620544351,0.5540660035093968,0.8319135741690162,0.07397,29.9934,0.1
Weather,multiclass,Distributive,8,8,simhash,8,1024,0.5824772900925376,0.4946672184631129,0.5661484683507775,0.8348808415651392,0.0705,31.1535,0.1
Weather,multiclass,Distributive,8,8,h3,2,16,0.45207572799049156,0.2305921912974787,0.3995393351956823,0.6615671168733683,0.01404,17.6382,0.1
Weather,multiclass,Distributive,8,8,h3,2,64,0.48756261142711604,0.36043840179718833,0.4506934234356845,0.7823928571454375,0.02084,14.2925,0.1
Weather,multiclass,Distributive,8,8,h3,2,256,0.5803548688343663,0.46557242548726924,0.5566333550429545,0.8264093946316297,0.02043,13.2163,0.1
Weather,multiclass,Distributive,8,8,h3,2,1024,0.5992868664572545,0.4953239052936511,0.5760933076681456,0.8434215402023867,0.01849,14.9594,0.1
Weather,multiclass,Distributive,8,8,h3,4,16,0.38203582647083795,0.06910743903188156,0.21121214068662333,0.6399256783859737,0.0218,18.1377,0.1
Weather,multiclass,Distributive,8,8,h3,4,64,0.4896850326852874,0.2957275232336924,0.4382608473975356,0.774105860216006,0.02141,13.7764,0.1
Weather,multiclass,Distributive,8,8,h3,4,256,0.5883351727650904,0.4715370884655076,0.5700657593376341,0.8214163636604176,0.02297,15.4277,0.1
Weather,multiclass,Distributive,8,8,h3,4,1024,0.604720264878173,0.5082352045531566,0.5878775103358171,0.8412862907019754,0.0221,13.4007,0.1
Weather,multiclass,Distributive,8,8,h3,8,16,0.38059258001528146,0.07381978817602089,0.21597439675127952,0.6023771062992034,0.02503,21.7723,0.1
Weather,multiclass,Distributive,8,8,h3,8,64,0.4984294082689532,0.2917927404658208,0.4404807972143423,0.7685822635469783,0.02496,15.8647,0.1
Weather,multiclass,Distributive,8,8,h3,8,256,0.5636301893199762,0.37465003756491266,0.5392592481208792,0.8332113521736348,0.02504,14.4102,0.1
Weather,multiclass,Distributive,8,8,h3,8,1024,0.5745818830121403,0.47029950790209396,0.5444055330661982,0.8189054199400561,0.02667,15.3974,0.1
Weather,multiclass,Distributive,8,16,murmur,2,16,0.3922234485100603,0.11164812859530372,0.2566357557028203,0.5938844724843502,0.01744,14.3427,0.1
Weather,multiclass,Distributive,8,16,murmur,2,64,0.49333559724934206,0.29270989049497476,0.4350339751022866,0.7121957261861527,0.01786,11.3263,0.1
Weather,multiclass,Distributive,8,16,murmur,2,256,0.6169454113252398,0.5191807078327514,0.6040943655771147,0.8518866831264053,0.0181,8.7371,0.1
Weather,multiclass,Distributive,8,16,murmur,2,1024,0.6446217845317939,0.586610280949516,0.6416107899074553,0.8761663037262057,0.02039,8.1705,0.1
Weather,multiclass,Distributive,8,16,murmur,4,16,0.38203582647083795,0.06910743903188156,0.21121214068662333,0.5656935559060214,0.01669,13.6218,0.1
Weather,multiclass,Distributive,8,16,murmur,4,64,0.4232107988793616,0.17328817169832228,0.320680661358501,0.6991931009981734,0.01798,12.0357,0.1
Weather,multiclass,Distributive,8,16,murmur,4,256,0.6083708294422276,0.5228771877435177,0.5897576827992626,0.8441659562817103,0.01785,8.2911,0.1
Weather,multiclass,Distributive,8,16,murmur,4,1024,0.6424993632736226,0.5932646184201771,0.6306201892490445,0.8647614249851501,0.01803,7.4409,0.1
Weather,multiclass,Distributive,8,16,murmur,8,16,0.38203582647083795,0.06910743903188156,0.21121214068662333,0.5439297090865731,0.01806,14.0495,0.1
Weather,multiclass,Distributive,8,16,murmur,8,64,0.39281772646234825,0.08924933135375424,0.23298860899319887,0.6321561914936248,0.02018,13.2096,0.1
Weather,multiclass,Distributive,8,16,murmur,8,256,0.5983530011036591,0.507432763997272,0.5697648801640331,0.8323748799029874,0.01843,9.691,0.1
Weather,multiclass,Distributive,8,16,murmur,8,1024,0.6466593089396383,0.5819152377108049,0.6354249398479604,0.8788479168524663,0.01805,8.208,0.1
Weather,multiclass,Distributive,8,16,simhash,2,16,0.38135665166822313,0.06901849917030299,0.21094031497842836,0.6039925694302959,0.07712,31.1405,0.1
Weather,multiclass,Distributive,8,16,simhash,2,64,0.5064097121996773,0.33104181998476157,0.46384547317650193,0.7495165682555187,0.07287,28.2967,0.1
Weather,multiclass,Distributive,8,16,simhash,2,256,0.6159266491213176,0.5178791834067146,0.6014970829996132,0.8452081870697346,0.08221,27.2399,0.1
Weather,multiclass,Distributive,8,16,simhash,2,1024,0.6300195262755752,0.5788117578404386,0.6257878844874353,0.874020717215237,0.0729,26.193,0.1
Weather,multiclass,Distributive,8,16,simhash,4,16,0.38203582647083795,0.06910743903188156,0.21121214068662333,0.5617528524817903,0.08612,37.5683,0.1
Weather,multiclass,Distributive,8,16,simhash,4,64,0.4442652177604211,0.20020436487162285,0.34964559395095995,0.6734568806050572,0.08144,29.3599,0.1
Weather,multiclass,Distributive,8,16,simhash,4,256,0.626623652262501,0.5557723325606209,0.6046128340235779,0.8455982786069655,0.07328,25.9612,0.1
Weather,multiclass,Distributive,8,16,simhash,4,1024,0.6412259105187198,0.5853272586322444,0.6298242256087322,0.8641932584411853,0.08049,25.8773,0.1
Weather,multiclass,Distributive,8,16,simhash,8,16,0.38203582647083795,0.06910743903188156,0.21121214068662333,0.5399146033192513,0.0821,32.6596,0.1
Weather,multiclass,Distributive,8,16,simhash,8,64,0.3833092792257407,0.07876185168180164,0.22101458577040156,0.6132272226449134,0.08383,30.361,0.1
Weather,multiclass,Distributive,8,16,simhash,8,256,0.5836658459971135,0.48224819173917965,0.5528728217309321,0.8300349856617256,0.07699,27.0592,0.1
Weather,multiclass,Distributive,8,16,simhash,8,1024,0.6575261057814755,0.5943165352749175,0.649384306838207,0.873766138237285,0.07449,26.2045,0.1
Weather,multiclass,Distributive,8,16,h3,2,16,0.46328211223363613,0.2179827250595872,0.3774720206367299,0.6214783148953149,0.01885,14.1625,0.1
Weather,multiclass,Distributive,8,16,h3,2,64,0.5017403854317005,0.3034288587090671,0.4557031205281465,0.7125286131358616,0.02086,11.1611,0.1
Weather,multiclass,Distributive,8,16,h3,2,256,0.6200865947873334,0.5577834124739541,0.6026710991604681,0.8342978299728139,0.01639,8.7917,0.1
Weather,multiclass,Distributive,8,16,h3,2,1024,0.6158417522709907,0.5517018758548758,0.6109010824883089,0.8668319046167183,0.01862,9.0968,0.1
Weather,multiclass,Distributive,8,16,h3,4,16,0.38203582647083795,0.06910743903188156,0.21121214068662333,0.5609268057738658,0.0206,14.5415,0.1
Weather,multiclass,Distributive,8,16,h3,4,64,0.45691484845912217,0.2459084516030689,0.3796986996942485,0.6937865212657855,0.02055,13.3314,0.1
Weather,multiclass,Distributive,8,16,h3,4,256,0.6105781475507258,0.5390521078395067,0.5937917747882314,0.8478200144704638,0.02087,9.6164,0.1
Weather,multiclass,Distributive,8,16,h3,4,1024,0.6450462687834282,0.587287245337845,0.6394466639803531,0.8679994433378913,0.02131,9.6994,0.1
Weather,multiclass,Distributive,8,16,h3,8,16,0.38203582647083795,0.06910743903188156,0.21121214068662333,0.5307660226570742,0.02436,16.734,0.1
Weather,multiclass,Distributive,8,16,h3,8,64,0.38967654300025467,0.08364257351544316,0.22680278504512436,0.6389697520327247,0.02443,14.2359,0.1
Weather,multiclass,Distributive,8,16,h3,8,256,0.5958060955938534,0.4673735935345021,0.5647596176756905,0.8250735411020689,0.02351,9.8736,0.1
Weather,multiclass,Distributive,8,16,h3,8,1024,0.6569318278291876,0.5962597803345269,0.6502442319786437,0.8725245991798702,0.02546,10.5151,0.1
Weather,multiclass,Distributive,16,4,murmur,2,16,0.5218609389591646,0.3241411833481957,0.4830612930895917,0.7687379416236626,0.05531,79.7946,0.1
Weather,multiclass,Distributive,16,4,murmur,2,64,0.5373970625689787,0.42141026064832154,0.5123578403369308,0.7796586751065164,0.05731,75.6203,0.1
Weather,multiclass,Distributive,16,4,murmur,2,256,0.5553951948382715,0.41691460413888637,0.5121098438058408,0.7836231086691113,0.06628,72.658,0.1
Weather,multiclass,Distributive,16,4,murmur,2,1024,0.5644791578232448,0.4343279490968366,0.530390476718572,0.7792662126712746,0.05602,76.0381,0.1
Weather,multiclass,Distributive,16,4,murmur,4,16,0.4776296799388743,0.2581296564972445,0.42976014964515186,0.7500652413530489,0.05606,85.9173,0.1
Weather,multiclass,Distributive,16,4,murmur,4,64,0.5708464215977587,0.4476717238237139,0.5435046728915988,0.794364763070617,0.05676,75.8756,0.1
Weather,multiclass,Distributive,16,4,murmur,4,256,0.5742422956108328,0.4541011895297912,0.5500945630863047,0.7889525878497693,0.05476,74.1872,0.1
Weather,multiclass,Distributive,16,4,murmur,4,1024,0.5320485609983869,0.3564418079182762,0.4959611809743588,0.7756382670187727,0.06564,77.4208,0.1
Weather,multiclass,Distributive,16,4,murmur,8,16,0.45139655318787675,0.24613055948766083,0.40830444884702793,0.7408277866756858,0.07118,118.7035,0.1
Weather,multiclass,Distributive,16,4,murmur,8,64,0.5431700483912046,0.4144856466157204,0.5144833536933764,0.7893221992291589,0.05992,74.7739,0.1
Weather,multiclass,Distributive,16,4,murmur,8,256,0.5387554121742083,0.4001656714965365,0.5086406848713614,0.7839172507824685,0.05908,76.8945,0.1
Weather,multiclass,Distributive,16,4,murmur,8,1024,0.5551405042872909,0.41751611139276457,0.5211189637556078,0.7885534538745823,0.0573,77.9567,0.1
Weather,multiclass,Distributive,16,4,simhash,2,16,0.5338313948552509,0.38965869791737134,0.5017571735452225,0.7696030356749228,0.21497,140.5519,0.1
Weather,multiclass,Distributive,16,4,simhash,2,64,0.5536123609814075,0.4302129725729866,0.5290669351358261,0.7964602349633064,0.21436,128.8359,0.1
Weather,multiclass,Distributive,16,4,simhash,2,256,0.5515748365735631,0.43994012439338126,0.5222293525663989,0.7818218945387605,0.21224,138.3356,0.1
Weather,multiclass,Distributive,16,4,simhash,2,1024,0.55165973342389,0.4164153853905048,0.5119502486951124,0.7856272821695998,0.21003,135.3666,0.1
Weather,multiclass,Distributive,16,4,simhash,4,16,0.5154936751846506,0.34978024832169713,0.4689061425601347,0.7521764599136179,0.21437,147.224,0.1
Weather,multiclass,Distributive,16,4,simhash,4,64,0.5294167586382545,0.40008141554118837,0.4999400344931261,0.7862510557862344,0.21775,139.6863,0.1
Weather,multiclass,Distributive,16,4,simhash,4,256,0.5594702436539605,0.4588484330876711,0.5302944628181502,0.7802224870253316,0.22715,139.5054,0.1
Weather,multiclass,Distributive,16,4,simhash,4,1024,0.5593004499533067,0.45465030368581916,0.5315231767565837,0.7764115893404222,0.2174,141.1748,0.1
Weather,multiclass,Distributive,16,4,simhash,8,16,0.49333559724934206,0.2716454144401918,0.4411027250887916,0.7331130506586437,0.22514,176.3609,0.1
Weather,multiclass,Distributive,16,4,simhash,8,64,0.5581967908990576,0.39462967476629524,0.5064088812358608,0.7879567013568851,0.23644,141.5088,0.1
Weather,multiclass,Distributive,16,4,simhash,8,256,0.5432549452415315,0.4220370058087645,0.5200892406463294,0.7789987345759715,0.22767,139.1719,0.1
Weather,multiclass,Distributive,16,4,simhash,8,1024,0.5596400373546141,0.3873655396278255,0.5206566943971307,0.7772317717317847,0.22898,141.0157,0.1
Weather,multiclass,Distributive,16,4,h3,2,16,0.5155785720349775,0.3395408511805119,0.4598431456463045,0.7657050333945261,0.05545,81.425,0.1
Weather,multiclass,Distributive,16,4,h3,2,64,0.5517446302742168,0.3820564934800509,0.5148499123295802,0.7820106980381691,0.05438,91.153,0.1
Weather,multiclass,Distributive,16,4,h3,2,256,0.5503013838186603,0.4074936339330153,0.5030433787503199,0.7802896789750864,0.05632,72.8966,0.1
Weather,multiclass,Distributive,16,4,h3,2,1024,0.5454622633500297,0.40096066735365987,0.5056576621252262,0.7699936830698801,0.06767,81.5638,0.1
Weather,multiclass,Distributive,16,4,h3,4,16,0.5145598098310553,0.29719683964407373,0.47376803042389565,0.7687795103874819,0.06013,82.953,0.1
Weather,multiclass,Distributive,16,4,h3,4,64,0.555734782239579,0.39192164644635186,0.5181938789427826,0.7802357937169893,0.06143,77.7927,0.1
Weather,multiclass,Distributive,16,4,h3,4,256,0.5200781051023007,0.36544200520184056,0.4902600630423247,0.7690808456948746,0.05903,74.9396,0.1
Weather,multiclass,Distributive,16,4,h3,4,1024,0.5534425672807539,0.3593349957641724,0.5147917179157098,0.79101136114143,0.06175,80.0459,0.1
Weather,multiclass,Distributive,16,4,h3,8,16,0.5239833602173359,0.2788983391984631,0.46421868517589904,0.7505613010494646,0.06117,96.3842,0.1
Weather,multiclass,Distributive,16,4,h3,8,64,0.5200781051023007,0.31423358513203375,0.483040453291585,0.7717925830382906,0.07166,77.2831,0.1
Weather,multiclass,Distributive,16,4,h3,8,256,0.5261057814755072,0.36208756535875863,0.49511436715508816,0.7751303157689944,0.06396,78.0236,0.1
Weather,multiclass,Distributive,16,4,h3,8,1024,0.5523389082265048,0.3921682577848534,0.5234714529735339,0.7864798681446281,0.0666,79.6024,0.1
Weather,multiclass,Distributive,16,8,murmur,2,16,0.46124458782579164,0.2374334029952699,0.39901277208165137,0.7289701026533535,0.03494,39.5367,0.1
Weather,multiclass,Distributive,16,8,murmur,2,64,0.5801001782833857,0.45591599512128805,0.5532602556376551,0.8250751663549172,0.0346,26.3691,0.1
Weather,multiclass,Distributive,16,8,murmur,2,256,0.6095593853468037,0.5361536590486944,0.5880552531495269,0.8522583725390154,0.03417,23.3492,0.1
Weather,multiclass,Distributive,16,8,murmur,2,1024,0.6037863995245777,0.5072021411668141,0.5883705459341834,0.8589288933099531,0.03521,22.725,0.1
Weather,multiclass,Distributive,16,8,murmur,4,16,0.4496137193310128,0.22404170270277032,0.3821251048204959,0.6894199544064226,0.03588,41.9708,0.1
Weather,multiclass,Distributive,16,8,murmur,4,64,0.5836658459971135,0.45187772898379464,0.5609881208236431,0.8328290954760256,0.03632,27.4446,0.1
Weather,multiclass,Distributive,16,8,murmur,4,256,0.6163511333729519,0.5137856798700596,0.5942132848779207,0.8574027100605873,0.03552,26.261,0.1
Weather,multiclass,Distributive,16,8,murmur,4,1024,0.6023431530690211,0.5206514084313955,0.591334142661437,0.8545586204043636,0.03639,24.6153,0.1
Weather,multiclass,Distributive,16,8,murmur,8,16,0.41353255794210037,0.1444999581399068,0.29720905308136814,0.6657769369702102,0.03414,49.1647,0.1
Weather,multiclass,Distributive,16,8,murmur,8,64,0.5564988538925206,0.4287780778164978,0.5214556323366948,0.8146946639605789,0.03433,32.6699,0.1
Weather,multiclass,Distributive,16,8,murmur,8,256,0.605908820782749,0.518633078634922,0.5863228463203117,0.8564768816005003,0.03699,25.6908,0.1
Weather,multiclass,Distributive,16,8,murmur,8,1024,0.6164360302232788,0.516096752102458,0.5924205364618047,0.8548763490114962,0.03903,23.605,0.1
Weather,multiclass,Distributive,16,8,simhash,2,16,0.4765260208846252,0.24665520202892485,0.41178834141240656,0.7380278942156638,0.15631,78.0811,0.1
Weather,multiclass,Distributive,16,8,simhash,2,64,0.5796756940317515,0.48173852720695487,0.5507006594707974,0.8195616270078424,0.15279,66.2089,0.1
Weather,multiclass,Distributive,16,8,simhash,2,256,0.6042957806265388,0.5167773966857777,0.585661055120896,0.8506788840294423,0.14285,76.9388,0.1
Weather,multiclass,Distributive,16,8,simhash,2,1024,0.5867221326088802,0.44882943087838023,0.563605932603463,0.8496010154059253,0.15521,64.7849,0.1
Weather,multiclass,Distributive,16,8,simhash,4,16,0.46217845317938705,0.22631744461104888,0.38982218557671605,0.7018293853005988,0.15261,82.2108,0.1
Weather,multiclass,Distributive,16,8,simhash,4,64,0.5750063672637745,0.46796106891418576,0.5476391549780604,0.8342999251471569,0.15779,67.5084,0.1
Weather,multiclass,Distributive,16,8,simhash,4,256,0.6045504711775194,0.5179446228810652,0.5855243637141704,0.8507685137891969,0.15685,65.0904,0.1
Weather,multiclass,Distributive,16,8,simhash,4,1024,0.5975040326003905,0.5014889956580956,0.5809313617959837,0.8475388135130717,0.15592,67.8854,0.1
Weather,multiclass,Distributive,16,8,simhash,8,16,0.42125817132184395,0.15692326801819675,0.3120033098261104,0.6413860304780752,0.15365,90.0558,0.1
Weather,multiclass,Distributive,16,8,simhash,8,64,0.5567535444435011,0.36306758369869574,0.5106630052914818,0.8283721253008005,0.16443,71.2658,0.1
Weather,multiclass,Distributive,16,8,simhash,8,256,0.6042108837762119,0.5239313624443233,0.5871603634375981,0.8543425947479243,0.15046,64.5662,0.1
Weather,multiclass,Distributive,16,8,simhash,8,1024,0.6107479412513795,0.4987123838732731,0.5893362633918229,0.8604534792819456,0.15832,68.1882,0.1
Weather,multiclass,Distributive,16,8,h3,2,16,0.49690126496306986,0.2546833817458506,0.42609425250854094,0.7692507974343358,0.03734,39.5585,0.1
Weather,multiclass,Distributive,16,8,h3,2,64,0.5602343153069022,0.4468899009541434,0.5357118859654091,0.8309819851037625,0.03326,27.5637,0.1
Weather,multiclass,Distributive,16,8,h3,2,256,0.6158417522709907,0.5291088829757721,0.5979126864435316,0.8417612829744962,0.0312,24.7983,0.1
Weather,multiclass,Distributive,16,8,h3,2,1024,0.6342643687919178,0.542846675813883,0.6178669070562687,0.8587558327298571,0.03607,26.4706,0.1
Weather,multiclass,Distributive,16,8,h3,4,16,0.4463876390185924,0.19770920870223582,0.3588770629675227,0.7011091271704066,0.03927,43.2553,0.1
Weather,multiclass,Distributive,16,8,h3,4,64,0.604720264878173,0.4719838236576846,0.5789967803837439,0.8327290250106255,0.04509,29.23,0.1
Weather,multiclass,Distributive,16,8,h3,4,256,0.615077680618049,0.5293818853459233,0.5909901617860208,0.8545345694326962,0.03924,25.8059,0.1
Weather,multiclass,Distributive,16,8,h3,4,1024,0.6031072247219628,0.49359246395655104,0.5805850202030297,0.8553905877269417,0.04289,28.7149,0.1
Weather,multiclass,Distributive,16,8,h3,8,16,0.4124288988878513,0.12932820558279345,0.27831956803072905,0.6793519159201191,0.04597,47.8696,0.1
Weather,multiclass,Distributive,16,8,h3,8,64,0.5382460310722472,0.35305435681414493,0.48998780422383087,0.816091419910387,0.04155,33.2423,0.1
Weather,multiclass,Distributive,16,8,h3,8,256,0.572374564903642,0.4455139311465239,0.548464490231561,0.8483226814954823,0.04726,27.926,0.1
Weather,multiclass,Distributive,16,8,h3,8,1024,0.5769589948212921,0.45953020742236694,0.5526753428397291,0.8418333691907247,0.04712,28.1595,0.1
Weather,multiclass,Distributive,16,16,murmur,2,16,0.420069615417268,0.1694479060191961,0.3204763814973529,0.6324755303860399,0.02598,21.4907,0.1
Weather,multiclass,Distributive,16,16,murmur,2,64,0.5235588759657017,0.33104823145296747,0.47716317060152624,0.7964939381630673,0.02193,15.7632,0.1
Weather,multiclass,Distributive,16,16,murmur,2,256,0.6517531199592496,0.5953610100984099,0.6364878811163571,0.8801351042388001,0.02565,10.8562,0.1
Weather,multiclass,Distributive,16,16,murmur,2,1024,0.6981916970880381,0.6457054550755834,0.6889723952776057,0.9066772931195706,0.02508,10.9527,0.1
Weather,multiclass,Distributive,16,16,murmur,4,16,0.38203582647083795,0.06910743903188156,0.21121214068662333,0.5606309776830116,0.02539,20.9475,0.1
Weather,multiclass,Distributive,16,16,murmur,4,64,0.4207487902198828,0.15644016810566772,0.30107824352595275,0.7210612657237536,0.02435,17.0788,0.1
Weather,multiclass,Distributive,16,16,murmur,4,256,0.6253501995075983,0.5426486600401079,0.6077610675907769,0.8723942011363066,0.0247,11.7619,0.1
Weather,multiclass,Distributive,16,16,murmur,4,1024,0.6743356821461923,0.6123187924733907,0.6618997897189586,0.8995878210997614,0.02801,10.5904,0.1
Weather,multiclass,Distributive,16,16,murmur,8,16,0.38203582647083795,0.06910743903188156,0.21121214068662333,0.5524564333945983,0.0249,21.5862,0.1
Weather,multiclass,Distributive,16,16,murmur,8,64,0.38483742253162406,0.07552478961584434,0.21847677636343107,0.690362305336667,0.02681,18.8059,0.1
Weather,multiclass,Distributive,16,16,murmur,8,256,0.5965701672467951,0.5022592942627327,0.5677116186912836,0.8637183830600978,0.02937,13.8102,0.1
Weather,multiclass,Distributive,16,16,murmur,8,1024,0.7031157144069955,0.6516318288088333,0.692522748182387,0.908165695810015,0.02546,10.9531,0.1
Weather,multiclass,Distributive,16,16,simhash,2,16,0.40071313354274557,0.12096407065677728,0.26674803626782057,0.5924986554738412,0.11387,52.4272,0.1
Weather,multiclass,Distributive,16,16,simhash,2,64,0.5075982681042533,0.32127631278661123,0.4489225588745928,0.7793727999729615,0.11477,43.7287,0.1
Weather,multiclass,Distributive,16,16,simhash,2,256,0.6655913065625265,0.5873177263446303,0.6514917250359498,0.8881303553814461,0.11233,38.2782,0.1
Weather,multiclass,Distributive,16,16,simhash,2,1024,0.6916546396128703,0.6395564351599571,0.686035423340536,0.9006509247161492,0.11351,37.8675,0.1
Weather,multiclass,Distributive,16,16,simhash,4,16,0.38203582647083795,0.06910743903188156,0.21121214068662333,0.5794312598941014,0.1141,48.8039,0.1
Weather,multiclass,Distributive,16,16,simhash,4,64,0.4159096697512522,0.1413770692262354,0.28699785947084894,0.7163602902856993,0.11801,45.8702,0.1
Weather,multiclass,Distributive,16,16,simhash,4,256,0.6571016215298412,0.5924795645719195,0.6401186090387987,0.8871167810557328,0.11753,39.6182,0.1
Weather,multiclass,Distributive,16,16,simhash,4,1024,0.689532218354699,0.6604525137106001,0.6828767654175089,0.9077381192691252,0.11885,38.6381,0.1
Weather,multiclass,Distributive,16,16,simhash,8,16,0.38203582647083795,0.06910743903188156,0.21121214068662333,0.5447517029715543,0.12769,52.9587,0.1
Weather,multiclass,Distributive,16,16,simhash,8,64,0.38381866032770184,0.07265263611523921,0.2150144038935581,0.6387299553273392,0.11626,49.5582,0.1
Weather,multiclass,Distributive,16,16,simhash,8,256,0.5968248577977757,0.47435679615865195,0.5588777894974895,0.8586672189726648,0.12904,41.9142,0.1
Weather,multiclass,Distributive,16,16,simhash,8,1024,0.7013328805501315,0.6432744936435988,0.6928581684500713,0.9020787988881052,0.12138,38.6246,0.1
Weather,multiclass,Distributive,16,16,h3,2,16,0.40869343747346976,0.1381737935090709,0.29103349934862405,0.6064571007891885,0.02593,21.2542,0.1
Weather,multiclass,Distributive,16,16,h3,2,64,0.525681297223873,0.31262105303450716,0.47214077026439716,0.7952014219258068,0.02605,17.1961,0.1
Weather,multiclass,Distributive,16,16,h3,2,256,0.6678835215213516,0.5945114103605125,0.6544434718191151,0.8885287910780296,0.02828,13.0932,0.1
Weather,multiclass,Distributive,16,16,h3,2,1024,0.7007386025978436,0.6589718606503872,0.6960033222890869,0.9104641054126317,0.02567,12.4335,0.1
Weather,multiclass,Distributive,16,16,h3,4,16,0.38203582647083795,0.06910743903188156,0.21121214068662333,0.5834141502769216,0.02973,24.2658,0.1
Weather,multiclass,Distributive,16,16,h3,4,64,0.47983699804737245,0.24510992410121868,0.40068918103717727,0.7326477004510323,0.0312,19.9001,0.1
Weather,multiclass,Distributive,16,16,h3,4,256,0.624331437303676,0.5157180646304728,0.6039122080935372,0.8745444939658433,0.03075,14.5329,0.1
Weather,multiclass,Distributive,16,16,h3,4,1024,0.6778164530095934,0.632621194886168,0.6697521411441043,0.8999913998719885,0.03113,14.4954,0.1
Weather,multiclass,Distributive,16,16,h3,8,16,0.38203582647083795,0.06910743903188156,0.21121214068662333,0.5527896185359713,0.03509,27.812,0.1
Weather,multiclass,Distributive,16,16,h3,8,64,0.39876050598522794,0.109503022284175,0.25379545240953566,0.6798350687562457,0.03485,25.0285,0.1
Weather,multiclass,Distributive,16,16,h3,8,256,0.5886747601663979,0.438350549472861,0.5523581902649435,0.8497776762056065,0.03625,16.7947,0.1
Weather,multiclass,Distributive,16,16,h3,8,1024,0.6863910348926054,0.6154795197027659,0.6766153713656414,0.8985298574712693,0.03179,15.0071,0.1
Weather,multiclass,Gaussian,8,4,murmur,2,16,0.49715595551405045,0.27250777037904533,0.4455211286348359,0.7751753052301501,0.03408,35.8553,0.1
Weather,multiclass,Gaussian,8,4,murmur,2,64,0.5628661176670345,0.43879032456800815,0.5339081418974356,0.7929115597694522,0.03121,32.5212,0.1
Weather,multiclass,Gaussian,8,4,murmur,2,256,0.5405382460310723,0.4048667648719524,0.49841563241539727,0.7958656409054664,0.03033,32.7563,0.1
Weather,multiclass,Gaussian,8,4,murmur,2,1024,0.5493675184650649,0.3908577598320231,0.5024073252263646,0.7971649105583873,0.03055,32.542,0.1
Weather,multiclass,Gaussian,8,4,murmur,4,16,0.5305204176925036,0.29498134604029536,0.48077410821245214,0.7811883109194708,0.02841,37.3522,0.1
Weather,multiclass,Gaussian,8,4,murmur,4,64,0.5269547499787758,0.38245554928651043,0.4864767501380129,0.7896500786741967,0.03189,33.3668,0.1
Weather,multiclass,Gaussian,8,4,murmur,4,256,0.5444435011461075,0.38893222837552155,0.5036639970268035,0.7885511327897063,0.03249,30.6595,0.1
Weather,multiclass,Gaussian,8,4,murmur,4,1024,0.542405976738263,0.3277422791272747,0.48718110580225865,0.7822840071501833,0.02932,32.55,0.1
Weather,multiclass,Gaussian,8,4,murmur,8,16,0.45139655318787675,0.23242695223697674,0.4117570096183833,0.6739999495285279,0.03682,33.8445,0.1
Weather,multiclass,Gaussian,8,4,murmur,8,64,0.4987689956702606,0.3530019182537246,0.45105581851372056,0.7815866804413829,0.031,32.1594,0.1
Weather,multiclass,Gaussian,8,4,murmur,8,256,0.5033534255879107,0.38835551223184417,0.4789790897641415,0.7930916383325706,0.03347,31.4314,0.1
Weather,multiclass,Gaussian,8,4,murmur,8,1024,0.5387554121742083,0.37497514065426846,0.508389556162011,0.7932581473816556,0.03629,35.6732,0.1
Weather,multiclass,Gaussian,8,4,simhash,2,16,0.5127769759741914,0.37045582098158053,0.47346214903910394,0.748821933420475,0.09139,59.0914,0.1
Weather,multiclass,Gaussian,8,4,simhash,2,64,0.5361236098140759,0.403226162561021,0.5049705211544446,0.7956567216235828,0.11218,57.056,0.1
Weather,multiclass,Gaussian,8,4,simhash,2,256,0.5513201460225826,0.41951346784495536,0.5147386456031774,0.793403612211061,0.09943,56.0182,0.1
Weather,multiclass,Gaussian,8,4,simhash,2,1024,0.5382460310722472,0.3658747223138309,0.4886252713645495,0.7920335526529114,0.09407,56.4195,0.1
Weather,multiclass,Gaussian,8,4,simhash,4,16,0.48501570591731047,0.2326957670412756,0.4096977882940899,0.7561178128404642,0.10116,62.4795,0.1
Weather,multiclass,Gaussian,8,4,simhash,4,64,0.5473299940572205,0.4239426729420814,0.515134305654345,0.7952073025615418,0.10067,57.4506,0.1
Weather,multiclass,Gaussian,8,4,simhash,4,256,0.5594702436539605,0.4316350080900036,0.5313494039931855,0.8046131671536021,0.10304,65.7224,0.1
Weather,multiclass,Gaussian,8,4,simhash,4,1024,0.5304355208421767,0.31333705997573386,0.4921754476617035,0.8054170342404459,0.09894,57.7456,0.1
Weather,multiclass,Gaussian,8,4,simhash,8,16,0.4814500382035826,0.24271943956499514,0.41568077042046336,0.7246665221978856,0.10713,64.7892,0.1
Weather,multiclass,Gaussian,8,4,simhash,8,64,0.522200526360472,0.3728528841124673,0.4904718915030836,0.7931028063403938,0.09967,61.0713,0.1
Weather,multiclass,Gaussian,8,4,simhash,8,256,0.5586212751506919,0.4194698122917197,0.524331792221427,0.8080437950332299,0.11605,59.5994,0.1
Weather,multiclass,Gaussian,8,4,simhash,8,1024,0.5461414381526445,0.4167853156740007,0.5095799111934181,0.8026627140334225,0.10584,55.1427,0.1
Weather,multiclass,Gaussian,8,4,h3,2,16,0.4934204940996689,0.3334817284337398,0.4624601667909205,0.7633654771652222,0.02156,33.0276,0.1
Weather,multiclass,Gaussian,8,4,h3,2,64,0.5443586042957806,0.3831826384018445,0.4925281193793362,0.7980451048376258,0.03556,32.3585,0.1
Weather,multiclass,Gaussian,8,4,h3,2,256,0.5298412428898888,0.33580972870929104,0.500751493973298,0.8037176620510683,0.03168,34.0639,0.1
Weather,multiclass,Gaussian,8,4,h3,2,1024,0.508956617709483,0.3620508074303364,0.4846619060802671,0.7888119631807672,0.03199,29.8336,0.1
Weather,multiclass,Gaussian,8,4,h3,4,16,0.5064946090500042,0.28642434728910343,0.4515995017659374,0.7452444286267805,0.03019,36.0407,0.1
Weather,multiclass,Gaussian,8,4,h3,4,64,0.551065455471602,0.37841303047715386,0.5143630719957156,0.8139339710269341,0.02971,30.0743,0.1
Weather,multiclass,Gaussian,8,4,h3,4,256,0.5413872145343408,0.3522986160911935,0.5045816904115054,0.798899849636584,0.03348,32.465,0.1
Weather,multiclass,Gaussian,8,4,h3,4,1024,0.5390949995755158,0.3052742935270181,0.48282528468995456,0.8025943309791574,0.03362,28.0576,0.1
Weather,multiclass,Gaussian,8,4,h3,8,16,0.4597164445199083,0.24381200001832043,0.4137330230013931,0.7215603424409471,0.03594,40.3854,0.1
Weather,multiclass,Gaussian,8,4,h3,8,64,0.5362085066644028,0.38741123719207415,0.5072343315590547,0.7835316374230148,0.0352,32.531,0.1
Weather,multiclass,Gaussian,8,4,h3,8,256,0.5250870192715851,0.36027376343439604,0.495439039157941,0.78313284432577,0.03713,33.6401,0.1
Weather,multiclass,Gaussian,8,4,h3,8,1024,0.5421512861872825,0.3242636565637377,0.5001102557425569,0.8061887765263831,0.04361,36.7678,0.1
Weather,multiclass,Gaussian,8,8,murmur,2,16,0.3927328296120214,0.21393819253309684,0.3518396226837524,0.6559634400890987,0.02084,17.8102,0.1
Weather,multiclass,Gaussian,8,8,murmur,2,64,0.5474148909075474,0.4021558895578002,0.5207395781908647,0.8193968145807764,0.02015,13.5851,0.1
Weather,multiclass,Gaussian,8,8,murmur,2,256,0.5968248577977757,0.4654020790041982,0.5669893433781726,0.8229307792544247,0.02065,12.8372,0.1
Weather,multiclass,Gaussian,8,8,murmur,2,1024,0.5715255964003736,0.4807120929703276,0.5572212146085899,0.8425579027748318,0.02434,15.9324,0.1
Weather,multiclass,Gaussian,8,8,murmur,4,16,0.3953646319721538,0.1713663249487959,0.3217125093563524,0.6156691003037943,0.02024,17.7158,0.1
Weather,multiclass,Gaussian,8,8,murmur,4,64,0.5784871381271754,0.4663613979521628,0.5535477322630733,0.8219529651214095,0.02028,13.5443,0.1
Weather,multiclass,Gaussian,8,8,murmur,4,256,0.608795313693862,0.5241255477688099,0.5886165425005735,0.8552158155785723,0.01977,11.6882,0.1
Weather,multiclass,Gaussian,8,8,murmur,4,1024,0.6132948467611852,0.5343399618670772,0.5971628033569925,0.8396480927277158,0.02102,15.0904,0.1
Weather,multiclass,Gaussian,8,8,murmur,8,16,0.38203582647083795,0.06919244725997908,0.2114719501960478,0.5767933531838461,0.02101,19.4398,0.1
Weather,multiclass,Gaussian,8,8,murmur,8,64,0.543000254690551,0.3303964264487007,0.5049930479500255,0.7958670947079469,0.02079,15.169,0.1
Weather,multiclass,Gaussian,8,8,murmur,8,256,0.5991170727566008,0.500617704311457,0.5709578800861055,0.8277571541433983,0.02076,12.9847,0.1
Weather,multiclass,Gaussian,8,8,murmur,8,1024,0.6083708294422276,0.5439766048123442,0.5951262292471791,0.8508171922104775,0.02088,12.0719,0.1
Weather,multiclass,Gaussian,8,8,simhash,2,16,0.45241531539179897,0.22910742047206223,0.3939101443032254,0.7343060028039632,0.07038,33.9024,0.1
Weather,multiclass,Gaussian,8,8,simhash,2,64,0.5703370404957976,0.4678452668711485,0.5457364421066089,0.81957041312211,0.07238,31.1567,0.1
Weather,multiclass,Gaussian,8,8,simhash,2,256,0.5696578656931828,0.4722573888605721,0.545993854482689,0.8436723181339172,0.07064,31.6485,0.1
Weather,multiclass,Gaussian,8,8,simhash,2,1024,0.6184735546311232,0.5248682306403989,0.6015293775948909,0.8588369084786561,0.07402,31.8311,0.1
Weather,multiclass,Gaussian,8,8,simhash,4,16,0.454113252398336,0.22676409593392466,0.38653697714461716,0.6414818386760113,0.07155,35.9122,0.1
Weather,multiclass,Gaussian,8,8,simhash,4,64,0.5907122845742423,0.48695785985656825,0.5644955566596609,0.8327308623264569,0.07796,31.982,0.1
Weather,multiclass,Gaussian,8,8,simhash,4,256,0.6001358349605229,0.4964417998417806,0.5762933281744638,0.8526831186318744,0.06906,30.0922,0.1
Weather,multiclass,Gaussian,8,8,simhash,4,1024,0.5791663129297903,0.48320192909877224,0.5558501569974109,0.8368497472083398,0.07349,31.5306,0.1
Weather,multiclass,Gaussian,8,8,simhash,8,16,0.38203582647083795,0.06910743903188156,0.21121214068662333,0.5870962002643024,0.07401,39.4786,0.1
Weather,multiclass,Gaussian,8,8,simhash,8,64,0.49715595551405045,0.3353035980380573,0.450837967875581,0.7831775991571593,0.07185,33.4963,0.1
Weather,multiclass,Gaussian,8,8,simhash,8,256,0.6058239239324221,0.49653797053197124,0.5840178645133645,0.8529049729918412,0.07304,31.0594,0.1
Weather,multiclass,Gaussian,8,8,simhash,8,1024,0.5964003735461414,0.485162377829886,0.5691129360631163,0.8409605833397475,0.07538,30.3428,0.1
Weather,multiclass,Gaussian,8,8,h3,2,16,0.4353510484761015,0.25114536454048225,0.3707383680824751,0.6748326065575961,0.01816,16.3825,0.1
Weather,multiclass,Gaussian,8,8,h3,2,64,0.5747516767127939,0.4300799016229538,0.5475116008164406,0.8058724060622473,0.01979,14.9275,0.1
Weather,multiclass,Gaussian,8,8,h3,2,256,0.596060786144834,0.5053152003647344,0.574046898803326,0.8444356372992687,0.02035,12.8608,0.1
Weather,multiclass,Gaussian,8,8,h3,2,1024,0.611681806604975,0.5024037916373839,0.5836984981107887,0.8455982040998685,0.0212,13.1489,0.1
Weather,multiclass,Gaussian,8,8,h3,4,16,0.4031751422022243,0.1486475616552464,0.30073537037584286,0.6644234167326454,0.02183,19.8287,0.1
Weather,multiclass,Gaussian,8,8,h3,4,64,0.5807793530860005,0.44610203376577257,0.5506677565282473,0.8161502329258471,0.02166,14.5583,0.1
Weather,multiclass,Gaussian,8,8,h3,4,256,0.5971644451990831,0.49130701378360747,0.5662859381144157,0.8369737606128151,0.01705,13.2662,0.1
Weather,multiclass,Gaussian,8,8,h3,4,1024,0.6013243908650989,0.4904502352291331,0.5771938652184528,0.8475966387144463,0.02247,13.8128,0.1
Weather,multiclass,Gaussian,8,8,h3,8,16,0.3819509296205111,0.1198406789056468,0.26321578514816096,0.6053956510284404,0.02543,23.0976,0.1
Weather,multiclass,Gaussian,8,8,h3,8,64,0.5494524153153918,0.343179570884831,0.5072221180220197,0.7783528303480927,0.02542,16.2815,0.1
Weather,multiclass,Gaussian,8,8,h3,8,256,0.593768571186009,0.43201578225485016,0.5706433888988354,0.829887000389099,0.02492,13.4185,0.1
Weather,multiclass,Gaussian,8,8,h3,8,1024,0.5930044995330673,0.4678375205946509,0.5665369091647433,0.8375438343238673,0.02897,16.5211,0.1
Weather,multiclass,Gaussian,8,16,murmur,2,16,0.3776211902538416,0.10208518098907562,0.24506557245459382,0.5806315121062329,0.01769,13.8818,0.1
Weather,multiclass,Gaussian,8,16,murmur,2,64,0.540708039731726,0.42132982546662484,0.5073527109539403,0.7813847376709261,0.01741,11.2149,0.1
Weather,multiclass,Gaussian,8,16,murmur,2,256,0.6437728160285253,0.579191941981166,0.6331406204373164,0.8626161237654854,0.01689,9.6664,0.1
Weather,multiclass,Gaussian,8,16,murmur,2,1024,0.653196366414806,0.5729725382051207,0.6448360176110776,0.8870114823204471,0.01712,7.9007,0.1
Weather,multiclass,Gaussian,8,16,murmur,4,16,0.38619577213685374,0.08062623833926129,0.22365477841183176,0.5387812111858088,0.01226,10.5468,0.1
Weather,multiclass,Gaussian,8,16,murmur,4,64,0.46379149333559727,0.2623411877920836,0.4031893644536586,0.7526526500922539,0.01807,11.371,0.1
Weather,multiclass,Gaussian,8,16,murmur,4,256,0.6558281687749384,0.5876554607136695,0.6415930206162752,0.8725551868588579,0.01415,9.421,0.1
Weather,multiclass,Gaussian,8,16,murmur,4,1024,0.6748450632481535,0.6189897583823101,0.6650804349034959,0.8876875568254348,0.01889,7.5582,0.1
Weather,multiclass,Gaussian,8,16,murmur,8,16,0.38203582647083795,0.06910743903188156,0.21121214068662333,0.5358634750129021,0.02019,12.7813,0.1
Weather,multiclass,Gaussian,8,16,murmur,8,64,0.41285338313948555,0.13698507115261432,0.2877418659112604,0.6712927075110215,0.02079,14.4825,0.1
Weather,multiclass,Gaussian,8,16,murmur,8,256,0.6226335002971389,0.5104971504953197,0.5982730025138369,0.8369752866637734,0.01802,9.2987,0.1
Weather,multiclass,Gaussian,8,16,murmur,8,1024,0.6580354868834366,0.5892734809052702,0.6438796804771268,0.8736329875075814,0.01816,8.1086,0.1
Weather,multiclass,Gaussian,8,16,simhash,2,16,0.4057220477120299,0.15429342049929773,0.29893499490142184,0.6102908631548579,0.07373,33.28,0.1
Weather,multiclass,Gaussian,8,16,simhash,2,64,0.5044570846421598,0.30219166557034016,0.4590772069208728,0.7729918981712788,0.07907,28.2015,0.1
Weather,multiclass,Gaussian,8,16,simhash,2,256,0.6330758128873418,0.5569005939888816,0.6129777840101763,0.8537879419698482,0.07432,27.4347,0.1
Weather,multiclass,Gaussian,8,16,simhash,2,1024,0.6408014262670855,0.5695800596308291,0.6224135820083551,0.8682622869438024,0.07747,26.7186,0.1
Weather,multiclass,Gaussian,8,16,simhash,4,16,0.4055522540113762,0.13277246394041642,0.2828361741323669,0.5800183222528268,0.07756,32.3262,0.1
Weather,multiclass,Gaussian,8,16,simhash,4,64,0.5323032515493675,0.34656188521165965,0.4761582612242746,0.7512837736168321,0.07417,29.3932,0.1
Weather,multiclass,Gaussian,8,16,simhash,4,256,0.6441973002801596,0.5796539830425618,0.6271763764820202,0.870188586830172,0.06978,25.8259,0.1
Weather,multiclass,Gaussian,8,16,simhash,4,1024,0.660752186093896,0.597440779421845,0.6529287879379054,0.8754626781804363,0.07648,25.9599,0.1
Weather,multiclass,Gaussian,8,16,simhash,8,16,0.38203582647083795,0.06910743903188156,0.21121214068662333,0.5496209157781096,0.07588,31.3677,0.1
Weather,multiclass,Gaussian,8,16,simhash,8,64,0.4943543594532643,0.2512252995440067,0.4228605136027217,0.6831445239874769,0.07218,31.419,0.1
Weather,multiclass,Gaussian,8,16,simhash,8,256,0.6345190593428984,0.5620170535123363,0.6167069600074139,0.8569152226540493,0.08038,26.5488,0.1
Weather,multiclass,Gaussian,8,16,simhash,8,1024,0.6650819254605654,0.5931562438446893,0.6519908565847601,0.8799919577512463,0.07635,26.0483,0.1
Weather,multiclass,Gaussian,8,16,h3,2,16,0.4057220477120299,0.13891404680791128,0.2874129024992554,0.6092322196459881,0.0189,14.1169,0.1
Weather,multiclass,Gaussian,8,16,h3,2,64,0.5373970625689787,0.39137167416797225,0.5026464926194797,0.79091918615463,0.02107,11.9664,0.1
Weather,multiclass,Gaussian,8,16,h3,2,256,0.6441973002801596,0.5602759135359894,0.6305761404826425,0.8651970898933392,0.01832,8.7878,0.1
Weather,multiclass,Gaussian,8,16,h3,2,1024,0.6658459971135071,0.6075204479435244,0.6584406069981305,0.8796685922954397,0.01836,9.0607,0.1
Weather,multiclass,Gaussian,8,16,h3,4,16,0.38203582647083795,0.06910743903188156,0.21121214068662333,0.5790057419490431,0.02021,15.3135,0.1
Weather,multiclass,Gaussian,8,16,h3,4,64,0.47431870277612703,0.2373161516804457,0.3955352681900809,0.7290209723249361,0.02022,12.715,0.1
Weather,multiclass,Gaussian,8,16,h3,4,256,0.6331607097376687,0.5471339621861379,0.6134608443265077,0.8617514423201706,0.02017,9.8916,0.1
Weather,multiclass,Gaussian,8,16,h3,4,1024,0.6758638254520757,0.6108912721590392,0.660099980623967,0.8740343492187905,0.02063,8.7639,0.1
Weather,multiclass,Gaussian,8,16,h3,8,16,0.38203582647083795,0.06910743903188156,0.21121214068662333,0.5842605494149716,0.02451,16.4121,0.1
Weather,multiclass,Gaussian,8,16,h3,8,64,0.39383648866627047,0.09161444695690335,0.23553029363641959,0.6715907119966593,0.02305,14.6357,0.1
Weather,multiclass,Gaussian,8,16,h3,8,256,0.6263689617115205,0.5073898928136793,0.6047694316323686,0.8544369613197519,0.02395,11.1627,0.1
Weather,multiclass,Gaussian,8,16,h3,8,1024,0.6585448679853978,0.5999257349720474,0.6513241374948212,0.8796429097962766,0.02733,11.2455,0.1
Weather,multiclass,Gaussian,16,4,murmur,2,16,0.5519144239748706,0.3865116835846878,0.5196125669325102,0.7891020108827731,0.05368,88.008,0.1
Weather,multiclass,Gaussian,16,4,murmur,2,64,0.560913490109517,0.4612374895128271,0.5440591001189173,0.7936354124386982,0.06022,70.884,0.1
Weather,multiclass,Gaussian,16,4,murmur,2,256,0.567195857033704,0.4593305946322909,0.5435336603624433,0.7981158259367854,0.05401,68.8158,0.1
Weather,multiclass,Gaussian,16,4,murmur,2,1024,0.5766194074199847,0.412934716827204,0.5421045235106967,0.7919594102477134,0.05796,75.064,0.1
Weather,multiclass,Gaussian,16,4,murmur,4,16,0.5198234145513202,0.29708338538532775,0.46725907043788933,0.7694108368695616,0.0549,92.6705,0.1
Weather,multiclass,Gaussian,16,4,murmur,4,64,0.5824772900925376,0.43947364885178886,0.5428467659032217,0.7979900469655918,0.06103,74.3075,0.1
Weather,multiclass,Gaussian,16,4,murmur,4,256,0.5677052381356652,0.4361426071757687,0.5392237089716944,0.7947461472268372,0.05606,78.3458,0.1
Weather,multiclass,Gaussian,16,4,murmur,4,1024,0.5452075727990492,0.43558038045356196,0.5236239776866171,0.8073305203104486,0.05956,74.9172,0.1
Weather,multiclass,Gaussian,16,4,murmur,8,16,0.46565922404278803,0.21911424664512166,0.37997207697616625,0.7472809464307357,0.05571,98.2178,0.1
Weather,multiclass,Gaussian,16,4,murmur,8,64,0.5559045759402326,0.42307969117180544,0.5239376537835752,0.8091363626267052,0.05786,76.9541,0.1
Weather,multiclass,Gaussian,16,4,murmur,8,256,0.561422871211478,0.42109611910495026,0.5307793988601782,0.8074935288871816,0.06553,78.261,0.1
Weather,multiclass,Gaussian,16,4,murmur,8,1024,0.5645640546735716,0.43559732701830134,0.5346985870098175,0.8001364777267606,0.06265,77.9666,0.1
Weather,multiclass,Gaussian,16,4,simhash,2,16,0.49622209016045504,0.3172191270329942,0.46510430281660353,0.7737149778772511,0.21257,144.5817,0.1
Weather,multiclass,Gaussian,16,4,simhash,2,64,0.5677052381356652,0.45980610345897815,0.5360389311939686,0.797002201198858,0.19627,139.8635,0.1
Weather,multiclass,Gaussian,16,4,simhash,2,256,0.5672807538840309,0.4457405121778631,0.5381905354712299,0.7997054126876773,0.21816,137.1283,0.1
Weather,multiclass,Gaussian,16,4,simhash,2,1024,0.5489430342134307,0.4185558730313841,0.5100894182870216,0.7878885543371673,0.21636,160.6642,0.1
Weather,multiclass,Gaussian,16,4,simhash,4,16,0.5114186263689617,0.36658106234265697,0.4773544390695064,0.7746207038283145,0.22408,154.9164,0.1
Weather,multiclass,Gaussian,16,4,simhash,4,64,0.5463961287036251,0.4201990240192708,0.5113107415985044,0.7941684286161504,0.23162,142.6695,0.1
Weather,multiclass,Gaussian,16,4,simhash,4,256,0.5727141523049495,0.4521710844116686,0.5424566684329283,0.8072626240807228,0.23552,138.318,0.1
Weather,multiclass,Gaussian,16,4,simhash,4,1024,0.5673656507343577,0.47154110676739647,0.5511195317058134,0.812140647646117,0.22999,145.5807,0.1
Weather,multiclass,Gaussian,16,4,simhash,8,16,0.46124458782579164,0.23779786994555197,0.3972337306867869,0.7359487335342911,0.22746,174.4864,0.1
Weather,multiclass,Gaussian,16,4,simhash,8,64,0.5802699719840394,0.45249864554887514,0.5464743260629816,0.8069422787818341,0.25353,148.5341,0.1
Weather,multiclass,Gaussian,16,4,simhash,8,256,0.5621020460140929,0.4390898493755893,0.5275216097582295,0.8059293757306172,0.24099,142.724,0.1
Weather,multiclass,Gaussian,16,4,simhash,8,1024,0.5748365735631208,0.44433769905971804,0.5432797008786227,0.7984060016069113,0.24895,137.4942,0.1
Weather,multiclass,Gaussian,16,4,h3,2,16,0.5482638594108159,0.32957574061159045,0.49997509210692587,0.7919633774785687,0.06025,81.1578,0.1
Weather,multiclass,Gaussian,16,4,h3,2,64,0.5601494184565753,0.4444298492045563,0.5301148875638513,0.7973008385533784,0.054,78.3584,0.1
Weather,multiclass,Gaussian,16,4,h3,2,256,0.5737329145088718,0.44125754906732106,0.5396835941069291,0.8123083585282955,0.05866,73.2676,0.1
Weather,multiclass,Gaussian,16,4,h3,2,1024,0.5625265302657272,0.4486582377980289,0.5400881322707133,0.803242554058109,0.06142,78.8604,0.1
Weather,multiclass,Gaussian,16,4,h3,4,16,0.5248323287206045,0.3093084137742775,0.4695847398079582,0.762065006447165,0.05993,90.5152,0.1
Weather,multiclass,Gaussian,16,4,h3,4,64,0.5470753035062399,0.39570563704517625,0.5202769805553059,0.7918118503531762,0.06013,80.725,0.1
Weather,multiclass,Gaussian,16,4,h3,4,256,0.5581118940487307,0.4413979301792952,0.5350922577417905,0.7990206319617066,0.05786,75.5414,0.1
Weather,multiclass,Gaussian,16,4,h3,4,1024,0.5504711775193141,0.4159676545030811,0.5236529803102845,0.8028883537925477,0.05948,78.6885,0.1
Weather,multiclass,Gaussian,16,4,h3,8,16,0.49155276339247816,0.27671585884131833,0.45194389106974664,0.7458755684109379,0.06934,106.0784,0.1
Weather,multiclass,Gaussian,16,4,h3,8,64,0.5651583326258596,0.3451318708744435,0.5195379583548136,0.7772981611060522,0.06945,86.9888,0.1
Weather,multiclass,Gaussian,16,4,h3,8,256,0.537821546820613,0.3574922733393473,0.5033791834713502,0.7921481850210272,0.06975,81.6069,0.1
Weather,multiclass,Gaussian,16,4,h3,8,1024,0.5559045759402326,0.3715769492524106,0.5229382781883213,0.8200561339500023,0.06906,85.8901,0.1
Weather,multiclass,Gaussian,16,8,murmur,2,16,0.45250021224212583,0.2474246658334566,0.40548551346352,0.7762626556725072,0.03454,36.1633,0.1
Weather,multiclass,Gaussian,16,8,murmur,2,64,0.5758553357670431,0.4473348136749239,0.5546721658325746,0.852196565586202,0.0327,26.6761,0.1
Weather,multiclass,Gaussian,16,8,murmur,2,256,0.628406486119365,0.5460190204343149,0.6144178315928195,0.8584678378164439,0.03529,26.1259,0.1
Weather,multiclass,Gaussian,16,8,murmur,2,1024,0.6293403514729603,0.558829068386136,0.6121870298998833,0.8740561783935884,0.03557,23.626,0.1
Weather,multiclass,Gaussian,16,8,murmur,4,16,0.45105696578656934,0.23848057102015674,0.39463851157638397,0.7279789452986631,0.02999,42.8774,0.1
Weather,multiclass,Gaussian,16,8,murmur,4,64,0.6009848034637915,0.5016350417528046,0.5748664172919322,0.8447678501122091,0.03422,27.0095,0.1
Weather,multiclass,Gaussian,16,8,murmur,4,256,0.6299346294252484,0.5658505438930872,0.6161576269329385,0.8739837159284178,0.03534,26.5919,0.1
Weather,multiclass,Gaussian,16,8,murmur,4,1024,0.6326513286357076,0.5644249502697998,0.6166264353215745,0.864439522441091,0.03681,24.6511,0.1
Weather,multiclass,Gaussian,16,8,murmur,8,16,0.3819509296205111,0.06909632633001597,0.211178177084691,0.568547937658977,0.03765,47.5355,0.1
Weather,multiclass,Gaussian,16,8,murmur,8,64,0.558026997198404,0.40670843716760025,0.5154069954751022,0.825383085987153,0.03708,31.4356,0.1
Weather,multiclass,Gaussian,16,8,murmur,8,256,0.6093895916461499,0.5339994497336542,0.5903635488484619,0.8641253426577087,0.03324,24.7243,0.1
Weather,multiclass,Gaussian,16,8,murmur,8,1024,0.6430936412259105,0.5851754797773028,0.6298446542340217,0.8707938420898034,0.03638,29.466,0.1
Weather,multiclass,Gaussian,16,8,simhash,2,16,0.4894303421343068,0.2929481940145831,0.4479691300036767,0.7924635205674063,0.19053,76.7013,0.1
Weather,multiclass,Gaussian,16,8,simhash,2,64,0.6087104168435351,0.515973965512429,0.5847620102258257,0.8539059681249825,0.14857,67.665,0.1
Weather,multiclass,Gaussian,16,8,simhash,2,256,0.5992868664572545,0.5147877051944972,0.5813132083945975,0.8578497047115552,0.14398,67.2646,0.1
Weather,multiclass,Gaussian,16,8,simhash,2,1024,0.6219543254945241,0.5338315580048321,0.6052410558936606,0.869515411322263,0.15259,71.7981,0.1
Weather,multiclass,Gaussian,16,8,simhash,4,16,0.43586042957806265,0.21715964405246832,0.3742874256601163,0.6671008045766638,0.15627,86.9318,0.1
Weather,multiclass,Gaussian,16,8,simhash,4,64,0.6167756176245861,0.5211000708266575,0.5945041593009522,0.8595916945578144,0.16199,66.6701,0.1
Weather,multiclass,Gaussian,16,8,simhash,4,256,0.6300195262755752,0.5517864103753543,0.6083204622838101,0.8720664048313556,0.15709,67.2869,0.1
Weather,multiclass,Gaussian,16,8,simhash,4,1024,0.6245861278546566,0.5402807580245701,0.5975317273733677,0.8700260876728991,0.15049,65.6333,0.1
Weather,multiclass,Gaussian,16,8,simhash,8,16,0.42788012564733846,0.1911272761839944,0.35470979402568514,0.6445184908739134,0.15893,86.6013,0.1
Weather,multiclass,Gaussian,16,8,simhash,8,64,0.5700823499448171,0.44565420435381226,0.5367373678827733,0.8277730973504124,0.15919,73.7785,0.1
Weather,multiclass,Gaussian,16,8,simhash,8,256,0.6430936412259105,0.5608922146400325,0.6269636205517568,0.8675995498578354,0.1798,70.0194,0.1
Weather,multiclass,Gaussian,16,8,simhash,8,1024,0.5996264538585618,0.5138857193341878,0.5819105341908118,0.8635472198916125,0.15767,68.0361,0.1
Weather,multiclass,Gaussian,16,8,h3,2,16,0.5347652602088463,0.3578728912354336,0.4943546463462873,0.7951517310231255,0.02899,33.7804,0.1
Weather,multiclass,Gaussian,16,8,h3,2,64,0.5988623822056202,0.46765468984194736,0.5695689717273231,0.8485297547602777,0.03351,28.1363,0.1
Weather,multiclass,Gaussian,16,8,h3,2,256,0.6329909160370151,0.5377828800583649,0.6164904892861093,0.8695581196586051,0.02948,25.4982,0.1
Weather,multiclass,Gaussian,16,8,h3,2,1024,0.6258595806095594,0.5463852057355121,0.6142211588882616,0.8648627291853062,0.0381,24.6505,0.1
Weather,multiclass,Gaussian,16,8,h3,4,16,0.46812123270226674,0.23418417773176758,0.40232073150364905,0.7160165697608998,0.039,43.9001,0.1
Weather,multiclass,Gaussian,16,8,h3,4,64,0.6206808727396214,0.478140026733785,0.5993566026725234,0.8487458741621434,0.03567,29.8952,0.1
Weather,multiclass,Gaussian,16,8,h3,4,256,0.6254350963579252,0.5400325162683082,0.6094378377045883,0.8728714832124854,0.03974,26.5214,0.1
Weather,multiclass,Gaussian,16,8,h3,4,1024,0.6158417522709907,0.5314391420242466,0.6019543874502351,0.8690271250811866,0.03839,25.7112,0.1
Weather,multiclass,Gaussian,16,8,h3,8,16,0.46056541302317683,0.2085164621896877,0.3818998194862182,0.6983978983266075,0.04278,48.4436,0.1
Weather,multiclass,Gaussian,16,8,h3,8,64,0.5854486798539774,0.39722239245534285,0.5514871643098037,0.840080055511095,0.05184,36.023,0.1
Weather,multiclass,Gaussian,16,8,h3,8,256,0.6250106121062908,0.5153760662452902,0.6050134641417042,0.8689921676644483,0.0471,31.8897,0.1
Weather,multiclass,Gaussian,16,8,h3,8,1024,0.6293403514729603,0.560861471547374,0.6107573928075934,0.8591564749104164,0.04491,29.6116,0.1
Weather,multiclass,Gaussian,16,16,murmur,2,16,0.4096273028270651,0.1414237519648897,0.2911724229270099,0.6200871125563208,0.02678,21.1674,0.1
Weather,multiclass,Gaussian,16,16,murmur,2,64,0.5727990491552764,0.4508089960168725,0.5372172329164473,0.8336967425544789,0.0247,15.1215,0.1
Weather,multiclass,Gaussian,16,16,murmur,2,256,0.6673741404193905,0.6094416230910066,0.6596431173170906,0.898162628168307,0.01972,11.226,0.1
Weather,multiclass,Gaussian,16,16,murmur,2,1024,0.7003141183462094,0.664320289896731,0.6945655989598096,0.9108971014391629,0.02416,10.0758,0.1
Weather,multiclass,Gaussian,16,16,murmur,4,16,0.38203582647083795,0.06910743903188156,0.21121214068662333,0.582262083243676,0.02396,20.046,0.1
Weather,multiclass,Gaussian,16,16,murmur,4,64,0.46913999490618896,0.23028166346981024,0.3890762806928397,0.7784397060120428,0.0278,17.1106,0.1
Weather,multiclass,Gaussian,16,16,murmur,4,256,0.6807878427710332,0.6213726430853534,0.668149616419154,0.8962025608283939,0.02965,11.1035,0.1
Weather,multiclass,Gaussian,16,16,murmur,4,1024,0.687240003395874,0.6323083729520789,0.6783550269463583,0.9074579089451054,0.02462,10.4871,0.1
Weather,multiclass,Gaussian,16,16,murmur,8,16,0.38203582647083795,0.06910743903188156,0.21121214068662333,0.5789316815876449,0.02487,22.5759,0.1
Weather,multiclass,Gaussian,16,16,murmur,8,64,0.4530095933440869,0.21830920804682202,0.37315136261188026,0.7104524917966717,0.02364,20.3736,0.1
Weather,multiclass,Gaussian,16,16,murmur,8,256,0.6532812632651329,0.5722121262101038,0.6348365058441678,0.8889207879247075,0.02523,13.0255,0.1
Weather,multiclass,Gaussian,16,16,murmur,8,1024,0.6925036081161389,0.6449660723983671,0.684114317741534,0.9096239444177939,0.01991,9.9249,0.1
Weather,multiclass,Gaussian,16,16,simhash,2,16,0.3970625689786909,0.11428432510766047,0.2609884547997344,0.62523029288449,0.12609,48.9146,0.1
Weather,multiclass,Gaussian,16,16,simhash,2,64,0.552848289328466,0.41175581646603837,0.5136165024545801,0.8098044645351159,0.11329,43.7473,0.1
Weather,multiclass,Gaussian,16,16,simhash,2,256,0.6740809915952118,0.6165801296369674,0.6617985989039052,0.8980519472787584,0.1098,38.3626,0.1
Weather,multiclass,Gaussian,16,16,simhash,2,1024,0.6930129892181001,0.6474644463696246,0.6884814931203586,0.9098675313358295,0.11312,38.7444,0.1
Weather,multiclass,Gaussian,16,16,simhash,4,16,0.38203582647083795,0.06910743903188156,0.21121214068662333,0.5761068100702997,0.11113,49.1874,0.1
Weather,multiclass,Gaussian,16,16,simhash,4,64,0.5000424484251634,0.2881464276117474,0.44501245568580006,0.7890112662146838,0.14394,46.7712,0.1
Weather,multiclass,Gaussian,16,16,simhash,4,256,0.660073011291281,0.5866926404255386,0.645084668474525,0.8925995446215997,0.11167,38.7801,0.1
Weather,multiclass,Gaussian,16,16,simhash,4,1024,0.6839290262331268,0.6387674052273224,0.6778280461814455,0.9082964749013409,0.11446,38.4011,0.1
Weather,multiclass,Gaussian,16,16,simhash,8,16,0.38203582647083795,0.06910743903188156,0.21121214068662333,0.5689249506607517,0.11353,49.696,0.1
Weather,multiclass,Gaussian,16,16,simhash,8,64,0.4608201035741574,0.20741398305630332,0.36813607727037273,0.749024032627717,0.10886,48.204,0.1
Weather,multiclass,Gaussian,16,16,simhash,8,256,0.6472535868919264,0.5657467575075544,0.631265324436989,0.8866632770157881,0.10618,39.9712,0.1
Weather,multiclass,Gaussian,16,16,simhash,8,1024,0.7063417947194159,0.669549709449315,0.7014336110429705,0.9073163453498874,0.11086,38.4178,0.1
Weather,multiclass,Gaussian,16,16,h3,2,16,0.38763901859241023,0.09639262781223694,0.24204491312687923,0.6372030798769385,0.02537,20.8005,0.1
Weather,multiclass,Gaussian,16,16,h3,2,64,0.5137957381781136,0.3955907081770919,0.4763886340380279,0.8081974199399443,0.02279,16.5128,0.1
Weather,multiclass,Gaussian,16,16,h3,2,256,0.6717887766363868,0.630497728545795,0.66039101261072,0.9018736463083477,0.02563,12.4231,0.1
Weather,multiclass,Gaussian,16,16,h3,2,1024,0.6767976908056711,0.6358449356496156,0.6666883344527744,0.9000071011127742,0.02561,11.1713,0.1
Weather,multiclass,Gaussian,16,16,h3,4,16,0.38509211308260466,0.07845135868331864,0.22093180538217247,0.6034085099511067,0.02895,24.062,0.1
Weather,multiclass,Gaussian,16,16,h3,4,64,0.4869683334748281,0.26385881396830935,0.41999988073484346,0.7672923113596883,0.03363,20.9062,0.1
Weather,multiclass,Gaussian,16,16,h3,4,256,0.6703455301808303,0.6027334970132424,0.6578829622708866,0.9001392171764445,0.02957,13.1491,0.1
Weather,multiclass,Gaussian,16,16,h3,4,1024,0.684353510484761,0.647210464815384,0.6774060859894526,0.9066714897925878,0.02914,13.2081,0.1
Weather,multiclass,Gaussian,16,16,h3,8,16,0.38203582647083795,0.06910743903188156,0.21121214068662333,0.5552298258361947,0.03435,27.3719,0.1
Weather,multiclass,Gaussian,16,16,h3,8,64,0.42219203667543936,0.15795565209078358,0.3079916864552756,0.6809995720209351,0.03314,24.4561,0.1
Weather,multiclass,Gaussian,16,16,h3,8,256,0.6650819254605654,0.5746216460263791,0.6485070382662522,0.8948054516035857,0.03417,14.936,0.1
Weather,multiclass,Gaussian,16,16,h3,8,1024,0.6874946939468546,0.652300997254444,0.6836542756040763,0.9097097776856413,0.02919,14.3381,0.1
