f4rm_system,baseline_system,dataset,classification,f4rm_n_frontier_points,baseline_n_frontier_points,f4rm_acc_min,f4rm_acc_max,f4rm_mem_min,f4rm_mem_max,baseline_acc_min,baseline_acc_max,baseline_mem_min,baseline_mem_max,n_joint_envelope_points,n_joint_envelope_from_f4rm,n_joint_envelope_from_baseline
F4RM-WiSARD-cuckoo,DT,Balance Scale,f4rm_strict_dominates,12,25,0.2304,0.9024000000000001,49.4,4556.2,0.45600000000000007,0.7792,1250.0,3791.4,12,12,0
F4RM-WiSARD-cuckoo,DT,Banknote,f4rm_strict_dominates,17,39,0.5941818181818183,1.0,31.6,1417.4,0.8378181818181819,0.9854545454545454,1398.0,4415.0,17,17,0
F4RM-WiSARD-cuckoo,DT,Breast Cancer,f4rm_strict_dominates,8,26,0.8649122807017544,0.9631578947368421,243.4,18625.8,0.9017543859649123,0.9438596491228071,1559.0,2653.4,8,8,0
F4RM-WiSARD-cuckoo,DT,EEG Eye State,mixed,37,96,0.5510680907877169,0.9427236315086782,117.0,756942.6,0.5510680907877169,0.8411882510013351,1238.0,167339.0,100,33,67
F4RM-WiSARD-cuckoo,DT,Ecoli,f4rm_strict_dominates,10,26,0.7588235294117647,0.8705882352941176,111.6,12086.8,0.7529411764705882,0.8352941176470589,1892.0,3377.8,10,10,0
F4RM-WiSARD-cuckoo,DT,Glass,f4rm_strict_dominates,11,34,0.5813953488372092,0.7534883720930232,175.2,7000.8,0.48372093023255813,0.7162790697674419,1970.0,6684.0,11,11,0
F4RM-WiSARD-cuckoo,DT,Haberman,mixed,6,12,0.7419354838709677,0.7483870967741936,25.0,337.8,0.7419354838709677,0.7612903225806452,1238.0,2717.0,9,6,3
F4RM-WiSARD-cuckoo,DT,Ionosphere,mixed,12,19,0.352112676056338,0.9492957746478872,268.2,73764.6,0.8676056338028169,0.9014084507042254,1528.4,1817.0,21,12,9
F4RM-WiSARD-cuckoo,DT,Iris,f4rm_strict_dominates,7,26,0.8666666666666668,0.9666666666666668,24.6,1631.2,0.9466666666666667,0.9666666666666668,1846.0,2308.4,7,7,0
F4RM-WiSARD-cuckoo,DT,Letter Recognition,f4rm_strict_dominates,24,29,0.09419999999999999,0.95335,1670.8,986055.8,0.4225833333333333,0.8851666666666667,11505.333333333334,996713.3333333334,24,24,0
F4RM-WiSARD-cuckoo,DT,Magic Gamma,mixed,29,15,0.64863301787592,0.8691903259726603,84.0,468652.0,0.6482649842271293,0.8442691903259727,1238.0,63936.8,31,22,9
F4RM-WiSARD-cuckoo,DT,Pendigits,f4rm_strict_dominates,18,118,0.3292405638926785,0.9899045020463847,581.6,316209.8,0.10413824465666213,0.9628922237380628,1334.0,76695.8,18,18,0
F4RM-WiSARD-cuckoo,DT,Pima Diabetes,mixed,13,31,0.6493506493506493,0.7675324675324675,67.0,9384.2,0.6493506493506493,0.7701298701298701,1351.0,2734.8,23,10,13
F4RM-WiSARD-cuckoo,DT,SatImage,mixed,28,77,0.3097978227060653,0.9122861586314153,858.2,571973.2,0.6979782270606532,0.8682737169517886,1942.6,15384.2,70,25,45
F4RM-WiSARD-cuckoo,DT,Seeds,f4rm_strict_dominates,8,25,0.8571428571428571,0.9380952380952381,64.2,2171.8,0.8761904761904763,0.9285714285714285,1605.0,2347.2,8,8,0
F4RM-WiSARD-cuckoo,DT,Segment,mixed,20,59,0.5290043290043289,0.9662337662337663,409.0,23016.6,0.6645021645021645,0.9675324675324675,2440.0,14779.0,26,18,8
F4RM-WiSARD-cuckoo,DT,Steel Plates,mixed,23,63,0.6544987146529563,0.9922879177377892,233.2,283059.2,0.6529562982005142,1.0,1238.0,2201.0,61,7,54
F4RM-WiSARD-cuckoo,DT,Vehicle,f4rm_strict_dominates,14,36,0.4105882352941176,0.7494117647058823,277.4,7898.6,0.25882352941176473,0.7235294117647059,1310.0,7156.8,14,14,0
F4RM-WiSARD-cuckoo,DT,Waveform,mixed,18,71,0.338,0.8486,504.8,964405.2,0.5734,0.7727999999999999,1426.0,17873.4,78,15,63
F4RM-WiSARD-cuckoo,DT,Wine,f4rm_strict_dominates,4,27,0.9166666666666666,0.9888888888888889,135.6,588.2,0.8388888888888889,0.9388888888888889,1846.0,2764.2,4,4,0
F4RM-WiSARD-cuckoo,DT,Yeast,mixed,15,28,0.31851851851851853,0.6107744107744107,244.2,63424.4,0.31313131313131315,0.593939393939394,1414.0,10064.0,20,10,10
F4RM-WiSARD-cuckoo,RF,Balance Scale,f4rm_strict_dominates,12,5,0.2304,0.9024000000000001,49.4,4556.2,0.8272,0.8656,58700.6,303832.4,12,12,0
F4RM-WiSARD-cuckoo,RF,Banknote,f4rm_strict_dominates,17,5,0.5941818181818183,1.0,31.6,1417.4,0.9883636363636363,0.997090909090909,33119.0,41986.0,17,17,0
F4RM-WiSARD-cuckoo,RF,Breast Cancer,f4rm_strict_dominates,8,5,0.8649122807017544,0.9631578947368421,243.4,18625.8,0.9491228070175438,0.9631578947368421,18519.0,309058.8,8,8,0
F4RM-WiSARD-cuckoo,RF,EEG Eye State,f4rm_strict_dominates,37,14,0.5510680907877169,0.9427236315086782,117.0,756942.6,0.8123052959501558,0.933355585224744,191108.66666666666,39077740.333333336,37,37,0
F4RM-WiSARD-cuckoo,RF,Ecoli,mixed,10,13,0.7588235294117647,0.8705882352941176,111.6,12086.8,0.8352941176470589,0.8823529411764707,44010.2,1023460.2,14,10,4
F4RM-WiSARD-cuckoo,RF,Glass,mixed,11,7,0.5813953488372092,0.7534883720930232,175.2,7000.8,0.7488372093023256,0.813953488372093,36196.0,1616555.8,16,11,5
F4RM-WiSARD-cuckoo,RF,Haberman,f4rm_strict_dominates,6,5,0.7419354838709677,0.7483870967741936,25.0,337.8,0.6806451612903226,0.7258064516129032,35016.0,675030.2,6,6,0
F4RM-WiSARD-cuckoo,RF,Ionosphere,f4rm_strict_dominates,12,10,0.352112676056338,0.9492957746478872,268.2,73764.6,0.904225352112676,0.9380281690140844,19548.0,158972.0,12,12,0
F4RM-WiSARD-cuckoo,RF,Iris,f4rm_strict_dominates,7,5,0.8666666666666668,0.9666666666666668,24.6,1631.2,0.9533333333333334,0.9666666666666668,11918.8,17187.2,7,7,0
F4RM-WiSARD-cuckoo,RF,Letter Recognition,mixed,24,13,0.09419999999999999,0.95335,1670.8,986055.8,0.6835,0.9659166666666668,647948.0,229085524.33333334,27,24,3
F4RM-WiSARD-cuckoo,RF,Magic Gamma,mixed,29,11,0.64863301787592,0.8691903259726603,84.0,468652.0,0.8558534875569576,0.8780231335436383,187751.66666666666,43885953.666666664,35,29,6
F4RM-WiSARD-cuckoo,RF,Pendigits,mixed,18,11,0.3292405638926785,0.9899045020463847,581.6,316209.8,0.9520994391390025,0.9912081249052599,289934.0,10343847.0,20,18,2
F4RM-WiSARD-cuckoo,RF,Pima Diabetes,mixed,13,5,0.6493506493506493,0.7675324675324675,67.0,9384.2,0.7571428571428571,0.7909090909090909,62235.0,1488814.0,17,13,4
F4RM-WiSARD-cuckoo,RF,SatImage,mixed,28,14,0.3097978227060653,0.9122861586314153,858.2,571973.2,0.8884914463452566,0.9161741835147744,207186.6,4558346.2,29,28,1
F4RM-WiSARD-cuckoo,RF,Seeds,f4rm_strict_dominates,8,3,0.8571428571428571,0.9380952380952381,64.2,2171.8,0.8952380952380953,0.9285714285714285,14976.6,95260.4,8,8,0
F4RM-WiSARD-cuckoo,RF,Segment,mixed,20,18,0.5290043290043289,0.9662337662337663,409.0,23016.6,0.9424242424242424,0.9770562770562771,56062.0,2002349.8,31,20,11
F4RM-WiSARD-cuckoo,RF,Steel Plates,mixed,23,2,0.6544987146529563,0.9922879177377892,233.2,283059.2,1.0,1.0,14849.0,14849.0,17,15,2
F4RM-WiSARD-cuckoo,RF,Vehicle,mixed,14,8,0.4105882352941176,0.7494117647058823,277.4,7898.6,0.7211764705882353,0.7505882352941177,77713.4,1064387.6,16,14,2
F4RM-WiSARD-cuckoo,RF,Waveform,mixed,18,6,0.338,0.8486,504.8,964405.2,0.8192,0.8577999999999999,216224.0,8791481.6,21,18,3
F4RM-WiSARD-cuckoo,RF,Wine,f4rm_strict_dominates,4,6,0.9166666666666666,0.9888888888888889,135.6,588.2,0.9333333333333332,0.9777777777777779,13445.6,21625.4,4,4,0
F4RM-WiSARD-cuckoo,RF,Yeast,mixed,15,5,0.31851851851851853,0.6107744107744107,244.2,63424.4,0.6161616161616161,0.6316498316498317,150800.8,1417648.0,20,15,5
F4RM-WiSARD-cuckoo,XGBoost,Balance Scale,mixed,12,3,0.2304,0.9024000000000001,49.4,4556.2,0.8848,0.9040000000000001,490686.6,1713265.8,13,12,1
F4RM-WiSARD-cuckoo,XGBoost,Banknote,f4rm_strict_dominates,17,1,0.5941818181818183,1.0,31.6,1417.4,0.9978181818181818,0.9978181818181818,77586.6,77586.6,17,17,0
F4RM-WiSARD-cuckoo,XGBoost,Breast Cancer,mixed,8,3,0.8649122807017544,0.9631578947368421,243.4,18625.8,0.9631578947368421,0.9701754385964912,66483.0,249884.0,10,8,2
F4RM-WiSARD-cuckoo,XGBoost,EEG Eye State,mixed,37,14,0.5510680907877169,0.9427236315086782,117.0,756942.6,0.8462394303515799,0.9564975522919448,200759.33333333334,6358373.666666667,43,37,6
F4RM-WiSARD-cuckoo,XGBoost,Ecoli,f4rm_strict_dominates,10,4,0.7588235294117647,0.8705882352941176,111.6,12086.8,0.8470588235294118,0.8617647058823529,525955.8,5986579.8,10,10,0
F4RM-WiSARD-cuckoo,XGBoost,Glass,mixed,11,4,0.5813953488372092,0.7534883720930232,175.2,7000.8,0.7581395348837209,0.7906976744186046,404410.6,4641429.8,15,11,4
F4RM-WiSARD-cuckoo,XGBoost,Haberman,f4rm_strict_dominates,6,6,0.7419354838709677,0.7483870967741936,25.0,337.8,0.6741935483870968,0.732258064516129,131495.8,218611.0,6,6,0
F4RM-WiSARD-cuckoo,XGBoost,Ionosphere,f4rm_strict_dominates,12,2,0.352112676056338,0.9492957746478872,268.2,73764.6,0.943661971830986,0.9464788732394366,70085.4,703319.4,12,12,0
F4RM-WiSARD-cuckoo,XGBoost,Iris,f4rm_strict_dominates,7,3,0.8666666666666668,0.9666666666666668,24.6,1631.2,0.9333333333333333,0.9533333333333334,165102.4,228362.8,7,7,0
F4RM-WiSARD-cuckoo,XGBoost,Letter Recognition,mixed,24,12,0.09419999999999999,0.95335,1670.8,986055.8,0.9188333333333333,0.9660833333333333,4588684.666666667,40324397.333333336,32,24,8
F4RM-WiSARD-cuckoo,XGBoost,Magic Gamma,mixed,29,7,0.64863301787592,0.8691903259726603,84.0,468652.0,0.8731160182264284,0.885471433578689,208698.0,2300855.0,32,25,7
F4RM-WiSARD-cuckoo,XGBoost,Pendigits,mixed,18,3,0.3292405638926785,0.9899045020463847,581.6,316209.8,0.9871153554646052,0.9915112930119752,1638448.3333333333,4466160.333333333,19,18,1
F4RM-WiSARD-cuckoo,XGBoost,Pima Diabetes,mixed,13,5,0.6493506493506493,0.7675324675324675,67.0,9384.2,0.7480519480519481,0.7844155844155845,147251.0,184317.8,15,13,2
F4RM-WiSARD-cuckoo,XGBoost,SatImage,mixed,28,9,0.3097978227060653,0.9122861586314153,858.2,571973.2,0.9116122343182996,0.9240539139450492,1069487.0,6008074.0,35,28,7
F4RM-WiSARD-cuckoo,XGBoost,Seeds,mixed,8,2,0.8571428571428571,0.9380952380952381,64.2,2171.8,0.9333333333333332,0.9428571428571428,169751.8,170834.8,9,8,1
F4RM-WiSARD-cuckoo,XGBoost,Segment,mixed,20,3,0.5290043290043289,0.9662337662337663,409.0,23016.6,0.9848484848484848,0.9857142857142858,520191.6,2470151.6,23,20,3
F4RM-WiSARD-cuckoo,XGBoost,Steel Plates,mixed,23,1,0.6544987146529563,0.9922879177377892,233.2,283059.2,1.0,1.0,87123.0,87123.0,21,20,1
F4RM-WiSARD-cuckoo,XGBoost,Vehicle,mixed,14,3,0.4105882352941176,0.7494117647058823,277.4,7898.6,0.7588235294117647,0.7694117647058822,484372.2,1536395.6,17,14,3
F4RM-WiSARD-cuckoo,XGBoost,Waveform,mixed,18,3,0.338,0.8486,504.8,964405.2,0.8513999999999999,0.8577999999999999,577110.6,2074121.8,20,17,3
F4RM-WiSARD-cuckoo,XGBoost,Wine,f4rm_strict_dominates,4,8,0.9166666666666666,0.9888888888888889,135.6,588.2,0.9666666666666666,0.9777777777777779,148644.6,191448.4,4,4,0
F4RM-WiSARD-cuckoo,XGBoost,Yeast,mixed,15,5,0.31851851851851853,0.6107744107744107,244.2,63424.4,0.5885521885521886,0.6195286195286196,1203103.8,6972888.0,18,15,3
F4RM-WiSARD-cuckoo,LightGBM,Balance Scale,mixed,12,4,0.2304,0.9024000000000001,49.4,4556.2,0.9008,0.9040000000000001,304656.2,306372.2,15,12,3
F4RM-WiSARD-cuckoo,LightGBM,Banknote,f4rm_strict_dominates,17,9,0.5941818181818183,1.0,31.6,1417.4,0.9767272727272728,0.9978181818181818,115313.0,131711.8,17,17,0
F4RM-WiSARD-cuckoo,LightGBM,Breast Cancer,mixed,8,15,0.8649122807017544,0.9631578947368421,243.4,18625.8,0.9578947368421054,0.9719298245614034,75446.6,549346.4,17,8,9
F4RM-WiSARD-cuckoo,LightGBM,EEG Eye State,mixed,37,8,0.5510680907877169,0.9427236315086782,117.0,756942.6,0.8681575433911882,0.9601691143747219,178689.66666666666,14623904.666666666,42,37,5
F4RM-WiSARD-cuckoo,LightGBM,Ecoli,f4rm_strict_dominates,10,12,0.7588235294117647,0.8705882352941176,111.6,12086.8,0.8235294117647058,0.8529411764705882,448657.2,3109753.2,10,10,0
F4RM-WiSARD-cuckoo,LightGBM,Glass,mixed,11,18,0.5813953488372092,0.7534883720930232,175.2,7000.8,0.7023255813953488,0.7767441860465116,335489.0,2111415.8,20,11,9
F4RM-WiSARD-cuckoo,LightGBM,Haberman,f4rm_strict_dominates,6,3,0.7419354838709677,0.7483870967741936,25.0,337.8,0.7387096774193548,0.7387096774193548,90323.8,90323.8,6,6,0
F4RM-WiSARD-cuckoo,LightGBM,Ionosphere,f4rm_strict_dominates,12,15,0.352112676056338,0.9492957746478872,268.2,73764.6,0.9295774647887324,0.9492957746478872,79871.0,113756.0,12,12,0
F4RM-WiSARD-cuckoo,LightGBM,Iris,f4rm_strict_dominates,7,3,0.8666666666666668,0.9666666666666668,24.6,1631.2,0.9533333333333334,0.9533333333333334,128407.6,128407.6,7,7,0
F4RM-WiSARD-cuckoo,LightGBM,Letter Recognition,mixed,24,6,0.09419999999999999,0.95335,1670.8,986055.8,0.927,0.9703333333333334,4538424.0,48265498.0,28,24,4
F4RM-WiSARD-cuckoo,LightGBM,Magic Gamma,mixed,29,6,0.64863301787592,0.8691903259726603,84.0,468652.0,0.8760953382404487,0.8845075359270943,176887.66666666666,3462928.3333333335,30,24,6
F4RM-WiSARD-cuckoo,LightGBM,Pendigits,mixed,18,5,0.3292405638926785,0.9899045020463847,581.6,316209.8,0.9804456571168713,0.9915112930119752,1692481.0,14978396.0,21,18,3
F4RM-WiSARD-cuckoo,LightGBM,Pima Diabetes,mixed,13,3,0.6493506493506493,0.7675324675324675,67.0,9384.2,0.7844155844155845,0.7883116883116883,158042.0,162131.6,16,13,3
F4RM-WiSARD-cuckoo,LightGBM,SatImage,mixed,28,7,0.3097978227060653,0.9122861586314153,858.2,571973.2,0.9020217729393468,0.9297563504406429,1012520.0,10667336.333333334,34,28,6
F4RM-WiSARD-cuckoo,LightGBM,Seeds,mixed,8,12,0.8571428571428571,0.9380952380952381,64.2,2171.8,0.9285714285714285,0.9476190476190476,157467.2,216321.6,14,8,6
F4RM-WiSARD-cuckoo,LightGBM,Segment,mixed,20,7,0.5290043290043289,0.9662337662337663,409.0,23016.6,0.9675324675324676,0.987012987012987,693810.6666666666,3841719.0,27,20,7
F4RM-WiSARD-cuckoo,LightGBM,Steel Plates,mixed,23,1,0.6544987146529563,0.9922879177377892,233.2,283059.2,1.0,1.0,94387.2,94387.2,21,20,1
F4RM-WiSARD-cuckoo,LightGBM,Vehicle,mixed,14,6,0.4105882352941176,0.7494117647058823,277.4,7898.6,0.7341176470588235,0.7647058823529411,544402.2,762073.8,19,14,5
F4RM-WiSARD-cuckoo,LightGBM,Waveform,mixed,18,5,0.338,0.8486,504.8,964405.2,0.8493333333333334,0.858,524875.6666666666,2163033.3333333335,22,17,5
F4RM-WiSARD-cuckoo,LightGBM,Wine,f4rm_strict_dominates,4,6,0.9166666666666666,0.9888888888888889,135.6,588.2,0.9555555555555555,0.9666666666666666,140998.6,151505.6,4,4,0
F4RM-WiSARD-cuckoo,LightGBM,Yeast,mixed,15,1,0.31851851851851853,0.6107744107744107,244.2,63424.4,0.6215488215488215,0.6215488215488215,1283755.4,1283755.4,16,15,1
F4RM-WiSARD-cuckoo,CatBoost,Balance Scale,mixed,12,1,0.2304,0.9024000000000001,49.4,4556.2,0.9173333333333334,0.9173333333333334,64560.0,64560.0,13,12,1
F4RM-WiSARD-cuckoo,CatBoost,Banknote,f4rm_strict_dominates,17,2,0.5941818181818183,1.0,31.6,1417.4,0.9963636363636365,0.9975757575757576,40288.0,172645.33333333334,17,17,0
F4RM-WiSARD-cuckoo,CatBoost,Breast Cancer,mixed,8,1,0.8649122807017544,0.9631578947368421,243.4,18625.8,0.9754385964912281,0.9754385964912281,40836.8,40836.8,9,8,1
F4RM-WiSARD-cuckoo,CatBoost,EEG Eye State,mixed,37,3,0.5510680907877169,0.9427236315086782,117.0,756942.6,0.8093012906097018,0.9561637739207832,40874.666666666664,2112482.6666666665,38,37,1
F4RM-WiSARD-cuckoo,CatBoost,Ecoli,mixed,10,4,0.7588235294117647,0.8705882352941176,111.6,12086.8,0.8705882352941178,0.9117647058823529,128564.8,1741648.0,14,10,4
F4RM-WiSARD-cuckoo,CatBoost,Glass,mixed,11,2,0.5813953488372092,0.7534883720930232,175.2,7000.8,0.7751937984496123,0.8093023255813954,104328.0,104486.4,13,11,2
F4RM-WiSARD-cuckoo,CatBoost,Haberman,mixed,6,1,0.7419354838709677,0.7483870967741936,25.0,337.8,0.7548387096774193,0.7548387096774193,39131.2,39131.2,7,6,1
F4RM-WiSARD-cuckoo,CatBoost,Ionosphere,mixed,12,1,0.352112676056338,0.9492957746478872,268.2,73764.6,0.9530516431924884,0.9530516431924884,41229.333333333336,41229.333333333336,12,11,1
F4RM-WiSARD-cuckoo,CatBoost,Iris,f4rm_strict_dominates,7,2,0.8666666666666668,0.9666666666666668,24.6,1631.2,0.9533333333333334,0.9555555555555556,64795.2,65120.0,7,7,0
F4RM-WiSARD-cuckoo,CatBoost,Letter Recognition,mixed,24,3,0.09419999999999999,0.95335,1670.8,986055.8,0.8528333333333333,0.9645833333333332,360672.0,27700168.0,25,24,1
F4RM-WiSARD-cuckoo,CatBoost,Magic Gamma,mixed,29,3,0.64863301787592,0.8691903259726603,84.0,468652.0,0.8675955134945671,0.8864353312302838,40770.666666666664,2113229.3333333335,21,18,3
F4RM-WiSARD-cuckoo,CatBoost,Pendigits,mixed,18,3,0.3292405638926785,0.9899045020463847,581.6,316209.8,0.9777171441564348,0.9910565408519023,156533.33333333334,11329128.0,19,18,1
F4RM-WiSARD-cuckoo,CatBoost,Pima Diabetes,f4rm_strict_dominates,13,1,0.6493506493506493,0.7675324675324675,67.0,9384.2,0.7662337662337663,0.7662337662337663,40357.333333333336,40357.333333333336,13,13,0
F4RM-WiSARD-cuckoo,CatBoost,SatImage,mixed,28,3,0.3097978227060653,0.9122861586314153,858.2,571973.2,0.8939865215137376,0.9212026956972524,105736.0,7233554.666666667,29,27,2
F4RM-WiSARD-cuckoo,CatBoost,Seeds,mixed,8,4,0.8571428571428571,0.9380952380952381,64.2,2171.8,0.9238095238095237,0.9523809523809524,66094.4,4085610.6666666665,10,8,2
F4RM-WiSARD-cuckoo,CatBoost,Segment,mixed,20,3,0.5290043290043289,0.9662337662337663,409.0,23016.6,0.9704184704184704,0.9812409812409811,118170.66666666667,8257994.666666667,23,20,3
F4RM-WiSARD-cuckoo,CatBoost,Steel Plates,mixed,23,1,0.6544987146529563,0.9922879177377892,233.2,283059.2,1.0,1.0,40440.0,40440.0,19,18,1
F4RM-WiSARD-cuckoo,CatBoost,Vehicle,mixed,14,2,0.4105882352941176,0.7494117647058823,277.4,7898.6,0.7411764705882353,0.7647058823529411,79354.66666666667,366501.3333333333,15,14,1
F4RM-WiSARD-cuckoo,CatBoost,Waveform,mixed,18,2,0.338,0.8486,504.8,964405.2,0.8556666666666667,0.8613333333333334,67594.66666666667,306344.0,14,12,2
F4RM-WiSARD-cuckoo,CatBoost,Wine,mixed,4,2,0.9166666666666666,0.9888888888888889,135.6,588.2,0.9722222222222221,0.9907407407407408,66233.6,66426.66666666667,5,4,1
F4RM-WiSARD-cuckoo,CatBoost,Yeast,mixed,15,1,0.31851851851851853,0.6107744107744107,244.2,63424.4,0.6464646464646465,0.6464646464646465,155178.66666666666,155178.66666666666,16,15,1
F4RM-WiSARD-cuckoo,MLP,Balance Scale,mixed,12,22,0.2304,0.9024000000000001,49.4,4556.2,0.7712,0.9103999999999999,1036.0,700940.0,14,12,2
F4RM-WiSARD-cuckoo,MLP,Banknote,f4rm_strict_dominates,17,14,0.5941818181818183,1.0,31.6,1417.4,0.7258181818181818,0.9905454545454546,772.0,169988.0,17,17,0
F4RM-WiSARD-cuckoo,MLP,Breast Cancer,f4rm_strict_dominates,8,8,0.8649122807017544,0.9631578947368421,243.4,18625.8,0.9175438596491228,0.9491228070175438,4100.0,753668.0,8,8,0
F4RM-WiSARD-cuckoo,MLP,EEG Eye State,f4rm_strict_dominates,37,2,0.5510680907877169,0.9427236315086782,117.0,756942.6,0.5511793502447707,0.5511793502447707,4100.0,4100.0,37,37,0
F4RM-WiSARD-cuckoo,MLP,Ecoli,f4rm_strict_dominates,10,12,0.7588235294117647,0.8705882352941176,111.6,12086.8,0.3176470588235294,0.8029411764705883,2080.0,708384.0,10,10,0
F4RM-WiSARD-cuckoo,MLP,Glass,f4rm_strict_dominates,11,20,0.5813953488372092,0.7534883720930232,175.2,7000.8,0.25116279069767444,0.46976744186046515,2072.0,711960.0,11,11,0
F4RM-WiSARD-cuckoo,MLP,Haberman,f4rm_strict_dominates,6,16,0.7419354838709677,0.7483870967741936,25.0,337.8,0.632258064516129,0.7419354838709677,644.0,9476.0,6,6,0
F4RM-WiSARD-cuckoo,MLP,Ionosphere,f4rm_strict_dominates,12,18,0.352112676056338,0.9492957746478872,268.2,73764.6,0.6676056338028169,0.9408450704225352,4612.0,761860.0,12,12,0
F4RM-WiSARD-cuckoo,MLP,Iris,f4rm_strict_dominates,7,22,0.8666666666666668,0.9666666666666668,24.6,1631.2,0.3466666666666667,0.8800000000000001,1036.0,700940.0,7,7,0
F4RM-WiSARD-cuckoo,MLP,Letter Recognition,mixed,24,4,0.09419999999999999,0.95335,1670.8,986055.8,0.81,0.9501666666666667,11112.0,705128.0,21,19,2
F4RM-WiSARD-cuckoo,MLP,Magic Gamma,mixed,29,4,0.64863301787592,0.8691903259726603,84.0,468652.0,0.8533999298983526,0.8740799158780231,3076.0,679940.0,15,11,4
F4RM-WiSARD-cuckoo,MLP,Pendigits,mixed,18,12,0.3292405638926785,0.9899045020463847,581.6,316209.8,0.9738972260118235,0.9919054115507049,3496.0,727336.0,20,8,12
F4RM-WiSARD-cuckoo,MLP,Pima Diabetes,mixed,13,14,0.6493506493506493,0.7675324675324675,67.0,9384.2,0.6428571428571429,0.774025974025974,1284.0,708612.0,15,13,2
F4RM-WiSARD-cuckoo,MLP,SatImage,f4rm_strict_dominates,28,12,0.3097978227060653,0.9122861586314153,858.2,571973.2,0.8300155520995334,0.8953343701399689,5528.0,767256.0,28,28,0
F4RM-WiSARD-cuckoo,MLP,Seeds,f4rm_strict_dominates,8,20,0.8571428571428571,0.9380952380952381,64.2,2171.8,0.5142857142857142,0.9238095238095237,1420.0,707084.0,8,8,0
F4RM-WiSARD-cuckoo,MLP,Segment,f4rm_strict_dominates,20,12,0.5290043290043289,0.9662337662337663,409.0,23016.6,0.8523809523809524,0.9584415584415584,3484.0,186908.0,20,20,0
F4RM-WiSARD-cuckoo,MLP,Steel Plates,mixed,23,8,0.6544987146529563,0.9922879177377892,233.2,283059.2,0.9367609254498716,0.9994858611825193,4484.0,50692.0,19,11,8
F4RM-WiSARD-cuckoo,MLP,Vehicle,f4rm_strict_dominates,14,12,0.4105882352941176,0.7494117647058823,277.4,7898.6,0.40705882352941175,0.7047058823529412,2960.0,729872.0,14,14,0
F4RM-WiSARD-cuckoo,MLP,Waveform,mixed,18,4,0.338,0.8486,504.8,964405.2,0.8635999999999999,0.865,5644.0,774668.0,12,8,4
F4RM-WiSARD-cuckoo,MLP,Wine,f4rm_strict_dominates,4,10,0.9166666666666666,0.9888888888888889,135.6,588.2,0.5555555555555556,0.9333333333333333,2188.0,179724.0,4,4,0
F4RM-WiSARD-cuckoo,MLP,Yeast,f4rm_strict_dominates,15,10,0.31851851851851853,0.6107744107744107,244.2,63424.4,0.30505050505050507,0.6,2472.0,710952.0,15,15,0
F4RM-WiSARD-cuckoo,FT-Transformer,Balance Scale,mixed,12,2,0.2304,0.9024000000000001,49.4,4556.2,0.8506666666666667,0.9066666666666667,69548.0,270684.0,13,12,1
F4RM-WiSARD-cuckoo,FT-Transformer,Banknote,f4rm_strict_dominates,17,3,0.5941818181818183,1.0,31.6,1417.4,0.9672727272727273,0.9987878787878787,69416.0,404224.0,17,17,0
F4RM-WiSARD-cuckoo,FT-Transformer,Breast Cancer,f4rm_strict_dominates,8,2,0.8649122807017544,0.9631578947368421,243.4,18625.8,0.8391812865497076,0.9415204678362573,76072.0,283736.0,8,8,0
F4RM-WiSARD-cuckoo,FT-Transformer,EEG Eye State,f4rm_strict_dominates,37,2,0.5510680907877169,0.9427236315086782,117.0,756942.6,0.5511793502447707,0.5512906097018245,71976.0,409344.0,37,37,0
F4RM-WiSARD-cuckoo,FT-Transformer,Ecoli,f4rm_strict_dominates,10,3,0.7588235294117647,0.8705882352941176,111.6,12086.8,0.4264705882352941,0.573529411764706,70976.0,407320.0,10,10,0
F4RM-WiSARD-cuckoo,FT-Transformer,Glass,f4rm_strict_dominates,11,4,0.5813953488372092,0.7534883720930232,175.2,7000.8,0.3488372093023256,0.3953488372093023,71224.0,407824.0,11,11,0
F4RM-WiSARD-cuckoo,FT-Transformer,Haberman,f4rm_strict_dominates,6,3,0.7419354838709677,0.7483870967741936,25.0,337.8,0.7419354838709676,0.7473118279569894,69160.0,403712.0,6,6,0
F4RM-WiSARD-cuckoo,FT-Transformer,Ionosphere,f4rm_strict_dominates,12,4,0.352112676056338,0.9492957746478872,268.2,73764.6,0.647887323943662,0.7887323943661971,77096.0,419584.0,12,12,0
F4RM-WiSARD-cuckoo,FT-Transformer,Iris,f4rm_strict_dominates,7,2,0.8666666666666668,0.9666666666666668,24.6,1631.2,0.7888888888888889,0.9,69548.0,270684.0,7,7,0
F4RM-WiSARD-cuckoo,FT-Transformer,Letter Recognition,f4rm_strict_dominates,24,3,0.09419999999999999,0.95335,1670.8,986055.8,0.7179166666666666,0.8930833333333332,75656.0,416608.0,24,24,0
F4RM-WiSARD-cuckoo,FT-Transformer,Magic Gamma,f4rm_strict_dominates,29,2,0.64863301787592,0.8691903259726603,84.0,468652.0,0.853925692253768,0.8643533123028391,70952.0,273496.0,29,29,0
F4RM-WiSARD-cuckoo,FT-Transformer,Pendigits,f4rm_strict_dominates,18,3,0.3292405638926785,0.9899045020463847,581.6,316209.8,0.9410338032438986,0.9869637714112476,73544.0,412448.0,18,18,0
F4RM-WiSARD-cuckoo,FT-Transformer,Pima Diabetes,f4rm_strict_dominates,13,3,0.6493506493506493,0.7675324675324675,67.0,9384.2,0.6666666666666666,0.7575757575757577,70440.0,406272.0,13,13,0
F4RM-WiSARD-cuckoo,FT-Transformer,SatImage,f4rm_strict_dominates,28,2,0.3097978227060653,0.9122861586314153,858.2,571973.2,0.8499222395023328,0.8709175738724729,78136.0,287848.0,28,28,0
F4RM-WiSARD-cuckoo,FT-Transformer,Seeds,f4rm_strict_dominates,8,2,0.8571428571428571,0.9380952380952381,64.2,2171.8,0.6587301587301587,0.9047619047619048,70316.0,272220.0,8,8,0
F4RM-WiSARD-cuckoo,FT-Transformer,Segment,f4rm_strict_dominates,20,3,0.5290043290043289,0.9662337662337663,409.0,23016.6,0.8225108225108224,0.9235209235209235,73916.0,413204.0,20,20,0
F4RM-WiSARD-cuckoo,FT-Transformer,Steel Plates,mixed,23,2,0.6544987146529563,0.9922879177377892,233.2,283059.2,0.8414738646101113,1.0,76840.0,285272.0,24,23,1
F4RM-WiSARD-cuckoo,FT-Transformer,Vehicle,f4rm_strict_dominates,14,3,0.4105882352941176,0.7494117647058823,277.4,7898.6,0.38823529411764707,0.596078431372549,73264.0,411912.0,14,14,0
F4RM-WiSARD-cuckoo,FT-Transformer,Waveform,mixed,18,3,0.338,0.8486,504.8,964405.2,0.8413333333333334,0.8673333333333333,78764.0,422916.0,16,13,3
F4RM-WiSARD-cuckoo,FT-Transformer,Wine,f4rm_strict_dominates,4,3,0.9166666666666666,0.9888888888888889,135.6,588.2,0.4259259259259259,0.9074074074074074,71852.0,409092.0,4,4,0
F4RM-WiSARD-cuckoo,FT-Transformer,Yeast,f4rm_strict_dominates,15,2,0.31851851851851853,0.6107744107744107,244.2,63424.4,0.3041526374859708,0.4927048260381594,71496.0,274552.0,15,15,0
F4RM-WiSARD-cuckoo,BTHOWeN,Balance Scale,mixed,12,4,0.2304,0.9024000000000001,49.4,4556.2,0.6896,0.8496,48.0,1152.0,10,7,3
F4RM-WiSARD-cuckoo,BTHOWeN,Banknote,mixed,17,6,0.5941818181818183,1.0,31.6,1417.4,0.8880000000000001,0.992,32.0,1024.0,20,15,5
F4RM-WiSARD-cuckoo,BTHOWeN,Breast Cancer,mixed,8,5,0.8649122807017544,0.9631578947368421,243.4,18625.8,0.6263157894736843,0.9596491228070174,128.0,7168.0,11,6,5
F4RM-WiSARD-cuckoo,BTHOWeN,EEG Eye State,mixed,37,5,0.5510680907877169,0.9427236315086782,117.0,756942.6,0.5560747663551402,0.580173564753004,64.0,640.0,34,29,5
F4RM-WiSARD-cuckoo,BTHOWeN,Ecoli,f4rm_strict_dominates,10,6,0.7588235294117647,0.8705882352941176,111.6,12086.8,0.5470588235294118,0.8411764705882353,128.0,7168.0,10,10,0
F4RM-WiSARD-cuckoo,BTHOWeN,Glass,mixed,11,4,0.5813953488372092,0.7534883720930232,175.2,7000.8,0.4511627906976744,0.6744186046511629,96.0,672.0,12,11,1
F4RM-WiSARD-cuckoo,BTHOWeN,Haberman,mixed,6,2,0.7419354838709677,0.7483870967741936,25.0,337.8,0.7483870967741936,0.7516129032258064,32.0,64.0,6,4,2
F4RM-WiSARD-cuckoo,BTHOWeN,Ionosphere,mixed,12,5,0.352112676056338,0.9492957746478872,268.2,73764.6,0.6338028169014084,0.9183098591549296,128.0,3072.0,9,5,4
F4RM-WiSARD-cuckoo,BTHOWeN,Iris,mixed,7,5,0.8666666666666668,0.9666666666666668,24.6,1631.2,0.8666666666666668,0.96,48.0,288.0,6,5,1
F4RM-WiSARD-cuckoo,BTHOWeN,Letter Recognition,mixed,24,10,0.09419999999999999,0.95335,1670.8,986055.8,0.24609999999999999,0.900925,832.0,79872.0,21,14,7
F4RM-WiSARD-cuckoo,BTHOWeN,Magic Gamma,mixed,29,6,0.64863301787592,0.8691903259726603,84.0,468652.0,0.6698738170347003,0.7874868559411146,64.0,7680.0,25,20,5
F4RM-WiSARD-cuckoo,BTHOWeN,Pendigits,mixed,18,8,0.3292405638926785,0.9899045020463847,581.6,316209.8,0.40545702592087307,0.9757162346521145,320.0,20480.0,18,12,6
F4RM-WiSARD-cuckoo,BTHOWeN,Pima Diabetes,mixed,13,7,0.6493506493506493,0.7675324675324675,67.0,9384.2,0.6441558441558441,0.7337662337662337,32.0,6144.0,11,6,5
F4RM-WiSARD-cuckoo,BTHOWeN,SatImage,mixed,28,9,0.3097978227060653,0.9122861586314153,858.2,571973.2,0.6782270606531882,0.8796267496111975,384.0,26112.0,25,19,6
F4RM-WiSARD-cuckoo,BTHOWeN,Seeds,mixed,8,6,0.8571428571428571,0.9380952380952381,64.2,2171.8,0.6619047619047619,0.9095238095238095,48.0,2112.0,9,8,1
F4RM-WiSARD-cuckoo,BTHOWeN,Segment,mixed,20,7,0.5290043290043289,0.9662337662337663,409.0,23016.6,0.7943722943722944,0.9415584415584416,336.0,12544.0,16,10,6
F4RM-WiSARD-cuckoo,BTHOWeN,Steel Plates,mixed,23,8,0.6544987146529563,0.9922879177377892,233.2,283059.2,0.6735218508997429,0.8910025706940875,128.0,7680.0,22,16,6
F4RM-WiSARD-cuckoo,BTHOWeN,Vehicle,mixed,14,9,0.4105882352941176,0.7494117647058823,277.4,7898.6,0.3870588235294118,0.6905882352941177,128.0,4608.0,15,9,6
F4RM-WiSARD-cuckoo,BTHOWeN,Waveform,mixed,18,7,0.338,0.8486,504.8,964405.2,0.3386,0.8154,240.0,11520.0,15,8,7
F4RM-WiSARD-cuckoo,BTHOWeN,Wine,mixed,4,8,0.9166666666666666,0.9888888888888889,135.6,588.2,0.4722222222222222,0.9666666666666666,96.0,2496.0,5,4,1
F4RM-WiSARD-cuckoo,BTHOWeN,Yeast,mixed,15,7,0.31851851851851853,0.6107744107744107,244.2,63424.4,0.32861952861952864,0.5252525252525253,160.0,30720.0,14,10,4
F4RM-WiSARD-cuckoo,DWN,Balance Scale,f4rm_strict_dominates,12,3,0.2304,0.9024000000000001,49.4,4556.2,0.7679999999999999,0.8213333333333334,5382.0,47936.0,12,12,0
F4RM-WiSARD-cuckoo,DWN,Banknote,f4rm_strict_dominates,17,3,0.5941818181818183,1.0,31.6,1417.4,0.9466666666666667,0.9927272727272727,5400.0,48000.0,17,17,0
F4RM-WiSARD-cuckoo,DWN,Breast Cancer,mixed,8,2,0.8649122807017544,0.9631578947368421,243.4,18625.8,0.935672514619883,0.9649122807017543,5400.0,24000.0,9,8,1
F4RM-WiSARD-cuckoo,DWN,EEG Eye State,mixed,37,4,0.5510680907877169,0.9427236315086782,117.0,756942.6,0.7997329773030707,0.8854027592345349,5400.0,96000.0,30,27,3
F4RM-WiSARD-cuckoo,DWN,Ecoli,f4rm_strict_dominates,10,3,0.7588235294117647,0.8705882352941176,111.6,12086.8,0.8186274509803922,0.8676470588235294,5328.0,47872.0,10,10,0
F4RM-WiSARD-cuckoo,DWN,Glass,f4rm_strict_dominates,11,3,0.5813953488372092,0.7534883720930232,175.2,7000.8,0.6201550387596899,0.7286821705426357,5328.0,95872.0,11,11,0
F4RM-WiSARD-cuckoo,DWN,Haberman,f4rm_strict_dominates,6,1,0.7419354838709677,0.7483870967741936,25.0,337.8,0.6989247311827956,0.6989247311827956,5400.0,5400.0,6,6,0
F4RM-WiSARD-cuckoo,DWN,Ionosphere,f4rm_strict_dominates,12,2,0.352112676056338,0.9492957746478872,268.2,73764.6,0.9014084507042254,0.9107981220657276,5400.0,48000.0,12,12,0
F4RM-WiSARD-cuckoo,DWN,Iris,f4rm_strict_dominates,7,1,0.8666666666666668,0.9666666666666668,24.6,1631.2,0.9555555555555556,0.9555555555555556,5382.0,5382.0,7,7,0
F4RM-WiSARD-cuckoo,DWN,Letter Recognition,mixed,24,4,0.09419999999999999,0.95335,1670.8,986055.8,0.47625,0.9398333333333332,5004.0,95616.0,26,23,3
F4RM-WiSARD-cuckoo,DWN,Magic Gamma,mixed,29,3,0.64863301787592,0.8691903259726603,84.0,468652.0,0.806869961444094,0.8214160532772521,5400.0,96000.0,29,28,1
F4RM-WiSARD-cuckoo,DWN,Pendigits,mixed,18,4,0.3292405638926785,0.9899045020463847,581.6,316209.8,0.9173866909201153,0.9886311959981811,5400.0,96000.0,18,17,1
F4RM-WiSARD-cuckoo,DWN,Pima Diabetes,f4rm_strict_dominates,13,2,0.6493506493506493,0.7675324675324675,67.0,9384.2,0.6969696969696969,0.7164502164502164,5400.0,24000.0,13,13,0
F4RM-WiSARD-cuckoo,DWN,SatImage,mixed,28,3,0.3097978227060653,0.9122861586314153,858.2,571973.2,0.8639191290824261,0.9061689994815967,5328.0,47936.0,28,25,3
F4RM-WiSARD-cuckoo,DWN,Seeds,f4rm_strict_dominates,8,1,0.8571428571428571,0.9380952380952381,64.2,2171.8,0.9206349206349206,0.9206349206349206,5382.0,5382.0,8,8,0
F4RM-WiSARD-cuckoo,DWN,Segment,mixed,20,3,0.5290043290043289,0.9662337662337663,409.0,23016.6,0.9285714285714285,0.9747474747474748,5364.0,47904.0,21,20,1
F4RM-WiSARD-cuckoo,DWN,Steel Plates,mixed,23,1,0.6544987146529563,0.9922879177377892,233.2,283059.2,1.0,1.0,5400.0,5400.0,12,11,1
F4RM-WiSARD-cuckoo,DWN,Vehicle,f4rm_strict_dominates,14,3,0.4105882352941176,0.7494117647058823,277.4,7898.6,0.688235294117647,0.7450980392156863,5400.0,96000.0,14,14,0
F4RM-WiSARD-cuckoo,DWN,Waveform,mixed,18,2,0.338,0.8486,504.8,964405.2,0.8163333333333332,0.8286666666666666,5382.0,47936.0,18,16,2
F4RM-WiSARD-cuckoo,DWN,Wine,f4rm_strict_dominates,4,2,0.9166666666666666,0.9888888888888889,135.6,588.2,0.9537037037037037,0.9722222222222222,5382.0,95968.0,4,4,0
F4RM-WiSARD-cuckoo,DWN,Yeast,f4rm_strict_dominates,15,3,0.31851851851851853,0.6107744107744107,244.2,63424.4,0.494949494949495,0.5757575757575757,5400.0,48000.0,15,15,0
F4RM-WiSARD-cuckoo,ULEEN,Balance Scale,mixed,12,6,0.2304,0.9024000000000001,49.4,4556.2,0.5439999999999999,0.88,72.0,2560.0,14,10,4
F4RM-WiSARD-cuckoo,ULEEN,Banknote,mixed,17,5,0.5941818181818183,1.0,31.6,1417.4,0.9018181818181819,0.9866666666666667,48.0,2080.0,18,17,1
F4RM-WiSARD-cuckoo,ULEEN,Breast Cancer,mixed,8,4,0.8649122807017544,0.9631578947368421,243.4,18625.8,0.9093567251461989,0.9590643274853802,272.0,5328.0,12,8,4
F4RM-WiSARD-cuckoo,ULEEN,EEG Eye State,mixed,37,4,0.5510680907877169,0.9427236315086782,117.0,756942.6,0.5657543391188251,0.6637739207832666,144.0,1920.0,35,31,4
F4RM-WiSARD-cuckoo,ULEEN,Ecoli,mixed,10,5,0.7588235294117647,0.8705882352941176,111.6,12086.8,0.5,0.9019607843137255,320.0,7040.0,10,9,1
F4RM-WiSARD-cuckoo,ULEEN,Glass,f4rm_strict_dominates,11,3,0.5813953488372092,0.7534883720930232,175.2,7000.8,0.3488372093023256,0.6666666666666666,288.0,1536.0,11,11,0
F4RM-WiSARD-cuckoo,ULEEN,Haberman,f4rm_strict_dominates,6,4,0.7419354838709677,0.7483870967741936,25.0,337.8,0.6451612903225806,0.7365591397849464,48.0,480.0,6,6,0
F4RM-WiSARD-cuckoo,ULEEN,Ionosphere,mixed,12,3,0.352112676056338,0.9492957746478872,268.2,73764.6,0.7230046948356806,0.948356807511737,304.0,2688.0,12,9,3
F4RM-WiSARD-cuckoo,ULEEN,Iris,f4rm_strict_dominates,7,4,0.8666666666666668,0.9666666666666668,24.6,1631.2,0.39999999999999997,0.9,72.0,2560.0,7,7,0
F4RM-WiSARD-cuckoo,ULEEN,Letter Recognition,mixed,24,4,0.09419999999999999,0.95335,1670.8,986055.8,0.521,0.8814166666666666,1872.0,24960.0,17,13,4
F4RM-WiSARD-cuckoo,ULEEN,Magic Gamma,mixed,29,5,0.64863301787592,0.8691903259726603,84.0,468652.0,0.7887311601822643,0.8386785839467228,96.0,1280.0,20,15,5
F4RM-WiSARD-cuckoo,ULEEN,Pendigits,mixed,18,7,0.3292405638926785,0.9899045020463847,581.6,316209.8,0.8873730483553129,0.9878732757313932,720.0,21760.0,14,7,7
F4RM-WiSARD-cuckoo,ULEEN,Pima Diabetes,mixed,13,6,0.6493506493506493,0.7675324675324675,67.0,9384.2,0.6883116883116883,0.7683982683982684,80.0,3520.0,10,4,6
F4RM-WiSARD-cuckoo,ULEEN,SatImage,mixed,28,4,0.3097978227060653,0.9122861586314153,858.2,571973.2,0.847071021254536,0.8994297563504405,960.0,13440.0,12,8,4
F4RM-WiSARD-cuckoo,ULEEN,Seeds,mixed,8,5,0.8571428571428571,0.9380952380952381,64.2,2171.8,0.6428571428571429,0.9444444444444443,120.0,2304.0,10,8,2
F4RM-WiSARD-cuckoo,ULEEN,Segment,mixed,20,8,0.5290043290043289,0.9662337662337663,409.0,23016.6,0.8152958152958153,0.9502164502164502,616.0,14560.0,20,19,1
F4RM-WiSARD-cuckoo,ULEEN,Steel Plates,mixed,23,5,0.6544987146529563,0.9922879177377892,233.2,283059.2,0.7960582690659811,1.0,304.0,7392.0,8,3,5
F4RM-WiSARD-cuckoo,ULEEN,Vehicle,mixed,14,8,0.4105882352941176,0.7494117647058823,277.4,7898.6,0.503921568627451,0.7411764705882353,352.0,11840.0,16,14,2
F4RM-WiSARD-cuckoo,ULEEN,Waveform,mixed,18,3,0.338,0.8486,504.8,964405.2,0.79,0.838,528.0,6336.0,13,10,3
F4RM-WiSARD-cuckoo,ULEEN,Wine,f4rm_strict_dominates,4,5,0.9166666666666666,0.9888888888888889,135.6,588.2,0.6296296296296297,0.9537037037037037,192.0,7040.0,4,4,0
F4RM-WiSARD-cuckoo,ULEEN,Yeast,mixed,15,6,0.31851851851851853,0.6107744107744107,244.2,63424.4,0.4377104377104377,0.5970819304152638,400.0,8320.0,14,8,6
F4RM-WiSARD-dense,DT,Balance Scale,f4rm_strict_dominates,12,25,0.2304,0.9024000000000001,237.0,21644.0,0.45600000000000007,0.7792,1250.0,3791.4,12,12,0
F4RM-WiSARD-dense,DT,Banknote,f4rm_strict_dominates,17,39,0.5941818181818183,1.0,153.0,6736.0,0.8378181818181819,0.9854545454545454,1398.0,4415.0,17,17,0
F4RM-WiSARD-dense,DT,Breast Cancer,mixed,8,26,0.8649122807017544,0.9631578947368421,1157.0,88474.0,0.9017543859649123,0.9438596491228071,1559.0,2653.4,30,7,23
F4RM-WiSARD-dense,DT,EEG Eye State,mixed,37,96,0.5510680907877169,0.9427236315086782,560.0,3595480.0,0.5510680907877169,0.8411882510013351,1238.0,167339.0,110,23,87
F4RM-WiSARD-dense,DT,Ecoli,f4rm_strict_dominates,10,26,0.7588235294117647,0.8705882352941176,533.0,57413.0,0.7529411764705882,0.8352941176470589,1892.0,3377.8,10,10,0
F4RM-WiSARD-dense,DT,Glass,f4rm_strict_dominates,11,34,0.5813953488372092,0.7534883720930232,835.0,33256.0,0.48372093023255813,0.7162790697674419,1970.0,6684.0,11,11,0
F4RM-WiSARD-dense,DT,Haberman,mixed,6,12,0.7419354838709677,0.7483870967741936,120.0,1607.0,0.7419354838709677,0.7612903225806452,1238.0,2717.0,9,6,3
F4RM-WiSARD-dense,DT,Ionosphere,mixed,12,19,0.352112676056338,0.9492957746478872,1276.0,350384.0,0.8676056338028169,0.9014084507042254,1528.4,1817.0,27,8,19
F4RM-WiSARD-dense,DT,Iris,mixed,7,26,0.8666666666666668,0.9666666666666668,118.0,7751.0,0.9466666666666667,0.9666666666666668,1846.0,2308.4,10,4,6
F4RM-WiSARD-dense,DT,Letter Recognition,mixed,24,29,0.09419999999999999,0.95335,7939.0,4683767.0,0.4225833333333333,0.8851666666666667,11505.333333333334,996713.3333333334,32,20,12
F4RM-WiSARD-dense,DT,Magic Gamma,mixed,29,15,0.64863301787592,0.8691903259726603,400.0,2226099.0,0.6482649842271293,0.8442691903259727,1238.0,63936.8,26,16,10
F4RM-WiSARD-dense,DT,Pendigits,mixed,18,118,0.3292405638926785,0.9899045020463847,2765.0,1501999.0,0.10413824465666213,0.9628922237380628,1334.0,76695.8,114,16,98
F4RM-WiSARD-dense,DT,Pima Diabetes,mixed,13,31,0.6493506493506493,0.7675324675324675,320.0,44577.0,0.6493506493506493,0.7701298701298701,1351.0,2734.8,28,6,22
F4RM-WiSARD-dense,DT,SatImage,mixed,28,77,0.3097978227060653,0.9122861586314153,4079.0,2716875.0,0.6979782270606532,0.8682737169517886,1942.6,15384.2,95,18,77
F4RM-WiSARD-dense,DT,Seeds,mixed,8,25,0.8571428571428571,0.9380952380952381,306.0,10320.0,0.8761904761904763,0.9285714285714285,1605.0,2347.2,9,7,2
F4RM-WiSARD-dense,DT,Segment,mixed,20,59,0.5290043290043289,0.9662337662337663,1946.0,109331.0,0.6645021645021645,0.9675324675324675,2440.0,14779.0,61,2,59
F4RM-WiSARD-dense,DT,Steel Plates,mixed,23,63,0.6544987146529563,0.9922879177377892,1111.0,1344534.0,0.6529562982005142,1.0,1238.0,2201.0,58,4,54
F4RM-WiSARD-dense,DT,Vehicle,mixed,14,36,0.4105882352941176,0.7494117647058823,1321.0,37521.0,0.25882352941176473,0.7235294117647059,1310.0,7156.8,42,6,36
F4RM-WiSARD-dense,DT,Waveform,mixed,18,71,0.338,0.8486,2399.0,4580928.0,0.5734,0.7727999999999999,1426.0,17873.4,81,10,71
F4RM-WiSARD-dense,DT,Wine,f4rm_strict_dominates,4,27,0.9166666666666666,0.9888888888888889,648.0,2795.0,0.8388888888888889,0.9388888888888889,1846.0,2764.2,4,4,0
F4RM-WiSARD-dense,DT,Yeast,mixed,15,28,0.31851851851851853,0.6107744107744107,1161.0,301268.0,0.31313131313131315,0.593939393939394,1414.0,10064.0,25,6,19
F4RM-WiSARD-dense,RF,Balance Scale,f4rm_strict_dominates,12,5,0.2304,0.9024000000000001,237.0,21644.0,0.8272,0.8656,58700.6,303832.4,12,12,0
F4RM-WiSARD-dense,RF,Banknote,f4rm_strict_dominates,17,5,0.5941818181818183,1.0,153.0,6736.0,0.9883636363636363,0.997090909090909,33119.0,41986.0,17,17,0
F4RM-WiSARD-dense,RF,Breast Cancer,f4rm_strict_dominates,8,5,0.8649122807017544,0.9631578947368421,1157.0,88474.0,0.9491228070175438,0.9631578947368421,18519.0,309058.8,8,8,0
F4RM-WiSARD-dense,RF,EEG Eye State,f4rm_strict_dominates,37,14,0.5510680907877169,0.9427236315086782,560.0,3595480.0,0.8123052959501558,0.933355585224744,191108.66666666666,39077740.333333336,37,37,0
F4RM-WiSARD-dense,RF,Ecoli,mixed,10,13,0.7588235294117647,0.8705882352941176,533.0,57413.0,0.8352941176470589,0.8823529411764707,44010.2,1023460.2,14,10,4
F4RM-WiSARD-dense,RF,Glass,mixed,11,7,0.5813953488372092,0.7534883720930232,835.0,33256.0,0.7488372093023256,0.813953488372093,36196.0,1616555.8,16,11,5
F4RM-WiSARD-dense,RF,Haberman,f4rm_strict_dominates,6,5,0.7419354838709677,0.7483870967741936,120.0,1607.0,0.6806451612903226,0.7258064516129032,35016.0,675030.2,6,6,0
F4RM-WiSARD-dense,RF,Ionosphere,f4rm_strict_dominates,12,10,0.352112676056338,0.9492957746478872,1276.0,350384.0,0.904225352112676,0.9380281690140844,19548.0,158972.0,12,12,0
F4RM-WiSARD-dense,RF,Iris,f4rm_strict_dominates,7,5,0.8666666666666668,0.9666666666666668,118.0,7751.0,0.9533333333333334,0.9666666666666668,11918.8,17187.2,7,7,0
F4RM-WiSARD-dense,RF,Letter Recognition,mixed,24,13,0.09419999999999999,0.95335,7939.0,4683767.0,0.6835,0.9659166666666668,647948.0,229085524.33333334,27,24,3
F4RM-WiSARD-dense,RF,Magic Gamma,mixed,29,11,0.64863301787592,0.8691903259726603,400.0,2226099.0,0.8558534875569576,0.8780231335436383,187751.66666666666,43885953.666666664,31,20,11
F4RM-WiSARD-dense,RF,Pendigits,mixed,18,11,0.3292405638926785,0.9899045020463847,2765.0,1501999.0,0.9520994391390025,0.9912081249052599,289934.0,10343847.0,20,18,2
F4RM-WiSARD-dense,RF,Pima Diabetes,mixed,13,5,0.6493506493506493,0.7675324675324675,320.0,44577.0,0.7571428571428571,0.7909090909090909,62235.0,1488814.0,17,13,4
F4RM-WiSARD-dense,RF,SatImage,mixed,28,14,0.3097978227060653,0.9122861586314153,4079.0,2716875.0,0.8884914463452566,0.9161741835147744,207186.6,4558346.2,29,28,1
F4RM-WiSARD-dense,RF,Seeds,f4rm_strict_dominates,8,3,0.8571428571428571,0.9380952380952381,306.0,10320.0,0.8952380952380953,0.9285714285714285,14976.6,95260.4,8,8,0
F4RM-WiSARD-dense,RF,Segment,mixed,20,18,0.5290043290043289,0.9662337662337663,1946.0,109331.0,0.9424242424242424,0.9770562770562771,56062.0,2002349.8,31,20,11
F4RM-WiSARD-dense,RF,Steel Plates,mixed,23,2,0.6544987146529563,0.9922879177377892,1111.0,1344534.0,1.0,1.0,14849.0,14849.0,12,10,2
F4RM-WiSARD-dense,RF,Vehicle,mixed,14,8,0.4105882352941176,0.7494117647058823,1321.0,37521.0,0.7211764705882353,0.7505882352941177,77713.4,1064387.6,16,14,2
F4RM-WiSARD-dense,RF,Waveform,mixed,18,6,0.338,0.8486,2399.0,4580928.0,0.8192,0.8577999999999999,216224.0,8791481.6,20,14,6
F4RM-WiSARD-dense,RF,Wine,f4rm_strict_dominates,4,6,0.9166666666666666,0.9888888888888889,648.0,2795.0,0.9333333333333332,0.9777777777777779,13445.6,21625.4,4,4,0
F4RM-WiSARD-dense,RF,Yeast,mixed,15,5,0.31851851851851853,0.6107744107744107,1161.0,301268.0,0.6161616161616161,0.6316498316498317,150800.8,1417648.0,18,13,5
F4RM-WiSARD-dense,XGBoost,Balance Scale,mixed,12,3,0.2304,0.9024000000000001,237.0,21644.0,0.8848,0.9040000000000001,490686.6,1713265.8,13,12,1
F4RM-WiSARD-dense,XGBoost,Banknote,f4rm_strict_dominates,17,1,0.5941818181818183,1.0,153.0,6736.0,0.9978181818181818,0.9978181818181818,77586.6,77586.6,17,17,0
F4RM-WiSARD-dense,XGBoost,Breast Cancer,mixed,8,3,0.8649122807017544,0.9631578947368421,1157.0,88474.0,0.9631578947368421,0.9701754385964912,66483.0,249884.0,10,7,3
F4RM-WiSARD-dense,XGBoost,EEG Eye State,mixed,37,14,0.5510680907877169,0.9427236315086782,560.0,3595480.0,0.8462394303515799,0.9564975522919448,200759.33333333334,6358373.666666667,43,33,10
F4RM-WiSARD-dense,XGBoost,Ecoli,f4rm_strict_dominates,10,4,0.7588235294117647,0.8705882352941176,533.0,57413.0,0.8470588235294118,0.8617647058823529,525955.8,5986579.8,10,10,0
F4RM-WiSARD-dense,XGBoost,Glass,mixed,11,4,0.5813953488372092,0.7534883720930232,835.0,33256.0,0.7581395348837209,0.7906976744186046,404410.6,4641429.8,15,11,4
F4RM-WiSARD-dense,XGBoost,Haberman,f4rm_strict_dominates,6,6,0.7419354838709677,0.7483870967741936,120.0,1607.0,0.6741935483870968,0.732258064516129,131495.8,218611.0,6,6,0
F4RM-WiSARD-dense,XGBoost,Ionosphere,mixed,12,2,0.352112676056338,0.9492957746478872,1276.0,350384.0,0.943661971830986,0.9464788732394366,70085.4,703319.4,13,12,1
F4RM-WiSARD-dense,XGBoost,Iris,f4rm_strict_dominates,7,3,0.8666666666666668,0.9666666666666668,118.0,7751.0,0.9333333333333333,0.9533333333333334,165102.4,228362.8,7,7,0
F4RM-WiSARD-dense,XGBoost,Letter Recognition,mixed,24,12,0.09419999999999999,0.95335,7939.0,4683767.0,0.9188333333333333,0.9660833333333333,4588684.666666667,40324397.333333336,32,24,8
F4RM-WiSARD-dense,XGBoost,Magic Gamma,mixed,29,7,0.64863301787592,0.8691903259726603,400.0,2226099.0,0.8731160182264284,0.885471433578689,208698.0,2300855.0,25,18,7
F4RM-WiSARD-dense,XGBoost,Pendigits,mixed,18,3,0.3292405638926785,0.9899045020463847,2765.0,1501999.0,0.9871153554646052,0.9915112930119752,1638448.3333333333,4466160.333333333,19,18,1
F4RM-WiSARD-dense,XGBoost,Pima Diabetes,mixed,13,5,0.6493506493506493,0.7675324675324675,320.0,44577.0,0.7480519480519481,0.7844155844155845,147251.0,184317.8,15,13,2
F4RM-WiSARD-dense,XGBoost,SatImage,mixed,28,9,0.3097978227060653,0.9122861586314153,4079.0,2716875.0,0.9116122343182996,0.9240539139450492,1069487.0,6008074.0,34,25,9
F4RM-WiSARD-dense,XGBoost,Seeds,mixed,8,2,0.8571428571428571,0.9380952380952381,306.0,10320.0,0.9333333333333332,0.9428571428571428,169751.8,170834.8,9,8,1
F4RM-WiSARD-dense,XGBoost,Segment,mixed,20,3,0.5290043290043289,0.9662337662337663,1946.0,109331.0,0.9848484848484848,0.9857142857142858,520191.6,2470151.6,23,20,3
F4RM-WiSARD-dense,XGBoost,Steel Plates,mixed,23,1,0.6544987146529563,0.9922879177377892,1111.0,1344534.0,1.0,1.0,87123.0,87123.0,17,16,1
F4RM-WiSARD-dense,XGBoost,Vehicle,mixed,14,3,0.4105882352941176,0.7494117647058823,1321.0,37521.0,0.7588235294117647,0.7694117647058822,484372.2,1536395.6,17,14,3
F4RM-WiSARD-dense,XGBoost,Waveform,mixed,18,3,0.338,0.8486,2399.0,4580928.0,0.8513999999999999,0.8577999999999999,577110.6,2074121.8,16,13,3
F4RM-WiSARD-dense,XGBoost,Wine,f4rm_strict_dominates,4,8,0.9166666666666666,0.9888888888888889,648.0,2795.0,0.9666666666666666,0.9777777777777779,148644.6,191448.4,4,4,0
F4RM-WiSARD-dense,XGBoost,Yeast,mixed,15,5,0.31851851851851853,0.6107744107744107,1161.0,301268.0,0.5885521885521886,0.6195286195286196,1203103.8,6972888.0,18,15,3
F4RM-WiSARD-dense,LightGBM,Balance Scale,mixed,12,4,0.2304,0.9024000000000001,237.0,21644.0,0.9008,0.9040000000000001,304656.2,306372.2,15,12,3
F4RM-WiSARD-dense,LightGBM,Banknote,f4rm_strict_dominates,17,9,0.5941818181818183,1.0,153.0,6736.0,0.9767272727272728,0.9978181818181818,115313.0,131711.8,17,17,0
F4RM-WiSARD-dense,LightGBM,Breast Cancer,mixed,8,15,0.8649122807017544,0.9631578947368421,1157.0,88474.0,0.9578947368421054,0.9719298245614034,75446.6,549346.4,17,8,9
F4RM-WiSARD-dense,LightGBM,EEG Eye State,mixed,37,8,0.5510680907877169,0.9427236315086782,560.0,3595480.0,0.8681575433911882,0.9601691143747219,178689.66666666666,14623904.666666666,30,22,8
F4RM-WiSARD-dense,LightGBM,Ecoli,f4rm_strict_dominates,10,12,0.7588235294117647,0.8705882352941176,533.0,57413.0,0.8235294117647058,0.8529411764705882,448657.2,3109753.2,10,10,0
F4RM-WiSARD-dense,LightGBM,Glass,mixed,11,18,0.5813953488372092,0.7534883720930232,835.0,33256.0,0.7023255813953488,0.7767441860465116,335489.0,2111415.8,20,11,9
F4RM-WiSARD-dense,LightGBM,Haberman,f4rm_strict_dominates,6,3,0.7419354838709677,0.7483870967741936,120.0,1607.0,0.7387096774193548,0.7387096774193548,90323.8,90323.8,6,6,0
F4RM-WiSARD-dense,LightGBM,Ionosphere,mixed,12,15,0.352112676056338,0.9492957746478872,1276.0,350384.0,0.9295774647887324,0.9492957746478872,79871.0,113756.0,14,11,3
F4RM-WiSARD-dense,LightGBM,Iris,f4rm_strict_dominates,7,3,0.8666666666666668,0.9666666666666668,118.0,7751.0,0.9533333333333334,0.9533333333333334,128407.6,128407.6,7,7,0
F4RM-WiSARD-dense,LightGBM,Letter Recognition,mixed,24,6,0.09419999999999999,0.95335,7939.0,4683767.0,0.927,0.9703333333333334,4538424.0,48265498.0,27,23,4
F4RM-WiSARD-dense,LightGBM,Magic Gamma,mixed,29,6,0.64863301787592,0.8691903259726603,400.0,2226099.0,0.8760953382404487,0.8845075359270943,176887.66666666666,3462928.3333333335,24,18,6
F4RM-WiSARD-dense,LightGBM,Pendigits,mixed,18,5,0.3292405638926785,0.9899045020463847,2765.0,1501999.0,0.9804456571168713,0.9915112930119752,1692481.0,14978396.0,21,18,3
F4RM-WiSARD-dense,LightGBM,Pima Diabetes,mixed,13,3,0.6493506493506493,0.7675324675324675,320.0,44577.0,0.7844155844155845,0.7883116883116883,158042.0,162131.6,16,13,3
F4RM-WiSARD-dense,LightGBM,SatImage,mixed,28,7,0.3097978227060653,0.9122861586314153,4079.0,2716875.0,0.9020217729393468,0.9297563504406429,1012520.0,10667336.333333334,31,25,6
F4RM-WiSARD-dense,LightGBM,Seeds,mixed,8,12,0.8571428571428571,0.9380952380952381,306.0,10320.0,0.9285714285714285,0.9476190476190476,157467.2,216321.6,14,8,6
F4RM-WiSARD-dense,LightGBM,Segment,mixed,20,7,0.5290043290043289,0.9662337662337663,1946.0,109331.0,0.9675324675324676,0.987012987012987,693810.6666666666,3841719.0,27,20,7
F4RM-WiSARD-dense,LightGBM,Steel Plates,mixed,23,1,0.6544987146529563,0.9922879177377892,1111.0,1344534.0,1.0,1.0,94387.2,94387.2,17,16,1
F4RM-WiSARD-dense,LightGBM,Vehicle,mixed,14,6,0.4105882352941176,0.7494117647058823,1321.0,37521.0,0.7341176470588235,0.7647058823529411,544402.2,762073.8,19,14,5
F4RM-WiSARD-dense,LightGBM,Waveform,mixed,18,5,0.338,0.8486,2399.0,4580928.0,0.8493333333333334,0.858,524875.6666666666,2163033.3333333335,18,13,5
F4RM-WiSARD-dense,LightGBM,Wine,f4rm_strict_dominates,4,6,0.9166666666666666,0.9888888888888889,648.0,2795.0,0.9555555555555555,0.9666666666666666,140998.6,151505.6,4,4,0
F4RM-WiSARD-dense,LightGBM,Yeast,mixed,15,1,0.31851851851851853,0.6107744107744107,1161.0,301268.0,0.6215488215488215,0.6215488215488215,1283755.4,1283755.4,16,15,1
F4RM-WiSARD-dense,CatBoost,Balance Scale,mixed,12,1,0.2304,0.9024000000000001,237.0,21644.0,0.9173333333333334,0.9173333333333334,64560.0,64560.0,13,12,1
F4RM-WiSARD-dense,CatBoost,Banknote,f4rm_strict_dominates,17,2,0.5941818181818183,1.0,153.0,6736.0,0.9963636363636365,0.9975757575757576,40288.0,172645.33333333334,17,17,0
F4RM-WiSARD-dense,CatBoost,Breast Cancer,mixed,8,1,0.8649122807017544,0.9631578947368421,1157.0,88474.0,0.9754385964912281,0.9754385964912281,40836.8,40836.8,7,6,1
F4RM-WiSARD-dense,CatBoost,EEG Eye State,mixed,37,3,0.5510680907877169,0.9427236315086782,560.0,3595480.0,0.8093012906097018,0.9561637739207832,40874.666666666664,2112482.6666666665,25,22,3
F4RM-WiSARD-dense,CatBoost,Ecoli,mixed,10,4,0.7588235294117647,0.8705882352941176,533.0,57413.0,0.8705882352941178,0.9117647058823529,128564.8,1741648.0,14,10,4
F4RM-WiSARD-dense,CatBoost,Glass,mixed,11,2,0.5813953488372092,0.7534883720930232,835.0,33256.0,0.7751937984496123,0.8093023255813954,104328.0,104486.4,13,11,2
F4RM-WiSARD-dense,CatBoost,Haberman,mixed,6,1,0.7419354838709677,0.7483870967741936,120.0,1607.0,0.7548387096774193,0.7548387096774193,39131.2,39131.2,7,6,1
F4RM-WiSARD-dense,CatBoost,Ionosphere,mixed,12,1,0.352112676056338,0.9492957746478872,1276.0,350384.0,0.9530516431924884,0.9530516431924884,41229.333333333336,41229.333333333336,11,10,1
F4RM-WiSARD-dense,CatBoost,Iris,f4rm_strict_dominates,7,2,0.8666666666666668,0.9666666666666668,118.0,7751.0,0.9533333333333334,0.9555555555555556,64795.2,65120.0,7,7,0
F4RM-WiSARD-dense,CatBoost,Letter Recognition,mixed,24,3,0.09419999999999999,0.95335,7939.0,4683767.0,0.8528333333333333,0.9645833333333332,360672.0,27700168.0,25,24,1
F4RM-WiSARD-dense,CatBoost,Magic Gamma,mixed,29,3,0.64863301787592,0.8691903259726603,400.0,2226099.0,0.8675955134945671,0.8864353312302838,40770.666666666664,2113229.3333333335,15,12,3
F4RM-WiSARD-dense,CatBoost,Pendigits,mixed,18,3,0.3292405638926785,0.9899045020463847,2765.0,1501999.0,0.9777171441564348,0.9910565408519023,156533.33333333334,11329128.0,20,18,2
F4RM-WiSARD-dense,CatBoost,Pima Diabetes,mixed,13,1,0.6493506493506493,0.7675324675324675,320.0,44577.0,0.7662337662337663,0.7662337662337663,40357.333333333336,40357.333333333336,14,13,1
F4RM-WiSARD-dense,CatBoost,SatImage,mixed,28,3,0.3097978227060653,0.9122861586314153,4079.0,2716875.0,0.8939865215137376,0.9212026956972524,105736.0,7233554.666666667,24,21,3
F4RM-WiSARD-dense,CatBoost,Seeds,mixed,8,4,0.8571428571428571,0.9380952380952381,306.0,10320.0,0.9238095238095237,0.9523809523809524,66094.4,4085610.6666666665,10,8,2
F4RM-WiSARD-dense,CatBoost,Segment,mixed,20,3,0.5290043290043289,0.9662337662337663,1946.0,109331.0,0.9704184704184704,0.9812409812409811,118170.66666666667,8257994.666666667,23,20,3
F4RM-WiSARD-dense,CatBoost,Steel Plates,mixed,23,1,0.6544987146529563,0.9922879177377892,1111.0,1344534.0,1.0,1.0,40440.0,40440.0,14,13,1
F4RM-WiSARD-dense,CatBoost,Vehicle,mixed,14,2,0.4105882352941176,0.7494117647058823,1321.0,37521.0,0.7411764705882353,0.7647058823529411,79354.66666666667,366501.3333333333,15,14,1
F4RM-WiSARD-dense,CatBoost,Waveform,mixed,18,2,0.338,0.8486,2399.0,4580928.0,0.8556666666666667,0.8613333333333334,67594.66666666667,306344.0,11,9,2
F4RM-WiSARD-dense,CatBoost,Wine,mixed,4,2,0.9166666666666666,0.9888888888888889,648.0,2795.0,0.9722222222222221,0.9907407407407408,66233.6,66426.66666666667,5,4,1
F4RM-WiSARD-dense,CatBoost,Yeast,mixed,15,1,0.31851851851851853,0.6107744107744107,1161.0,301268.0,0.6464646464646465,0.6464646464646465,155178.66666666666,155178.66666666666,14,13,1
F4RM-WiSARD-dense,MLP,Balance Scale,mixed,12,22,0.2304,0.9024000000000001,237.0,21644.0,0.7712,0.9103999999999999,1036.0,700940.0,22,12,10
F4RM-WiSARD-dense,MLP,Banknote,f4rm_strict_dominates,17,14,0.5941818181818183,1.0,153.0,6736.0,0.7258181818181818,0.9905454545454546,772.0,169988.0,17,17,0
F4RM-WiSARD-dense,MLP,Breast Cancer,f4rm_strict_dominates,8,8,0.8649122807017544,0.9631578947368421,1157.0,88474.0,0.9175438596491228,0.9491228070175438,4100.0,753668.0,8,8,0
F4RM-WiSARD-dense,MLP,EEG Eye State,f4rm_strict_dominates,37,2,0.5510680907877169,0.9427236315086782,560.0,3595480.0,0.5511793502447707,0.5511793502447707,4100.0,4100.0,37,37,0
F4RM-WiSARD-dense,MLP,Ecoli,f4rm_strict_dominates,10,12,0.7588235294117647,0.8705882352941176,533.0,57413.0,0.3176470588235294,0.8029411764705883,2080.0,708384.0,10,10,0
F4RM-WiSARD-dense,MLP,Glass,f4rm_strict_dominates,11,20,0.5813953488372092,0.7534883720930232,835.0,33256.0,0.25116279069767444,0.46976744186046515,2072.0,711960.0,11,11,0
F4RM-WiSARD-dense,MLP,Haberman,f4rm_strict_dominates,6,16,0.7419354838709677,0.7483870967741936,120.0,1607.0,0.632258064516129,0.7419354838709677,644.0,9476.0,6,6,0
F4RM-WiSARD-dense,MLP,Ionosphere,f4rm_strict_dominates,12,18,0.352112676056338,0.9492957746478872,1276.0,350384.0,0.6676056338028169,0.9408450704225352,4612.0,761860.0,12,12,0
F4RM-WiSARD-dense,MLP,Iris,f4rm_strict_dominates,7,22,0.8666666666666668,0.9666666666666668,118.0,7751.0,0.3466666666666667,0.8800000000000001,1036.0,700940.0,7,7,0
F4RM-WiSARD-dense,MLP,Letter Recognition,mixed,24,4,0.09419999999999999,0.95335,7939.0,4683767.0,0.81,0.9501666666666667,11112.0,705128.0,9,5,4
F4RM-WiSARD-dense,MLP,Magic Gamma,mixed,29,4,0.64863301787592,0.8691903259726603,400.0,2226099.0,0.8533999298983526,0.8740799158780231,3076.0,679940.0,8,4,4
F4RM-WiSARD-dense,MLP,Pendigits,mixed,18,12,0.3292405638926785,0.9899045020463847,2765.0,1501999.0,0.9738972260118235,0.9919054115507049,3496.0,727336.0,13,1,12
F4RM-WiSARD-dense,MLP,Pima Diabetes,mixed,13,14,0.6493506493506493,0.7675324675324675,320.0,44577.0,0.6428571428571429,0.774025974025974,1284.0,708612.0,15,13,2
F4RM-WiSARD-dense,MLP,SatImage,mixed,28,12,0.3097978227060653,0.9122861586314153,4079.0,2716875.0,0.8300155520995334,0.8953343701399689,5528.0,767256.0,28,22,6
F4RM-WiSARD-dense,MLP,Seeds,f4rm_strict_dominates,8,20,0.8571428571428571,0.9380952380952381,306.0,10320.0,0.5142857142857142,0.9238095238095237,1420.0,707084.0,8,8,0
F4RM-WiSARD-dense,MLP,Segment,mixed,20,12,0.5290043290043289,0.9662337662337663,1946.0,109331.0,0.8523809523809524,0.9584415584415584,3484.0,186908.0,19,17,2
F4RM-WiSARD-dense,MLP,Steel Plates,mixed,23,8,0.6544987146529563,0.9922879177377892,1111.0,1344534.0,0.9367609254498716,0.9994858611825193,4484.0,50692.0,13,5,8
F4RM-WiSARD-dense,MLP,Vehicle,f4rm_strict_dominates,14,12,0.4105882352941176,0.7494117647058823,1321.0,37521.0,0.40705882352941175,0.7047058823529412,2960.0,729872.0,14,14,0
F4RM-WiSARD-dense,MLP,Waveform,mixed,18,4,0.338,0.8486,2399.0,4580928.0,0.8635999999999999,0.865,5644.0,774668.0,9,5,4
F4RM-WiSARD-dense,MLP,Wine,f4rm_strict_dominates,4,10,0.9166666666666666,0.9888888888888889,648.0,2795.0,0.5555555555555556,0.9333333333333333,2188.0,179724.0,4,4,0
F4RM-WiSARD-dense,MLP,Yeast,f4rm_strict_dominates,15,10,0.31851851851851853,0.6107744107744107,1161.0,301268.0,0.30505050505050507,0.6,2472.0,710952.0,15,15,0
F4RM-WiSARD-dense,FT-Transformer,Balance Scale,mixed,12,2,0.2304,0.9024000000000001,237.0,21644.0,0.8506666666666667,0.9066666666666667,69548.0,270684.0,13,12,1
F4RM-WiSARD-dense,FT-Transformer,Banknote,f4rm_strict_dominates,17,3,0.5941818181818183,1.0,153.0,6736.0,0.9672727272727273,0.9987878787878787,69416.0,404224.0,17,17,0
F4RM-WiSARD-dense,FT-Transformer,Breast Cancer,f4rm_strict_dominates,8,2,0.8649122807017544,0.9631578947368421,1157.0,88474.0,0.8391812865497076,0.9415204678362573,76072.0,283736.0,8,8,0
F4RM-WiSARD-dense,FT-Transformer,EEG Eye State,f4rm_strict_dominates,37,2,0.5510680907877169,0.9427236315086782,560.0,3595480.0,0.5511793502447707,0.5512906097018245,71976.0,409344.0,37,37,0
F4RM-WiSARD-dense,FT-Transformer,Ecoli,f4rm_strict_dominates,10,3,0.7588235294117647,0.8705882352941176,533.0,57413.0,0.4264705882352941,0.573529411764706,70976.0,407320.0,10,10,0
F4RM-WiSARD-dense,FT-Transformer,Glass,f4rm_strict_dominates,11,4,0.5813953488372092,0.7534883720930232,835.0,33256.0,0.3488372093023256,0.3953488372093023,71224.0,407824.0,11,11,0
F4RM-WiSARD-dense,FT-Transformer,Haberman,f4rm_strict_dominates,6,3,0.7419354838709677,0.7483870967741936,120.0,1607.0,0.7419354838709676,0.7473118279569894,69160.0,403712.0,6,6,0
F4RM-WiSARD-dense,FT-Transformer,Ionosphere,f4rm_strict_dominates,12,4,0.352112676056338,0.9492957746478872,1276.0,350384.0,0.647887323943662,0.7887323943661971,77096.0,419584.0,12,12,0
F4RM-WiSARD-dense,FT-Transformer,Iris,f4rm_strict_dominates,7,2,0.8666666666666668,0.9666666666666668,118.0,7751.0,0.7888888888888889,0.9,69548.0,270684.0,7,7,0
F4RM-WiSARD-dense,FT-Transformer,Letter Recognition,mixed,24,3,0.09419999999999999,0.95335,7939.0,4683767.0,0.7179166666666666,0.8930833333333332,75656.0,416608.0,25,24,1
F4RM-WiSARD-dense,FT-Transformer,Magic Gamma,mixed,29,2,0.64863301787592,0.8691903259726603,400.0,2226099.0,0.853925692253768,0.8643533123028391,70952.0,273496.0,19,17,2
F4RM-WiSARD-dense,FT-Transformer,Pendigits,f4rm_strict_dominates,18,3,0.3292405638926785,0.9899045020463847,2765.0,1501999.0,0.9410338032438986,0.9869637714112476,73544.0,412448.0,18,18,0
F4RM-WiSARD-dense,FT-Transformer,Pima Diabetes,f4rm_strict_dominates,13,3,0.6493506493506493,0.7675324675324675,320.0,44577.0,0.6666666666666666,0.7575757575757577,70440.0,406272.0,13,13,0
F4RM-WiSARD-dense,FT-Transformer,SatImage,f4rm_strict_dominates,28,2,0.3097978227060653,0.9122861586314153,4079.0,2716875.0,0.8499222395023328,0.8709175738724729,78136.0,287848.0,28,28,0
F4RM-WiSARD-dense,FT-Transformer,Seeds,f4rm_strict_dominates,8,2,0.8571428571428571,0.9380952380952381,306.0,10320.0,0.6587301587301587,0.9047619047619048,70316.0,272220.0,8,8,0
F4RM-WiSARD-dense,FT-Transformer,Segment,f4rm_strict_dominates,20,3,0.5290043290043289,0.9662337662337663,1946.0,109331.0,0.8225108225108224,0.9235209235209235,73916.0,413204.0,20,20,0
F4RM-WiSARD-dense,FT-Transformer,Steel Plates,mixed,23,2,0.6544987146529563,0.9922879177377892,1111.0,1344534.0,0.8414738646101113,1.0,76840.0,285272.0,20,19,1
F4RM-WiSARD-dense,FT-Transformer,Vehicle,f4rm_strict_dominates,14,3,0.4105882352941176,0.7494117647058823,1321.0,37521.0,0.38823529411764707,0.596078431372549,73264.0,411912.0,14,14,0
F4RM-WiSARD-dense,FT-Transformer,Waveform,mixed,18,3,0.338,0.8486,2399.0,4580928.0,0.8413333333333334,0.8673333333333333,78764.0,422916.0,13,10,3
F4RM-WiSARD-dense,FT-Transformer,Wine,f4rm_strict_dominates,4,3,0.9166666666666666,0.9888888888888889,648.0,2795.0,0.4259259259259259,0.9074074074074074,71852.0,409092.0,4,4,0
F4RM-WiSARD-dense,FT-Transformer,Yeast,f4rm_strict_dominates,15,2,0.31851851851851853,0.6107744107744107,1161.0,301268.0,0.3041526374859708,0.4927048260381594,71496.0,274552.0,15,15,0
F4RM-WiSARD-dense,BTHOWeN,Balance Scale,mixed,12,4,0.2304,0.9024000000000001,237.0,21644.0,0.6896,0.8496,48.0,1152.0,10,6,4
F4RM-WiSARD-dense,BTHOWeN,Banknote,mixed,17,6,0.5941818181818183,1.0,153.0,6736.0,0.8880000000000001,0.992,32.0,1024.0,10,4,6
F4RM-WiSARD-dense,BTHOWeN,Breast Cancer,mixed,8,5,0.8649122807017544,0.9631578947368421,1157.0,88474.0,0.6263157894736843,0.9596491228070174,128.0,7168.0,8,3,5
F4RM-WiSARD-dense,BTHOWeN,EEG Eye State,mixed,37,5,0.5510680907877169,0.9427236315086782,560.0,3595480.0,0.5560747663551402,0.580173564753004,64.0,640.0,34,29,5
F4RM-WiSARD-dense,BTHOWeN,Ecoli,mixed,10,6,0.7588235294117647,0.8705882352941176,533.0,57413.0,0.5470588235294118,0.8411764705882353,128.0,7168.0,9,4,5
F4RM-WiSARD-dense,BTHOWeN,Glass,mixed,11,4,0.5813953488372092,0.7534883720930232,835.0,33256.0,0.4511627906976744,0.6744186046511629,96.0,672.0,12,8,4
F4RM-WiSARD-dense,BTHOWeN,Haberman,baseline_strict_dominates,6,2,0.7419354838709677,0.7483870967741936,120.0,1607.0,0.7483870967741936,0.7516129032258064,32.0,64.0,2,0,2
F4RM-WiSARD-dense,BTHOWeN,Ionosphere,mixed,12,5,0.352112676056338,0.9492957746478872,1276.0,350384.0,0.6338028169014084,0.9183098591549296,128.0,3072.0,9,4,5
F4RM-WiSARD-dense,BTHOWeN,Iris,mixed,7,5,0.8666666666666668,0.9666666666666668,118.0,7751.0,0.8666666666666668,0.96,48.0,288.0,6,2,4
F4RM-WiSARD-dense,BTHOWeN,Letter Recognition,mixed,24,10,0.09419999999999999,0.95335,7939.0,4683767.0,0.24609999999999999,0.900925,832.0,79872.0,21,11,10
F4RM-WiSARD-dense,BTHOWeN,Magic Gamma,mixed,29,6,0.64863301787592,0.8691903259726603,400.0,2226099.0,0.6698738170347003,0.7874868559411146,64.0,7680.0,26,20,6
F4RM-WiSARD-dense,BTHOWeN,Pendigits,mixed,18,8,0.3292405638926785,0.9899045020463847,2765.0,1501999.0,0.40545702592087307,0.9757162346521145,320.0,20480.0,18,10,8
F4RM-WiSARD-dense,BTHOWeN,Pima Diabetes,mixed,13,7,0.6493506493506493,0.7675324675324675,320.0,44577.0,0.6441558441558441,0.7337662337662337,32.0,6144.0,11,4,7
F4RM-WiSARD-dense,BTHOWeN,SatImage,mixed,28,9,0.3097978227060653,0.9122861586314153,4079.0,2716875.0,0.6782270606531882,0.8796267496111975,384.0,26112.0,24,15,9
F4RM-WiSARD-dense,BTHOWeN,Seeds,mixed,8,6,0.8571428571428571,0.9380952380952381,306.0,10320.0,0.6619047619047619,0.9095238095238095,48.0,2112.0,8,3,5
F4RM-WiSARD-dense,BTHOWeN,Segment,mixed,20,7,0.5290043290043289,0.9662337662337663,1946.0,109331.0,0.7943722943722944,0.9415584415584416,336.0,12544.0,14,7,7
F4RM-WiSARD-dense,BTHOWeN,Steel Plates,mixed,23,8,0.6544987146529563,0.9922879177377892,1111.0,1344534.0,0.6735218508997429,0.8910025706940875,128.0,7680.0,21,13,8
F4RM-WiSARD-dense,BTHOWeN,Vehicle,mixed,14,9,0.4105882352941176,0.7494117647058823,1321.0,37521.0,0.3870588235294118,0.6905882352941177,128.0,4608.0,16,7,9
F4RM-WiSARD-dense,BTHOWeN,Waveform,mixed,18,7,0.338,0.8486,2399.0,4580928.0,0.3386,0.8154,240.0,11520.0,15,8,7
F4RM-WiSARD-dense,BTHOWeN,Wine,mixed,4,8,0.9166666666666666,0.9888888888888889,648.0,2795.0,0.4722222222222222,0.9666666666666666,96.0,2496.0,8,2,6
F4RM-WiSARD-dense,BTHOWeN,Yeast,mixed,15,7,0.31851851851851853,0.6107744107744107,1161.0,301268.0,0.32861952861952864,0.5252525252525253,160.0,30720.0,14,9,5
F4RM-WiSARD-dense,DWN,Balance Scale,f4rm_strict_dominates,12,3,0.2304,0.9024000000000001,237.0,21644.0,0.7679999999999999,0.8213333333333334,5382.0,47936.0,12,12,0
F4RM-WiSARD-dense,DWN,Banknote,f4rm_strict_dominates,17,3,0.5941818181818183,1.0,153.0,6736.0,0.9466666666666667,0.9927272727272727,5400.0,48000.0,17,17,0
F4RM-WiSARD-dense,DWN,Breast Cancer,mixed,8,2,0.8649122807017544,0.9631578947368421,1157.0,88474.0,0.935672514619883,0.9649122807017543,5400.0,24000.0,6,5,1
F4RM-WiSARD-dense,DWN,EEG Eye State,mixed,37,4,0.5510680907877169,0.9427236315086782,560.0,3595480.0,0.7997329773030707,0.8854027592345349,5400.0,96000.0,24,20,4
F4RM-WiSARD-dense,DWN,Ecoli,mixed,10,3,0.7588235294117647,0.8705882352941176,533.0,57413.0,0.8186274509803922,0.8676470588235294,5328.0,47872.0,11,10,1
F4RM-WiSARD-dense,DWN,Glass,f4rm_strict_dominates,11,3,0.5813953488372092,0.7534883720930232,835.0,33256.0,0.6201550387596899,0.7286821705426357,5328.0,95872.0,11,11,0
F4RM-WiSARD-dense,DWN,Haberman,f4rm_strict_dominates,6,1,0.7419354838709677,0.7483870967741936,120.0,1607.0,0.6989247311827956,0.6989247311827956,5400.0,5400.0,6,6,0
F4RM-WiSARD-dense,DWN,Ionosphere,mixed,12,2,0.352112676056338,0.9492957746478872,1276.0,350384.0,0.9014084507042254,0.9107981220657276,5400.0,48000.0,13,12,1
F4RM-WiSARD-dense,DWN,Iris,f4rm_strict_dominates,7,1,0.8666666666666668,0.9666666666666668,118.0,7751.0,0.9555555555555556,0.9555555555555556,5382.0,5382.0,7,7,0
F4RM-WiSARD-dense,DWN,Letter Recognition,mixed,24,4,0.09419999999999999,0.95335,7939.0,4683767.0,0.47625,0.9398333333333332,5004.0,95616.0,11,7,4
F4RM-WiSARD-dense,DWN,Magic Gamma,mixed,29,3,0.64863301787592,0.8691903259726603,400.0,2226099.0,0.806869961444094,0.8214160532772521,5400.0,96000.0,24,23,1
F4RM-WiSARD-dense,DWN,Pendigits,mixed,18,4,0.3292405638926785,0.9899045020463847,2765.0,1501999.0,0.9173866909201153,0.9886311959981811,5400.0,96000.0,12,8,4
F4RM-WiSARD-dense,DWN,Pima Diabetes,f4rm_strict_dominates,13,2,0.6493506493506493,0.7675324675324675,320.0,44577.0,0.6969696969696969,0.7164502164502164,5400.0,24000.0,13,13,0
F4RM-WiSARD-dense,DWN,SatImage,mixed,28,3,0.3097978227060653,0.9122861586314153,4079.0,2716875.0,0.8639191290824261,0.9061689994815967,5328.0,47936.0,10,7,3
F4RM-WiSARD-dense,DWN,Seeds,f4rm_strict_dominates,8,1,0.8571428571428571,0.9380952380952381,306.0,10320.0,0.9206349206349206,0.9206349206349206,5382.0,5382.0,8,8,0
F4RM-WiSARD-dense,DWN,Segment,mixed,20,3,0.5290043290043289,0.9662337662337663,1946.0,109331.0,0.9285714285714285,0.9747474747474748,5364.0,47904.0,11,8,3
F4RM-WiSARD-dense,DWN,Steel Plates,mixed,23,1,0.6544987146529563,0.9922879177377892,1111.0,1344534.0,1.0,1.0,5400.0,5400.0,7,6,1
F4RM-WiSARD-dense,DWN,Vehicle,mixed,14,3,0.4105882352941176,0.7494117647058823,1321.0,37521.0,0.688235294117647,0.7450980392156863,5400.0,96000.0,13,12,1
F4RM-WiSARD-dense,DWN,Waveform,mixed,18,2,0.338,0.8486,2399.0,4580928.0,0.8163333333333332,0.8286666666666666,5382.0,47936.0,14,12,2
F4RM-WiSARD-dense,DWN,Wine,f4rm_strict_dominates,4,2,0.9166666666666666,0.9888888888888889,648.0,2795.0,0.9537037037037037,0.9722222222222222,5382.0,95968.0,4,4,0
F4RM-WiSARD-dense,DWN,Yeast,mixed,15,3,0.31851851851851853,0.6107744107744107,1161.0,301268.0,0.494949494949495,0.5757575757575757,5400.0,48000.0,15,14,1
F4RM-WiSARD-dense,ULEEN,Balance Scale,mixed,12,6,0.2304,0.9024000000000001,237.0,21644.0,0.5439999999999999,0.88,72.0,2560.0,10,4,6
F4RM-WiSARD-dense,ULEEN,Banknote,mixed,17,5,0.5941818181818183,1.0,153.0,6736.0,0.9018181818181819,0.9866666666666667,48.0,2080.0,12,8,4
F4RM-WiSARD-dense,ULEEN,Breast Cancer,mixed,8,4,0.8649122807017544,0.9631578947368421,1157.0,88474.0,0.9093567251461989,0.9590643274853802,272.0,5328.0,7,3,4
F4RM-WiSARD-dense,ULEEN,EEG Eye State,mixed,37,4,0.5510680907877169,0.9427236315086782,560.0,3595480.0,0.5657543391188251,0.6637739207832666,144.0,1920.0,31,27,4
F4RM-WiSARD-dense,ULEEN,Ecoli,mixed,10,5,0.7588235294117647,0.8705882352941176,533.0,57413.0,0.5,0.9019607843137255,320.0,7040.0,12,8,4
F4RM-WiSARD-dense,ULEEN,Glass,mixed,11,3,0.5813953488372092,0.7534883720930232,835.0,33256.0,0.3488372093023256,0.6666666666666666,288.0,1536.0,14,11,3
F4RM-WiSARD-dense,ULEEN,Haberman,mixed,6,4,0.7419354838709677,0.7483870967741936,120.0,1607.0,0.6451612903225806,0.7365591397849464,48.0,480.0,7,6,1
F4RM-WiSARD-dense,ULEEN,Ionosphere,mixed,12,3,0.352112676056338,0.9492957746478872,1276.0,350384.0,0.7230046948356806,0.948356807511737,304.0,2688.0,4,1,3
F4RM-WiSARD-dense,ULEEN,Iris,mixed,7,4,0.8666666666666668,0.9666666666666668,118.0,7751.0,0.39999999999999997,0.9,72.0,2560.0,8,7,1
F4RM-WiSARD-dense,ULEEN,Letter Recognition,mixed,24,4,0.09419999999999999,0.95335,7939.0,4683767.0,0.521,0.8814166666666666,1872.0,24960.0,15,11,4
F4RM-WiSARD-dense,ULEEN,Magic Gamma,mixed,29,5,0.64863301787592,0.8691903259726603,400.0,2226099.0,0.7887311601822643,0.8386785839467228,96.0,1280.0,19,14,5
F4RM-WiSARD-dense,ULEEN,Pendigits,mixed,18,7,0.3292405638926785,0.9899045020463847,2765.0,1501999.0,0.8873730483553129,0.9878732757313932,720.0,21760.0,12,5,7
F4RM-WiSARD-dense,ULEEN,Pima Diabetes,baseline_strict_dominates,13,6,0.6493506493506493,0.7675324675324675,320.0,44577.0,0.6883116883116883,0.7683982683982684,80.0,3520.0,6,0,6
F4RM-WiSARD-dense,ULEEN,SatImage,mixed,28,4,0.3097978227060653,0.9122861586314153,4079.0,2716875.0,0.847071021254536,0.8994297563504405,960.0,13440.0,11,7,4
F4RM-WiSARD-dense,ULEEN,Seeds,mixed,8,5,0.8571428571428571,0.9380952380952381,306.0,10320.0,0.6428571428571429,0.9444444444444443,120.0,2304.0,9,4,5
F4RM-WiSARD-dense,ULEEN,Segment,mixed,20,8,0.5290043290043289,0.9662337662337663,1946.0,109331.0,0.8152958152958153,0.9502164502164502,616.0,14560.0,13,5,8
F4RM-WiSARD-dense,ULEEN,Steel Plates,baseline_strict_dominates,23,5,0.6544987146529563,0.9922879177377892,1111.0,1344534.0,0.7960582690659811,1.0,304.0,7392.0,5,0,5
F4RM-WiSARD-dense,ULEEN,Vehicle,mixed,14,8,0.4105882352941176,0.7494117647058823,1321.0,37521.0,0.503921568627451,0.7411764705882353,352.0,11840.0,9,1,8
F4RM-WiSARD-dense,ULEEN,Waveform,mixed,18,3,0.338,0.8486,2399.0,4580928.0,0.79,0.838,528.0,6336.0,9,6,3
F4RM-WiSARD-dense,ULEEN,Wine,mixed,4,5,0.9166666666666666,0.9888888888888889,648.0,2795.0,0.6296296296296297,0.9537037037037037,192.0,7040.0,6,4,2
F4RM-WiSARD-dense,ULEEN,Yeast,mixed,15,6,0.31851851851851853,0.6107744107744107,1161.0,301268.0,0.4377104377104377,0.5970819304152638,400.0,8320.0,9,3,6
F4RMS,DT,Balance Scale,mixed,11,25,0.7183999999999999,0.9072000000000001,2914.0,412513.0,0.45600000000000007,0.7792,1250.0,3791.4,35,10,25
F4RMS,DT,Banknote,mixed,10,39,0.9418181818181818,1.0,1911.0,14816.0,0.8378181818181819,0.9854545454545454,1398.0,4415.0,40,10,30
F4RMS,DT,Breast Cancer,mixed,5,26,0.9526315789473683,0.9666666666666666,15949.0,578436.0,0.9017543859649123,0.9438596491228071,1559.0,2653.4,31,5,26
F4RMS,DT,EEG Eye State,mixed,6,96,0.7935024477080551,0.9491544281263907,297738.3333333333,46280683.333333336,0.5510680907877169,0.8411882510013351,1238.0,167339.0,101,5,96
F4RMS,DT,Ecoli,mixed,13,26,0.8235294117647058,0.8764705882352942,4929.0,359190.0,0.7529411764705882,0.8352941176470589,1892.0,3377.8,37,11,26
F4RMS,DT,Glass,mixed,8,34,0.5767441860465116,0.7674418604651163,8003.0,1362462.0,0.48372093023255813,0.7162790697674419,1970.0,6684.0,39,5,34
F4RMS,DT,Haberman,baseline_strict_dominates,2,12,0.7387096774193548,0.7419354838709677,1656.0,3324.0,0.7419354838709677,0.7612903225806452,1238.0,2717.0,12,0,12
F4RMS,DT,Ionosphere,mixed,8,19,0.7887323943661972,0.952112676056338,19092.0,317202.0,0.8676056338028169,0.9014084507042254,1528.4,1817.0,25,6,19
F4RMS,DT,Iris,mixed,6,26,0.9199999999999999,0.9800000000000001,1359.0,12961.0,0.9466666666666667,0.9666666666666668,1846.0,2308.4,10,4,6
F4RMS,DT,Letter Recognition,mixed,5,29,0.93275,0.9539166666666666,1551405.0,63287388.333333336,0.4225833333333333,0.8851666666666667,11505.333333333334,996713.3333333334,34,5,29
F4RMS,DT,Magic Gamma,mixed,5,15,0.8394672274798457,0.8769716088328076,204711.66666666666,13703301.666666666,0.6482649842271293,0.8442691903259727,1238.0,63936.8,19,4,15
F4RMS,DT,Pendigits,mixed,4,118,0.9865090192511747,0.989389116264969,434211.6666666667,5059085.0,0.10413824465666213,0.9628922237380628,1334.0,76695.8,122,4,118
F4RMS,DT,Pima Diabetes,baseline_strict_dominates,9,31,0.6935064935064934,0.764935064935065,5830.0,320999.0,0.6493506493506493,0.7701298701298701,1351.0,2734.8,31,0,31
F4RMS,DT,SatImage,mixed,4,77,0.8973561430793158,0.9180922757905651,618306.6666666666,6909791.666666667,0.6979782270606532,0.8682737169517886,1942.6,15384.2,81,4,77
F4RMS,DT,Seeds,mixed,5,25,0.8761904761904763,0.9333333333333333,2850.0,23040.0,0.8761904761904763,0.9285714285714285,1605.0,2347.2,26,1,25
F4RMS,DT,Segment,baseline_strict_dominates,7,59,0.9021645021645022,0.9636363636363636,20512.0,1446270.0,0.6645021645021645,0.9675324675324675,2440.0,14779.0,59,0,59
F4RMS,DT,Steel Plates,baseline_strict_dominates,13,63,0.7048843187660668,0.9948586118251928,16305.0,17107741.0,0.6529562982005142,1.0,1238.0,2201.0,63,0,63
F4RMS,DT,Vehicle,mixed,11,36,0.6705882352941177,0.7552941176470588,16538.0,1178228.0,0.25882352941176473,0.7235294117647059,1310.0,7156.8,44,8,36
F4RMS,DT,Waveform,mixed,3,71,0.84,0.8496666666666667,1361695.0,24931100.0,0.5734,0.7727999999999999,1426.0,17873.4,74,3,71
F4RMS,DT,Wine,mixed,3,27,0.41666666666666663,0.9833333333333334,7023.0,38231.0,0.8388888888888889,0.9388888888888889,1846.0,2764.2,29,2,27
F4RMS,DT,Yeast,mixed,13,28,0.4040404040404041,0.6161616161616161,13005.0,7483777.0,0.31313131313131315,0.593939393939394,1414.0,10064.0,36,8,28
F4RMS,RF,Balance Scale,f4rm_strict_dominates,11,5,0.7183999999999999,0.9072000000000001,2914.0,412513.0,0.8272,0.8656,58700.6,303832.4,11,11,0
F4RMS,RF,Banknote,f4rm_strict_dominates,10,5,0.9418181818181818,1.0,1911.0,14816.0,0.9883636363636363,0.997090909090909,33119.0,41986.0,10,10,0
F4RMS,RF,Breast Cancer,mixed,5,5,0.9526315789473683,0.9666666666666666,15949.0,578436.0,0.9491228070175438,0.9631578947368421,18519.0,309058.8,7,4,3
F4RMS,RF,EEG Eye State,mixed,6,14,0.7935024477080551,0.9491544281263907,297738.3333333333,46280683.333333336,0.8123052959501558,0.933355585224744,191108.66666666666,39077740.333333336,10,4,6
F4RMS,RF,Ecoli,mixed,13,13,0.8235294117647058,0.8764705882352942,4929.0,359190.0,0.8352941176470589,0.8823529411764707,44010.2,1023460.2,15,13,2
F4RMS,RF,Glass,mixed,8,7,0.5767441860465116,0.7674418604651163,8003.0,1362462.0,0.7488372093023256,0.813953488372093,36196.0,1616555.8,11,6,5
F4RMS,RF,Haberman,f4rm_strict_dominates,2,5,0.7387096774193548,0.7419354838709677,1656.0,3324.0,0.6806451612903226,0.7258064516129032,35016.0,675030.2,2,2,0
F4RMS,RF,Ionosphere,mixed,8,10,0.7887323943661972,0.952112676056338,19092.0,317202.0,0.904225352112676,0.9380281690140844,19548.0,158972.0,11,7,4
F4RMS,RF,Iris,f4rm_strict_dominates,6,5,0.9199999999999999,0.9800000000000001,1359.0,12961.0,0.9533333333333334,0.9666666666666668,11918.8,17187.2,6,6,0
F4RMS,RF,Letter Recognition,mixed,5,13,0.93275,0.9539166666666666,1551405.0,63287388.333333336,0.6835,0.9659166666666668,647948.0,229085524.33333334,10,5,5
F4RMS,RF,Magic Gamma,mixed,5,11,0.8394672274798457,0.8769716088328076,204711.66666666666,13703301.666666666,0.8558534875569576,0.8780231335436383,187751.66666666666,43885953.666666664,12,2,10
F4RMS,RF,Pendigits,mixed,4,11,0.9865090192511747,0.989389116264969,434211.6666666667,5059085.0,0.9520994391390025,0.9912081249052599,289934.0,10343847.0,10,4,6
F4RMS,RF,Pima Diabetes,mixed,9,5,0.6935064935064934,0.764935064935065,5830.0,320999.0,0.7571428571428571,0.7909090909090909,62235.0,1488814.0,11,6,5
F4RMS,RF,SatImage,mixed,4,14,0.8973561430793158,0.9180922757905651,618306.6666666666,6909791.666666667,0.8884914463452566,0.9161741835147744,207186.6,4558346.2,15,3,12
F4RMS,RF,Seeds,f4rm_strict_dominates,5,3,0.8761904761904763,0.9333333333333333,2850.0,23040.0,0.8952380952380953,0.9285714285714285,14976.6,95260.4,5,5,0
F4RMS,RF,Segment,mixed,7,18,0.9021645021645022,0.9636363636363636,20512.0,1446270.0,0.9424242424242424,0.9770562770562771,56062.0,2002349.8,21,3,18
F4RMS,RF,Steel Plates,baseline_strict_dominates,13,2,0.7048843187660668,0.9948586118251928,16305.0,17107741.0,1.0,1.0,14849.0,14849.0,2,0,2
F4RMS,RF,Vehicle,mixed,11,8,0.6705882352941177,0.7552941176470588,16538.0,1178228.0,0.7211764705882353,0.7505882352941177,77713.4,1064387.6,11,8,3
F4RMS,RF,Waveform,baseline_strict_dominates,3,6,0.84,0.8496666666666667,1361695.0,24931100.0,0.8192,0.8577999999999999,216224.0,8791481.6,6,0,6
F4RMS,RF,Wine,f4rm_strict_dominates,3,6,0.41666666666666663,0.9833333333333334,7023.0,38231.0,0.9333333333333332,0.9777777777777779,13445.6,21625.4,3,3,0
F4RMS,RF,Yeast,mixed,13,5,0.4040404040404041,0.6161616161616161,13005.0,7483777.0,0.6161616161616161,0.6316498316498317,150800.8,1417648.0,12,7,5
F4RMS,XGBoost,Balance Scale,f4rm_strict_dominates,11,3,0.7183999999999999,0.9072000000000001,2914.0,412513.0,0.8848,0.9040000000000001,490686.6,1713265.8,11,11,0
F4RMS,XGBoost,Banknote,f4rm_strict_dominates,10,1,0.9418181818181818,1.0,1911.0,14816.0,0.9978181818181818,0.9978181818181818,77586.6,77586.6,10,10,0
F4RMS,XGBoost,Breast Cancer,mixed,5,3,0.9526315789473683,0.9666666666666666,15949.0,578436.0,0.9631578947368421,0.9701754385964912,66483.0,249884.0,6,3,3
F4RMS,XGBoost,EEG Eye State,baseline_strict_dominates,6,14,0.7935024477080551,0.9491544281263907,297738.3333333333,46280683.333333336,0.8462394303515799,0.9564975522919448,200759.33333333334,6358373.666666667,14,0,14
F4RMS,XGBoost,Ecoli,f4rm_strict_dominates,13,4,0.8235294117647058,0.8764705882352942,4929.0,359190.0,0.8470588235294118,0.8617647058823529,525955.8,5986579.8,13,13,0
F4RMS,XGBoost,Glass,mixed,8,4,0.5767441860465116,0.7674418604651163,8003.0,1362462.0,0.7581395348837209,0.7906976744186046,404410.6,4641429.8,10,7,3
F4RMS,XGBoost,Haberman,f4rm_strict_dominates,2,6,0.7387096774193548,0.7419354838709677,1656.0,3324.0,0.6741935483870968,0.732258064516129,131495.8,218611.0,2,2,0
F4RMS,XGBoost,Ionosphere,mixed,8,2,0.7887323943661972,0.952112676056338,19092.0,317202.0,0.943661971830986,0.9464788732394366,70085.4,703319.4,9,8,1
F4RMS,XGBoost,Iris,f4rm_strict_dominates,6,3,0.9199999999999999,0.9800000000000001,1359.0,12961.0,0.9333333333333333,0.9533333333333334,165102.4,228362.8,6,6,0
F4RMS,XGBoost,Letter Recognition,mixed,5,12,0.93275,0.9539166666666666,1551405.0,63287388.333333336,0.9188333333333333,0.9660833333333333,4588684.666666667,40324397.333333336,12,3,9
F4RMS,XGBoost,Magic Gamma,mixed,5,7,0.8394672274798457,0.8769716088328076,204711.66666666666,13703301.666666666,0.8731160182264284,0.885471433578689,208698.0,2300855.0,8,1,7
F4RMS,XGBoost,Pendigits,mixed,4,3,0.9865090192511747,0.989389116264969,434211.6666666667,5059085.0,0.9871153554646052,0.9915112930119752,1638448.3333333333,4466160.333333333,4,3,1
F4RMS,XGBoost,Pima Diabetes,mixed,9,5,0.6935064935064934,0.764935064935065,5830.0,320999.0,0.7480519480519481,0.7844155844155845,147251.0,184317.8,10,8,2
F4RMS,XGBoost,SatImage,mixed,4,9,0.8973561430793158,0.9180922757905651,618306.6666666666,6909791.666666667,0.9116122343182996,0.9240539139450492,1069487.0,6008074.0,11,2,9
F4RMS,XGBoost,Seeds,mixed,5,2,0.8761904761904763,0.9333333333333333,2850.0,23040.0,0.9333333333333332,0.9428571428571428,169751.8,170834.8,6,5,1
F4RMS,XGBoost,Segment,mixed,7,3,0.9021645021645022,0.9636363636363636,20512.0,1446270.0,0.9848484848484848,0.9857142857142858,520191.6,2470151.6,8,5,3
F4RMS,XGBoost,Steel Plates,mixed,13,1,0.7048843187660668,0.9948586118251928,16305.0,17107741.0,1.0,1.0,87123.0,87123.0,6,5,1
F4RMS,XGBoost,Vehicle,mixed,11,3,0.6705882352941177,0.7552941176470588,16538.0,1178228.0,0.7588235294117647,0.7694117647058822,484372.2,1536395.6,13,10,3
F4RMS,XGBoost,Waveform,baseline_strict_dominates,3,3,0.84,0.8496666666666667,1361695.0,24931100.0,0.8513999999999999,0.8577999999999999,577110.6,2074121.8,3,0,3
F4RMS,XGBoost,Wine,f4rm_strict_dominates,3,8,0.41666666666666663,0.9833333333333334,7023.0,38231.0,0.9666666666666666,0.9777777777777779,148644.6,191448.4,3,3,0
F4RMS,XGBoost,Yeast,mixed,13,5,0.4040404040404041,0.6161616161616161,13005.0,7483777.0,0.5885521885521886,0.6195286195286196,1203103.8,6972888.0,14,11,3
F4RMS,LightGBM,Balance Scale,f4rm_strict_dominates,11,4,0.7183999999999999,0.9072000000000001,2914.0,412513.0,0.9008,0.9040000000000001,304656.2,306372.2,11,11,0
F4RMS,LightGBM,Banknote,f4rm_strict_dominates,10,9,0.9418181818181818,1.0,1911.0,14816.0,0.9767272727272728,0.9978181818181818,115313.0,131711.8,10,10,0
F4RMS,LightGBM,Breast Cancer,mixed,5,15,0.9526315789473683,0.9666666666666666,15949.0,578436.0,0.9578947368421054,0.9719298245614034,75446.6,549346.4,15,3,12
F4RMS,LightGBM,EEG Eye State,baseline_strict_dominates,6,8,0.7935024477080551,0.9491544281263907,297738.3333333333,46280683.333333336,0.8681575433911882,0.9601691143747219,178689.66666666666,14623904.666666666,8,0,8
F4RMS,LightGBM,Ecoli,f4rm_strict_dominates,13,12,0.8235294117647058,0.8764705882352942,4929.0,359190.0,0.8235294117647058,0.8529411764705882,448657.2,3109753.2,13,13,0
F4RMS,LightGBM,Glass,mixed,8,18,0.5767441860465116,0.7674418604651163,8003.0,1362462.0,0.7023255813953488,0.7767441860465116,335489.0,2111415.8,13,7,6
F4RMS,LightGBM,Haberman,f4rm_strict_dominates,2,3,0.7387096774193548,0.7419354838709677,1656.0,3324.0,0.7387096774193548,0.7387096774193548,90323.8,90323.8,2,2,0
F4RMS,LightGBM,Ionosphere,mixed,8,15,0.7887323943661972,0.952112676056338,19092.0,317202.0,0.9295774647887324,0.9492957746478872,79871.0,113756.0,12,6,6
F4RMS,LightGBM,Iris,f4rm_strict_dominates,6,3,0.9199999999999999,0.9800000000000001,1359.0,12961.0,0.9533333333333334,0.9533333333333334,128407.6,128407.6,6,6,0
F4RMS,LightGBM,Letter Recognition,mixed,5,6,0.93275,0.9539166666666666,1551405.0,63287388.333333336,0.927,0.9703333333333334,4538424.0,48265498.0,6,2,4
F4RMS,LightGBM,Magic Gamma,baseline_strict_dominates,5,6,0.8394672274798457,0.8769716088328076,204711.66666666666,13703301.666666666,0.8760953382404487,0.8845075359270943,176887.66666666666,3462928.3333333335,6,0,6
F4RMS,LightGBM,Pendigits,mixed,4,5,0.9865090192511747,0.989389116264969,434211.6666666667,5059085.0,0.9804456571168713,0.9915112930119752,1692481.0,14978396.0,6,2,4
F4RMS,LightGBM,Pima Diabetes,mixed,9,3,0.6935064935064934,0.764935064935065,5830.0,320999.0,0.7844155844155845,0.7883116883116883,158042.0,162131.6,10,7,3
F4RMS,LightGBM,SatImage,mixed,4,7,0.8973561430793158,0.9180922757905651,618306.6666666666,6909791.666666667,0.9020217729393468,0.9297563504406429,1012520.0,10667336.333333334,8,1,7
F4RMS,LightGBM,Seeds,mixed,5,12,0.8761904761904763,0.9333333333333333,2850.0,23040.0,0.9285714285714285,0.9476190476190476,157467.2,216321.6,11,5,6
F4RMS,LightGBM,Segment,mixed,7,7,0.9021645021645022,0.9636363636363636,20512.0,1446270.0,0.9675324675324676,0.987012987012987,693810.6666666666,3841719.0,13,6,7
F4RMS,LightGBM,Steel Plates,mixed,13,1,0.7048843187660668,0.9948586118251928,16305.0,17107741.0,1.0,1.0,94387.2,94387.2,6,5,1
F4RMS,LightGBM,Vehicle,mixed,11,6,0.6705882352941177,0.7552941176470588,16538.0,1178228.0,0.7341176470588235,0.7647058823529411,544402.2,762073.8,14,10,4
F4RMS,LightGBM,Waveform,baseline_strict_dominates,3,5,0.84,0.8496666666666667,1361695.0,24931100.0,0.8493333333333334,0.858,524875.6666666666,2163033.3333333335,5,0,5
F4RMS,LightGBM,Wine,f4rm_strict_dominates,3,6,0.41666666666666663,0.9833333333333334,7023.0,38231.0,0.9555555555555555,0.9666666666666666,140998.6,151505.6,3,3,0
F4RMS,LightGBM,Yeast,mixed,13,1,0.4040404040404041,0.6161616161616161,13005.0,7483777.0,0.6215488215488215,0.6215488215488215,1283755.4,1283755.4,12,11,1
F4RMS,CatBoost,Balance Scale,mixed,11,1,0.7183999999999999,0.9072000000000001,2914.0,412513.0,0.9173333333333334,0.9173333333333334,64560.0,64560.0,10,9,1
F4RMS,CatBoost,Banknote,f4rm_strict_dominates,10,2,0.9418181818181818,1.0,1911.0,14816.0,0.9963636363636365,0.9975757575757576,40288.0,172645.33333333334,10,10,0
F4RMS,CatBoost,Breast Cancer,mixed,5,1,0.9526315789473683,0.9666666666666666,15949.0,578436.0,0.9754385964912281,0.9754385964912281,40836.8,40836.8,3,2,1
F4RMS,CatBoost,EEG Eye State,baseline_strict_dominates,6,3,0.7935024477080551,0.9491544281263907,297738.3333333333,46280683.333333336,0.8093012906097018,0.9561637739207832,40874.666666666664,2112482.6666666665,3,0,3
F4RMS,CatBoost,Ecoli,mixed,13,4,0.8235294117647058,0.8764705882352942,4929.0,359190.0,0.8705882352941178,0.9117647058823529,128564.8,1741648.0,15,11,4
F4RMS,CatBoost,Glass,mixed,8,2,0.5767441860465116,0.7674418604651163,8003.0,1362462.0,0.7751937984496123,0.8093023255813954,104328.0,104486.4,8,6,2
F4RMS,CatBoost,Haberman,mixed,2,1,0.7387096774193548,0.7419354838709677,1656.0,3324.0,0.7548387096774193,0.7548387096774193,39131.2,39131.2,3,2,1
F4RMS,CatBoost,Ionosphere,mixed,8,1,0.7887323943661972,0.952112676056338,19092.0,317202.0,0.9530516431924884,0.9530516431924884,41229.333333333336,41229.333333333336,4,3,1
F4RMS,CatBoost,Iris,f4rm_strict_dominates,6,2,0.9199999999999999,0.9800000000000001,1359.0,12961.0,0.9533333333333334,0.9555555555555556,64795.2,65120.0,6,6,0
F4RMS,CatBoost,Letter Recognition,mixed,5,3,0.93275,0.9539166666666666,1551405.0,63287388.333333336,0.8528333333333333,0.9645833333333332,360672.0,27700168.0,6,3,3
F4RMS,CatBoost,Magic Gamma,baseline_strict_dominates,5,3,0.8394672274798457,0.8769716088328076,204711.66666666666,13703301.666666666,0.8675955134945671,0.8864353312302838,40770.666666666664,2113229.3333333335,3,0,3
F4RMS,CatBoost,Pendigits,mixed,4,3,0.9865090192511747,0.989389116264969,434211.6666666667,5059085.0,0.9777171441564348,0.9910565408519023,156533.33333333334,11329128.0,6,3,3
F4RMS,CatBoost,Pima Diabetes,mixed,9,1,0.6935064935064934,0.764935064935065,5830.0,320999.0,0.7662337662337663,0.7662337662337663,40357.333333333336,40357.333333333336,6,5,1
F4RMS,CatBoost,SatImage,mixed,4,3,0.8973561430793158,0.9180922757905651,618306.6666666666,6909791.666666667,0.8939865215137376,0.9212026956972524,105736.0,7233554.666666667,4,1,3
F4RMS,CatBoost,Seeds,mixed,5,4,0.8761904761904763,0.9333333333333333,2850.0,23040.0,0.9238095238095237,0.9523809523809524,66094.4,4085610.6666666665,8,5,3
F4RMS,CatBoost,Segment,mixed,7,3,0.9021645021645022,0.9636363636363636,20512.0,1446270.0,0.9704184704184704,0.9812409812409811,118170.66666666667,8257994.666666667,6,3,3
F4RMS,CatBoost,Steel Plates,mixed,13,1,0.7048843187660668,0.9948586118251928,16305.0,17107741.0,1.0,1.0,40440.0,40440.0,3,2,1
F4RMS,CatBoost,Vehicle,mixed,11,2,0.6705882352941177,0.7552941176470588,16538.0,1178228.0,0.7411764705882353,0.7647058823529411,79354.66666666667,366501.3333333333,8,6,2
F4RMS,CatBoost,Waveform,baseline_strict_dominates,3,2,0.84,0.8496666666666667,1361695.0,24931100.0,0.8556666666666667,0.8613333333333334,67594.66666666667,306344.0,2,0,2
F4RMS,CatBoost,Wine,mixed,3,2,0.41666666666666663,0.9833333333333334,7023.0,38231.0,0.9722222222222221,0.9907407407407408,66233.6,66426.66666666667,4,3,1
F4RMS,CatBoost,Yeast,mixed,13,1,0.4040404040404041,0.6161616161616161,13005.0,7483777.0,0.6464646464646465,0.6464646464646465,155178.66666666666,155178.66666666666,9,8,1
F4RMS,MLP,Balance Scale,mixed,11,22,0.7183999999999999,0.9072000000000001,2914.0,412513.0,0.7712,0.9103999999999999,1036.0,700940.0,26,8,18
F4RMS,MLP,Banknote,mixed,10,14,0.9418181818181818,1.0,1911.0,14816.0,0.7258181818181818,0.9905454545454546,772.0,169988.0,16,10,6
F4RMS,MLP,Breast Cancer,mixed,5,8,0.9526315789473683,0.9666666666666666,15949.0,578436.0,0.9175438596491228,0.9491228070175438,4100.0,753668.0,7,5,2
F4RMS,MLP,EEG Eye State,mixed,6,2,0.7935024477080551,0.9491544281263907,297738.3333333333,46280683.333333336,0.5511793502447707,0.5511793502447707,4100.0,4100.0,8,6,2
F4RMS,MLP,Ecoli,mixed,13,12,0.8235294117647058,0.8764705882352942,4929.0,359190.0,0.3176470588235294,0.8029411764705883,2080.0,708384.0,19,13,6
F4RMS,MLP,Glass,mixed,8,20,0.5767441860465116,0.7674418604651163,8003.0,1362462.0,0.25116279069767444,0.46976744186046515,2072.0,711960.0,16,8,8
F4RMS,MLP,Haberman,mixed,2,16,0.7387096774193548,0.7419354838709677,1656.0,3324.0,0.632258064516129,0.7419354838709677,644.0,9476.0,10,2,8
F4RMS,MLP,Ionosphere,mixed,8,18,0.7887323943661972,0.952112676056338,19092.0,317202.0,0.6676056338028169,0.9408450704225352,4612.0,761860.0,18,8,10
F4RMS,MLP,Iris,mixed,6,22,0.9199999999999999,0.9800000000000001,1359.0,12961.0,0.3466666666666667,0.8800000000000001,1036.0,700940.0,10,6,4
F4RMS,MLP,Letter Recognition,mixed,5,4,0.93275,0.9539166666666666,1551405.0,63287388.333333336,0.81,0.9501666666666667,11112.0,705128.0,7,3,4
F4RMS,MLP,Magic Gamma,mixed,5,4,0.8394672274798457,0.8769716088328076,204711.66666666666,13703301.666666666,0.8533999298983526,0.8740799158780231,3076.0,679940.0,5,1,4
F4RMS,MLP,Pendigits,baseline_strict_dominates,4,12,0.9865090192511747,0.989389116264969,434211.6666666667,5059085.0,0.9738972260118235,0.9919054115507049,3496.0,727336.0,12,0,12
F4RMS,MLP,Pima Diabetes,mixed,9,14,0.6935064935064934,0.764935064935065,5830.0,320999.0,0.6428571428571429,0.774025974025974,1284.0,708612.0,19,9,10
F4RMS,MLP,SatImage,mixed,4,12,0.8973561430793158,0.9180922757905651,618306.6666666666,6909791.666666667,0.8300155520995334,0.8953343701399689,5528.0,767256.0,14,4,10
F4RMS,MLP,Seeds,mixed,5,20,0.8761904761904763,0.9333333333333333,2850.0,23040.0,0.5142857142857142,0.9238095238095237,1420.0,707084.0,9,5,4
F4RMS,MLP,Segment,mixed,7,12,0.9021645021645022,0.9636363636363636,20512.0,1446270.0,0.8523809523809524,0.9584415584415584,3484.0,186908.0,16,6,10
F4RMS,MLP,Steel Plates,baseline_strict_dominates,13,8,0.7048843187660668,0.9948586118251928,16305.0,17107741.0,0.9367609254498716,0.9994858611825193,4484.0,50692.0,8,0,8
F4RMS,MLP,Vehicle,mixed,11,12,0.6705882352941177,0.7552941176470588,16538.0,1178228.0,0.40705882352941175,0.7047058823529412,2960.0,729872.0,17,11,6
F4RMS,MLP,Waveform,baseline_strict_dominates,3,4,0.84,0.8496666666666667,1361695.0,24931100.0,0.8635999999999999,0.865,5644.0,774668.0,4,0,4
F4RMS,MLP,Wine,mixed,3,10,0.41666666666666663,0.9833333333333334,7023.0,38231.0,0.5555555555555556,0.9333333333333333,2188.0,179724.0,6,2,4
F4RMS,MLP,Yeast,mixed,13,10,0.4040404040404041,0.6161616161616161,13005.0,7483777.0,0.30505050505050507,0.6,2472.0,710952.0,18,12,6
F4RMS,FT-Transformer,Balance Scale,mixed,11,2,0.7183999999999999,0.9072000000000001,2914.0,412513.0,0.8506666666666667,0.9066666666666667,69548.0,270684.0,12,11,1
F4RMS,FT-Transformer,Banknote,f4rm_strict_dominates,10,3,0.9418181818181818,1.0,1911.0,14816.0,0.9672727272727273,0.9987878787878787,69416.0,404224.0,10,10,0
F4RMS,FT-Transformer,Breast Cancer,f4rm_strict_dominates,5,2,0.9526315789473683,0.9666666666666666,15949.0,578436.0,0.8391812865497076,0.9415204678362573,76072.0,283736.0,5,5,0
F4RMS,FT-Transformer,EEG Eye State,mixed,6,2,0.7935024477080551,0.9491544281263907,297738.3333333333,46280683.333333336,0.5511793502447707,0.5512906097018245,71976.0,409344.0,7,6,1
F4RMS,FT-Transformer,Ecoli,f4rm_strict_dominates,13,3,0.8235294117647058,0.8764705882352942,4929.0,359190.0,0.4264705882352941,0.573529411764706,70976.0,407320.0,13,13,0
F4RMS,FT-Transformer,Glass,f4rm_strict_dominates,8,4,0.5767441860465116,0.7674418604651163,8003.0,1362462.0,0.3488372093023256,0.3953488372093023,71224.0,407824.0,8,8,0
F4RMS,FT-Transformer,Haberman,mixed,2,3,0.7387096774193548,0.7419354838709677,1656.0,3324.0,0.7419354838709676,0.7473118279569894,69160.0,403712.0,3,2,1
F4RMS,FT-Transformer,Ionosphere,f4rm_strict_dominates,8,4,0.7887323943661972,0.952112676056338,19092.0,317202.0,0.647887323943662,0.7887323943661971,77096.0,419584.0,8,8,0
F4RMS,FT-Transformer,Iris,f4rm_strict_dominates,6,2,0.9199999999999999,0.9800000000000001,1359.0,12961.0,0.7888888888888889,0.9,69548.0,270684.0,6,6,0
F4RMS,FT-Transformer,Letter Recognition,mixed,5,3,0.93275,0.9539166666666666,1551405.0,63287388.333333336,0.7179166666666666,0.8930833333333332,75656.0,416608.0,8,5,3
F4RMS,FT-Transformer,Magic Gamma,mixed,5,2,0.8394672274798457,0.8769716088328076,204711.66666666666,13703301.666666666,0.853925692253768,0.8643533123028391,70952.0,273496.0,4,2,2
F4RMS,FT-Transformer,Pendigits,mixed,4,3,0.9865090192511747,0.989389116264969,434211.6666666667,5059085.0,0.9410338032438986,0.9869637714112476,73544.0,412448.0,6,3,3
F4RMS,FT-Transformer,Pima Diabetes,f4rm_strict_dominates,9,3,0.6935064935064934,0.764935064935065,5830.0,320999.0,0.6666666666666666,0.7575757575757577,70440.0,406272.0,9,9,0
F4RMS,FT-Transformer,SatImage,mixed,4,2,0.8973561430793158,0.9180922757905651,618306.6666666666,6909791.666666667,0.8499222395023328,0.8709175738724729,78136.0,287848.0,6,4,2
F4RMS,FT-Transformer,Seeds,f4rm_strict_dominates,5,2,0.8761904761904763,0.9333333333333333,2850.0,23040.0,0.6587301587301587,0.9047619047619048,70316.0,272220.0,5,5,0
F4RMS,FT-Transformer,Segment,f4rm_strict_dominates,7,3,0.9021645021645022,0.9636363636363636,20512.0,1446270.0,0.8225108225108224,0.9235209235209235,73916.0,413204.0,7,7,0
F4RMS,FT-Transformer,Steel Plates,mixed,13,2,0.7048843187660668,0.9948586118251928,16305.0,17107741.0,0.8414738646101113,1.0,76840.0,285272.0,8,7,1
F4RMS,FT-Transformer,Vehicle,f4rm_strict_dominates,11,3,0.6705882352941177,0.7552941176470588,16538.0,1178228.0,0.38823529411764707,0.596078431372549,73264.0,411912.0,11,11,0
F4RMS,FT-Transformer,Waveform,baseline_strict_dominates,3,3,0.84,0.8496666666666667,1361695.0,24931100.0,0.8413333333333334,0.8673333333333333,78764.0,422916.0,3,0,3
F4RMS,FT-Transformer,Wine,f4rm_strict_dominates,3,3,0.41666666666666663,0.9833333333333334,7023.0,38231.0,0.4259259259259259,0.9074074074074074,71852.0,409092.0,3,3,0
F4RMS,FT-Transformer,Yeast,f4rm_strict_dominates,13,2,0.4040404040404041,0.6161616161616161,13005.0,7483777.0,0.3041526374859708,0.4927048260381594,71496.0,274552.0,13,13,0
F4RMS,BTHOWeN,Balance Scale,mixed,11,4,0.7183999999999999,0.9072000000000001,2914.0,412513.0,0.6896,0.8496,48.0,1152.0,13,9,4
F4RMS,BTHOWeN,Banknote,mixed,10,6,0.9418181818181818,1.0,1911.0,14816.0,0.8880000000000001,0.992,32.0,1024.0,13,7,6
F4RMS,BTHOWeN,Breast Cancer,mixed,5,5,0.9526315789473683,0.9666666666666666,15949.0,578436.0,0.6263157894736843,0.9596491228070174,128.0,7168.0,7,2,5
F4RMS,BTHOWeN,EEG Eye State,mixed,6,5,0.7935024477080551,0.9491544281263907,297738.3333333333,46280683.333333336,0.5560747663551402,0.580173564753004,64.0,640.0,11,6,5
F4RMS,BTHOWeN,Ecoli,mixed,13,6,0.8235294117647058,0.8764705882352942,4929.0,359190.0,0.5470588235294118,0.8411764705882353,128.0,7168.0,16,10,6
F4RMS,BTHOWeN,Glass,mixed,8,4,0.5767441860465116,0.7674418604651163,8003.0,1362462.0,0.4511627906976744,0.6744186046511629,96.0,672.0,10,6,4
F4RMS,BTHOWeN,Haberman,baseline_strict_dominates,2,2,0.7387096774193548,0.7419354838709677,1656.0,3324.0,0.7483870967741936,0.7516129032258064,32.0,64.0,2,0,2
F4RMS,BTHOWeN,Ionosphere,mixed,8,5,0.7887323943661972,0.952112676056338,19092.0,317202.0,0.6338028169014084,0.9183098591549296,128.0,3072.0,11,6,5
F4RMS,BTHOWeN,Iris,mixed,6,5,0.9199999999999999,0.9800000000000001,1359.0,12961.0,0.8666666666666668,0.96,48.0,288.0,9,4,5
F4RMS,BTHOWeN,Letter Recognition,mixed,5,10,0.93275,0.9539166666666666,1551405.0,63287388.333333336,0.24609999999999999,0.900925,832.0,79872.0,15,5,10
F4RMS,BTHOWeN,Magic Gamma,mixed,5,6,0.8394672274798457,0.8769716088328076,204711.66666666666,13703301.666666666,0.6698738170347003,0.7874868559411146,64.0,7680.0,11,5,6
F4RMS,BTHOWeN,Pendigits,mixed,4,8,0.9865090192511747,0.989389116264969,434211.6666666667,5059085.0,0.40545702592087307,0.9757162346521145,320.0,20480.0,12,4,8
F4RMS,BTHOWeN,Pima Diabetes,mixed,9,7,0.6935064935064934,0.764935064935065,5830.0,320999.0,0.6441558441558441,0.7337662337662337,32.0,6144.0,13,6,7
F4RMS,BTHOWeN,SatImage,mixed,4,9,0.8973561430793158,0.9180922757905651,618306.6666666666,6909791.666666667,0.6782270606531882,0.8796267496111975,384.0,26112.0,13,4,9
F4RMS,BTHOWeN,Seeds,mixed,5,6,0.8761904761904763,0.9333333333333333,2850.0,23040.0,0.6619047619047619,0.9095238095238095,48.0,2112.0,9,3,6
F4RMS,BTHOWeN,Segment,mixed,7,7,0.9021645021645022,0.9636363636363636,20512.0,1446270.0,0.7943722943722944,0.9415584415584416,336.0,12544.0,12,5,7
F4RMS,BTHOWeN,Steel Plates,mixed,13,8,0.7048843187660668,0.9948586118251928,16305.0,17107741.0,0.6735218508997429,0.8910025706940875,128.0,7680.0,18,10,8
F4RMS,BTHOWeN,Vehicle,mixed,11,9,0.6705882352941177,0.7552941176470588,16538.0,1178228.0,0.3870588235294118,0.6905882352941177,128.0,4608.0,19,10,9
F4RMS,BTHOWeN,Waveform,mixed,3,7,0.84,0.8496666666666667,1361695.0,24931100.0,0.3386,0.8154,240.0,11520.0,10,3,7
F4RMS,BTHOWeN,Wine,mixed,3,8,0.41666666666666663,0.9833333333333334,7023.0,38231.0,0.4722222222222222,0.9666666666666666,96.0,2496.0,10,2,8
F4RMS,BTHOWeN,Yeast,mixed,13,7,0.4040404040404041,0.6161616161616161,13005.0,7483777.0,0.32861952861952864,0.5252525252525253,160.0,30720.0,19,12,7
F4RMS,DWN,Balance Scale,f4rm_strict_dominates,11,3,0.7183999999999999,0.9072000000000001,2914.0,412513.0,0.7679999999999999,0.8213333333333334,5382.0,47936.0,11,11,0
F4RMS,DWN,Banknote,f4rm_strict_dominates,10,3,0.9418181818181818,1.0,1911.0,14816.0,0.9466666666666667,0.9927272727272727,5400.0,48000.0,10,10,0
F4RMS,DWN,Breast Cancer,mixed,5,2,0.9526315789473683,0.9666666666666666,15949.0,578436.0,0.935672514619883,0.9649122807017543,5400.0,24000.0,4,2,2
F4RMS,DWN,EEG Eye State,mixed,6,4,0.7935024477080551,0.9491544281263907,297738.3333333333,46280683.333333336,0.7997329773030707,0.8854027592345349,5400.0,96000.0,8,4,4
F4RMS,DWN,Ecoli,mixed,13,3,0.8235294117647058,0.8764705882352942,4929.0,359190.0,0.8186274509803922,0.8676470588235294,5328.0,47872.0,14,13,1
F4RMS,DWN,Glass,mixed,8,3,0.5767441860465116,0.7674418604651163,8003.0,1362462.0,0.6201550387596899,0.7286821705426357,5328.0,95872.0,8,7,1
F4RMS,DWN,Haberman,f4rm_strict_dominates,2,1,0.7387096774193548,0.7419354838709677,1656.0,3324.0,0.6989247311827956,0.6989247311827956,5400.0,5400.0,2,2,0
F4RMS,DWN,Ionosphere,mixed,8,2,0.7887323943661972,0.952112676056338,19092.0,317202.0,0.9014084507042254,0.9107981220657276,5400.0,48000.0,7,6,1
F4RMS,DWN,Iris,f4rm_strict_dominates,6,1,0.9199999999999999,0.9800000000000001,1359.0,12961.0,0.9555555555555556,0.9555555555555556,5382.0,5382.0,6,6,0
F4RMS,DWN,Letter Recognition,mixed,5,4,0.93275,0.9539166666666666,1551405.0,63287388.333333336,0.47625,0.9398333333333332,5004.0,95616.0,8,4,4
F4RMS,DWN,Magic Gamma,mixed,5,3,0.8394672274798457,0.8769716088328076,204711.66666666666,13703301.666666666,0.806869961444094,0.8214160532772521,5400.0,96000.0,8,5,3
F4RMS,DWN,Pendigits,mixed,4,4,0.9865090192511747,0.989389116264969,434211.6666666667,5059085.0,0.9173866909201153,0.9886311959981811,5400.0,96000.0,6,2,4
F4RMS,DWN,Pima Diabetes,mixed,9,2,0.6935064935064934,0.764935064935065,5830.0,320999.0,0.6969696969696969,0.7164502164502164,5400.0,24000.0,9,8,1
F4RMS,DWN,SatImage,mixed,4,3,0.8973561430793158,0.9180922757905651,618306.6666666666,6909791.666666667,0.8639191290824261,0.9061689994815967,5328.0,47936.0,6,3,3
F4RMS,DWN,Seeds,mixed,5,1,0.8761904761904763,0.9333333333333333,2850.0,23040.0,0.9206349206349206,0.9206349206349206,5382.0,5382.0,5,4,1
F4RMS,DWN,Segment,baseline_strict_dominates,7,3,0.9021645021645022,0.9636363636363636,20512.0,1446270.0,0.9285714285714285,0.9747474747474748,5364.0,47904.0,3,0,3
F4RMS,DWN,Steel Plates,baseline_strict_dominates,13,1,0.7048843187660668,0.9948586118251928,16305.0,17107741.0,1.0,1.0,5400.0,5400.0,1,0,1
F4RMS,DWN,Vehicle,mixed,11,3,0.6705882352941177,0.7552941176470588,16538.0,1178228.0,0.688235294117647,0.7450980392156863,5400.0,96000.0,7,4,3
F4RMS,DWN,Waveform,mixed,3,2,0.84,0.8496666666666667,1361695.0,24931100.0,0.8163333333333332,0.8286666666666666,5382.0,47936.0,5,3,2
F4RMS,DWN,Wine,mixed,3,2,0.41666666666666663,0.9833333333333334,7023.0,38231.0,0.9537037037037037,0.9722222222222222,5382.0,95968.0,3,2,1
F4RMS,DWN,Yeast,mixed,13,3,0.4040404040404041,0.6161616161616161,13005.0,7483777.0,0.494949494949495,0.5757575757575757,5400.0,48000.0,15,12,3
F4RMS,ULEEN,Balance Scale,mixed,11,6,0.7183999999999999,0.9072000000000001,2914.0,412513.0,0.5439999999999999,0.88,72.0,2560.0,12,6,6
F4RMS,ULEEN,Banknote,mixed,10,5,0.9418181818181818,1.0,1911.0,14816.0,0.9018181818181819,0.9866666666666667,48.0,2080.0,13,8,5
F4RMS,ULEEN,Breast Cancer,mixed,5,4,0.9526315789473683,0.9666666666666666,15949.0,578436.0,0.9093567251461989,0.9590643274853802,272.0,5328.0,7,3,4
F4RMS,ULEEN,EEG Eye State,mixed,6,4,0.7935024477080551,0.9491544281263907,297738.3333333333,46280683.333333336,0.5657543391188251,0.6637739207832666,144.0,1920.0,10,6,4
F4RMS,ULEEN,Ecoli,baseline_strict_dominates,13,5,0.8235294117647058,0.8764705882352942,4929.0,359190.0,0.5,0.9019607843137255,320.0,7040.0,5,0,5
F4RMS,ULEEN,Glass,mixed,8,3,0.5767441860465116,0.7674418604651163,8003.0,1362462.0,0.3488372093023256,0.6666666666666666,288.0,1536.0,9,6,3
F4RMS,ULEEN,Haberman,mixed,2,4,0.7387096774193548,0.7419354838709677,1656.0,3324.0,0.6451612903225806,0.7365591397849464,48.0,480.0,6,2,4
F4RMS,ULEEN,Ionosphere,mixed,8,3,0.7887323943661972,0.952112676056338,19092.0,317202.0,0.7230046948356806,0.948356807511737,304.0,2688.0,5,2,3
F4RMS,ULEEN,Iris,mixed,6,4,0.9199999999999999,0.9800000000000001,1359.0,12961.0,0.39999999999999997,0.9,72.0,2560.0,9,6,3
F4RMS,ULEEN,Letter Recognition,mixed,5,4,0.93275,0.9539166666666666,1551405.0,63287388.333333336,0.521,0.8814166666666666,1872.0,24960.0,9,5,4
F4RMS,ULEEN,Magic Gamma,mixed,5,5,0.8394672274798457,0.8769716088328076,204711.66666666666,13703301.666666666,0.7887311601822643,0.8386785839467228,96.0,1280.0,10,5,5
F4RMS,ULEEN,Pendigits,mixed,4,7,0.9865090192511747,0.989389116264969,434211.6666666667,5059085.0,0.8873730483553129,0.9878732757313932,720.0,21760.0,10,3,7
F4RMS,ULEEN,Pima Diabetes,baseline_strict_dominates,9,6,0.6935064935064934,0.764935064935065,5830.0,320999.0,0.6883116883116883,0.7683982683982684,80.0,3520.0,6,0,6
F4RMS,ULEEN,SatImage,mixed,4,4,0.8973561430793158,0.9180922757905651,618306.6666666666,6909791.666666667,0.847071021254536,0.8994297563504405,960.0,13440.0,7,3,4
F4RMS,ULEEN,Seeds,baseline_strict_dominates,5,5,0.8761904761904763,0.9333333333333333,2850.0,23040.0,0.6428571428571429,0.9444444444444443,120.0,2304.0,5,0,5
F4RMS,ULEEN,Segment,mixed,7,8,0.9021645021645022,0.9636363636363636,20512.0,1446270.0,0.8152958152958153,0.9502164502164502,616.0,14560.0,12,4,8
F4RMS,ULEEN,Steel Plates,baseline_strict_dominates,13,5,0.7048843187660668,0.9948586118251928,16305.0,17107741.0,0.7960582690659811,1.0,304.0,7392.0,5,0,5
F4RMS,ULEEN,Vehicle,mixed,11,8,0.6705882352941177,0.7552941176470588,16538.0,1178228.0,0.503921568627451,0.7411764705882353,352.0,11840.0,10,2,8
F4RMS,ULEEN,Waveform,mixed,3,3,0.84,0.8496666666666667,1361695.0,24931100.0,0.79,0.838,528.0,6336.0,6,3,3
F4RMS,ULEEN,Wine,mixed,3,5,0.41666666666666663,0.9833333333333334,7023.0,38231.0,0.6296296296296297,0.9537037037037037,192.0,7040.0,7,2,5
F4RMS,ULEEN,Yeast,mixed,13,6,0.4040404040404041,0.6161616161616161,13005.0,7483777.0,0.4377104377104377,0.5970819304152638,400.0,8320.0,12,6,6
Random-WiSARD-cuckoo,DT,Balance Scale,f4rm_strict_dominates,11,25,0.22399999999999998,0.9008,48.6,3686.4,0.45600000000000007,0.7792,1250.0,3791.4,11,11,0
Random-WiSARD-cuckoo,DT,Banknote,f4rm_strict_dominates,21,39,0.5563636363636364,1.0,31.0,2720.0,0.8378181818181819,0.9854545454545454,1398.0,4415.0,21,21,0
Random-WiSARD-cuckoo,DT,Breast Cancer,f4rm_strict_dominates,9,26,0.9017543859649123,0.9614035087719298,239.6,18148.8,0.9017543859649123,0.9438596491228071,1559.0,2653.4,9,9,0
Random-WiSARD-cuckoo,DT,EEG Eye State,mixed,37,96,0.5510680907877169,0.9371161548731642,116.2,724750.2,0.5510680907877169,0.8411882510013351,1238.0,167339.0,101,32,69
Random-WiSARD-cuckoo,DT,Ecoli,f4rm_strict_dominates,7,26,0.7705882352941177,0.8705882352941178,116.2,5427.6,0.7529411764705882,0.8352941176470589,1892.0,3377.8,7,7,0
Random-WiSARD-cuckoo,DT,Glass,f4rm_strict_dominates,11,34,0.5581395348837208,0.7674418604651163,174.0,7522.4,0.48372093023255813,0.7162790697674419,1970.0,6684.0,11,11,0
Random-WiSARD-cuckoo,DT,Haberman,mixed,5,12,0.7419354838709677,0.7483870967741936,24.6,225.4,0.7419354838709677,0.7612903225806452,1238.0,2717.0,8,5,3
Random-WiSARD-cuckoo,DT,Ionosphere,f4rm_strict_dominates,13,19,0.38591549295774646,0.9492957746478872,265.8,17471.6,0.8676056338028169,0.9014084507042254,1528.4,1817.0,13,13,0
Random-WiSARD-cuckoo,DT,Iris,mixed,3,26,0.8666666666666668,0.9666666666666668,24.6,3156.6,0.9466666666666667,0.9666666666666668,1846.0,2308.4,5,2,3
Random-WiSARD-cuckoo,DT,Letter Recognition,f4rm_strict_dominates,28,29,0.08954999999999999,0.9536,1662.4,923124.0,0.4225833333333333,0.8851666666666667,11505.333333333334,996713.3333333334,28,28,0
Random-WiSARD-cuckoo,DT,Magic Gamma,mixed,27,15,0.6482649842271293,0.8684016824395373,82.0,333119.0,0.6482649842271293,0.8442691903259727,1238.0,63936.8,28,19,9
Random-WiSARD-cuckoo,DT,Pendigits,f4rm_strict_dominates,19,118,0.344974988631196,0.9895407003183265,583.8,324562.6,0.10413824465666213,0.9628922237380628,1334.0,76695.8,19,19,0
Random-WiSARD-cuckoo,DT,Pima Diabetes,mixed,13,31,0.6493506493506493,0.7675324675324675,65.0,5210.8,0.6493506493506493,0.7701298701298701,1351.0,2734.8,23,10,13
Random-WiSARD-cuckoo,DT,SatImage,mixed,25,77,0.35769828926905134,0.9087091757387247,865.6,505156.6,0.6979782270606532,0.8682737169517886,1942.6,15384.2,68,23,45
Random-WiSARD-cuckoo,DT,Seeds,f4rm_strict_dominates,5,25,0.8476190476190476,0.9380952380952381,61.6,340.8,0.8761904761904763,0.9285714285714285,1605.0,2347.2,5,5,0
Random-WiSARD-cuckoo,DT,Segment,mixed,24,59,0.5220779220779221,0.9701298701298701,406.2,117951.0,0.6645021645021645,0.9675324675324675,2440.0,14779.0,26,20,6
Random-WiSARD-cuckoo,DT,Steel Plates,mixed,21,63,0.6529562982005142,0.9830334190231362,231.8,229136.2,0.6529562982005142,1.0,1238.0,2201.0,63,9,54
Random-WiSARD-cuckoo,DT,Vehicle,f4rm_strict_dominates,15,36,0.38588235294117645,0.7482352941176471,278.0,57124.8,0.25882352941176473,0.7235294117647059,1310.0,7156.8,15,15,0
Random-WiSARD-cuckoo,DT,Waveform,mixed,12,71,0.343,0.8486,502.6,188580.6,0.5734,0.7727999999999999,1426.0,17873.4,72,9,63
Random-WiSARD-cuckoo,DT,Wine,f4rm_strict_dominates,8,27,0.9055555555555556,0.9888888888888889,134.6,1389.8,0.8388888888888889,0.9388888888888889,1846.0,2764.2,8,8,0
Random-WiSARD-cuckoo,DT,Yeast,mixed,19,28,0.3191919191919192,0.6161616161616161,237.2,56263.4,0.31313131313131315,0.593939393939394,1414.0,10064.0,24,14,10
Random-WiSARD-cuckoo,RF,Balance Scale,f4rm_strict_dominates,11,5,0.22399999999999998,0.9008,48.6,3686.4,0.8272,0.8656,58700.6,303832.4,11,11,0
Random-WiSARD-cuckoo,RF,Banknote,f4rm_strict_dominates,21,5,0.5563636363636364,1.0,31.0,2720.0,0.9883636363636363,0.997090909090909,33119.0,41986.0,21,21,0
Random-WiSARD-cuckoo,RF,Breast Cancer,mixed,9,5,0.9017543859649123,0.9614035087719298,239.6,18148.8,0.9491228070175438,0.9631578947368421,18519.0,309058.8,10,9,1
Random-WiSARD-cuckoo,RF,EEG Eye State,f4rm_strict_dominates,37,14,0.5510680907877169,0.9371161548731642,116.2,724750.2,0.8123052959501558,0.933355585224744,191108.66666666666,39077740.333333336,37,37,0
Random-WiSARD-cuckoo,RF,Ecoli,mixed,7,13,0.7705882352941177,0.8705882352941178,116.2,5427.6,0.8352941176470589,0.8823529411764707,44010.2,1023460.2,11,7,4
Random-WiSARD-cuckoo,RF,Glass,mixed,11,7,0.5581395348837208,0.7674418604651163,174.0,7522.4,0.7488372093023256,0.813953488372093,36196.0,1616555.8,15,11,4
Random-WiSARD-cuckoo,RF,Haberman,f4rm_strict_dominates,5,5,0.7419354838709677,0.7483870967741936,24.6,225.4,0.6806451612903226,0.7258064516129032,35016.0,675030.2,5,5,0
Random-WiSARD-cuckoo,RF,Ionosphere,f4rm_strict_dominates,13,10,0.38591549295774646,0.9492957746478872,265.8,17471.6,0.904225352112676,0.9380281690140844,19548.0,158972.0,13,13,0
Random-WiSARD-cuckoo,RF,Iris,f4rm_strict_dominates,3,5,0.8666666666666668,0.9666666666666668,24.6,3156.6,0.9533333333333334,0.9666666666666668,11918.8,17187.2,3,3,0
Random-WiSARD-cuckoo,RF,Letter Recognition,mixed,28,13,0.08954999999999999,0.9536,1662.4,923124.0,0.6835,0.9659166666666668,647948.0,229085524.33333334,31,28,3
Random-WiSARD-cuckoo,RF,Magic Gamma,mixed,27,11,0.6482649842271293,0.8684016824395373,82.0,333119.0,0.8558534875569576,0.8780231335436383,187751.66666666666,43885953.666666664,34,27,7
Random-WiSARD-cuckoo,RF,Pendigits,mixed,19,11,0.344974988631196,0.9895407003183265,583.8,324562.6,0.9520994391390025,0.9912081249052599,289934.0,10343847.0,21,19,2
Random-WiSARD-cuckoo,RF,Pima Diabetes,mixed,13,5,0.6493506493506493,0.7675324675324675,65.0,5210.8,0.7571428571428571,0.7909090909090909,62235.0,1488814.0,17,13,4
Random-WiSARD-cuckoo,RF,SatImage,mixed,25,14,0.35769828926905134,0.9087091757387247,865.6,505156.6,0.8884914463452566,0.9161741835147744,207186.6,4558346.2,27,25,2
Random-WiSARD-cuckoo,RF,Seeds,f4rm_strict_dominates,5,3,0.8476190476190476,0.9380952380952381,61.6,340.8,0.8952380952380953,0.9285714285714285,14976.6,95260.4,5,5,0
Random-WiSARD-cuckoo,RF,Segment,mixed,24,18,0.5220779220779221,0.9701298701298701,406.2,117951.0,0.9424242424242424,0.9770562770562771,56062.0,2002349.8,32,24,8
Random-WiSARD-cuckoo,RF,Steel Plates,mixed,21,2,0.6529562982005142,0.9830334190231362,231.8,229136.2,1.0,1.0,14849.0,14849.0,17,15,2
Random-WiSARD-cuckoo,RF,Vehicle,mixed,15,8,0.38588235294117645,0.7482352941176471,278.0,57124.8,0.7211764705882353,0.7505882352941177,77713.4,1064387.6,17,15,2
Random-WiSARD-cuckoo,RF,Waveform,mixed,12,6,0.343,0.8486,502.6,188580.6,0.8192,0.8577999999999999,216224.0,8791481.6,15,12,3
Random-WiSARD-cuckoo,RF,Wine,f4rm_strict_dominates,8,6,0.9055555555555556,0.9888888888888889,134.6,1389.8,0.9333333333333332,0.9777777777777779,13445.6,21625.4,8,8,0
Random-WiSARD-cuckoo,RF,Yeast,mixed,19,5,0.3191919191919192,0.6161616161616161,237.2,56263.4,0.6161616161616161,0.6316498316498317,150800.8,1417648.0,23,19,4
Random-WiSARD-cuckoo,XGBoost,Balance Scale,mixed,11,3,0.22399999999999998,0.9008,48.6,3686.4,0.8848,0.9040000000000001,490686.6,1713265.8,12,11,1
Random-WiSARD-cuckoo,XGBoost,Banknote,f4rm_strict_dominates,21,1,0.5563636363636364,1.0,31.0,2720.0,0.9978181818181818,0.9978181818181818,77586.6,77586.6,21,21,0
Random-WiSARD-cuckoo,XGBoost,Breast Cancer,mixed,9,3,0.9017543859649123,0.9614035087719298,239.6,18148.8,0.9631578947368421,0.9701754385964912,66483.0,249884.0,12,9,3
Random-WiSARD-cuckoo,XGBoost,EEG Eye State,mixed,37,14,0.5510680907877169,0.9371161548731642,116.2,724750.2,0.8462394303515799,0.9564975522919448,200759.33333333334,6358373.666666667,44,37,7
Random-WiSARD-cuckoo,XGBoost,Ecoli,f4rm_strict_dominates,7,4,0.7705882352941177,0.8705882352941178,116.2,5427.6,0.8470588235294118,0.8617647058823529,525955.8,5986579.8,7,7,0
Random-WiSARD-cuckoo,XGBoost,Glass,mixed,11,4,0.5581395348837208,0.7674418604651163,174.0,7522.4,0.7581395348837209,0.7906976744186046,404410.6,4641429.8,14,11,3
Random-WiSARD-cuckoo,XGBoost,Haberman,f4rm_strict_dominates,5,6,0.7419354838709677,0.7483870967741936,24.6,225.4,0.6741935483870968,0.732258064516129,131495.8,218611.0,5,5,0
Random-WiSARD-cuckoo,XGBoost,Ionosphere,f4rm_strict_dominates,13,2,0.38591549295774646,0.9492957746478872,265.8,17471.6,0.943661971830986,0.9464788732394366,70085.4,703319.4,13,13,0
Random-WiSARD-cuckoo,XGBoost,Iris,f4rm_strict_dominates,3,3,0.8666666666666668,0.9666666666666668,24.6,3156.6,0.9333333333333333,0.9533333333333334,165102.4,228362.8,3,3,0
Random-WiSARD-cuckoo,XGBoost,Letter Recognition,mixed,28,12,0.08954999999999999,0.9536,1662.4,923124.0,0.9188333333333333,0.9660833333333333,4588684.666666667,40324397.333333336,36,28,8
Random-WiSARD-cuckoo,XGBoost,Magic Gamma,mixed,27,7,0.6482649842271293,0.8684016824395373,82.0,333119.0,0.8731160182264284,0.885471433578689,208698.0,2300855.0,32,25,7
Random-WiSARD-cuckoo,XGBoost,Pendigits,mixed,19,3,0.344974988631196,0.9895407003183265,583.8,324562.6,0.9871153554646052,0.9915112930119752,1638448.3333333333,4466160.333333333,20,19,1
Random-WiSARD-cuckoo,XGBoost,Pima Diabetes,mixed,13,5,0.6493506493506493,0.7675324675324675,65.0,5210.8,0.7480519480519481,0.7844155844155845,147251.0,184317.8,15,13,2
Random-WiSARD-cuckoo,XGBoost,SatImage,mixed,25,9,0.35769828926905134,0.9087091757387247,865.6,505156.6,0.9116122343182996,0.9240539139450492,1069487.0,6008074.0,34,25,9
Random-WiSARD-cuckoo,XGBoost,Seeds,mixed,5,2,0.8476190476190476,0.9380952380952381,61.6,340.8,0.9333333333333332,0.9428571428571428,169751.8,170834.8,6,5,1
Random-WiSARD-cuckoo,XGBoost,Segment,mixed,24,3,0.5220779220779221,0.9701298701298701,406.2,117951.0,0.9848484848484848,0.9857142857142858,520191.6,2470151.6,27,24,3
Random-WiSARD-cuckoo,XGBoost,Steel Plates,mixed,21,1,0.6529562982005142,0.9830334190231362,231.8,229136.2,1.0,1.0,87123.0,87123.0,20,19,1
Random-WiSARD-cuckoo,XGBoost,Vehicle,mixed,15,3,0.38588235294117645,0.7482352941176471,278.0,57124.8,0.7588235294117647,0.7694117647058822,484372.2,1536395.6,18,15,3
Random-WiSARD-cuckoo,XGBoost,Waveform,mixed,12,3,0.343,0.8486,502.6,188580.6,0.8513999999999999,0.8577999999999999,577110.6,2074121.8,15,12,3
Random-WiSARD-cuckoo,XGBoost,Wine,f4rm_strict_dominates,8,8,0.9055555555555556,0.9888888888888889,134.6,1389.8,0.9666666666666666,0.9777777777777779,148644.6,191448.4,8,8,0
Random-WiSARD-cuckoo,XGBoost,Yeast,mixed,19,5,0.3191919191919192,0.6161616161616161,237.2,56263.4,0.5885521885521886,0.6195286195286196,1203103.8,6972888.0,22,19,3
Random-WiSARD-cuckoo,LightGBM,Balance Scale,mixed,11,4,0.22399999999999998,0.9008,48.6,3686.4,0.9008,0.9040000000000001,304656.2,306372.2,14,11,3
Random-WiSARD-cuckoo,LightGBM,Banknote,f4rm_strict_dominates,21,9,0.5563636363636364,1.0,31.0,2720.0,0.9767272727272728,0.9978181818181818,115313.0,131711.8,21,21,0
Random-WiSARD-cuckoo,LightGBM,Breast Cancer,mixed,9,15,0.9017543859649123,0.9614035087719298,239.6,18148.8,0.9578947368421054,0.9719298245614034,75446.6,549346.4,18,9,9
Random-WiSARD-cuckoo,LightGBM,EEG Eye State,mixed,37,8,0.5510680907877169,0.9371161548731642,116.2,724750.2,0.8681575433911882,0.9601691143747219,178689.66666666666,14623904.666666666,42,37,5
Random-WiSARD-cuckoo,LightGBM,Ecoli,f4rm_strict_dominates,7,12,0.7705882352941177,0.8705882352941178,116.2,5427.6,0.8235294117647058,0.8529411764705882,448657.2,3109753.2,7,7,0
Random-WiSARD-cuckoo,LightGBM,Glass,mixed,11,18,0.5581395348837208,0.7674418604651163,174.0,7522.4,0.7023255813953488,0.7767441860465116,335489.0,2111415.8,17,11,6
Random-WiSARD-cuckoo,LightGBM,Haberman,f4rm_strict_dominates,5,3,0.7419354838709677,0.7483870967741936,24.6,225.4,0.7387096774193548,0.7387096774193548,90323.8,90323.8,5,5,0
Random-WiSARD-cuckoo,LightGBM,Ionosphere,f4rm_strict_dominates,13,15,0.38591549295774646,0.9492957746478872,265.8,17471.6,0.9295774647887324,0.9492957746478872,79871.0,113756.0,13,13,0
Random-WiSARD-cuckoo,LightGBM,Iris,f4rm_strict_dominates,3,3,0.8666666666666668,0.9666666666666668,24.6,3156.6,0.9533333333333334,0.9533333333333334,128407.6,128407.6,3,3,0
Random-WiSARD-cuckoo,LightGBM,Letter Recognition,mixed,28,6,0.08954999999999999,0.9536,1662.4,923124.0,0.927,0.9703333333333334,4538424.0,48265498.0,32,28,4
Random-WiSARD-cuckoo,LightGBM,Magic Gamma,mixed,27,6,0.6482649842271293,0.8684016824395373,82.0,333119.0,0.8760953382404487,0.8845075359270943,176887.66666666666,3462928.3333333335,31,25,6
Random-WiSARD-cuckoo,LightGBM,Pendigits,mixed,19,5,0.344974988631196,0.9895407003183265,583.8,324562.6,0.9804456571168713,0.9915112930119752,1692481.0,14978396.0,22,19,3
Random-WiSARD-cuckoo,LightGBM,Pima Diabetes,mixed,13,3,0.6493506493506493,0.7675324675324675,65.0,5210.8,0.7844155844155845,0.7883116883116883,158042.0,162131.6,16,13,3
Random-WiSARD-cuckoo,LightGBM,SatImage,mixed,25,7,0.35769828926905134,0.9087091757387247,865.6,505156.6,0.9020217729393468,0.9297563504406429,1012520.0,10667336.333333334,31,25,6
Random-WiSARD-cuckoo,LightGBM,Seeds,mixed,5,12,0.8476190476190476,0.9380952380952381,61.6,340.8,0.9285714285714285,0.9476190476190476,157467.2,216321.6,11,5,6
Random-WiSARD-cuckoo,LightGBM,Segment,mixed,24,7,0.5220779220779221,0.9701298701298701,406.2,117951.0,0.9675324675324676,0.987012987012987,693810.6666666666,3841719.0,30,24,6
Random-WiSARD-cuckoo,LightGBM,Steel Plates,mixed,21,1,0.6529562982005142,0.9830334190231362,231.8,229136.2,1.0,1.0,94387.2,94387.2,20,19,1
Random-WiSARD-cuckoo,LightGBM,Vehicle,mixed,15,6,0.38588235294117645,0.7482352941176471,278.0,57124.8,0.7341176470588235,0.7647058823529411,544402.2,762073.8,20,15,5
Random-WiSARD-cuckoo,LightGBM,Waveform,mixed,12,5,0.343,0.8486,502.6,188580.6,0.8493333333333334,0.858,524875.6666666666,2163033.3333333335,17,12,5
Random-WiSARD-cuckoo,LightGBM,Wine,f4rm_strict_dominates,8,6,0.9055555555555556,0.9888888888888889,134.6,1389.8,0.9555555555555555,0.9666666666666666,140998.6,151505.6,8,8,0
Random-WiSARD-cuckoo,LightGBM,Yeast,mixed,19,1,0.3191919191919192,0.6161616161616161,237.2,56263.4,0.6215488215488215,0.6215488215488215,1283755.4,1283755.4,20,19,1
Random-WiSARD-cuckoo,CatBoost,Balance Scale,mixed,11,1,0.22399999999999998,0.9008,48.6,3686.4,0.9173333333333334,0.9173333333333334,64560.0,64560.0,12,11,1
Random-WiSARD-cuckoo,CatBoost,Banknote,f4rm_strict_dominates,21,2,0.5563636363636364,1.0,31.0,2720.0,0.9963636363636365,0.9975757575757576,40288.0,172645.33333333334,21,21,0
Random-WiSARD-cuckoo,CatBoost,Breast Cancer,mixed,9,1,0.9017543859649123,0.9614035087719298,239.6,18148.8,0.9754385964912281,0.9754385964912281,40836.8,40836.8,10,9,1
Random-WiSARD-cuckoo,CatBoost,EEG Eye State,mixed,37,3,0.5510680907877169,0.9371161548731642,116.2,724750.2,0.8093012906097018,0.9561637739207832,40874.666666666664,2112482.6666666665,39,37,2
Random-WiSARD-cuckoo,CatBoost,Ecoli,mixed,7,4,0.7705882352941177,0.8705882352941178,116.2,5427.6,0.8705882352941178,0.9117647058823529,128564.8,1741648.0,10,7,3
Random-WiSARD-cuckoo,CatBoost,Glass,mixed,11,2,0.5581395348837208,0.7674418604651163,174.0,7522.4,0.7751937984496123,0.8093023255813954,104328.0,104486.4,13,11,2
Random-WiSARD-cuckoo,CatBoost,Haberman,mixed,5,1,0.7419354838709677,0.7483870967741936,24.6,225.4,0.7548387096774193,0.7548387096774193,39131.2,39131.2,6,5,1
Random-WiSARD-cuckoo,CatBoost,Ionosphere,mixed,13,1,0.38591549295774646,0.9492957746478872,265.8,17471.6,0.9530516431924884,0.9530516431924884,41229.333333333336,41229.333333333336,14,13,1
Random-WiSARD-cuckoo,CatBoost,Iris,f4rm_strict_dominates,3,2,0.8666666666666668,0.9666666666666668,24.6,3156.6,0.9533333333333334,0.9555555555555556,64795.2,65120.0,3,3,0
Random-WiSARD-cuckoo,CatBoost,Letter Recognition,mixed,28,3,0.08954999999999999,0.9536,1662.4,923124.0,0.8528333333333333,0.9645833333333332,360672.0,27700168.0,29,28,1
Random-WiSARD-cuckoo,CatBoost,Magic Gamma,mixed,27,3,0.6482649842271293,0.8684016824395373,82.0,333119.0,0.8675955134945671,0.8864353312302838,40770.666666666664,2113229.3333333335,21,18,3
Random-WiSARD-cuckoo,CatBoost,Pendigits,mixed,19,3,0.344974988631196,0.9895407003183265,583.8,324562.6,0.9777171441564348,0.9910565408519023,156533.33333333334,11329128.0,20,19,1
Random-WiSARD-cuckoo,CatBoost,Pima Diabetes,f4rm_strict_dominates,13,1,0.6493506493506493,0.7675324675324675,65.0,5210.8,0.7662337662337663,0.7662337662337663,40357.333333333336,40357.333333333336,13,13,0
Random-WiSARD-cuckoo,CatBoost,SatImage,mixed,25,3,0.35769828926905134,0.9087091757387247,865.6,505156.6,0.8939865215137376,0.9212026956972524,105736.0,7233554.666666667,26,24,2
Random-WiSARD-cuckoo,CatBoost,Seeds,mixed,5,4,0.8476190476190476,0.9380952380952381,61.6,340.8,0.9238095238095237,0.9523809523809524,66094.4,4085610.6666666665,7,5,2
Random-WiSARD-cuckoo,CatBoost,Segment,mixed,24,3,0.5220779220779221,0.9701298701298701,406.2,117951.0,0.9704184704184704,0.9812409812409811,118170.66666666667,8257994.666666667,27,24,3
Random-WiSARD-cuckoo,CatBoost,Steel Plates,mixed,21,1,0.6529562982005142,0.9830334190231362,231.8,229136.2,1.0,1.0,40440.0,40440.0,19,18,1
Random-WiSARD-cuckoo,CatBoost,Vehicle,mixed,15,2,0.38588235294117645,0.7482352941176471,278.0,57124.8,0.7411764705882353,0.7647058823529411,79354.66666666667,366501.3333333333,16,15,1
Random-WiSARD-cuckoo,CatBoost,Waveform,mixed,12,2,0.343,0.8486,502.6,188580.6,0.8556666666666667,0.8613333333333334,67594.66666666667,306344.0,12,10,2
Random-WiSARD-cuckoo,CatBoost,Wine,mixed,8,2,0.9055555555555556,0.9888888888888889,134.6,1389.8,0.9722222222222221,0.9907407407407408,66233.6,66426.66666666667,9,8,1
Random-WiSARD-cuckoo,CatBoost,Yeast,mixed,19,1,0.3191919191919192,0.6161616161616161,237.2,56263.4,0.6464646464646465,0.6464646464646465,155178.66666666666,155178.66666666666,20,19,1
Random-WiSARD-cuckoo,MLP,Balance Scale,mixed,11,22,0.22399999999999998,0.9008,48.6,3686.4,0.7712,0.9103999999999999,1036.0,700940.0,13,11,2
Random-WiSARD-cuckoo,MLP,Banknote,f4rm_strict_dominates,21,14,0.5563636363636364,1.0,31.0,2720.0,0.7258181818181818,0.9905454545454546,772.0,169988.0,21,21,0
Random-WiSARD-cuckoo,MLP,Breast Cancer,f4rm_strict_dominates,9,8,0.9017543859649123,0.9614035087719298,239.6,18148.8,0.9175438596491228,0.9491228070175438,4100.0,753668.0,9,9,0
Random-WiSARD-cuckoo,MLP,EEG Eye State,f4rm_strict_dominates,37,2,0.5510680907877169,0.9371161548731642,116.2,724750.2,0.5511793502447707,0.5511793502447707,4100.0,4100.0,37,37,0
Random-WiSARD-cuckoo,MLP,Ecoli,f4rm_strict_dominates,7,12,0.7705882352941177,0.8705882352941178,116.2,5427.6,0.3176470588235294,0.8029411764705883,2080.0,708384.0,7,7,0
Random-WiSARD-cuckoo,MLP,Glass,f4rm_strict_dominates,11,20,0.5581395348837208,0.7674418604651163,174.0,7522.4,0.25116279069767444,0.46976744186046515,2072.0,711960.0,11,11,0
Random-WiSARD-cuckoo,MLP,Haberman,f4rm_strict_dominates,5,16,0.7419354838709677,0.7483870967741936,24.6,225.4,0.632258064516129,0.7419354838709677,644.0,9476.0,5,5,0
Random-WiSARD-cuckoo,MLP,Ionosphere,f4rm_strict_dominates,13,18,0.38591549295774646,0.9492957746478872,265.8,17471.6,0.6676056338028169,0.9408450704225352,4612.0,761860.0,13,13,0
Random-WiSARD-cuckoo,MLP,Iris,f4rm_strict_dominates,3,22,0.8666666666666668,0.9666666666666668,24.6,3156.6,0.3466666666666667,0.8800000000000001,1036.0,700940.0,3,3,0
Random-WiSARD-cuckoo,MLP,Letter Recognition,mixed,28,4,0.08954999999999999,0.9536,1662.4,923124.0,0.81,0.9501666666666667,11112.0,705128.0,26,22,4
Random-WiSARD-cuckoo,MLP,Magic Gamma,mixed,27,4,0.6482649842271293,0.8684016824395373,82.0,333119.0,0.8533999298983526,0.8740799158780231,3076.0,679940.0,17,13,4
Random-WiSARD-cuckoo,MLP,Pendigits,mixed,19,12,0.344974988631196,0.9895407003183265,583.8,324562.6,0.9738972260118235,0.9919054115507049,3496.0,727336.0,22,10,12
Random-WiSARD-cuckoo,MLP,Pima Diabetes,mixed,13,14,0.6493506493506493,0.7675324675324675,65.0,5210.8,0.6428571428571429,0.774025974025974,1284.0,708612.0,15,13,2
Random-WiSARD-cuckoo,MLP,SatImage,f4rm_strict_dominates,25,12,0.35769828926905134,0.9087091757387247,865.6,505156.6,0.8300155520995334,0.8953343701399689,5528.0,767256.0,25,25,0
Random-WiSARD-cuckoo,MLP,Seeds,f4rm_strict_dominates,5,20,0.8476190476190476,0.9380952380952381,61.6,340.8,0.5142857142857142,0.9238095238095237,1420.0,707084.0,5,5,0
Random-WiSARD-cuckoo,MLP,Segment,f4rm_strict_dominates,24,12,0.5220779220779221,0.9701298701298701,406.2,117951.0,0.8523809523809524,0.9584415584415584,3484.0,186908.0,24,24,0
Random-WiSARD-cuckoo,MLP,Steel Plates,mixed,21,8,0.6529562982005142,0.9830334190231362,231.8,229136.2,0.9367609254498716,0.9994858611825193,4484.0,50692.0,19,11,8
Random-WiSARD-cuckoo,MLP,Vehicle,f4rm_strict_dominates,15,12,0.38588235294117645,0.7482352941176471,278.0,57124.8,0.40705882352941175,0.7047058823529412,2960.0,729872.0,15,15,0
Random-WiSARD-cuckoo,MLP,Waveform,mixed,12,4,0.343,0.8486,502.6,188580.6,0.8635999999999999,0.865,5644.0,774668.0,10,6,4
Random-WiSARD-cuckoo,MLP,Wine,f4rm_strict_dominates,8,10,0.9055555555555556,0.9888888888888889,134.6,1389.8,0.5555555555555556,0.9333333333333333,2188.0,179724.0,8,8,0
Random-WiSARD-cuckoo,MLP,Yeast,f4rm_strict_dominates,19,10,0.3191919191919192,0.6161616161616161,237.2,56263.4,0.30505050505050507,0.6,2472.0,710952.0,19,19,0
Random-WiSARD-cuckoo,FT-Transformer,Balance Scale,mixed,11,2,0.22399999999999998,0.9008,48.6,3686.4,0.8506666666666667,0.9066666666666667,69548.0,270684.0,12,11,1
Random-WiSARD-cuckoo,FT-Transformer,Banknote,f4rm_strict_dominates,21,3,0.5563636363636364,1.0,31.0,2720.0,0.9672727272727273,0.9987878787878787,69416.0,404224.0,21,21,0
Random-WiSARD-cuckoo,FT-Transformer,Breast Cancer,f4rm_strict_dominates,9,2,0.9017543859649123,0.9614035087719298,239.6,18148.8,0.8391812865497076,0.9415204678362573,76072.0,283736.0,9,9,0
Random-WiSARD-cuckoo,FT-Transformer,EEG Eye State,f4rm_strict_dominates,37,2,0.5510680907877169,0.9371161548731642,116.2,724750.2,0.5511793502447707,0.5512906097018245,71976.0,409344.0,37,37,0
Random-WiSARD-cuckoo,FT-Transformer,Ecoli,f4rm_strict_dominates,7,3,0.7705882352941177,0.8705882352941178,116.2,5427.6,0.4264705882352941,0.573529411764706,70976.0,407320.0,7,7,0
Random-WiSARD-cuckoo,FT-Transformer,Glass,f4rm_strict_dominates,11,4,0.5581395348837208,0.7674418604651163,174.0,7522.4,0.3488372093023256,0.3953488372093023,71224.0,407824.0,11,11,0
Random-WiSARD-cuckoo,FT-Transformer,Haberman,f4rm_strict_dominates,5,3,0.7419354838709677,0.7483870967741936,24.6,225.4,0.7419354838709676,0.7473118279569894,69160.0,403712.0,5,5,0
Random-WiSARD-cuckoo,FT-Transformer,Ionosphere,f4rm_strict_dominates,13,4,0.38591549295774646,0.9492957746478872,265.8,17471.6,0.647887323943662,0.7887323943661971,77096.0,419584.0,13,13,0
Random-WiSARD-cuckoo,FT-Transformer,Iris,f4rm_strict_dominates,3,2,0.8666666666666668,0.9666666666666668,24.6,3156.6,0.7888888888888889,0.9,69548.0,270684.0,3,3,0
Random-WiSARD-cuckoo,FT-Transformer,Letter Recognition,f4rm_strict_dominates,28,3,0.08954999999999999,0.9536,1662.4,923124.0,0.7179166666666666,0.8930833333333332,75656.0,416608.0,28,28,0
Random-WiSARD-cuckoo,FT-Transformer,Magic Gamma,mixed,27,2,0.6482649842271293,0.8684016824395373,82.0,333119.0,0.853925692253768,0.8643533123028391,70952.0,273496.0,28,27,1
Random-WiSARD-cuckoo,FT-Transformer,Pendigits,f4rm_strict_dominates,19,3,0.344974988631196,0.9895407003183265,583.8,324562.6,0.9410338032438986,0.9869637714112476,73544.0,412448.0,19,19,0
Random-WiSARD-cuckoo,FT-Transformer,Pima Diabetes,f4rm_strict_dominates,13,3,0.6493506493506493,0.7675324675324675,65.0,5210.8,0.6666666666666666,0.7575757575757577,70440.0,406272.0,13,13,0
Random-WiSARD-cuckoo,FT-Transformer,SatImage,f4rm_strict_dominates,25,2,0.35769828926905134,0.9087091757387247,865.6,505156.6,0.8499222395023328,0.8709175738724729,78136.0,287848.0,25,25,0
Random-WiSARD-cuckoo,FT-Transformer,Seeds,f4rm_strict_dominates,5,2,0.8476190476190476,0.9380952380952381,61.6,340.8,0.6587301587301587,0.9047619047619048,70316.0,272220.0,5,5,0
Random-WiSARD-cuckoo,FT-Transformer,Segment,f4rm_strict_dominates,24,3,0.5220779220779221,0.9701298701298701,406.2,117951.0,0.8225108225108224,0.9235209235209235,73916.0,413204.0,24,24,0
Random-WiSARD-cuckoo,FT-Transformer,Steel Plates,mixed,21,2,0.6529562982005142,0.9830334190231362,231.8,229136.2,0.8414738646101113,1.0,76840.0,285272.0,22,21,1
Random-WiSARD-cuckoo,FT-Transformer,Vehicle,f4rm_strict_dominates,15,3,0.38588235294117645,0.7482352941176471,278.0,57124.8,0.38823529411764707,0.596078431372549,73264.0,411912.0,15,15,0
Random-WiSARD-cuckoo,FT-Transformer,Waveform,mixed,12,3,0.343,0.8486,502.6,188580.6,0.8413333333333334,0.8673333333333333,78764.0,422916.0,14,11,3
Random-WiSARD-cuckoo,FT-Transformer,Wine,f4rm_strict_dominates,8,3,0.9055555555555556,0.9888888888888889,134.6,1389.8,0.4259259259259259,0.9074074074074074,71852.0,409092.0,8,8,0
Random-WiSARD-cuckoo,FT-Transformer,Yeast,f4rm_strict_dominates,19,2,0.3191919191919192,0.6161616161616161,237.2,56263.4,0.3041526374859708,0.4927048260381594,71496.0,274552.0,19,19,0
Random-WiSARD-cuckoo,BTHOWeN,Balance Scale,mixed,11,4,0.22399999999999998,0.9008,48.6,3686.4,0.6896,0.8496,48.0,1152.0,9,6,3
Random-WiSARD-cuckoo,BTHOWeN,Banknote,mixed,21,6,0.5563636363636364,1.0,31.0,2720.0,0.8880000000000001,0.992,32.0,1024.0,21,16,5
Random-WiSARD-cuckoo,BTHOWeN,Breast Cancer,mixed,9,5,0.9017543859649123,0.9614035087719298,239.6,18148.8,0.6263157894736843,0.9596491228070174,128.0,7168.0,12,8,4
Random-WiSARD-cuckoo,BTHOWeN,EEG Eye State,mixed,37,5,0.5510680907877169,0.9371161548731642,116.2,724750.2,0.5560747663551402,0.580173564753004,64.0,640.0,35,30,5
Random-WiSARD-cuckoo,BTHOWeN,Ecoli,f4rm_strict_dominates,7,6,0.7705882352941177,0.8705882352941178,116.2,5427.6,0.5470588235294118,0.8411764705882353,128.0,7168.0,7,7,0
Random-WiSARD-cuckoo,BTHOWeN,Glass,mixed,11,4,0.5581395348837208,0.7674418604651163,174.0,7522.4,0.4511627906976744,0.6744186046511629,96.0,672.0,12,11,1
Random-WiSARD-cuckoo,BTHOWeN,Haberman,mixed,5,2,0.7419354838709677,0.7483870967741936,24.6,225.4,0.7483870967741936,0.7516129032258064,32.0,64.0,6,4,2
Random-WiSARD-cuckoo,BTHOWeN,Ionosphere,mixed,13,5,0.38591549295774646,0.9492957746478872,265.8,17471.6,0.6338028169014084,0.9183098591549296,128.0,3072.0,12,8,4
Random-WiSARD-cuckoo,BTHOWeN,Iris,f4rm_strict_dominates,3,5,0.8666666666666668,0.9666666666666668,24.6,3156.6,0.8666666666666668,0.96,48.0,288.0,3,3,0
Random-WiSARD-cuckoo,BTHOWeN,Letter Recognition,mixed,28,10,0.08954999999999999,0.9536,1662.4,923124.0,0.24609999999999999,0.900925,832.0,79872.0,24,17,7
Random-WiSARD-cuckoo,BTHOWeN,Magic Gamma,mixed,27,6,0.6482649842271293,0.8684016824395373,82.0,333119.0,0.6698738170347003,0.7874868559411146,64.0,7680.0,21,16,5
Random-WiSARD-cuckoo,BTHOWeN,Pendigits,mixed,19,8,0.344974988631196,0.9895407003183265,583.8,324562.6,0.40545702592087307,0.9757162346521145,320.0,20480.0,17,10,7
Random-WiSARD-cuckoo,BTHOWeN,Pima Diabetes,mixed,13,7,0.6493506493506493,0.7675324675324675,65.0,5210.8,0.6441558441558441,0.7337662337662337,32.0,6144.0,10,5,5
Random-WiSARD-cuckoo,BTHOWeN,SatImage,mixed,25,9,0.35769828926905134,0.9087091757387247,865.6,505156.6,0.6782270606531882,0.8796267496111975,384.0,26112.0,23,17,6
Random-WiSARD-cuckoo,BTHOWeN,Seeds,mixed,5,6,0.8476190476190476,0.9380952380952381,61.6,340.8,0.6619047619047619,0.9095238095238095,48.0,2112.0,6,5,1
Random-WiSARD-cuckoo,BTHOWeN,Segment,mixed,24,7,0.5220779220779221,0.9701298701298701,406.2,117951.0,0.7943722943722944,0.9415584415584416,336.0,12544.0,21,16,5
Random-WiSARD-cuckoo,BTHOWeN,Steel Plates,mixed,21,8,0.6529562982005142,0.9830334190231362,231.8,229136.2,0.6735218508997429,0.8910025706940875,128.0,7680.0,20,13,7
Random-WiSARD-cuckoo,BTHOWeN,Vehicle,mixed,15,9,0.38588235294117645,0.7482352941176471,278.0,57124.8,0.3870588235294118,0.6905882352941177,128.0,4608.0,18,12,6
Random-WiSARD-cuckoo,BTHOWeN,Waveform,mixed,12,7,0.343,0.8486,502.6,188580.6,0.3386,0.8154,240.0,11520.0,11,4,7
Random-WiSARD-cuckoo,BTHOWeN,Wine,mixed,8,8,0.9055555555555556,0.9888888888888889,134.6,1389.8,0.4722222222222222,0.9666666666666666,96.0,2496.0,9,8,1
Random-WiSARD-cuckoo,BTHOWeN,Yeast,mixed,19,7,0.3191919191919192,0.6161616161616161,237.2,56263.4,0.32861952861952864,0.5252525252525253,160.0,30720.0,16,12,4
Random-WiSARD-cuckoo,DWN,Balance Scale,f4rm_strict_dominates,11,3,0.22399999999999998,0.9008,48.6,3686.4,0.7679999999999999,0.8213333333333334,5382.0,47936.0,11,11,0
Random-WiSARD-cuckoo,DWN,Banknote,f4rm_strict_dominates,21,3,0.5563636363636364,1.0,31.0,2720.0,0.9466666666666667,0.9927272727272727,5400.0,48000.0,21,21,0
Random-WiSARD-cuckoo,DWN,Breast Cancer,mixed,9,2,0.9017543859649123,0.9614035087719298,239.6,18148.8,0.935672514619883,0.9649122807017543,5400.0,24000.0,10,9,1
Random-WiSARD-cuckoo,DWN,EEG Eye State,mixed,37,4,0.5510680907877169,0.9371161548731642,116.2,724750.2,0.7997329773030707,0.8854027592345349,5400.0,96000.0,28,24,4
Random-WiSARD-cuckoo,DWN,Ecoli,f4rm_strict_dominates,7,3,0.7705882352941177,0.8705882352941178,116.2,5427.6,0.8186274509803922,0.8676470588235294,5328.0,47872.0,7,7,0
Random-WiSARD-cuckoo,DWN,Glass,f4rm_strict_dominates,11,3,0.5581395348837208,0.7674418604651163,174.0,7522.4,0.6201550387596899,0.7286821705426357,5328.0,95872.0,11,11,0
Random-WiSARD-cuckoo,DWN,Haberman,f4rm_strict_dominates,5,1,0.7419354838709677,0.7483870967741936,24.6,225.4,0.6989247311827956,0.6989247311827956,5400.0,5400.0,5,5,0
Random-WiSARD-cuckoo,DWN,Ionosphere,f4rm_strict_dominates,13,2,0.38591549295774646,0.9492957746478872,265.8,17471.6,0.9014084507042254,0.9107981220657276,5400.0,48000.0,13,13,0
Random-WiSARD-cuckoo,DWN,Iris,f4rm_strict_dominates,3,1,0.8666666666666668,0.9666666666666668,24.6,3156.6,0.9555555555555556,0.9555555555555556,5382.0,5382.0,3,3,0
Random-WiSARD-cuckoo,DWN,Letter Recognition,mixed,28,4,0.08954999999999999,0.9536,1662.4,923124.0,0.47625,0.9398333333333332,5004.0,95616.0,28,26,2
Random-WiSARD-cuckoo,DWN,Magic Gamma,mixed,27,3,0.6482649842271293,0.8684016824395373,82.0,333119.0,0.806869961444094,0.8214160532772521,5400.0,96000.0,28,27,1
Random-WiSARD-cuckoo,DWN,Pendigits,mixed,19,4,0.344974988631196,0.9895407003183265,583.8,324562.6,0.9173866909201153,0.9886311959981811,5400.0,96000.0,21,19,2
Random-WiSARD-cuckoo,DWN,Pima Diabetes,f4rm_strict_dominates,13,2,0.6493506493506493,0.7675324675324675,65.0,5210.8,0.6969696969696969,0.7164502164502164,5400.0,24000.0,13,13,0
Random-WiSARD-cuckoo,DWN,SatImage,mixed,25,3,0.35769828926905134,0.9087091757387247,865.6,505156.6,0.8639191290824261,0.9061689994815967,5328.0,47936.0,21,19,2
Random-WiSARD-cuckoo,DWN,Seeds,f4rm_strict_dominates,5,1,0.8476190476190476,0.9380952380952381,61.6,340.8,0.9206349206349206,0.9206349206349206,5382.0,5382.0,5,5,0
Random-WiSARD-cuckoo,DWN,Segment,mixed,24,3,0.5220779220779221,0.9701298701298701,406.2,117951.0,0.9285714285714285,0.9747474747474748,5364.0,47904.0,22,21,1
Random-WiSARD-cuckoo,DWN,Steel Plates,mixed,21,1,0.6529562982005142,0.9830334190231362,231.8,229136.2,1.0,1.0,5400.0,5400.0,13,12,1
Random-WiSARD-cuckoo,DWN,Vehicle,f4rm_strict_dominates,15,3,0.38588235294117645,0.7482352941176471,278.0,57124.8,0.688235294117647,0.7450980392156863,5400.0,96000.0,15,15,0
Random-WiSARD-cuckoo,DWN,Waveform,mixed,12,2,0.343,0.8486,502.6,188580.6,0.8163333333333332,0.8286666666666666,5382.0,47936.0,12,10,2
Random-WiSARD-cuckoo,DWN,Wine,f4rm_strict_dominates,8,2,0.9055555555555556,0.9888888888888889,134.6,1389.8,0.9537037037037037,0.9722222222222222,5382.0,95968.0,8,8,0
Random-WiSARD-cuckoo,DWN,Yeast,f4rm_strict_dominates,19,3,0.3191919191919192,0.6161616161616161,237.2,56263.4,0.494949494949495,0.5757575757575757,5400.0,48000.0,19,19,0
Random-WiSARD-cuckoo,ULEEN,Balance Scale,mixed,11,6,0.22399999999999998,0.9008,48.6,3686.4,0.5439999999999999,0.88,72.0,2560.0,13,11,2
Random-WiSARD-cuckoo,ULEEN,Banknote,mixed,21,5,0.5563636363636364,1.0,31.0,2720.0,0.9018181818181819,0.9866666666666667,48.0,2080.0,22,21,1
Random-WiSARD-cuckoo,ULEEN,Breast Cancer,mixed,9,4,0.9017543859649123,0.9614035087719298,239.6,18148.8,0.9093567251461989,0.9590643274853802,272.0,5328.0,12,8,4
Random-WiSARD-cuckoo,ULEEN,EEG Eye State,mixed,37,4,0.5510680907877169,0.9371161548731642,116.2,724750.2,0.5657543391188251,0.6637739207832666,144.0,1920.0,35,31,4
Random-WiSARD-cuckoo,ULEEN,Ecoli,mixed,7,5,0.7705882352941177,0.8705882352941178,116.2,5427.6,0.5,0.9019607843137255,320.0,7040.0,8,7,1
Random-WiSARD-cuckoo,ULEEN,Glass,f4rm_strict_dominates,11,3,0.5581395348837208,0.7674418604651163,174.0,7522.4,0.3488372093023256,0.6666666666666666,288.0,1536.0,11,11,0
Random-WiSARD-cuckoo,ULEEN,Haberman,f4rm_strict_dominates,5,4,0.7419354838709677,0.7483870967741936,24.6,225.4,0.6451612903225806,0.7365591397849464,48.0,480.0,5,5,0
Random-WiSARD-cuckoo,ULEEN,Ionosphere,mixed,13,3,0.38591549295774646,0.9492957746478872,265.8,17471.6,0.7230046948356806,0.948356807511737,304.0,2688.0,10,7,3
Random-WiSARD-cuckoo,ULEEN,Iris,f4rm_strict_dominates,3,4,0.8666666666666668,0.9666666666666668,24.6,3156.6,0.39999999999999997,0.9,72.0,2560.0,3,3,0
Random-WiSARD-cuckoo,ULEEN,Letter Recognition,mixed,28,4,0.08954999999999999,0.9536,1662.4,923124.0,0.521,0.8814166666666666,1872.0,24960.0,19,15,4
Random-WiSARD-cuckoo,ULEEN,Magic Gamma,mixed,27,5,0.6482649842271293,0.8684016824395373,82.0,333119.0,0.7887311601822643,0.8386785839467228,96.0,1280.0,20,15,5
Random-WiSARD-cuckoo,ULEEN,Pendigits,mixed,19,7,0.344974988631196,0.9895407003183265,583.8,324562.6,0.8873730483553129,0.9878732757313932,720.0,21760.0,11,4,7
Random-WiSARD-cuckoo,ULEEN,Pima Diabetes,mixed,13,6,0.6493506493506493,0.7675324675324675,65.0,5210.8,0.6883116883116883,0.7683982683982684,80.0,3520.0,11,5,6
Random-WiSARD-cuckoo,ULEEN,SatImage,mixed,25,4,0.35769828926905134,0.9087091757387247,865.6,505156.6,0.847071021254536,0.8994297563504405,960.0,13440.0,12,8,4
Random-WiSARD-cuckoo,ULEEN,Seeds,mixed,5,5,0.8476190476190476,0.9380952380952381,61.6,340.8,0.6428571428571429,0.9444444444444443,120.0,2304.0,6,5,1
Random-WiSARD-cuckoo,ULEEN,Segment,mixed,24,8,0.5220779220779221,0.9701298701298701,406.2,117951.0,0.8152958152958153,0.9502164502164502,616.0,14560.0,23,22,1
Random-WiSARD-cuckoo,ULEEN,Steel Plates,mixed,21,5,0.6529562982005142,0.9830334190231362,231.8,229136.2,0.7960582690659811,1.0,304.0,7392.0,9,4,5
Random-WiSARD-cuckoo,ULEEN,Vehicle,mixed,15,8,0.38588235294117645,0.7482352941176471,278.0,57124.8,0.503921568627451,0.7411764705882353,352.0,11840.0,16,13,3
Random-WiSARD-cuckoo,ULEEN,Waveform,mixed,12,3,0.343,0.8486,502.6,188580.6,0.79,0.838,528.0,6336.0,7,4,3
Random-WiSARD-cuckoo,ULEEN,Wine,f4rm_strict_dominates,8,5,0.9055555555555556,0.9888888888888889,134.6,1389.8,0.6296296296296297,0.9537037037037037,192.0,7040.0,8,8,0
Random-WiSARD-cuckoo,ULEEN,Yeast,mixed,19,6,0.3191919191919192,0.6161616161616161,237.2,56263.4,0.4377104377104377,0.5970819304152638,400.0,8320.0,13,8,5
