system,dataset,hp_id,test_acc,mem_bytes,train_s,infer_us_per_sample
F4RMS,Iris,"{""K"": 5, ""a"": 4, ""bleach"": 2, ""t"": 4}",0.9199999999999999,1359.0,0.000878808181732893,12.210553977638483
F4RMS,Iris,"{""K"": 5, ""a"": 8, ""bleach"": 2, ""t"": 4}",0.9466666666666667,1431.0,0.000698658381588757,7.70972032720844
F4RMS,Iris,"{""K"": 5, ""a"": 8, ""bleach"": 1, ""t"": 8}",0.9666666666666666,2690.0,0.0009172165999189019,14.263045353194077
F4RMS,Iris,"{""K"": 5, ""a"": 8, ""bleach"": 2, ""t"": 8}",0.9666666666666666,2690.0,0.0009790582116693258,15.293053972224394
F4RMS,Iris,"{""K"": 10, ""a"": 4, ""bleach"": 2, ""t"": 8}",0.9733333333333334,5213.0,0.0025265001924708484,44.85250683501363
F4RMS,Iris,"{""K"": 25, ""a"": 4, ""bleach"": 2, ""t"": 8}",0.9800000000000001,12961.0,0.006314199999906123,117.07640175397198
F4RMS,Wine,"{""K"": 5, ""a"": 32, ""bleach"": 1, ""t"": 4}",0.4166666666666667,7023.0,0.0009713581763207913,11.171527310378021
F4RMS,Wine,"{""K"": 5, ""a"": 4, ""bleach"": 2, ""t"": 4}",0.9833333333333334,7289.0,0.001930708158761263,32.247222002802616
F4RMS,Breast Cancer,"{""K"": 5, ""a"": 4, ""bleach"": 2, ""t"": 4}",0.9526315789473685,15949.0,0.0040712583577260375,21.5676913381015
F4RMS,Breast Cancer,"{""K"": 5, ""a"": 4, ""bleach"": 2, ""t"": 8}",0.9578947368421054,29984.0,0.007203883421607315,41.22997021400615
F4RMS,Breast Cancer,"{""K"": 5, ""a"": 4, ""bleach"": 1, ""t"": 16}",0.9596491228070174,57977.0,0.013994966773316264,83.77572807499715
F4RMS,Breast Cancer,"{""K"": 5, ""a"": 8, ""bleach"": 1, ""t"": 16}",0.9596491228070176,111460.0,0.00958787500858307,53.72280700197607
F4RMS,Breast Cancer,"{""K"": 5, ""a"": 8, ""bleach"": 1, ""t"": 32}",0.9614035087719298,215507.0,0.01832785040605813,109.11235606232495
F4RMS,Breast Cancer,"{""K"": 10, ""a"": 8, ""bleach"": 1, ""t"": 16}",0.9614035087719299,223098.0,0.01913096639327705,107.70058255283195
F4RMS,Breast Cancer,"{""K"": 50, ""a"": 4, ""bleach"": 1, ""t"": 16}",0.9666666666666666,578436.0,0.14573899181559682,841.7499229197571
F4RMS,Seeds,"{""K"": 5, ""a"": 4, ""bleach"": 2, ""t"": 4}",0.8761904761904763,2850.0,0.001266550226137042,15.551979941803785
F4RMS,Seeds,"{""K"": 5, ""a"": 8, ""bleach"": 2, ""t"": 4}",0.9047619047619048,3766.0,0.0010187165811657906,10.483533454438051
F4RMS,Seeds,"{""K"": 5, ""a"": 8, ""bleach"": 1, ""t"": 8}",0.9190476190476191,6413.0,0.0013818416045978665,17.90991962133419
F4RMS,Seeds,"{""K"": 5, ""a"": 16, ""bleach"": 1, ""t"": 8}",0.9238095238095237,8079.0,0.0011639333562925458,13.62281840383297
F4RMS,Seeds,"{""K"": 5, ""a"": 32, ""bleach"": 2, ""t"": 32}",0.9333333333333333,23040.0,0.002152449986897409,33.31429546787625
F4RMS,Glass,"{""K"": 5, ""a"": 32, ""bleach"": 1, ""t"": 4}",0.5767441860465116,8003.0,0.00119973320979625,13.040697072134463
F4RMS,Glass,"{""K"": 5, ""a"": 4, ""bleach"": 1, ""t"": 4}",0.6651162790697674,8317.0,0.0022736413637176158,31.447087869394654
F4RMS,Glass,"{""K"": 5, ""a"": 4, ""bleach"": 2, ""t"": 4}",0.6651162790697674,8317.0,0.002307224995456636,33.26686077512974
F4RMS,Glass,"{""K"": 5, ""a"": 16, ""bleach"": 1, ""t"": 4}",0.7116279069767442,9559.0,0.0013218999840319157,15.036623145258705
F4RMS,Glass,"{""K"": 5, ""a"": 16, ""bleach"": 1, ""t"": 8}",0.7302325581395348,15305.0,0.001873783371411264,24.821508004395074
F4RMS,Glass,"{""K"": 10, ""a"": 16, ""bleach"": 1, ""t"": 4}",0.7302325581395349,19075.0,0.0026612084126099943,30.20774388989044
F4RMS,Glass,"{""K"": 5, ""a"": 16, ""bleach"": 1, ""t"": 16}",0.7488372093023256,26920.0,0.0027662831591442226,43.76279471745325
F4RMS,Glass,"{""K"": 5, ""a"": 16, ""bleach"": 1, ""t"": 32}",0.7534883720930232,52671.0,0.005038933432660997,87.06802740519824
F4RMS,Glass,"{""K"": 25, ""a"": 32, ""bleach"": 1, ""t"": 64}",0.7674418604651163,340677.0,0.032396358391270044,563.9862366627123
F4RMS,Haberman,"{""K"": 5, ""a"": 4, ""bleach"": 2, ""t"": 4}",0.7387096774193548,1656.0,0.000807283609174192,3.9514773825724276
F4RMS,Haberman,"{""K"": 10, ""a"": 4, ""bleach"": 2, ""t"": 4}",0.7419354838709676,3324.0,0.0015915165888145566,7.636019314128545
F4RMS,Ecoli,"{""K"": 5, ""a"": 4, ""bleach"": 2, ""t"": 4}",0.8235294117647058,4929.0,0.0022891998291015626,21.371323108563526
F4RMS,Ecoli,"{""K"": 5, ""a"": 8, ""bleach"": 2, ""t"": 4}",0.8352941176470589,5673.0,0.0017076832009479403,13.968503951807232
F4RMS,Ecoli,"{""K"": 5, ""a"": 8, ""bleach"": 1, ""t"": 8}",0.8411764705882353,9664.0,0.0024501247564330695,23.853797671001622
F4RMS,Ecoli,"{""K"": 5, ""a"": 8, ""bleach"": 2, ""t"": 8}",0.8411764705882353,9664.0,0.0024885415798053144,23.966667461482917
F4RMS,Ecoli,"{""K"": 10, ""a"": 8, ""bleach"": 2, ""t"": 4}",0.85,11329.0,0.003369699977338314,27.426835560404204
F4RMS,Ecoli,"{""K"": 5, ""a"": 4, ""bleach"": 2, ""t"": 16}",0.8558823529411764,18634.0,0.007391383405774832,83.88664128313607
F4RMS,Ecoli,"{""K"": 5, ""a"": 8, ""bleach"": 2, ""t"": 16}",0.8588235294117649,18720.0,0.004347699997015298,47.02462944859529
F4RMS,Ecoli,"{""K"": 5, ""a"": 16, ""bleach"": 2, ""t"": 16}",0.8647058823529413,19780.0,0.0028565499698743222,27.887379367123636
F4RMS,Ecoli,"{""K"": 10, ""a"": 8, ""bleach"": 2, ""t"": 16}",0.8676470588235295,37396.0,0.008580316789448261,93.04632343735327
F4RMS,Ecoli,"{""K"": 5, ""a"": 8, ""bleach"": 1, ""t"": 64}",0.8705882352941176,72081.0,0.01582888336852193,186.93652065635166
F4RMS,Ecoli,"{""K"": 10, ""a"": 8, ""bleach"": 1, ""t"": 64}",0.8735294117647058,143643.0,0.031207875185646116,365.7791647128761
F4RMS,Ecoli,"{""K"": 25, ""a"": 8, ""bleach"": 1, ""t"": 64}",0.876470588235294,359190.0,0.07865514978766441,923.3240202507552
F4RMS,Ionosphere,"{""K"": 5, ""a"": 4, ""bleach"": 2, ""t"": 4}",0.7887323943661971,19092.0,0.0038956081960350277,35.73309833472463
F4RMS,Ionosphere,"{""K"": 5, ""a"": 32, ""bleach"": 1, ""t"": 4}",0.8816901408450704,31146.0,0.001820158353075385,13.539433466191863
F4RMS,Ionosphere,"{""K"": 5, ""a"": 8, ""bleach"": 1, ""t"": 4}",0.9267605633802816,35935.0,0.0027030666125938295,23.22546763896522
F4RMS,Ionosphere,"{""K"": 5, ""a"": 32, ""bleach"": 1, ""t"": 8}",0.9352112676056338,54598.0,0.0027693919837474823,23.808332265052996
F4RMS,Ionosphere,"{""K"": 5, ""a"": 8, ""bleach"": 1, ""t"": 8}",0.9436619718309858,63630.0,0.0048377750208601356,45.269129889636815
F4RMS,Ionosphere,"{""K"": 5, ""a"": 8, ""bleach"": 1, ""t"": 16}",0.9464788732394366,116110.0,0.009167508198879659,88.60246514455534
F4RMS,Ionosphere,"{""K"": 10, ""a"": 8, ""bleach"": 1, ""t"": 8}",0.9492957746478872,126973.0,0.009676708397455514,90.18943651618672
F4RMS,Ionosphere,"{""K"": 25, ""a"": 8, ""bleach"": 1, ""t"": 8}",0.952112676056338,317202.0,0.024378049978986384,224.95927020225304
F4RMS,Balance Scale,"{""K"": 5, ""a"": 4, ""bleach"": 2, ""t"": 4}",0.7183999999999999,2914.0,0.0012365079717710614,3.797999955713749
F4RMS,Balance Scale,"{""K"": 5, ""a"": 8, ""bleach"": 2, ""t"": 4}",0.7968,4443.0,0.0010303666349500418,2.393867075443268
F4RMS,Balance Scale,"{""K"": 5, ""a"": 4, ""bleach"": 2, ""t"": 8}",0.8512000000000001,5929.0,0.0018273501889780163,7.257332839071751
F4RMS,Balance Scale,"{""K"": 5, ""a"": 8, ""bleach"": 2, ""t"": 8}",0.8656,8856.0,0.0013887831941246987,4.464600048959255
F4RMS,Balance Scale,"{""K"": 5, ""a"": 4, ""bleach"": 2, ""t"": 16}",0.8768,10514.0,0.002851333422586322,14.570800215005875
F4RMS,Balance Scale,"{""K"": 5, ""a"": 8, ""bleach"": 2, ""t"": 16}",0.8800000000000001,14471.0,0.0021012498065829275,8.835932984948158
F4RMS,Balance Scale,"{""K"": 5, ""a"": 4, ""bleach"": 2, ""t"": 32}",0.8880000000000001,20765.0,0.005135149811394513,28.12446542084217
F4RMS,Balance Scale,"{""K"": 5, ""a"": 8, ""bleach"": 2, ""t"": 32}",0.8960000000000001,28008.0,0.003466791589744389,17.16713272035122
F4RMS,Balance Scale,"{""K"": 5, ""a"": 8, ""bleach"": 2, ""t"": 64}",0.9008,54886.0,0.006361916405148804,33.91220010817051
F4RMS,Balance Scale,"{""K"": 25, ""a"": 4, ""bleach"": 2, ""t"": 32}",0.9056000000000001,103614.0,0.025681241787970065,138.86099979281425
F4RMS,Balance Scale,"{""K"": 50, ""a"": 4, ""bleach"": 2, ""t"": 64}",0.9072000000000001,412513.0,0.09751334977336228,559.3251310288906
F4RMS,Pima Diabetes,"{""K"": 5, ""a"": 4, ""bleach"": 2, ""t"": 4}",0.6935064935064934,5830.0,0.0021468084072694183,4.968289799939889
F4RMS,Pima Diabetes,"{""K"": 5, ""a"": 4, ""bleach"": 2, ""t"": 8}",0.7038961038961039,11331.0,0.0033900750102475287,9.66867029836232
F4RMS,Pima Diabetes,"{""K"": 10, ""a"": 4, ""bleach"": 2, ""t"": 4}",0.7103896103896103,11692.0,0.004159475397318602,9.55990119534847
F4RMS,Pima Diabetes,"{""K"": 5, ""a"": 8, ""bleach"": 2, ""t"": 4}",0.7389610389610389,17700.0,0.0017216914100572466,3.3332792401023497
F4RMS,Pima Diabetes,"{""K"": 5, ""a"": 8, ""bleach"": 2, ""t"": 8}",0.7493506493506493,32165.0,0.002570249605923891,6.524945591128879
F4RMS,Pima Diabetes,"{""K"": 5, ""a"": 8, ""bleach"": 2, ""t"": 16}",0.7493506493506494,59542.0,0.004143800004385412,12.251405293339646
F4RMS,Pima Diabetes,"{""K"": 10, ""a"": 8, ""bleach"": 2, ""t"": 8}",0.7610389610389611,64346.0,0.005098608625121415,12.88300891128647
F4RMS,Pima Diabetes,"{""K"": 5, ""a"": 8, ""bleach"": 2, ""t"": 32}",0.7623376623376623,114121.0,0.007753625186160207,24.978787027444547
F4RMS,Pima Diabetes,"{""K"": 25, ""a"": 8, ""bleach"": 2, ""t"": 8}",0.7636363636363637,160518.0,0.01270371680147946,31.10514182669969
F4RMS,Pima Diabetes,"{""K"": 50, ""a"": 8, ""bleach"": 2, ""t"": 8}",0.764935064935065,320999.0,0.025283599994145332,63.24761961405346
F4RMS,Vehicle,"{""K"": 5, ""a"": 4, ""bleach"": 2, ""t"": 4}",0.6705882352941177,16538.0,0.004406933393329382,16.26308829359272
F4RMS,Vehicle,"{""K"": 5, ""a"": 8, ""bleach"": 2, ""t"": 4}",0.7023529411764705,27878.0,0.00320555018261075,10.241568362449899
F4RMS,Vehicle,"{""K"": 5, ""a"": 4, ""bleach"": 2, ""t"": 8}",0.7105882352941177,31811.0,0.007973533403128386,32.456325750578856
F4RMS,Vehicle,"{""K"": 5, ""a"": 8, ""bleach"": 1, ""t"": 8}",0.7258823529411765,51778.0,0.005304324813187123,19.967941265991506
F4RMS,Vehicle,"{""K"": 5, ""a"": 16, ""bleach"": 2, ""t"": 8}",0.7270588235294119,76235.0,0.003678050357848406,12.682844638167058
F4RMS,Vehicle,"{""K"": 10, ""a"": 8, ""bleach"": 1, ""t"": 8}",0.7305882352941178,103481.0,0.010770858195610345,40.075394105823605
F4RMS,Vehicle,"{""K"": 10, ""a"": 16, ""bleach"": 1, ""t"": 8}",0.731764705882353,152470.0,0.007352483412250877,25.610390584915876
F4RMS,Vehicle,"{""K"": 10, ""a"": 8, ""bleach"": 1, ""t"": 16}",0.7352941176470589,195330.0,0.019296024809591472,78.56299169361591
F4RMS,Vehicle,"{""K"": 5, ""a"": 4, ""bleach"": 1, ""t"": 64}",0.7517647058823529,235906.0,0.05630468337330967,256.44225301221013
F4RMS,Vehicle,"{""K"": 25, ""a"": 4, ""bleach"": 1, ""t"": 64}",0.7552941176470588,1178228.0,0.285929633397609,1283.8225495344136
F4RMS,Banknote,"{""K"": 5, ""a"": 4, ""bleach"": 2, ""t"": 4}",0.9418181818181818,1911.0,0.0016719417879357934,1.7189083790237252
F4RMS,Banknote,"{""K"": 5, ""a"": 8, ""bleach"": 2, ""t"": 4}",0.9803636363636363,2797.0,0.001434316602535546,1.1497272855856202
F4RMS,Banknote,"{""K"": 5, ""a"": 4, ""bleach"": 2, ""t"": 8}",0.9905454545454546,3593.0,0.0023404669715091585,3.3329693939198153
F4RMS,Banknote,"{""K"": 5, ""a"": 8, ""bleach"": 2, ""t"": 8}",0.994909090909091,5094.0,0.0018671584548428655,2.1215752613815395
F4RMS,Banknote,"{""K"": 5, ""a"": 4, ""bleach"": 1, ""t"": 16}",0.9956363636363637,6856.0,0.0035335166146978738,6.292546167969704
F4RMS,Banknote,"{""K"": 5, ""a"": 4, ""bleach"": 2, ""t"": 16}",0.9956363636363637,6856.0,0.0035463001811876895,6.211213174868713
F4RMS,Banknote,"{""K"": 5, ""a"": 16, ""bleach"": 2, ""t"": 8}",0.9978181818181817,8275.0,0.0016360501991584896,1.567515629259023
F4RMS,Banknote,"{""K"": 5, ""a"": 8, ""bleach"": 1, ""t"": 16}",0.9992727272727272,9537.0,0.002707216632552445,4.158151251348582
F4RMS,Banknote,"{""K"": 5, ""a"": 8, ""bleach"": 2, ""t"": 16}",0.9992727272727272,9537.0,0.0026750750141218303,4.044545391066508
F4RMS,Banknote,"{""K"": 5, ""a"": 16, ""bleach"": 1, ""t"": 16}",1.0,14816.0,0.0022693415870890022,2.975817600434477
F4RMS,Yeast,"{""K"": 5, ""a"": 4, ""bleach"": 2, ""t"": 4}",0.4040404040404041,13005.0,0.0047618335811421275,10.849746815885357
F4RMS,Yeast,"{""K"": 5, ""a"": 8, ""bleach"": 2, ""t"": 4}",0.521885521885522,22076.0,0.00329588339664042,6.593267358086928
F4RMS,Yeast,"{""K"": 5, ""a"": 8, ""bleach"": 2, ""t"": 8}",0.5609427609427609,40346.0,0.005246991803869605,13.069837018596605
F4RMS,Yeast,"{""K"": 5, ""a"": 16, ""bleach"": 2, ""t"": 8}",0.5784511784511784,55418.0,0.0036776250461116435,7.814814976294234
F4RMS,Yeast,"{""K"": 5, ""a"": 8, ""bleach"": 1, ""t"": 16}",0.5898989898989899,75915.0,0.009139341791160405,25.473176407618354
F4RMS,Yeast,"{""K"": 5, ""a"": 16, ""bleach"": 1, ""t"": 16}",0.5952861952861953,100891.0,0.006134408409707248,15.373457213769658
F4RMS,Yeast,"{""K"": 5, ""a"": 8, ""bleach"": 2, ""t"": 32}",0.595959595959596,146116.0,0.017363783391192555,51.09118915442063
F4RMS,Yeast,"{""K"": 10, ""a"": 8, ""bleach"": 2, ""t"": 16}",0.6114478114478115,151707.0,0.01826707480940968,50.83117306370426
F4RMS,Yeast,"{""K"": 5, ""a"": 8, ""bleach"": 2, ""t"": 64}",0.6127946127946128,287955.0,0.03250106661580503,100.10951178255004
F4RMS,Yeast,"{""K"": 10, ""a"": 8, ""bleach"": 1, ""t"": 64}",0.6141414141414141,575164.0,0.06493757518474012,202.58484928796588
F4RMS,Yeast,"{""K"": 25, ""a"": 8, ""bleach"": 1, ""t"": 32}",0.6148148148148149,729938.0,0.08579545838292688,254.03041554056736
F4RMS,Yeast,"{""K"": 25, ""a"": 16, ""bleach"": 1, ""t"": 64}",0.6154882154882155,1872773.0,0.10252544141840189,303.9139447583243
F4RMS,Yeast,"{""K"": 100, ""a"": 16, ""bleach"": 1, ""t"": 64}",0.6161616161616161,7483777.0,0.4083697084337473,1225.9466324302584
F4RMS,Steel Plates,"{""K"": 5, ""a"": 4, ""bleach"": 2, ""t"": 4}",0.7048843187660669,16305.0,0.007508991961367428,10.450750081811893
F4RMS,Steel Plates,"{""K"": 5, ""a"": 4, ""bleach"": 2, ""t"": 8}",0.7583547557840616,31943.0,0.01421065020840615,21.572965065587148
F4RMS,Steel Plates,"{""K"": 5, ""a"": 8, ""bleach"": 2, ""t"": 4}",0.8889460154241645,42362.0,0.006019041570834815,7.5304421660871
F4RMS,Steel Plates,"{""K"": 5, ""a"": 8, ""bleach"": 2, ""t"": 8}",0.9023136246786633,76954.0,0.01040914999321103,14.486375796323722
F4RMS,Steel Plates,"{""K"": 10, ""a"": 8, ""bleach"": 2, ""t"": 4}",0.9043701799485863,84385.0,0.011942224809899926,14.925513603272046
F4RMS,Steel Plates,"{""K"": 5, ""a"": 16, ""bleach"": 1, ""t"": 4}",0.9645244215938303,110602.0,0.005037375004030764,5.7679521408324685
F4RMS,Steel Plates,"{""K"": 5, ""a"": 16, ""bleach"": 1, ""t"": 8}",0.9876606683804627,194654.0,0.008415100211277605,10.667415934310782
F4RMS,Steel Plates,"{""K"": 10, ""a"": 16, ""bleach"": 1, ""t"": 8}",0.9881748071979434,389782.0,0.016916099959053098,21.223586165181008
F4RMS,Steel Plates,"{""K"": 5, ""a"": 32, ""bleach"": 1, ""t"": 32}",0.9912596401028277,855622.0,0.02100402561482042,29.755355359311277
F4RMS,Steel Plates,"{""K"": 5, ""a"": 16, ""bleach"": 1, ""t"": 64}",0.9928020565552698,1318191.0,0.05538601656444371,83.38821739446765
F4RMS,Steel Plates,"{""K"": 25, ""a"": 32, ""bleach"": 1, ""t"": 64}",0.9938303341902314,8473934.0,0.20476385818328707,303.23204741236253
F4RMS,Steel Plates,"{""K"": 50, ""a"": 32, ""bleach"": 1, ""t"": 32}",0.994344473007712,8553760.0,0.20992276682518424,299.24110997860873
F4RMS,Steel Plates,"{""K"": 100, ""a"": 32, ""bleach"": 1, ""t"": 32}",0.9948586118251928,17107741.0,0.4278780251741409,598.1673090898248
F4RMS,Segment,"{""K"": 5, ""a"": 4, ""bleach"": 2, ""t"": 4}",0.9021645021645022,20512.0,0.00997680020518601,14.916360146442662
F4RMS,Segment,"{""K"": 5, ""a"": 4, ""bleach"": 2, ""t"": 8}",0.9376623376623376,38717.0,0.017585683381184936,29.15324634182956
F4RMS,Segment,"{""K"": 5, ""a"": 4, ""bleach"": 2, ""t"": 16}",0.9458874458874458,75177.0,0.03308386658318341,57.46762257158046
F4RMS,Segment,"{""K"": 5, ""a"": 4, ""bleach"": 1, ""t"": 32}",0.9545454545454547,145993.0,0.06451009158045054,118.74173850514542
F4RMS,Segment,"{""K"": 5, ""a"": 4, ""bleach"": 1, ""t"": 64}",0.9593073593073594,288061.0,0.12345795859582723,229.3672978583707
F4RMS,Segment,"{""K"": 10, ""a"": 4, ""bleach"": 1, ""t"": 64}",0.9632034632034632,578375.0,0.24835346678737552,461.4367069640233
F4RMS,Segment,"{""K"": 25, ""a"": 4, ""bleach"": 1, ""t"": 64}",0.9636363636363636,1446270.0,0.6299407334066928,1161.7687228942104
F4RMS,Waveform,"{""K"": 10, ""a"": 8, ""bleach"": 1, ""t"": 16}",0.8399999999999999,1361695.0,0.130906180672658,86.4651253214106
F4RMS,Waveform,"{""K"": 10, ""a"": 16, ""bleach"": 1, ""t"": 16}",0.8486666666666666,4842691.666666667,0.1057943746758004,61.39000000742575
F4RMS,Waveform,"{""K"": 50, ""a"": 8, ""bleach"": 1, ""t"": 64}",0.8496666666666667,24931100.0,2.5316384446729594,1795.672972376148
F4RMS,SatImage,"{""K"": 10, ""a"": 8, ""bleach"": 1, ""t"": 16}",0.8973561430793157,618306.6666666666,0.1561538336876159,108.7891718371737
F4RMS,SatImage,"{""K"": 10, ""a"": 16, ""bleach"": 1, ""t"": 16}",0.9103162260238465,1173550.0,0.12284570866419624,72.11302255365773
F4RMS,SatImage,"{""K"": 10, ""a"": 32, ""bleach"": 1, ""t"": 16}",0.9126490409538621,1818541.6666666667,0.09886801429092884,45.989167395189305
F4RMS,SatImage,"{""K"": 10, ""a"": 32, ""bleach"": 1, ""t"": 64}",0.9180922757905651,6909791.666666667,0.36886195834570873,184.93476781961274
F4RMS,Pendigits,"{""K"": 10, ""a"": 8, ""bleach"": 1, ""t"": 16}",0.9865090192511747,434211.6666666667,0.1345862360127891,69.85644354546103
F4RMS,Pendigits,"{""K"": 10, ""a"": 16, ""bleach"": 1, ""t"": 16}",0.9883280278914658,883046.6666666666,0.10546416665116946,47.4377180514181
F4RMS,Pendigits,"{""K"": 50, ""a"": 16, ""bleach"": 1, ""t"": 16}",0.9892375322116114,4421958.333333333,0.47543323629846174,236.0333927422965
F4RMS,Pendigits,"{""K"": 10, ""a"": 32, ""bleach"": 1, ""t"": 64}",0.9893891162649688,5059085.0,0.30886113868715864,118.29020768461605
F4RMS,Pendigits,"{""K"": 50, ""a"": 16, ""bleach"": 1, ""t"": 64}",0.989389116264969,16438201.666666666,1.8251657920191064,944.272282851553
F4RMS,EEG Eye State,"{""K"": 10, ""a"": 8, ""bleach"": 1, ""t"": 16}",0.7935024477080551,297738.3333333333,0.11385002763321002,18.470349244343993
F4RMS,EEG Eye State,"{""K"": 10, ""a"": 8, ""bleach"": 1, ""t"": 64}",0.8647085002225189,1075228.3333333333,0.40303970795745653,72.81744648585561
F4RMS,EEG Eye State,"{""K"": 10, ""a"": 16, ""bleach"": 1, ""t"": 16}",0.9078771695594124,1270938.3333333333,0.10262158299641062,13.850406977452892
F4RMS,EEG Eye State,"{""K"": 10, ""a"": 32, ""bleach"": 1, ""t"": 16}",0.9312416555407209,2539753.3333333335,0.08837741667715211,9.984275368409099
F4RMS,EEG Eye State,"{""K"": 10, ""a"": 32, ""bleach"": 1, ""t"": 64}",0.9458166444147752,9271241.666666666,0.27815422202305246,38.60278050305383
F4RMS,EEG Eye State,"{""K"": 50, ""a"": 32, ""bleach"": 1, ""t"": 64}",0.9491544281263907,46280683.333333336,1.347609138659512,193.6843570179427
F4RMS,Magic Gamma,"{""K"": 10, ""a"": 8, ""bleach"": 1, ""t"": 16}",0.8394672274798457,204711.66666666666,0.10877538903150707,12.628826503441145
F4RMS,Magic Gamma,"{""K"": 10, ""a"": 8, ""bleach"": 1, ""t"": 64}",0.8582194181563266,762300.0,0.3326745276960234,50.593322906656205
F4RMS,Magic Gamma,"{""K"": 10, ""a"": 32, ""bleach"": 1, ""t"": 16}",0.8609358569926394,1817730.0,0.08298965302916865,6.929573331542687
F4RMS,Magic Gamma,"{""K"": 10, ""a"": 16, ""bleach"": 1, ""t"": 64}",0.8718016123378899,2738626.6666666665,0.2903249856705467,37.460136967503864
F4RMS,Magic Gamma,"{""K"": 50, ""a"": 16, ""bleach"": 1, ""t"": 64}",0.8769716088328076,13703301.666666666,1.3814187496900558,186.99466929171342
F4RMS,Letter Recognition,"{""K"": 10, ""a"": 8, ""bleach"": 1, ""t"": 16}",0.9327500000000001,1551405.0,0.3698619166777159,183.3757395700862
F4RMS,Letter Recognition,"{""K"": 10, ""a"": 16, ""bleach"": 1, ""t"": 16}",0.9490833333333333,2994003.3333333335,0.24448641665124646,119.33888883019488
F4RMS,Letter Recognition,"{""K"": 10, ""a"": 16, ""bleach"": 1, ""t"": 64}",0.9528333333333334,11181188.333333334,0.9664923056261614,475.03093400155194
F4RMS,Letter Recognition,"{""K"": 50, ""a"": 16, ""bleach"": 1, ""t"": 64}",0.95325,55880928.333333336,4.657062041650836,2368.1504444102757
F4RMS,Letter Recognition,"{""K"": 50, ""a"": 32, ""bleach"": 1, ""t"": 64}",0.9539166666666666,63287388.333333336,3.251904263665589,1390.0039547588676
BTHOWeN,Iris,"{""addressSize"": 12, ""bitsPerInput"": 3, ""numBits"": 128, ""numHashes"": 4}",0.8666666666666666,48.0,0.0007838000077754259,1.5963870100677013
BTHOWeN,Iris,"{""addressSize"": 28, ""bitsPerInput"": 3, ""numBits"": 128, ""numHashes"": 4}",0.8666666666666666,48.0,0.0008169083856046199,1.6733398661017418
BTHOWeN,Iris,"{""addressSize"": 6, ""bitsPerInput"": 3, ""numBits"": 128, ""numHashes"": 4}",0.9266666666666667,96.0,0.001016400009393692,1.8241675570607185
BTHOWeN,Iris,"{""addressSize"": 12, ""bitsPerInput"": 9, ""numBits"": 128, ""numHashes"": 4}",0.9333333333333333,144.0,0.0011345831444486976,2.2966663042704267
BTHOWeN,Iris,"{""addressSize"": 2, ""bitsPerInput"": 3, ""numBits"": 128, ""numHashes"": 1}",0.96,288.0,0.001393237488809973,2.329027047380805
BTHOWeN,Wine,"{""addressSize"": 20, ""bitsPerInput"": 3, ""numBits"": 128, ""numHashes"": 2}",0.47222222222222215,96.0,0.0008684166008606553,2.19977163295779
BTHOWeN,Wine,"{""addressSize"": 12, ""bitsPerInput"": 3, ""numBits"": 128, ""numHashes"": 4}",0.8111111111111111,192.0,0.0014536999864503742,3.0250003975298667
BTHOWeN,Wine,"{""addressSize"": 6, ""bitsPerInput"": 3, ""numBits"": 128, ""numHashes"": 2}",0.9444444444444444,336.0,0.0019453665940091015,3.1189837803443274
BTHOWeN,Wine,"{""addressSize"": 12, ""bitsPerInput"": 9, ""numBits"": 128, ""numHashes"": 4}",0.9555555555555555,480.0,0.0026093333959579467,5.591665912005637
BTHOWeN,Wine,"{""addressSize"": 6, ""bitsPerInput"": 9, ""numBits"": 128, ""numHashes"": 4}",0.961111111111111,960.0,0.004031191766262055,6.662044001536236
BTHOWeN,Wine,"{""addressSize"": 8, ""bitsPerInput"": 6, ""numBits"": 256, ""numHashes"": 2}",0.961111111111111,960.0,0.002103141602128744,3.851849922082491
BTHOWeN,Wine,"{""addressSize"": 4, ""bitsPerInput"": 8, ""numBits"": 256, ""numHashes"": 2}",0.9666666666666668,2496.0,0.004222183604724705,6.470371994914279
BTHOWeN,Breast Cancer,"{""addressSize"": 28, ""bitsPerInput"": 3, ""numBits"": 128, ""numHashes"": 2}",0.6263157894736842,128.0,0.00421744140330702,2.95818624037661
BTHOWeN,Breast Cancer,"{""addressSize"": 20, ""bitsPerInput"": 3, ""numBits"": 128, ""numHashes"": 2}",0.7438596491228071,160.0,0.0047321916092187164,2.937282541799441
BTHOWeN,Breast Cancer,"{""addressSize"": 12, ""bitsPerInput"": 3, ""numBits"": 128, ""numHashes"": 2}",0.8912280701754387,256.0,0.006036466802470386,3.1520453232683634
BTHOWeN,Breast Cancer,"{""addressSize"": 6, ""bitsPerInput"": 3, ""numBits"": 128, ""numHashes"": 2}",0.9491228070175438,480.0,0.00881669162772596,3.926098354879701
BTHOWeN,Breast Cancer,"{""addressSize"": 20, ""bitsPerInput"": 9, ""numBits"": 2048, ""numHashes"": 2}",0.9596491228070176,7168.0,0.008617399982176721,5.164544155265679
BTHOWeN,Seeds,"{""addressSize"": 28, ""bitsPerInput"": 3, ""numBits"": 128, ""numHashes"": 4}",0.6619047619047619,48.0,0.0010400165803730488,1.8994052273531756
BTHOWeN,Seeds,"{""addressSize"": 12, ""bitsPerInput"": 3, ""numBits"": 128, ""numHashes"": 4}",0.8523809523809524,96.0,0.0013858997961506247,1.9162666008231184
BTHOWeN,Seeds,"{""addressSize"": 20, ""bitsPerInput"": 9, ""numBits"": 128, ""numHashes"": 4}",0.8761904761904763,192.0,0.0018479997757822274,3.0152715875634124
BTHOWeN,Seeds,"{""addressSize"": 12, ""bitsPerInput"": 9, ""numBits"": 128, ""numHashes"": 2}",0.8904761904761906,288.0,0.00200735020916909,3.0166713432187127
BTHOWeN,Seeds,"{""addressSize"": 12, ""bitsPerInput"": 3, ""numBits"": 512, ""numHashes"": 2}",0.9047619047619049,384.0,0.001478575193323195,1.8654762589860527
BTHOWeN,Seeds,"{""addressSize"": 6, ""bitsPerInput"": 9, ""numBits"": 512, ""numHashes"": 2}",0.9095238095238096,2112.0,0.003039808175526559,3.7371097797794
BTHOWeN,Glass,"{""addressSize"": 28, ""bitsPerInput"": 3, ""numBits"": 128, ""numHashes"": 4}",0.45116279069767434,96.0,0.001651350175961852,3.3794604458434634
BTHOWeN,Glass,"{""addressSize"": 20, ""bitsPerInput"": 3, ""numBits"": 128, ""numHashes"": 4}",0.5813953488372093,192.0,0.0023727170191705227,3.9155026464614755
BTHOWeN,Glass,"{""addressSize"": 12, ""bitsPerInput"": 3, ""numBits"": 128, ""numHashes"": 2}",0.641860465116279,288.0,0.0027285249438136817,3.796320971707965
BTHOWeN,Glass,"{""addressSize"": 12, ""bitsPerInput"": 9, ""numBits"": 128, ""numHashes"": 2}",0.6744186046511629,672.0,0.004347049747593701,6.376353070832962
BTHOWeN,Haberman,"{""addressSize"": 28, ""bitsPerInput"": 3, ""numBits"": 128, ""numHashes"": 4}",0.7483870967741935,32.0,0.0012712666066363454,1.237899695913638
BTHOWeN,Haberman,"{""addressSize"": 6, ""bitsPerInput"": 3, ""numBits"": 128, ""numHashes"": 4}",0.7516129032258065,64.0,0.001677125017158687,1.36397335858595
BTHOWeN,Ecoli,"{""addressSize"": 28, ""bitsPerInput"": 3, ""numBits"": 128, ""numHashes"": 4}",0.5470588235294117,128.0,0.003302583214826882,3.8408116190968196
BTHOWeN,Ecoli,"{""addressSize"": 20, ""bitsPerInput"": 3, ""numBits"": 128, ""numHashes"": 2}",0.7352941176470589,256.0,0.004748975206166506,4.034803372205181
BTHOWeN,Ecoli,"{""addressSize"": 8, ""bitsPerInput"": 2, ""numBits"": 256, ""numHashes"": 3}",0.7823529411764706,512.0,0.005286208400502801,3.8757382700329317
BTHOWeN,Ecoli,"{""addressSize"": 12, ""bitsPerInput"": 9, ""numBits"": 128, ""numHashes"": 4}",0.8176470588235294,768.0,0.008638541609980167,7.974387913504067
BTHOWeN,Ecoli,"{""addressSize"": 6, ""bitsPerInput"": 9, ""numBits"": 128, ""numHashes"": 4}",0.8323529411764706,1408.0,0.017996075027622283,9.767279398682362
BTHOWeN,Ecoli,"{""addressSize"": 8, ""bitsPerInput"": 8, ""numBits"": 1024, ""numHashes"": 2}",0.8411764705882353,7168.0,0.009121125191450119,6.780020810444564
BTHOWeN,Ionosphere,"{""addressSize"": 28, ""bitsPerInput"": 3, ""numBits"": 128, ""numHashes"": 2}",0.6338028169014085,128.0,0.0027460330398753285,3.0228874685478884
BTHOWeN,Ionosphere,"{""addressSize"": 20, ""bitsPerInput"": 3, ""numBits"": 128, ""numHashes"": 4}",0.7492957746478873,192.0,0.003833424812182784,3.9502338860446295
BTHOWeN,Ionosphere,"{""addressSize"": 12, ""bitsPerInput"": 3, ""numBits"": 128, ""numHashes"": 4}",0.8845070422535211,288.0,0.004180658212862909,3.97840573806578
BTHOWeN,Ionosphere,"{""addressSize"": 6, ""bitsPerInput"": 9, ""numBits"": 128, ""numHashes"": 2}",0.9154929577464788,1632.0,0.012982550030574202,9.760799699685943
BTHOWeN,Ionosphere,"{""addressSize"": 20, ""bitsPerInput"": 3, ""numBits"": 2048, ""numHashes"": 2}",0.9183098591549296,3072.0,0.003315058397129178,3.3843914755213427
BTHOWeN,Balance Scale,"{""addressSize"": 20, ""bitsPerInput"": 3, ""numBits"": 128, ""numHashes"": 2}",0.6895999999999999,48.0,0.0032216418301686646,1.4762667939066887
BTHOWeN,Balance Scale,"{""addressSize"": 6, ""bitsPerInput"": 3, ""numBits"": 128, ""numHashes"": 2}",0.7679999999999999,96.0,0.00425795023329556,1.687067188322544
BTHOWeN,Balance Scale,"{""addressSize"": 6, ""bitsPerInput"": 9, ""numBits"": 128, ""numHashes"": 4}",0.8368,288.0,0.007452741591259837,2.757132798433304
BTHOWeN,Balance Scale,"{""addressSize"": 6, ""bitsPerInput"": 9, ""numBits"": 512, ""numHashes"": 2}",0.8496,1152.0,0.006583183188922703,2.5520002469420433
BTHOWeN,Pima Diabetes,"{""addressSize"": 28, ""bitsPerInput"": 3, ""numBits"": 128, ""numHashes"": 4}",0.6441558441558443,32.0,0.003704258403740823,1.590746733081805
BTHOWeN,Pima Diabetes,"{""addressSize"": 12, ""bitsPerInput"": 3, ""numBits"": 128, ""numHashes"": 2}",0.6636363636363635,64.0,0.004062975035049021,1.5002156777138058
BTHOWeN,Pima Diabetes,"{""addressSize"": 6, ""bitsPerInput"": 3, ""numBits"": 128, ""numHashes"": 4}",0.7064935064935066,128.0,0.006502741831354797,1.8109856233871604
BTHOWeN,Pima Diabetes,"{""addressSize"": 6, ""bitsPerInput"": 9, ""numBits"": 128, ""numHashes"": 4}",0.7116883116883116,384.0,0.011373674985952676,3.3413962606195504
BTHOWeN,Pima Diabetes,"{""addressSize"": 12, ""bitsPerInput"": 9, ""numBits"": 512, ""numHashes"": 2}",0.7155844155844155,768.0,0.0068897749995812775,2.499619444420972
BTHOWeN,Pima Diabetes,"{""addressSize"": 6, ""bitsPerInput"": 9, ""numBits"": 512, ""numHashes"": 2}",0.7155844155844158,1536.0,0.009916457999497651,3.082305041758658
BTHOWeN,Pima Diabetes,"{""addressSize"": 12, ""bitsPerInput"": 9, ""numBits"": 2048, ""numHashes"": 4}",0.7168831168831169,3072.0,0.007456733216531575,2.704328681983344
BTHOWeN,Pima Diabetes,"{""addressSize"": 6, ""bitsPerInput"": 9, ""numBits"": 2048, ""numHashes"": 2}",0.7337662337662337,6144.0,0.010166433174163103,3.1780841603101075
BTHOWeN,Vehicle,"{""addressSize"": 28, ""bitsPerInput"": 3, ""numBits"": 128, ""numHashes"": 2}",0.3870588235294118,128.0,0.0074219167931005355,2.977010821375777
BTHOWeN,Vehicle,"{""addressSize"": 20, ""bitsPerInput"": 3, ""numBits"": 128, ""numHashes"": 2}",0.4576470588235294,192.0,0.008992900000885129,3.2048035577377845
BTHOWeN,Vehicle,"{""addressSize"": 12, ""bitsPerInput"": 3, ""numBits"": 128, ""numHashes"": 2}",0.5752941176470587,320.0,0.0118916749721393,3.7275988827733437
BTHOWeN,Vehicle,"{""addressSize"": 6, ""bitsPerInput"": 3, ""numBits"": 128, ""numHashes"": 2}",0.6341176470588236,576.0,0.01609226658474654,4.4922060881029156
BTHOWeN,Vehicle,"{""addressSize"": 16, ""bitsPerInput"": 8, ""numBits"": 256, ""numHashes"": 2}",0.6482352941176471,1152.0,0.016122225020080806,6.645784631152364
BTHOWeN,Vehicle,"{""addressSize"": 6, ""bitsPerInput"": 9, ""numBits"": 128, ""numHashes"": 2}",0.6694117647058825,1728.0,0.0338319081813097,10.057990576195367
BTHOWeN,Vehicle,"{""addressSize"": 16, ""bitsPerInput"": 16, ""numBits"": 256, ""numHashes"": 3}",0.6741176470588235,2304.0,0.028268924995791166,11.145489988848565
BTHOWeN,Vehicle,"{""addressSize"": 12, ""bitsPerInput"": 9, ""numBits"": 512, ""numHashes"": 2}",0.6811764705882354,3584.0,0.021519749844446778,7.665785960853102
BTHOWeN,Vehicle,"{""addressSize"": 16, ""bitsPerInput"": 8, ""numBits"": 1024, ""numHashes"": 2}",0.6905882352941177,4608.0,0.018032217025756837,6.59352812149069
BTHOWeN,Banknote,"{""addressSize"": 12, ""bitsPerInput"": 3, ""numBits"": 128, ""numHashes"": 2}",0.8880000000000001,32.0,0.006464783614501357,1.1445745317773386
BTHOWeN,Banknote,"{""addressSize"": 6, ""bitsPerInput"": 3, ""numBits"": 128, ""numHashes"": 4}",0.9200000000000002,64.0,0.00838386695832014,1.3100901957262645
BTHOWeN,Banknote,"{""addressSize"": 12, ""bitsPerInput"": 9, ""numBits"": 128, ""numHashes"": 2}",0.9658181818181818,96.0,0.008764725155197084,1.5647891400889917
BTHOWeN,Banknote,"{""addressSize"": 20, ""bitsPerInput"": 9, ""numBits"": 512, ""numHashes"": 2}",0.9796363636363635,256.0,0.007865983247756957,1.4473033052953805
BTHOWeN,Banknote,"{""addressSize"": 12, ""bitsPerInput"": 9, ""numBits"": 512, ""numHashes"": 4}",0.986909090909091,384.0,0.009218441788107157,1.6340610825202682
BTHOWeN,Banknote,"{""addressSize"": 20, ""bitsPerInput"": 9, ""numBits"": 2048, ""numHashes"": 4}",0.9919999999999998,1024.0,0.008173999632708729,1.5454543754458432
BTHOWeN,Yeast,"{""addressSize"": 28, ""bitsPerInput"": 3, ""numBits"": 128, ""numHashes"": 4}",0.32861952861952864,160.0,0.02139759159181267,4.906033052865302
BTHOWeN,Yeast,"{""addressSize"": 12, ""bitsPerInput"": 3, ""numBits"": 128, ""numHashes"": 2}",0.4121212121212121,320.0,0.030613475176505745,4.857604200591142
BTHOWeN,Yeast,"{""addressSize"": 6, ""bitsPerInput"": 3, ""numBits"": 128, ""numHashes"": 2}",0.4424242424242424,640.0,0.04335885802283883,5.883416897846192
BTHOWeN,Yeast,"{""addressSize"": 12, ""bitsPerInput"": 9, ""numBits"": 128, ""numHashes"": 4}",0.4969696969696969,960.0,0.05247654998674989,10.335016117653863
BTHOWeN,Yeast,"{""addressSize"": 6, ""bitsPerInput"": 9, ""numBits"": 512, ""numHashes"": 2}",0.5070707070707072,7680.0,0.08046249984763562,12.172531471383895
BTHOWeN,Yeast,"{""addressSize"": 20, ""bitsPerInput"": 9, ""numBits"": 2048, ""numHashes"": 2}",0.5124579124579125,10240.0,0.040932074980810286,8.327357693628631
BTHOWeN,Yeast,"{""addressSize"": 6, ""bitsPerInput"": 9, ""numBits"": 2048, ""numHashes"": 2}",0.5252525252525253,30720.0,0.07816014999989421,12.592844404781907
BTHOWeN,Steel Plates,"{""addressSize"": 28, ""bitsPerInput"": 3, ""numBits"": 128, ""numHashes"": 2}",0.6735218508997429,128.0,0.02194670799653977,2.9083978202778145
BTHOWeN,Steel Plates,"{""addressSize"": 20, ""bitsPerInput"": 3, ""numBits"": 128, ""numHashes"": 2}",0.7131105398457583,160.0,0.019575508194975555,2.909040588473753
BTHOWeN,Steel Plates,"{""addressSize"": 12, ""bitsPerInput"": 3, ""numBits"": 128, ""numHashes"": 2}",0.775835475578406,288.0,0.024200091767124832,3.299956834829559
BTHOWeN,Steel Plates,"{""addressSize"": 20, ""bitsPerInput"": 3, ""numBits"": 512, ""numHashes"": 2}",0.7912596401028278,640.0,0.02093358358833939,2.833418512194965
BTHOWeN,Steel Plates,"{""addressSize"": 12, ""bitsPerInput"": 9, ""numBits"": 128, ""numHashes"": 2}",0.8262210796915166,800.0,0.04733299999497831,6.428642550382792
BTHOWeN,Steel Plates,"{""addressSize"": 20, ""bitsPerInput"": 9, ""numBits"": 512, ""numHashes"": 2}",0.8575835475578406,1920.0,0.03575792524497956,5.331833351278979
BTHOWeN,Steel Plates,"{""addressSize"": 12, ""bitsPerInput"": 9, ""numBits"": 512, ""numHashes"": 4}",0.8817480719794345,3200.0,0.05795355839654803,7.506575887893495
BTHOWeN,Steel Plates,"{""addressSize"": 20, ""bitsPerInput"": 9, ""numBits"": 2048, ""numHashes"": 2}",0.8910025706940875,7680.0,0.03681708343792707,5.4687444733546755
BTHOWeN,Segment,"{""addressSize"": 20, ""bitsPerInput"": 3, ""numBits"": 128, ""numHashes"": 4}",0.7943722943722944,336.0,0.04952404138166457,5.111706017786677
BTHOWeN,Segment,"{""addressSize"": 12, ""bitsPerInput"": 3, ""numBits"": 128, ""numHashes"": 2}",0.8268398268398268,560.0,0.060322208376601336,5.6195169086547905
BTHOWeN,Segment,"{""addressSize"": 28, ""bitsPerInput"": 9, ""numBits"": 128, ""numHashes"": 2}",0.8861471861471862,784.0,0.07897940815892071,9.627435033842598
BTHOWeN,Segment,"{""addressSize"": 20, ""bitsPerInput"": 9, ""numBits"": 128, ""numHashes"": 2}",0.919047619047619,1008.0,0.0886081583565101,9.59123420283134
BTHOWeN,Segment,"{""addressSize"": 12, ""bitsPerInput"": 9, ""numBits"": 128, ""numHashes"": 4}",0.91991341991342,1680.0,0.12845462502446026,14.687427601805236
BTHOWeN,Segment,"{""addressSize"": 28, ""bitsPerInput"": 9, ""numBits"": 512, ""numHashes"": 2}",0.9385281385281387,3136.0,0.07927770842798054,9.311454116620801
BTHOWeN,Segment,"{""addressSize"": 28, ""bitsPerInput"": 9, ""numBits"": 2048, ""numHashes"": 2}",0.9415584415584416,12544.0,0.08082415859680622,9.913672289903802
BTHOWeN,Waveform,"{""addressSize"": 28, ""bitsPerInput"": 3, ""numBits"": 128, ""numHashes"": 4}",0.33860000000000007,240.0,0.08655225019901991,6.015741382725537
BTHOWeN,Waveform,"{""addressSize"": 20, ""bitsPerInput"": 3, ""numBits"": 128, ""numHashes"": 2}",0.36060000000000003,288.0,0.07573937482666224,4.9813167890533805
BTHOWeN,Waveform,"{""addressSize"": 12, ""bitsPerInput"": 3, ""numBits"": 128, ""numHashes"": 2}",0.5197999999999999,480.0,0.09132663321215659,5.2590500097721815
BTHOWeN,Waveform,"{""addressSize"": 6, ""bitsPerInput"": 3, ""numBits"": 128, ""numHashes"": 4}",0.7644000000000001,960.0,0.15590588317718357,7.1541504468768835
BTHOWeN,Waveform,"{""addressSize"": 6, ""bitsPerInput"": 9, ""numBits"": 128, ""numHashes"": 4}",0.8106,2880.0,0.3872132581891492,17.64742478262633
BTHOWeN,Waveform,"{""addressSize"": 6, ""bitsPerInput"": 9, ""numBits"": 512, ""numHashes"": 2}",0.8154,11520.0,0.3541666999924928,16.3978585973382
BTHOWeN,SatImage,"{""addressSize"": 28, ""bitsPerInput"": 3, ""numBits"": 128, ""numHashes"": 2}",0.6782270606531882,384.0,0.15653818319551646,5.883288017182987
BTHOWeN,SatImage,"{""addressSize"": 20, ""bitsPerInput"": 3, ""numBits"": 128, ""numHashes"": 2}",0.7744945567651633,576.0,0.18048590819817037,6.719141826323272
BTHOWeN,SatImage,"{""addressSize"": 12, ""bitsPerInput"": 3, ""numBits"": 128, ""numHashes"": 4}",0.8363919129082426,864.0,0.2561102166073397,8.540960665340325
BTHOWeN,SatImage,"{""addressSize"": 16, ""bitsPerInput"": 4, ""numBits"": 256, ""numHashes"": 3}",0.8419906687402798,1728.0,0.2616979084443301,9.234246966598517
BTHOWeN,SatImage,"{""addressSize"": 12, ""bitsPerInput"": 9, ""numBits"": 128, ""numHashes"": 4}",0.8615863141524105,2592.0,0.5425575581844896,22.14223031290629
BTHOWeN,SatImage,"{""addressSize"": 6, ""bitsPerInput"": 9, ""numBits"": 128, ""numHashes"": 2}",0.8650077760497666,5184.0,0.8198140751803293,26.92441027292846
BTHOWeN,SatImage,"{""addressSize"": 16, ""bitsPerInput"": 8, ""numBits"": 1024, ""numHashes"": 3}",0.8657853810264384,13824.0,0.4249276502290741,16.716582241466682
BTHOWeN,SatImage,"{""addressSize"": 28, ""bitsPerInput"": 9, ""numBits"": 2048, ""numHashes"": 2}",0.8755832037325039,18432.0,0.32105122520588336,13.87695704397063
BTHOWeN,SatImage,"{""addressSize"": 20, ""bitsPerInput"": 9, ""numBits"": 2048, ""numHashes"": 2}",0.8796267496111975,26112.0,0.3921266498276964,15.204918370212823
BTHOWeN,Pendigits,"{""addressSize"": 28, ""bitsPerInput"": 3, ""numBits"": 128, ""numHashes"": 4}",0.4054570259208732,320.0,0.314816391421482,7.958060406612613
BTHOWeN,Pendigits,"{""addressSize"": 20, ""bitsPerInput"": 3, ""numBits"": 128, ""numHashes"": 2}",0.668849477035016,480.0,0.3397502667736262,7.220426097464812
BTHOWeN,Pendigits,"{""addressSize"": 12, ""bitsPerInput"": 3, ""numBits"": 128, ""numHashes"": 4}",0.8875852660300136,640.0,0.3939860915997997,8.256139069382252
BTHOWeN,Pendigits,"{""addressSize"": 6, ""bitsPerInput"": 3, ""numBits"": 128, ""numHashes"": 4}",0.9141427921782628,1280.0,0.6101570833940059,9.708094595676936
BTHOWeN,Pendigits,"{""addressSize"": 12, ""bitsPerInput"": 9, ""numBits"": 128, ""numHashes"": 2}",0.955525238744884,1920.0,0.7781996582169086,16.031279389565643
BTHOWeN,Pendigits,"{""addressSize"": 20, ""bitsPerInput"": 9, ""numBits"": 512, ""numHashes"": 2}",0.957162346521146,5120.0,0.6200234916061163,15.014673290133015
BTHOWeN,Pendigits,"{""addressSize"": 12, ""bitsPerInput"": 9, ""numBits"": 512, ""numHashes"": 2}",0.9715325147794452,7680.0,0.7989299167878926,15.244743805387145
BTHOWeN,Pendigits,"{""addressSize"": 20, ""bitsPerInput"": 9, ""numBits"": 2048, ""numHashes"": 4}",0.9757162346521145,20480.0,0.7353047081967816,20.038540239592827
BTHOWeN,EEG Eye State,"{""addressSize"": 28, ""bitsPerInput"": 3, ""numBits"": 128, ""numHashes"": 4}",0.5560747663551402,64.0,0.029349608393386007,1.677739779304499
BTHOWeN,EEG Eye State,"{""addressSize"": 20, ""bitsPerInput"": 3, ""numBits"": 128, ""numHashes"": 2}",0.5591455273698264,96.0,0.03132441679481417,1.7167501417653903
BTHOWeN,EEG Eye State,"{""addressSize"": 12, ""bitsPerInput"": 3, ""numBits"": 128, ""numHashes"": 4}",0.5694926568758344,128.0,0.03469109160359949,1.9711837155722052
BTHOWeN,EEG Eye State,"{""addressSize"": 20, ""bitsPerInput"": 3, ""numBits"": 512, ""numHashes"": 4}",0.5782376502002669,384.0,0.032198524987325075,1.8402564778267465
BTHOWeN,EEG Eye State,"{""addressSize"": 28, ""bitsPerInput"": 9, ""numBits"": 512, ""numHashes"": 4}",0.5801735647530041,640.0,0.04525567502714693,2.8212087537262724
BTHOWeN,Magic Gamma,"{""addressSize"": 28, ""bitsPerInput"": 3, ""numBits"": 128, ""numHashes"": 2}",0.6698738170347003,64.0,0.03604102502577007,1.5792411619348825
BTHOWeN,Magic Gamma,"{""addressSize"": 12, ""bitsPerInput"": 3, ""numBits"": 128, ""numHashes"": 2}",0.7331756046267087,96.0,0.035897325025871396,1.6540943715451082
BTHOWeN,Magic Gamma,"{""addressSize"": 6, ""bitsPerInput"": 3, ""numBits"": 128, ""numHashes"": 2}",0.7635120925341745,160.0,0.04253999162465334,1.9727610984423465
BTHOWeN,Magic Gamma,"{""addressSize"": 12, ""bitsPerInput"": 9, ""numBits"": 128, ""numHashes"": 2}",0.7656677181913776,256.0,0.05492072517517954,2.9514217112687358
BTHOWeN,Magic Gamma,"{""addressSize"": 6, ""bitsPerInput"": 9, ""numBits"": 512, ""numHashes"": 2}",0.7825972660357519,1920.0,0.07299528322182595,3.921773091749877
BTHOWeN,Magic Gamma,"{""addressSize"": 6, ""bitsPerInput"": 9, ""numBits"": 2048, ""numHashes"": 4}",0.7874868559411147,7680.0,0.07509795820806175,4.1773331169916466
BTHOWeN,Letter Recognition,"{""addressSize"": 28, ""bitsPerInput"": 3, ""numBits"": 128, ""numHashes"": 4}",0.24610000000000004,832.0,0.15543026661034673,19.701756251743063
BTHOWeN,Letter Recognition,"{""addressSize"": 20, ""bitsPerInput"": 3, ""numBits"": 128, ""numHashes"": 4}",0.3937500000000001,1248.0,0.18567265020683407,22.98304585274309
BTHOWeN,Letter Recognition,"{""addressSize"": 12, ""bitsPerInput"": 3, ""numBits"": 128, ""numHashes"": 4}",0.55015,1664.0,0.19955347515642644,21.972054144134745
BTHOWeN,Letter Recognition,"{""addressSize"": 20, ""bitsPerInput"": 9, ""numBits"": 128, ""numHashes"": 2}",0.6210499999999999,3328.0,0.27483557499945166,38.53858755319379
BTHOWeN,Letter Recognition,"{""addressSize"": 12, ""bitsPerInput"": 9, ""numBits"": 128, ""numHashes"": 2}",0.7536,4992.0,0.32583484998904166,37.98766244435683
BTHOWeN,Letter Recognition,"{""addressSize"": 20, ""bitsPerInput"": 9, ""numBits"": 512, ""numHashes"": 4}",0.8031,13312.0,0.34620157501194626,51.20075209415518
BTHOWeN,Letter Recognition,"{""addressSize"": 12, ""bitsPerInput"": 9, ""numBits"": 512, ""numHashes"": 4}",0.8288500000000001,19968.0,0.4081882497994229,49.242360348580405
BTHOWeN,Letter Recognition,"{""addressSize"": 28, ""bitsPerInput"": 9, ""numBits"": 2048, ""numHashes"": 4}",0.83855,39936.0,0.3051097334129736,48.0065458570607
BTHOWeN,Letter Recognition,"{""addressSize"": 20, ""bitsPerInput"": 9, ""numBits"": 2048, ""numHashes"": 2}",0.8718999999999999,53248.0,0.3043324166210368,40.67469380097464
BTHOWeN,Letter Recognition,"{""addressSize"": 20, ""bitsPerInput"": 15, ""numBits"": 2048, ""numHashes"": 4}",0.900925,79872.0,0.43172707069898025,68.58536463114433
BTHOWeN,phoneme,"{""addressSize"": 28, ""bitsPerInput"": 3, ""numBits"": 128, ""numHashes"": 2}",0.727104532839963,32.0,0.03157593340147287,1.2667896613740566
BTHOWeN,phoneme,"{""addressSize"": 12, ""bitsPerInput"": 3, ""numBits"": 128, ""numHashes"": 2}",0.7617021276595746,64.0,0.03854511680547148,1.3830711648116278
BTHOWeN,phoneme,"{""addressSize"": 6, ""bitsPerInput"": 3, ""numBits"": 128, ""numHashes"": 2}",0.7681776133209991,96.0,0.050444499612785874,1.5451202374106752
BTHOWeN,phoneme,"{""addressSize"": 20, ""bitsPerInput"": 9, ""numBits"": 512, ""numHashes"": 2}",0.7835337650323775,384.0,0.04180267518386245,1.7769422785316098
BTHOWeN,phoneme,"{""addressSize"": 12, ""bitsPerInput"": 9, ""numBits"": 512, ""numHashes"": 4}",0.7837187789084181,512.0,0.05397141661960632,2.005889948895141
BTHOWeN,phoneme,"{""addressSize"": 28, ""bitsPerInput"": 9, ""numBits"": 2048, ""numHashes"": 4}",0.7927844588344126,1024.0,0.04107948341406882,1.8041089838792836
BTHOWeN,phoneme,"{""addressSize"": 20, ""bitsPerInput"": 9, ""numBits"": 2048, ""numHashes"": 4}",0.7972247918593894,1536.0,0.044502608175389466,1.9690486887654255
BTHOWeN,australian,"{""addressSize"": 28, ""bitsPerInput"": 3, ""numBits"": 128, ""numHashes"": 4}",0.572463768115942,64.0,0.003963058209046721,2.2464998714301894
BTHOWeN,australian,"{""addressSize"": 20, ""bitsPerInput"": 3, ""numBits"": 128, ""numHashes"": 2}",0.6130434782608696,96.0,0.004156233184039593,2.321618966812241
BTHOWeN,australian,"{""addressSize"": 12, ""bitsPerInput"": 3, ""numBits"": 128, ""numHashes"": 4}",0.7536231884057971,128.0,0.00516414160374552,2.2651550049583116
BTHOWeN,australian,"{""addressSize"": 6, ""bitsPerInput"": 3, ""numBits"": 128, ""numHashes"": 2}",0.8434782608695652,224.0,0.006625383417122066,2.43894941429945
BTHOWeN,australian,"{""addressSize"": 6, ""bitsPerInput"": 9, ""numBits"": 128, ""numHashes"": 2}",0.8463768115942031,672.0,0.013825583178550005,4.958878338768861
BTHOWeN,australian,"{""addressSize"": 12, ""bitsPerInput"": 9, ""numBits"": 512, ""numHashes"": 2}",0.8521739130434781,1408.0,0.009338416811078786,4.057847874482041
BTHOWeN,australian,"{""addressSize"": 6, ""bitsPerInput"": 9, ""numBits"": 512, ""numHashes"": 2}",0.8565217391304347,2688.0,0.013649158226326109,5.055797131111225
BTHOWeN,nomao,"{""addressSize"": 28, ""bitsPerInput"": 3, ""numBits"": 128, ""numHashes"": 2}",0.8338894530683302,416.0,0.29078557500615715,7.108569135204396
BTHOWeN,nomao,"{""addressSize"": 20, ""bitsPerInput"": 3, ""numBits"": 128, ""numHashes"": 2}",0.8833599303641375,576.0,0.30687863344792277,7.571096308572612
BTHOWeN,nomao,"{""addressSize"": 12, ""bitsPerInput"": 3, ""numBits"": 128, ""numHashes"": 2}",0.8833889453068331,960.0,0.35921682519838216,9.450442447499615
BTHOWeN,nomao,"{""addressSize"": 28, ""bitsPerInput"": 3, ""numBits"": 512, ""numHashes"": 2}",0.9072392282025243,1664.0,0.28717935003805906,7.125923597727694
BTHOWeN,nomao,"{""addressSize"": 20, ""bitsPerInput"": 3, ""numBits"": 512, ""numHashes"": 2}",0.9248803133613812,2304.0,0.3091104082064703,7.627682663618126
BTHOWeN,nomao,"{""addressSize"": 12, ""bitsPerInput"": 3, ""numBits"": 512, ""numHashes"": 4}",0.9281299869432758,3840.0,0.38929614177905025,10.871807133286312
BTHOWeN,nomao,"{""addressSize"": 28, ""bitsPerInput"": 3, ""numBits"": 2048, ""numHashes"": 2}",0.9321630639779487,6656.0,0.27730271660257133,6.956228551729252
BTHOWeN,nomao,"{""addressSize"": 28, ""bitsPerInput"": 9, ""numBits"": 2048, ""numHashes"": 2}",0.9402292180472944,19456.0,0.4989739751908928,16.75640379794641
BTHOWeN,nomao,"{""addressSize"": 20, ""bitsPerInput"": 9, ""numBits"": 2048, ""numHashes"": 4}",0.9426954881764109,27648.0,0.6834288999903947,25.476755399511497
BTHOWeN,miniboone,"{""addressSize"": 28, ""bitsPerInput"": 3, ""numBits"": 128, ""numHashes"": 2}",0.7720139930034983,192.0,0.2841858833562583,3.2934981204200717
BTHOWeN,miniboone,"{""addressSize"": 20, ""bitsPerInput"": 3, ""numBits"": 128, ""numHashes"": 4}",0.7953561680698111,256.0,0.30630444979760796,3.8176271017949164
BTHOWeN,miniboone,"{""addressSize"": 12, ""bitsPerInput"": 3, ""numBits"": 128, ""numHashes"": 2}",0.8148079806250721,416.0,0.3424591752002016,4.347688979954896
BTHOWeN,miniboone,"{""addressSize"": 20, ""bitsPerInput"": 9, ""numBits"": 128, ""numHashes"": 4}",0.8350824587706148,736.0,0.48737250820267947,7.383363134786673
BTHOWeN,miniboone,"{""addressSize"": 20, ""bitsPerInput"": 9, ""numBits"": 512, ""numHashes"": 2}",0.8392957367470112,2944.0,0.463604875234887,6.61303675021222
BTHOWeN,christine,"{""addressSize"": 28, ""bitsPerInput"": 3, ""numBits"": 128, ""numHashes"": 4}",0.5084870848708487,5632.0,1.6801378750009461,125.65859483049776
BTHOWeN,christine,"{""addressSize"": 20, ""bitsPerInput"": 3, ""numBits"": 128, ""numHashes"": 4}",0.5463099630996309,7872.0,1.9463784579886123,141.38277987365325
BTHOWeN,christine,"{""addressSize"": 12, ""bitsPerInput"": 3, ""numBits"": 128, ""numHashes"": 4}",0.6549815498154982,13088.0,2.5684696833835914,163.17243229879608
BTHOWeN,christine,"{""addressSize"": 12, ""bitsPerInput"": 9, ""numBits"": 128, ""numHashes"": 4}",0.6654981549815498,39264.0,6.89172022480052,427.8957487016957
BTHOWeN,christine,"{""addressSize"": 12, ""bitsPerInput"": 3, ""numBits"": 2048, ""numHashes"": 2}",0.6669741697416975,209408.0,2.365837375028059,150.4498846636487
BTHOWeN,christine,"{""addressSize"": 12, ""bitsPerInput"": 9, ""numBits"": 2048, ""numHashes"": 4}",0.6750922509225092,628224.0,9.135640783584677,607.5147064480024
BTHOWeN,jasmine,"{""addressSize"": 28, ""bitsPerInput"": 3, ""numBits"": 128, ""numHashes"": 2}",0.7303182579564489,512.0,0.07449318319559098,7.966150049201308
BTHOWeN,jasmine,"{""addressSize"": 20, ""bitsPerInput"": 3, ""numBits"": 128, ""numHashes"": 4}",0.7644891122278057,704.0,0.09524763338267803,9.996300817496913
BTHOWeN,jasmine,"{""addressSize"": 20, ""bitsPerInput"": 9, ""numBits"": 128, ""numHashes"": 4}",0.7661641541038525,2080.0,0.23491553363855927,26.54429082095723
BTHOWeN,jasmine,"{""addressSize"": 6, ""bitsPerInput"": 3, ""numBits"": 128, ""numHashes"": 2}",0.7678391959798995,2304.0,0.2139703000197187,15.205457624066714
BTHOWeN,jasmine,"{""addressSize"": 6, ""bitsPerInput"": 9, ""numBits"": 128, ""numHashes"": 2}",0.7695142378559463,6912.0,0.5994553750148043,40.92893638091171
BTHOWeN,jasmine,"{""addressSize"": 12, ""bitsPerInput"": 9, ""numBits"": 2048, ""numHashes"": 4}",0.7701842546063651,55296.0,0.33302509197965263,31.708305782733653
BTHOWeN,sylvine,"{""addressSize"": 20, ""bitsPerInput"": 3, ""numBits"": 128, ""numHashes"": 2}",0.5090731707317073,96.0,0.03726457515731454,2.2729022382962993
BTHOWeN,sylvine,"{""addressSize"": 12, ""bitsPerInput"": 3, ""numBits"": 128, ""numHashes"": 2}",0.6200975609756098,160.0,0.04430475819390267,2.3436177431083305
BTHOWeN,sylvine,"{""addressSize"": 6, ""bitsPerInput"": 3, ""numBits"": 128, ""numHashes"": 4}",0.7414634146341463,320.0,0.07208278321195394,3.0414144304103967
BTHOWeN,sylvine,"{""addressSize"": 6, ""bitsPerInput"": 9, ""numBits"": 128, ""numHashes"": 4}",0.8204878048780488,960.0,0.1679070001700893,6.651805055032416
BTHOWeN,sylvine,"{""addressSize"": 6, ""bitsPerInput"": 9, ""numBits"": 512, ""numHashes"": 2}",0.8364878048780489,3840.0,0.15606205814983695,6.322569168377213
BTHOWeN,blood-transfusion,"{""addressSize"": 28, ""bitsPerInput"": 3, ""numBits"": 128, ""numHashes"": 4}",0.7666666666666666,32.0,0.0041434417711570855,1.2233895249664783
BTHOWeN,blood-transfusion,"{""addressSize"": 6, ""bitsPerInput"": 3, ""numBits"": 128, ""numHashes"": 4}",0.7706666666666667,64.0,0.0045549585716798905,1.296057365834713
BTHOWeN,blood-transfusion,"{""addressSize"": 6, ""bitsPerInput"": 9, ""numBits"": 512, ""numHashes"": 2}",0.7746666666666666,768.0,0.0065862915711477395,1.936500115940968
BTHOWeN,higgs-small,"{""addressSize"": 28, ""bitsPerInput"": 3, ""numBits"": 128, ""numHashes"": 2}",0.5278735339112698,96.0,0.17242567481007426,2.765135142870517
BTHOWeN,higgs-small,"{""addressSize"": 28, ""bitsPerInput"": 9, ""numBits"": 128, ""numHashes"": 2}",0.5283732789393166,288.0,0.2622664083959535,5.095217572615379
BTHOWeN,higgs-small,"{""addressSize"": 20, ""bitsPerInput"": 9, ""numBits"": 128, ""numHashes"": 4}",0.5286180520142786,416.0,0.3380599247990176,7.111628404269941
BTHOWeN,higgs-small,"{""addressSize"": 6, ""bitsPerInput"": 3, ""numBits"": 128, ""numHashes"": 2}",0.5475471698113207,448.0,0.2531043997965753,3.783105139291481
BTHOWeN,higgs-small,"{""addressSize"": 6, ""bitsPerInput"": 9, ""numBits"": 128, ""numHashes"": 2}",0.5564813870474248,1344.0,0.486792483413592,8.113842854330441
BTHOWeN,higgs-small,"{""addressSize"": 6, ""bitsPerInput"": 9, ""numBits"": 512, ""numHashes"": 4}",0.5566445690973992,5376.0,0.5069022251758725,8.97271376034774
BTHOWeN,higgs-small,"{""addressSize"": 6, ""bitsPerInput"": 3, ""numBits"": 2048, ""numHashes"": 4}",0.5567975522692504,7168.0,0.262951916619204,4.008993289629563
BTHOWeN,skin-segmentation,"{""addressSize"": 12, ""bitsPerInput"": 3, ""numBits"": 128, ""numHashes"": 4}",0.941455153839876,32.0,0.09861569995991885,1.136475764809373
BTHOWeN,skin-segmentation,"{""addressSize"": 20, ""bitsPerInput"": 9, ""numBits"": 128, ""numHashes"": 2}",0.9668570962213335,64.0,0.10376155860722065,1.347106150055415
BTHOWeN,skin-segmentation,"{""addressSize"": 12, ""bitsPerInput"": 9, ""numBits"": 128, ""numHashes"": 4}",0.9805965885905492,96.0,0.11890989160165191,1.5759414389611233
DWN,Iris,"{""batch_size"": 32, ""bits_per_input"": 2, ""epochs"": 10, ""lr"": 0.01, ""n"": 4, ""num_luts_l1"": 200, ""num_luts_l2"": 100, ""scheduler_gamma"": 0.1, ""scheduler_step"": 8, ""tau"": 3.3333333333333335}",0.9555555555555556,5382.0,0.3524283056613058,13.387035061087873
DWN,Wine,"{""batch_size"": 32, ""bits_per_input"": 2, ""epochs"": 10, ""lr"": 0.01, ""n"": 4, ""num_luts_l1"": 200, ""num_luts_l2"": 100, ""scheduler_gamma"": 0.1, ""scheduler_step"": 8, ""tau"": 3.3333333333333335}",0.9537037037037037,5382.0,0.050222360994666815,13.559415324211672
DWN,Wine,"{""batch_size"": 32, ""bits_per_input"": 6, ""epochs"": 20, ""lr"": 0.01, ""n"": 6, ""num_luts_l1"": 2000, ""num_luts_l2"": 1000, ""scheduler_gamma"": 0.1, ""scheduler_step"": 8, ""tau"": 3.3333333333333335}",0.9722222222222222,95968.0,0.5730214583454654,85.6813243848996
DWN,Breast Cancer,"{""batch_size"": 32, ""bits_per_input"": 2, ""epochs"": 10, ""lr"": 0.01, ""n"": 4, ""num_luts_l1"": 200, ""num_luts_l2"": 100, ""scheduler_gamma"": 0.1, ""scheduler_step"": 8, ""tau"": 3.3333333333333335}",0.935672514619883,5400.0,0.1881710276550924,7.259257121436428
DWN,Breast Cancer,"{""batch_size"": 32, ""bits_per_input"": 3, ""epochs"": 15, ""lr"": 0.01, ""n"": 6, ""num_luts_l1"": 500, ""num_luts_l2"": 250, ""scheduler_gamma"": 0.1, ""scheduler_step"": 8, ""tau"": 3.3333333333333335}",0.9649122807017543,24000.0,0.5405600553300852,13.222224868790448
DWN,Seeds,"{""batch_size"": 32, ""bits_per_input"": 2, ""epochs"": 10, ""lr"": 0.01, ""n"": 4, ""num_luts_l1"": 200, ""num_luts_l2"": 100, ""scheduler_gamma"": 0.1, ""scheduler_step"": 8, ""tau"": 3.3333333333333335}",0.9206349206349206,5382.0,0.055966985683577754,13.260911810137921
DWN,Glass,"{""batch_size"": 32, ""bits_per_input"": 2, ""epochs"": 10, ""lr"": 0.01, ""n"": 4, ""num_luts_l1"": 200, ""num_luts_l2"": 100, ""scheduler_gamma"": 0.1, ""scheduler_step"": 8, ""tau"": 3.3333333333333335}",0.62015503875969,5328.0,0.05724868034788718,13.594317986348338
DWN,Glass,"{""batch_size"": 32, ""bits_per_input"": 3, ""epochs"": 15, ""lr"": 0.01, ""n"": 6, ""num_luts_l1"": 500, ""num_luts_l2"": 250, ""scheduler_gamma"": 0.1, ""scheduler_step"": 8, ""tau"": 3.3333333333333335}",0.7209302325581395,23872.0,0.2050948056858033,25.95381414185661
DWN,Glass,"{""batch_size"": 32, ""bits_per_input"": 6, ""epochs"": 20, ""lr"": 0.01, ""n"": 6, ""num_luts_l1"": 2000, ""num_luts_l2"": 1000, ""scheduler_gamma"": 0.1, ""scheduler_step"": 8, ""tau"": 3.3333333333333335}",0.7286821705426357,95872.0,0.6564549586813276,71.00710771660242
DWN,Haberman,"{""batch_size"": 32, ""bits_per_input"": 2, ""epochs"": 10, ""lr"": 0.01, ""n"": 4, ""num_luts_l1"": 200, ""num_luts_l2"": 100, ""scheduler_gamma"": 0.1, ""scheduler_step"": 8, ""tau"": 3.3333333333333335}",0.6989247311827956,5400.0,0.07483425030174355,8.797042712729464
DWN,Ecoli,"{""batch_size"": 32, ""bits_per_input"": 2, ""epochs"": 10, ""lr"": 0.01, ""n"": 4, ""num_luts_l1"": 200, ""num_luts_l2"": 100, ""scheduler_gamma"": 0.1, ""scheduler_step"": 8, ""tau"": 3.3333333333333335}",0.818627450980392,5328.0,0.08491805564456929,9.00163671330494
DWN,Ecoli,"{""batch_size"": 32, ""bits_per_input"": 3, ""epochs"": 15, ""lr"": 0.01, ""n"": 6, ""num_luts_l1"": 500, ""num_luts_l2"": 250, ""scheduler_gamma"": 0.1, ""scheduler_step"": 8, ""tau"": 3.3333333333333335}",0.8480392156862745,23936.0,0.28867555564890307,18.45546991235631
DWN,Ecoli,"{""batch_size"": 32, ""bits_per_input"": 6, ""epochs"": 15, ""lr"": 0.01, ""n"": 6, ""num_luts_l1"": 1000, ""num_luts_l2"": 500, ""scheduler_gamma"": 0.1, ""scheduler_step"": 8, ""tau"": 3.3333333333333335}",0.8676470588235294,47872.0,0.44313411104182404,30.961598717041454
DWN,Ionosphere,"{""batch_size"": 32, ""bits_per_input"": 2, ""epochs"": 10, ""lr"": 0.01, ""n"": 4, ""num_luts_l1"": 200, ""num_luts_l2"": 100, ""scheduler_gamma"": 0.1, ""scheduler_step"": 8, ""tau"": 3.3333333333333335}",0.9014084507042254,5400.0,0.11156408333530028,9.22104667330012
DWN,Ionosphere,"{""batch_size"": 32, ""bits_per_input"": 6, ""epochs"": 15, ""lr"": 0.01, ""n"": 6, ""num_luts_l1"": 1000, ""num_luts_l2"": 500, ""scheduler_gamma"": 0.1, ""scheduler_step"": 8, ""tau"": 3.3333333333333335}",0.9107981220657276,48000.0,0.5856522363222515,31.457948301669575
DWN,Balance Scale,"{""batch_size"": 32, ""bits_per_input"": 2, ""epochs"": 10, ""lr"": 0.01, ""n"": 4, ""num_luts_l1"": 200, ""num_luts_l2"": 100, ""scheduler_gamma"": 0.1, ""scheduler_step"": 8, ""tau"": 3.3333333333333335}",0.7680000000000001,5382.0,0.33323252794798464,6.253226970632871
DWN,Balance Scale,"{""batch_size"": 32, ""bits_per_input"": 2, ""epochs"": 10, ""lr"": 0.01, ""n"": 6, ""num_luts_l1"": 500, ""num_luts_l2"": 250, ""scheduler_gamma"": 0.1, ""scheduler_step"": 8, ""tau"": 3.3333333333333335}",0.7733333333333334,23968.0,0.3171152640134096,12.025775698324045
DWN,Balance Scale,"{""batch_size"": 32, ""bits_per_input"": 6, ""epochs"": 15, ""lr"": 0.01, ""n"": 6, ""num_luts_l1"": 1000, ""num_luts_l2"": 500, ""scheduler_gamma"": 0.1, ""scheduler_step"": 8, ""tau"": 3.3333333333333335}",0.8213333333333334,47936.0,0.8277674443476523,20.240333241720993
DWN,Pima Diabetes,"{""batch_size"": 32, ""bits_per_input"": 2, ""epochs"": 10, ""lr"": 0.01, ""n"": 4, ""num_luts_l1"": 200, ""num_luts_l2"": 100, ""scheduler_gamma"": 0.1, ""scheduler_step"": 8, ""tau"": 3.3333333333333335}",0.6969696969696969,5400.0,0.20017055534602454,5.3739154538002625
DWN,Pima Diabetes,"{""batch_size"": 32, ""bits_per_input"": 2, ""epochs"": 10, ""lr"": 0.01, ""n"": 6, ""num_luts_l1"": 500, ""num_luts_l2"": 250, ""scheduler_gamma"": 0.1, ""scheduler_step"": 8, ""tau"": 3.3333333333333335}",0.7164502164502164,24000.0,0.45912550036640215,11.715188308002112
DWN,Vehicle,"{""batch_size"": 32, ""bits_per_input"": 2, ""epochs"": 10, ""lr"": 0.01, ""n"": 4, ""num_luts_l1"": 200, ""num_luts_l2"": 100, ""scheduler_gamma"": 0.1, ""scheduler_step"": 8, ""tau"": 3.3333333333333335}",0.688235294117647,5400.0,0.23033055531171462,5.473039459948446
DWN,Vehicle,"{""batch_size"": 32, ""bits_per_input"": 6, ""epochs"": 15, ""lr"": 0.01, ""n"": 6, ""num_luts_l1"": 1000, ""num_luts_l2"": 500, ""scheduler_gamma"": 0.1, ""scheduler_step"": 8, ""tau"": 3.3333333333333335}",0.7352941176470589,48000.0,1.4816584026363369,17.082842989076
DWN,Vehicle,"{""batch_size"": 32, ""bits_per_input"": 6, ""epochs"": 20, ""lr"": 0.01, ""n"": 6, ""num_luts_l1"": 2000, ""num_luts_l2"": 1000, ""scheduler_gamma"": 0.1, ""scheduler_step"": 8, ""tau"": 3.3333333333333335}",0.7450980392156863,96000.0,2.8283844579709694,34.91527830049688
DWN,Banknote,"{""batch_size"": 32, ""bits_per_input"": 2, ""epochs"": 10, ""lr"": 0.01, ""n"": 4, ""num_luts_l1"": 200, ""num_luts_l2"": 100, ""scheduler_gamma"": 0.1, ""scheduler_step"": 8, ""tau"": 3.3333333333333335}",0.9466666666666667,5400.0,0.5143284583076214,3.9883831403020658
DWN,Banknote,"{""batch_size"": 32, ""bits_per_input"": 3, ""epochs"": 15, ""lr"": 0.01, ""n"": 6, ""num_luts_l1"": 500, ""num_luts_l2"": 250, ""scheduler_gamma"": 0.1, ""scheduler_step"": 8, ""tau"": 3.3333333333333335}",0.9757575757575757,24000.0,1.186313527985476,7.942625547223019
DWN,Banknote,"{""batch_size"": 32, ""bits_per_input"": 6, ""epochs"": 15, ""lr"": 0.01, ""n"": 6, ""num_luts_l1"": 1000, ""num_luts_l2"": 500, ""scheduler_gamma"": 0.1, ""scheduler_step"": 8, ""tau"": 3.3333333333333335}",0.9927272727272727,48000.0,1.7514088470488787,12.611263064724028
DWN,Yeast,"{""batch_size"": 32, ""bits_per_input"": 2, ""epochs"": 10, ""lr"": 0.01, ""n"": 4, ""num_luts_l1"": 200, ""num_luts_l2"": 100, ""scheduler_gamma"": 0.1, ""scheduler_step"": 8, ""tau"": 3.3333333333333335}",0.494949494949495,5400.0,0.372040610993281,3.549989728898847
DWN,Yeast,"{""batch_size"": 32, ""bits_per_input"": 3, ""epochs"": 15, ""lr"": 0.01, ""n"": 6, ""num_luts_l1"": 500, ""num_luts_l2"": 250, ""scheduler_gamma"": 0.1, ""scheduler_step"": 8, ""tau"": 3.3333333333333335}",0.5465768799102132,24000.0,1.3481323333301891,7.837822511332271
DWN,Yeast,"{""batch_size"": 32, ""bits_per_input"": 6, ""epochs"": 15, ""lr"": 0.01, ""n"": 6, ""num_luts_l1"": 1000, ""num_luts_l2"": 500, ""scheduler_gamma"": 0.1, ""scheduler_step"": 8, ""tau"": 3.3333333333333335}",0.5757575757575757,48000.0,2.0355221670276173,12.115458957850933
DWN,Steel Plates,"{""batch_size"": 32, ""bits_per_input"": 2, ""epochs"": 10, ""lr"": 0.01, ""n"": 4, ""num_luts_l1"": 200, ""num_luts_l2"": 100, ""scheduler_gamma"": 0.1, ""scheduler_step"": 8, ""tau"": 3.3333333333333335}",1.0,5400.0,0.6492651666825017,3.4592974485690617
DWN,Segment,"{""batch_size"": 32, ""bits_per_input"": 2, ""epochs"": 10, ""lr"": 0.01, ""n"": 4, ""num_luts_l1"": 200, ""num_luts_l2"": 100, ""scheduler_gamma"": 0.1, ""scheduler_step"": 8, ""tau"": 3.3333333333333335}",0.9285714285714285,5364.0,0.7863773610442877,3.1298997578134524
DWN,Segment,"{""batch_size"": 32, ""bits_per_input"": 3, ""epochs"": 15, ""lr"": 0.01, ""n"": 6, ""num_luts_l1"": 500, ""num_luts_l2"": 250, ""scheduler_gamma"": 0.1, ""scheduler_step"": 8, ""tau"": 3.3333333333333335}",0.9617604617604618,23840.0,1.9717448470182717,4.9105938120837855
DWN,Segment,"{""batch_size"": 32, ""bits_per_input"": 6, ""epochs"": 15, ""lr"": 0.01, ""n"": 6, ""num_luts_l1"": 1000, ""num_luts_l2"": 500, ""scheduler_gamma"": 0.1, ""scheduler_step"": 8, ""tau"": 3.3333333333333335}",0.9747474747474748,47904.0,2.942737555325342,7.698562787106586
DWN,Waveform,"{""batch_size"": 32, ""bits_per_input"": 2, ""epochs"": 10, ""lr"": 0.01, ""n"": 4, ""num_luts_l1"": 200, ""num_luts_l2"": 100, ""scheduler_gamma"": 0.1, ""scheduler_step"": 8, ""tau"": 3.3333333333333335}",0.8163333333333332,5382.0,1.5392735000156488,1.9799166669448216
DWN,Waveform,"{""batch_size"": 32, ""bits_per_input"": 6, ""epochs"": 15, ""lr"": 0.01, ""n"": 6, ""num_luts_l1"": 1000, ""num_luts_l2"": 500, ""scheduler_gamma"": 0.1, ""scheduler_step"": 8, ""tau"": 3.3333333333333335}",0.8286666666666666,47936.0,7.224697888673593,10.373069633108875
DWN,SatImage,"{""batch_size"": 32, ""bits_per_input"": 2, ""epochs"": 10, ""lr"": 0.01, ""n"": 4, ""num_luts_l1"": 200, ""num_luts_l2"": 100, ""scheduler_gamma"": 0.1, ""scheduler_step"": 8, ""tau"": 3.3333333333333335}",0.8639191290824261,5328.0,1.9693458057008684,1.6623896128073634
DWN,SatImage,"{""batch_size"": 32, ""bits_per_input"": 3, ""epochs"": 15, ""lr"": 0.01, ""n"": 6, ""num_luts_l1"": 500, ""num_luts_l2"": 250, ""scheduler_gamma"": 0.1, ""scheduler_step"": 8, ""tau"": 3.3333333333333335}",0.8913945049248316,23872.0,5.397709014049421,4.338301186430031
DWN,SatImage,"{""batch_size"": 32, ""bits_per_input"": 6, ""epochs"": 15, ""lr"": 0.01, ""n"": 6, ""num_luts_l1"": 1000, ""num_luts_l2"": 500, ""scheduler_gamma"": 0.1, ""scheduler_step"": 8, ""tau"": 3.3333333333333335}",0.9061689994815967,47936.0,9.10739687535291,8.221239737727949
DWN,Pendigits,"{""batch_size"": 32, ""bits_per_input"": 2, ""epochs"": 10, ""lr"": 0.01, ""n"": 4, ""num_luts_l1"": 200, ""num_luts_l2"": 100, ""scheduler_gamma"": 0.1, ""scheduler_step"": 8, ""tau"": 3.3333333333333335}",0.917386690920115,5400.0,2.832128041967129,1.3332889400218153
DWN,Pendigits,"{""batch_size"": 32, ""bits_per_input"": 3, ""epochs"": 15, ""lr"": 0.01, ""n"": 6, ""num_luts_l1"": 500, ""num_luts_l2"": 250, ""scheduler_gamma"": 0.1, ""scheduler_step"": 8, ""tau"": 3.3333333333333335}",0.9793845687433681,24000.0,8.619149472021187,4.595049567423492
DWN,Pendigits,"{""batch_size"": 32, ""bits_per_input"": 6, ""epochs"": 15, ""lr"": 0.01, ""n"": 6, ""num_luts_l1"": 1000, ""num_luts_l2"": 500, ""scheduler_gamma"": 0.1, ""scheduler_step"": 8, ""tau"": 3.3333333333333335}",0.9884796119448233,48000.0,13.312868236020828,9.11058042900335
DWN,Pendigits,"{""batch_size"": 32, ""bits_per_input"": 6, ""epochs"": 20, ""lr"": 0.01, ""n"": 6, ""num_luts_l1"": 2000, ""num_luts_l2"": 1000, ""scheduler_gamma"": 0.1, ""scheduler_step"": 8, ""tau"": 3.3333333333333335}",0.9886311959981811,96000.0,28.64765411064339,27.65757783770796
DWN,EEG Eye State,"{""batch_size"": 32, ""bits_per_input"": 2, ""epochs"": 10, ""lr"": 0.01, ""n"": 4, ""num_luts_l1"": 200, ""num_luts_l2"": 100, ""scheduler_gamma"": 0.1, ""scheduler_step"": 8, ""tau"": 3.3333333333333335}",0.7997329773030707,5400.0,3.7790898053208366,1.1548544732007413
DWN,EEG Eye State,"{""batch_size"": 32, ""bits_per_input"": 3, ""epochs"": 15, ""lr"": 0.01, ""n"": 6, ""num_luts_l1"": 500, ""num_luts_l2"": 250, ""scheduler_gamma"": 0.1, ""scheduler_step"": 8, ""tau"": 3.3333333333333335}",0.8415665331553183,24000.0,11.751984763696479,3.3688807236648266
DWN,EEG Eye State,"{""batch_size"": 32, ""bits_per_input"": 6, ""epochs"": 15, ""lr"": 0.01, ""n"": 6, ""num_luts_l1"": 1000, ""num_luts_l2"": 500, ""scheduler_gamma"": 0.1, ""scheduler_step"": 8, ""tau"": 3.3333333333333335}",0.8782821539830885,48000.0,17.83279990265146,12.847690375312055
DWN,EEG Eye State,"{""batch_size"": 32, ""bits_per_input"": 6, ""epochs"": 20, ""lr"": 0.01, ""n"": 6, ""num_luts_l1"": 2000, ""num_luts_l2"": 1000, ""scheduler_gamma"": 0.1, ""scheduler_step"": 8, ""tau"": 3.3333333333333335}",0.8854027592345349,96000.0,38.162583902672246,38.03545471770307
DWN,Magic Gamma,"{""batch_size"": 32, ""bits_per_input"": 2, ""epochs"": 10, ""lr"": 0.01, ""n"": 4, ""num_luts_l1"": 200, ""num_luts_l2"": 100, ""scheduler_gamma"": 0.1, ""scheduler_step"": 8, ""tau"": 3.3333333333333335}",0.806869961444094,5400.0,4.706303472359044,1.0672902129035569
DWN,Magic Gamma,"{""batch_size"": 32, ""bits_per_input"": 6, ""epochs"": 15, ""lr"": 0.01, ""n"": 6, ""num_luts_l1"": 1000, ""num_luts_l2"": 500, ""scheduler_gamma"": 0.1, ""scheduler_step"": 8, ""tau"": 3.3333333333333335}",0.8165089379600422,48000.0,22.009618138312362,12.170011216423338
DWN,Magic Gamma,"{""batch_size"": 32, ""bits_per_input"": 6, ""epochs"": 20, ""lr"": 0.01, ""n"": 6, ""num_luts_l1"": 2000, ""num_luts_l2"": 1000, ""scheduler_gamma"": 0.1, ""scheduler_step"": 8, ""tau"": 3.3333333333333335}",0.8214160532772521,96000.0,46.597127652649455,34.09128550391434
DWN,Letter Recognition,"{""batch_size"": 32, ""bits_per_input"": 2, ""epochs"": 10, ""lr"": 0.01, ""n"": 4, ""num_luts_l1"": 200, ""num_luts_l2"": 100, ""scheduler_gamma"": 0.1, ""scheduler_step"": 8, ""tau"": 3.3333333333333335}",0.47625,5004.0,4.9302458056481555,1.354475748181964
DWN,Letter Recognition,"{""batch_size"": 32, ""bits_per_input"": 3, ""epochs"": 15, ""lr"": 0.01, ""n"": 6, ""num_luts_l1"": 500, ""num_luts_l2"": 250, ""scheduler_gamma"": 0.1, ""scheduler_step"": 8, ""tau"": 3.3333333333333335}",0.7455833333333334,23488.0,15.651246736058965,6.234177009901032
DWN,Letter Recognition,"{""batch_size"": 32, ""bits_per_input"": 6, ""epochs"": 15, ""lr"": 0.01, ""n"": 6, ""num_luts_l1"": 1000, ""num_luts_l2"": 500, ""scheduler_gamma"": 0.1, ""scheduler_step"": 8, ""tau"": 3.3333333333333335}",0.8801666666666668,47808.0,24.32608613895718,12.915333344911536
DWN,Letter Recognition,"{""batch_size"": 32, ""bits_per_input"": 6, ""epochs"": 20, ""lr"": 0.01, ""n"": 6, ""num_luts_l1"": 2000, ""num_luts_l2"": 1000, ""scheduler_gamma"": 0.1, ""scheduler_step"": 8, ""tau"": 3.3333333333333335}",0.9398333333333332,95616.0,52.08610034668042,36.85146875795908
DWN,phoneme,"{""batch_size"": 32, ""bits_per_input"": 2, ""epochs"": 10, ""lr"": 0.01, ""n"": 4, ""num_luts_l1"": 200, ""num_luts_l2"": 100, ""scheduler_gamma"": 0.1, ""scheduler_step"": 8, ""tau"": 3.3333333333333335}",0.8023435090965156,5400.0,1.2772348613555853,1.999974377726722
DWN,phoneme,"{""batch_size"": 64, ""bits_per_input"": 3, ""epochs"": 50, ""lr"": 0.01, ""n"": 6, ""num_luts_l1"": 500, ""num_luts_l2"": 250, ""scheduler_gamma"": 0.1, ""scheduler_step"": 8, ""tau"": 3.3333333333333335}",0.8208448967005859,24000.0,7.2254629443244385,7.838780751651153
DWN,phoneme,"{""batch_size"": 64, ""bits_per_input"": 6, ""epochs"": 50, ""lr"": 0.01, ""n"": 6, ""num_luts_l1"": 1000, ""num_luts_l2"": 500, ""scheduler_gamma"": 0.1, ""scheduler_step"": 8, ""tau"": 3.3333333333333335}",0.8498304039469627,48000.0,13.328319763958765,18.98379867906202
DWN,phoneme,"{""batch_size"": 64, ""bits_per_input"": 6, ""epochs"": 50, ""lr"": 0.01, ""n"": 6, ""num_luts_l1"": 2000, ""num_luts_l2"": 1000, ""scheduler_gamma"": 0.1, ""scheduler_step"": 8, ""tau"": 3.3333333333333335}",0.8516805427073697,96000.0,24.575511277653277,46.36423308069172
DWN,phoneme,"{""batch_size"": 32, ""bits_per_input"": 200, ""layer_sizes"": [21000, 21000, 21000], ""lr_schedule"": [[0.01, 30], [0.001, 30], [0.0001, 15]], ""n"": 6, ""tau"": 33.333333333333336}",0.9010027443724945,2016042.5,2329.7715059999996,1430.5132590699511
DWN,australian,"{""batch_size"": 32, ""bits_per_input"": 2, ""epochs"": 10, ""lr"": 0.01, ""n"": 4, ""num_luts_l1"": 200, ""num_luts_l2"": 100, ""scheduler_gamma"": 0.1, ""scheduler_step"": 8, ""tau"": 3.3333333333333335}",0.8429951690821257,5400.0,0.18321365300410739,5.836753514347876
DWN,australian,"{""batch_size"": 32, ""bits_per_input"": 2, ""epochs"": 10, ""lr"": 0.01, ""n"": 6, ""num_luts_l1"": 500, ""num_luts_l2"": 250, ""scheduler_gamma"": 0.1, ""scheduler_step"": 8, ""tau"": 3.3333333333333335}",0.852657004830918,24000.0,0.3665667356690392,10.517714905062158
DWN,australian,"{""batch_size"": 32, ""bits_per_input"": 200, ""layer_sizes"": [12000, 12000, 12000], ""lr_schedule"": [[0.01, 30], [0.001, 30], [0.0001, 15]], ""n"": 6, ""tau"": 33.333333333333336}",0.8623333333333334,1152000.0,456.0,
DWN,nomao,"{""batch_size"": 32, ""bits_per_input"": 2, ""epochs"": 10, ""lr"": 0.01, ""n"": 4, ""num_luts_l1"": 200, ""num_luts_l2"": 100, ""scheduler_gamma"": 0.1, ""scheduler_step"": 8, ""tau"": 3.3333333333333335}",0.9472895207698632,5400.0,8.484666763960073,1.237829828959936
DWN,nomao,"{""batch_size"": 32, ""bits_per_input"": 3, ""epochs"": 15, ""lr"": 0.01, ""n"": 6, ""num_luts_l1"": 500, ""num_luts_l2"": 250, ""scheduler_gamma"": 0.1, ""scheduler_step"": 8, ""tau"": 3.3333333333333335}",0.9497557908989797,24000.0,25.501175527654897,6.178355239336406
DWN,nomao,"{""batch_size"": 32, ""bits_per_input"": 6, ""epochs"": 15, ""lr"": 0.01, ""n"": 6, ""num_luts_l1"": 1000, ""num_luts_l2"": 500, ""scheduler_gamma"": 0.1, ""scheduler_step"": 8, ""tau"": 3.3333333333333335}",0.9551719135354707,48000.0,57.869653111323714,11.169223653131779
DWN,nomao,"{""batch_size"": 32, ""bits_per_input"": 6, ""epochs"": 20, ""lr"": 0.01, ""n"": 6, ""num_luts_l1"": 2000, ""num_luts_l2"": 1000, ""scheduler_gamma"": 0.1, ""scheduler_step"": 8, ""tau"": 3.3333333333333335}",0.9578316166158904,96000.0,142.01321141701192,64.36241472667699
DWN,miniboone,"{""batch_size"": 32, ""bits_per_input"": 2, ""epochs"": 10, ""lr"": 0.01, ""n"": 4, ""num_luts_l1"": 200, ""num_luts_l2"": 100, ""scheduler_gamma"": 0.1, ""scheduler_step"": 8, ""tau"": 3.3333333333333335}",0.9177718832891246,5400.0,7.80848044436425,1.66924977181368
DWN,miniboone,"{""batch_size"": 32, ""bits_per_input"": 6, ""epochs"": 15, ""lr"": 0.01, ""n"": 6, ""num_luts_l1"": 1000, ""num_luts_l2"": 500, ""scheduler_gamma"": 0.1, ""scheduler_step"": 8, ""tau"": 3.3333333333333335}",0.9190532938658876,48000.0,42.93887212499976,26.8798725513323
DWN,miniboone,"{""batch_size"": 32, ""bits_per_input"": 6, ""epochs"": 20, ""lr"": 0.01, ""n"": 6, ""num_luts_l1"": 2000, ""num_luts_l2"": 1000, ""scheduler_gamma"": 0.1, ""scheduler_step"": 8, ""tau"": 3.3333333333333335}",0.9223337049424005,96000.0,96.90510349965189,100.73761785649857
DWN,christine,"{""batch_size"": 32, ""bits_per_input"": 2, ""epochs"": 10, ""lr"": 0.01, ""n"": 4, ""num_luts_l1"": 200, ""num_luts_l2"": 100, ""scheduler_gamma"": 0.1, ""scheduler_step"": 8, ""tau"": 3.3333333333333335}",0.6961869618696186,5400.0,5.154457888992813,4.24654025992271
DWN,jasmine,"{""batch_size"": 32, ""bits_per_input"": 2, ""epochs"": 10, ""lr"": 0.01, ""n"": 4, ""num_luts_l1"": 200, ""num_luts_l2"": 100, ""scheduler_gamma"": 0.1, ""scheduler_step"": 8, ""tau"": 3.3333333333333335}",0.7733109994416528,5400.0,1.1338974443109084,2.9210402801349997
DWN,sylvine,"{""batch_size"": 32, ""bits_per_input"": 2, ""epochs"": 10, ""lr"": 0.01, ""n"": 4, ""num_luts_l1"": 200, ""num_luts_l2"": 100, ""scheduler_gamma"": 0.1, ""scheduler_step"": 8, ""tau"": 3.3333333333333335}",0.8878048780487805,5400.0,1.4224353610382725,4.461504049538597
DWN,sylvine,"{""batch_size"": 32, ""bits_per_input"": 3, ""epochs"": 15, ""lr"": 0.01, ""n"": 6, ""num_luts_l1"": 500, ""num_luts_l2"": 250, ""scheduler_gamma"": 0.1, ""scheduler_step"": 8, ""tau"": 3.3333333333333335}",0.9017886178861789,24000.0,4.673776861319008,4.52387547953342
DWN,sylvine,"{""batch_size"": 32, ""bits_per_input"": 6, ""epochs"": 15, ""lr"": 0.01, ""n"": 6, ""num_luts_l1"": 1000, ""num_luts_l2"": 500, ""scheduler_gamma"": 0.1, ""scheduler_step"": 8, ""tau"": 3.3333333333333335}",0.9300813008130081,48000.0,7.234515277591224,5.9051762478865255
DWN,blood-transfusion,"{""batch_size"": 32, ""bits_per_input"": 2, ""epochs"": 10, ""lr"": 0.01, ""n"": 4, ""num_luts_l1"": 200, ""num_luts_l2"": 100, ""scheduler_gamma"": 0.1, ""scheduler_step"": 8, ""tau"": 3.3333333333333335}",0.7533333333333333,5400.0,0.1957258606562391,5.4167599106828375
DWN,blood-transfusion,"{""batch_size"": 32, ""bits_per_input"": 2, ""epochs"": 10, ""lr"": 0.01, ""n"": 6, ""num_luts_l1"": 500, ""num_luts_l2"": 250, ""scheduler_gamma"": 0.1, ""scheduler_step"": 8, ""tau"": 3.3333333333333335}",0.7711111111111112,24000.0,0.36362144428615767,11.449262448069122
DWN,higgs-small,"{""batch_size"": 64, ""bits_per_input"": 2, ""epochs"": 50, ""lr"": 0.01, ""n"": 4, ""num_luts_l1"": 200, ""num_luts_l2"": 100, ""scheduler_gamma"": 0.1, ""scheduler_step"": 8, ""tau"": 3.3333333333333335}",0.6386537480877102,5400.0,16.39159688865766,3.1279342861843875
DWN,skin-segmentation,"{""batch_size"": 32, ""bits_per_input"": 2, ""epochs"": 10, ""lr"": 0.01, ""n"": 4, ""num_luts_l1"": 200, ""num_luts_l2"": 100, ""scheduler_gamma"": 0.1, ""scheduler_step"": 8, ""tau"": 3.3333333333333335}",0.936682173073261,5400.0,5.915835722349584,1.7243087334699894
DWN,skin-segmentation,"{""batch_size"": 32, ""bits_per_input"": 3, ""epochs"": 15, ""lr"": 0.01, ""n"": 6, ""num_luts_l1"": 500, ""num_luts_l2"": 250, ""scheduler_gamma"": 0.1, ""scheduler_step"": 8, ""tau"": 3.3333333333333335}",0.9588944204140483,24000.0,17.857463930655893,4.543349077492247
DWN,skin-segmentation,"{""batch_size"": 32, ""bits_per_input"": 6, ""epochs"": 15, ""lr"": 0.01, ""n"": 6, ""num_luts_l1"": 1000, ""num_luts_l2"": 500, ""scheduler_gamma"": 0.1, ""scheduler_step"": 8, ""tau"": 3.3333333333333335}",0.9773592861612123,48000.0,29.783131818985566,35.64276662241566
DWN,skin-segmentation,"{""batch_size"": 32, ""bits_per_input"": 6, ""epochs"": 20, ""lr"": 0.01, ""n"": 6, ""num_luts_l1"": 2000, ""num_luts_l2"": 1000, ""scheduler_gamma"": 0.1, ""scheduler_step"": 8, ""tau"": 3.3333333333333335}",0.9857517886776028,96000.0,60.0941393613272,82.78897117710541
DT,Iris,"{""ccp_alpha"": 0.01, ""criterion"": ""gini"", ""max_depth"": null, ""min_samples_leaf"": 20, ""min_samples_split"": 50}",0.9466666666666667,1846.0,0.00024924138560891154,0.9324921605487664
DT,Iris,"{""ccp_alpha"": 0.1, ""criterion"": ""gini"", ""max_depth"": null, ""min_samples_leaf"": 5, ""min_samples_split"": 10}",0.9466666666666667,1846.0,0.000265725189819932,0.9755534119904041
DT,Iris,"{""ccp_alpha"": 0.1, ""criterion"": ""gini"", ""max_depth"": null, ""min_samples_leaf"": 20, ""min_samples_split"": 50}",0.9466666666666667,1846.0,0.0002456584246829152,0.9236127759019533
DT,Iris,"{""ccp_alpha"": 0.1, ""criterion"": ""gini"", ""max_depth"": null, ""min_samples_leaf"": 20, ""min_samples_split"": 2}",0.9466666666666667,1846.0,0.000262466398999095,0.9430587912599245
DT,Iris,"{""ccp_alpha"": 0.1, ""criterion"": ""gini"", ""max_depth"": null, ""min_samples_leaf"": 20, ""min_samples_split"": 10}",0.9466666666666667,1846.0,0.00025945801753550767,0.94973249360919
DT,Iris,"{""ccp_alpha"": 0.1, ""criterion"": ""gini"", ""max_depth"": null, ""min_samples_leaf"": 1, ""min_samples_split"": 50}",0.9466666666666667,1846.0,0.0002752251923084259,0.9733337598542372
DT,Iris,"{""ccp_alpha"": 0.1, ""criterion"": ""gini"", ""max_depth"": null, ""min_samples_leaf"": 1, ""min_samples_split"": 2}",0.9466666666666667,1846.0,0.00027077498380094766,0.9411076704661051
DT,Iris,"{""ccp_alpha"": 0.1, ""criterion"": ""gini"", ""max_depth"": null, ""min_samples_leaf"": 1, ""min_samples_split"": 10}",0.9466666666666667,1846.0,0.0002621831838041544,0.9322135398785273
DT,Iris,"{""ccp_alpha"": 0.01, ""criterion"": ""gini"", ""max_depth"": null, ""min_samples_leaf"": 5, ""min_samples_split"": 50}",0.9466666666666667,1846.0,0.0002646084409207106,0.9633329076071581
DT,Iris,"{""ccp_alpha"": 0.1, ""criterion"": ""gini"", ""max_depth"": null, ""min_samples_leaf"": 5, ""min_samples_split"": 2}",0.9466666666666667,1846.0,0.00026357523165643215,0.9416672401130199
DT,Iris,"{""ccp_alpha"": 0.01, ""criterion"": ""gini"", ""max_depth"": null, ""min_samples_leaf"": 20, ""min_samples_split"": 2}",0.9466666666666667,1846.0,0.00027280859649181366,0.9608338586986065
DT,Iris,"{""ccp_alpha"": 0.1, ""criterion"": ""gini"", ""max_depth"": null, ""min_samples_leaf"": 5, ""min_samples_split"": 50}",0.9466666666666667,1846.0,0.00025352500379085543,0.9413800823191802
DT,Iris,"{""ccp_alpha"": 0.01, ""criterion"": ""gini"", ""max_depth"": null, ""min_samples_leaf"": 1, ""min_samples_split"": 50}",0.9466666666666667,1846.0,0.0002515084110200405,0.9200062292317549
DT,Iris,"{""ccp_alpha"": 0.001, ""criterion"": ""gini"", ""max_depth"": null, ""min_samples_leaf"": 5, ""min_samples_split"": 50}",0.9466666666666667,1846.0,0.00025511640124022963,0.9491667151451111
DT,Iris,"{""ccp_alpha"": 0.001, ""criterion"": ""gini"", ""max_depth"": null, ""min_samples_leaf"": 20, ""min_samples_split"": 50}",0.9466666666666667,1846.0,0.00025336681865155696,0.9322259575128555
DT,Iris,"{""ccp_alpha"": 0.001, ""criterion"": ""gini"", ""max_depth"": null, ""min_samples_leaf"": 1, ""min_samples_split"": 50}",0.9466666666666667,1846.0,0.0002572918077930808,0.9450068076451619
DT,Iris,"{""ccp_alpha"": 0.0, ""criterion"": ""gini"", ""max_depth"": null, ""min_samples_leaf"": 5, ""min_samples_split"": 50}",0.9466666666666667,1846.0,0.00024538298603147266,0.9524930889407793
DT,Iris,"{""ccp_alpha"": 0.0, ""criterion"": ""gini"", ""max_depth"": null, ""min_samples_leaf"": 20, ""min_samples_split"": 50}",0.9466666666666667,1846.0,0.00024142523761838675,0.9188932987550895
DT,Iris,"{""ccp_alpha"": 0.0, ""criterion"": ""gini"", ""max_depth"": null, ""min_samples_leaf"": 1, ""min_samples_split"": 50}",0.9466666666666667,1846.0,0.0002480252180248499,0.9508322303493817
DT,Iris,"{""ccp_alpha"": 0.01, ""criterion"": ""gini"", ""max_depth"": null, ""min_samples_leaf"": 20, ""min_samples_split"": 10}",0.9466666666666667,1846.0,0.0002580084139481187,0.9788937556246916
DT,Iris,"{""ccp_alpha"": 0.1, ""criterion"": ""entropy"", ""max_depth"": null, ""min_samples_leaf"": 1, ""min_samples_split"": 10}",0.96,1919.4,0.0002886415692046285,0.9927735663950443
DT,Iris,"{""ccp_alpha"": 0.1, ""criterion"": ""entropy"", ""max_depth"": null, ""min_samples_leaf"": 1, ""min_samples_split"": 2}",0.96,1919.4,0.0002792166080325842,0.9388934510449568
DT,Iris,"{""ccp_alpha"": 0.01, ""criterion"": ""gini"", ""max_depth"": null, ""min_samples_leaf"": 5, ""min_samples_split"": 10}",0.9600000000000002,1986.8,0.00034243317786604167,1.0027720903356871
DT,Iris,"{""ccp_alpha"": 0.01, ""criterion"": ""gini"", ""max_depth"": null, ""min_samples_leaf"": 5, ""min_samples_split"": 2}",0.9600000000000002,1986.8,0.0002596664009615779,0.9205533812443415
DT,Iris,"{""ccp_alpha"": 0.01, ""criterion"": ""gini"", ""max_depth"": null, ""min_samples_leaf"": 1, ""min_samples_split"": 10}",0.9666666666666666,2022.0,0.0002645167987793684,0.9416602551937103
DT,Iris,"{""ccp_alpha"": 0.01, ""criterion"": ""entropy"", ""max_depth"": null, ""min_samples_leaf"": 1, ""min_samples_split"": 10}",0.9666666666666668,2308.4,0.0002957751974463463,0.9558334325750669
DT,Iris,"{""ccp_alpha"": 0.001, ""criterion"": ""entropy"", ""max_depth"": null, ""min_samples_leaf"": 1, ""min_samples_split"": 10}",0.9666666666666668,2308.4,0.00027234179433435204,0.9400063815216223
DT,Iris,"{""ccp_alpha"": 0.0, ""criterion"": ""entropy"", ""max_depth"": null, ""min_samples_leaf"": 1, ""min_samples_split"": 10}",0.9666666666666668,2308.4,0.00026269182562828065,0.9197322651743889
DT,Wine,"{""ccp_alpha"": 0.1, ""criterion"": ""gini"", ""max_depth"": null, ""min_samples_leaf"": 20, ""min_samples_split"": 50}",0.8388888888888889,1846.0,0.00037941657938063146,0.7863395795640018
DT,Wine,"{""ccp_alpha"": 0.1, ""criterion"": ""gini"", ""max_depth"": null, ""min_samples_leaf"": 20, ""min_samples_split"": 2}",0.8388888888888889,1846.0,0.00041569981258362534,0.8474505092534754
DT,Wine,"{""ccp_alpha"": 0.1, ""criterion"": ""gini"", ""max_depth"": null, ""min_samples_leaf"": 20, ""min_samples_split"": 10}",0.8388888888888889,1846.0,0.0003935751970857382,0.7979222573339938
DT,Wine,"{""ccp_alpha"": 0.1, ""criterion"": ""gini"", ""max_depth"": null, ""min_samples_leaf"": 5, ""min_samples_split"": 50}",0.8555555555555555,1881.2,0.0004014833830296993,0.810189845247401
DT,Wine,"{""ccp_alpha"": 0.1, ""criterion"": ""gini"", ""max_depth"": null, ""min_samples_leaf"": 5, ""min_samples_split"": 10}",0.8555555555555555,1881.2,0.00041290842927992343,0.8196718732102048
DT,Wine,"{""ccp_alpha"": 0.1, ""criterion"": ""gini"", ""max_depth"": null, ""min_samples_leaf"": 1, ""min_samples_split"": 50}",0.8555555555555555,1881.2,0.00038974159397184847,0.7902782979524798
DT,Wine,"{""ccp_alpha"": 0.1, ""criterion"": ""gini"", ""max_depth"": null, ""min_samples_leaf"": 1, ""min_samples_split"": 2}",0.8555555555555555,1881.2,0.00044080822262912986,0.7981499139633443
DT,Wine,"{""ccp_alpha"": 0.1, ""criterion"": ""gini"", ""max_depth"": null, ""min_samples_leaf"": 1, ""min_samples_split"": 10}",0.8555555555555555,1881.2,0.00045142523013055327,0.8474498625016874
DT,Wine,"{""ccp_alpha"": 0.1, ""criterion"": ""gini"", ""max_depth"": null, ""min_samples_leaf"": 5, ""min_samples_split"": 2}",0.8555555555555555,1881.2,0.000415017013438046,0.7800932507961988
DT,Wine,"{""ccp_alpha"": 0.0, ""criterion"": ""entropy"", ""max_depth"": null, ""min_samples_leaf"": 5, ""min_samples_split"": 50}",0.888888888888889,2025.0,0.0004025166155770421,0.7766150196807252
DT,Wine,"{""ccp_alpha"": 0.001, ""criterion"": ""entropy"", ""max_depth"": null, ""min_samples_leaf"": 5, ""min_samples_split"": 50}",0.888888888888889,2025.0,0.00040623340755701064,0.7803163801630337
DT,Wine,"{""ccp_alpha"": 0.01, ""criterion"": ""entropy"", ""max_depth"": null, ""min_samples_leaf"": 5, ""min_samples_split"": 50}",0.888888888888889,2025.0,0.00042431680485606195,0.793528225686815
DT,Wine,"{""ccp_alpha"": 0.1, ""criterion"": ""entropy"", ""max_depth"": null, ""min_samples_leaf"": 5, ""min_samples_split"": 50}",0.888888888888889,2025.0,0.0004142586141824722,0.8094932935718033
DT,Wine,"{""ccp_alpha"": 0.0, ""criterion"": ""gini"", ""max_depth"": null, ""min_samples_leaf"": 5, ""min_samples_split"": 50}",0.9,2092.4,0.0003854332026094198,0.799533316037721
DT,Wine,"{""ccp_alpha"": 0.001, ""criterion"": ""gini"", ""max_depth"": null, ""min_samples_leaf"": 5, ""min_samples_split"": 50}",0.9,2092.4,0.00039594119880348444,0.8328604356696208
DT,Wine,"{""ccp_alpha"": 0.01, ""criterion"": ""gini"", ""max_depth"": null, ""min_samples_leaf"": 5, ""min_samples_split"": 50}",0.9,2092.4,0.0004239831818267703,1.0004661615110106
DT,Wine,"{""ccp_alpha"": 0.01, ""criterion"": ""gini"", ""max_depth"": null, ""min_samples_leaf"": 1, ""min_samples_split"": 50}",0.9055555555555556,2128.2,0.00038969176821410654,0.7898236314455669
DT,Wine,"{""ccp_alpha"": 0.001, ""criterion"": ""gini"", ""max_depth"": null, ""min_samples_leaf"": 1, ""min_samples_split"": 50}",0.9055555555555556,2128.2,0.00039646676741540433,0.790739431977272
DT,Wine,"{""ccp_alpha"": 0.0, ""criterion"": ""gini"", ""max_depth"": null, ""min_samples_leaf"": 1, ""min_samples_split"": 50}",0.9055555555555556,2128.2,0.0003863247809931636,0.7900493478195535
DT,Wine,"{""ccp_alpha"": 0.01, ""criterion"": ""gini"", ""max_depth"": null, ""min_samples_leaf"": 5, ""min_samples_split"": 10}",0.9111111111111111,2162.8,0.00041920836083590983,0.8317169785085652
DT,Wine,"{""ccp_alpha"": 0.01, ""criterion"": ""gini"", ""max_depth"": null, ""min_samples_leaf"": 5, ""min_samples_split"": 2}",0.9111111111111111,2162.8,0.0004135670140385628,0.7976829591724608
DT,Wine,"{""ccp_alpha"": 0.01, ""criterion"": ""entropy"", ""max_depth"": null, ""min_samples_leaf"": 1, ""min_samples_split"": 2}",0.9222222222222222,2660.4,0.0004702251637354493,0.7729110721912649
DT,Wine,"{""ccp_alpha"": 0.001, ""criterion"": ""entropy"", ""max_depth"": null, ""min_samples_leaf"": 1, ""min_samples_split"": 2}",0.9222222222222222,2660.4,0.0004779748152941465,0.8152778415630261
DT,Wine,"{""ccp_alpha"": 0.0, ""criterion"": ""entropy"", ""max_depth"": null, ""min_samples_leaf"": 1, ""min_samples_split"": 2}",0.9222222222222222,2660.4,0.0004716334166005254,0.7766163131843011
DT,Wine,"{""ccp_alpha"": 0.01, ""criterion"": ""gini"", ""max_depth"": null, ""min_samples_leaf"": 1, ""min_samples_split"": 2}",0.9333333333333333,2693.8,0.00045596661511808633,0.8106548597829211
DT,Wine,"{""ccp_alpha"": 0.001, ""criterion"": ""gini"", ""max_depth"": null, ""min_samples_leaf"": 1, ""min_samples_split"": 2}",0.9388888888888889,2764.2,0.0004920083796605468,0.905094849359658
DT,Wine,"{""ccp_alpha"": 0.0, ""criterion"": ""gini"", ""max_depth"": null, ""min_samples_leaf"": 1, ""min_samples_split"": 2}",0.9388888888888889,2764.2,0.0005026247818022966,0.9750009566131566
DT,Breast Cancer,"{""ccp_alpha"": 0.1, ""criterion"": ""gini"", ""max_depth"": null, ""min_samples_leaf"": 5, ""min_samples_split"": 50}",0.9017543859649122,1559.0,0.002682741568423808,0.2878669061158833
DT,Breast Cancer,"{""ccp_alpha"": 0.1, ""criterion"": ""gini"", ""max_depth"": null, ""min_samples_leaf"": 5, ""min_samples_split"": 10}",0.9017543859649122,1559.0,0.002755883801728487,0.2997055273960557
DT,Breast Cancer,"{""ccp_alpha"": 0.1, ""criterion"": ""gini"", ""max_depth"": null, ""min_samples_leaf"": 20, ""min_samples_split"": 50}",0.9017543859649122,1559.0,0.002177383447997272,0.2839896631868262
DT,Breast Cancer,"{""ccp_alpha"": 0.1, ""criterion"": ""gini"", ""max_depth"": null, ""min_samples_leaf"": 20, ""min_samples_split"": 2}",0.9017543859649122,1559.0,0.0022034247871488334,0.2768260361463354
DT,Breast Cancer,"{""ccp_alpha"": 0.1, ""criterion"": ""gini"", ""max_depth"": null, ""min_samples_leaf"": 20, ""min_samples_split"": 10}",0.9017543859649122,1559.0,0.0021884749876335263,0.2745612475432848
DT,Breast Cancer,"{""ccp_alpha"": 0.1, ""criterion"": ""gini"", ""max_depth"": null, ""min_samples_leaf"": 1, ""min_samples_split"": 50}",0.9017543859649122,1559.0,0.002887208200991154,0.311986118424357
DT,Breast Cancer,"{""ccp_alpha"": 0.1, ""criterion"": ""gini"", ""max_depth"": null, ""min_samples_leaf"": 1, ""min_samples_split"": 2}",0.9017543859649122,1559.0,0.0030053830472752453,0.2828929083127725
DT,Breast Cancer,"{""ccp_alpha"": 0.1, ""criterion"": ""gini"", ""max_depth"": null, ""min_samples_leaf"": 1, ""min_samples_split"": 10}",0.9017543859649122,1559.0,0.0029381414176896216,0.2725893353814618
DT,Breast Cancer,"{""ccp_alpha"": 0.1, ""criterion"": ""gini"", ""max_depth"": null, ""min_samples_leaf"": 5, ""min_samples_split"": 2}",0.9017543859649122,1559.0,0.0027268329868093133,0.28647707056319505
DT,Breast Cancer,"{""ccp_alpha"": 0.1, ""criterion"": ""entropy"", ""max_depth"": null, ""min_samples_leaf"": 5, ""min_samples_split"": 50}",0.9052631578947368,1659.8,0.0026107084238901736,0.2858192218761695
DT,Breast Cancer,"{""ccp_alpha"": 0.1, ""criterion"": ""entropy"", ""max_depth"": null, ""min_samples_leaf"": 5, ""min_samples_split"": 2}",0.9052631578947368,1659.8,0.002698841830715537,0.2845754160692818
DT,Breast Cancer,"{""ccp_alpha"": 0.1, ""criterion"": ""entropy"", ""max_depth"": null, ""min_samples_leaf"": 5, ""min_samples_split"": 10}",0.9052631578947368,1659.8,0.0027184585807844995,0.29839514019457913
DT,Breast Cancer,"{""ccp_alpha"": 0.1, ""criterion"": ""entropy"", ""max_depth"": null, ""min_samples_leaf"": 20, ""min_samples_split"": 50}",0.9052631578947368,1659.8,0.0023583500180393456,0.2870630276830573
DT,Breast Cancer,"{""ccp_alpha"": 0.1, ""criterion"": ""entropy"", ""max_depth"": null, ""min_samples_leaf"": 20, ""min_samples_split"": 2}",0.9052631578947368,1659.8,0.0023774998262524605,0.28442979479829467
DT,Breast Cancer,"{""ccp_alpha"": 0.1, ""criterion"": ""entropy"", ""max_depth"": null, ""min_samples_leaf"": 1, ""min_samples_split"": 50}",0.9052631578947368,1659.8,0.002684183232486248,0.27887372038604924
DT,Breast Cancer,"{""ccp_alpha"": 0.1, ""criterion"": ""entropy"", ""max_depth"": null, ""min_samples_leaf"": 1, ""min_samples_split"": 2}",0.9052631578947368,1659.8,0.0028572333976626396,0.2793138519975177
DT,Breast Cancer,"{""ccp_alpha"": 0.1, ""criterion"": ""entropy"", ""max_depth"": null, ""min_samples_leaf"": 1, ""min_samples_split"": 10}",0.9052631578947368,1659.8,0.002875916846096516,0.3048998973610108
DT,Breast Cancer,"{""ccp_alpha"": 0.1, ""criterion"": ""entropy"", ""max_depth"": null, ""min_samples_leaf"": 20, ""min_samples_split"": 10}",0.9052631578947368,1659.8,0.002392083196900785,0.2771191168249699
DT,Breast Cancer,"{""ccp_alpha"": 0.01, ""criterion"": ""gini"", ""max_depth"": null, ""min_samples_leaf"": 20, ""min_samples_split"": 50}",0.9087719298245613,1818.0,0.0022322250297293067,0.2905699881937421
DT,Breast Cancer,"{""ccp_alpha"": 0.01, ""criterion"": ""gini"", ""max_depth"": null, ""min_samples_leaf"": 20, ""min_samples_split"": 2}",0.9157894736842105,1850.0,0.0021908499766141176,0.2794594732685047
DT,Breast Cancer,"{""ccp_alpha"": 0.01, ""criterion"": ""gini"", ""max_depth"": null, ""min_samples_leaf"": 20, ""min_samples_split"": 10}",0.9157894736842105,1850.0,0.002189600421115756,0.27880366695554637
DT,Breast Cancer,"{""ccp_alpha"": 0.01, ""criterion"": ""entropy"", ""max_depth"": null, ""min_samples_leaf"": 20, ""min_samples_split"": 50}",0.9333333333333333,2173.0,0.0023596666054800154,0.2772651465707704
DT,Breast Cancer,"{""ccp_alpha"": 0.01, ""criterion"": ""entropy"", ""max_depth"": null, ""min_samples_leaf"": 20, ""min_samples_split"": 2}",0.9403508771929825,2237.0,0.0023893247824162247,0.2991226338372942
DT,Breast Cancer,"{""ccp_alpha"": 0.01, ""criterion"": ""entropy"", ""max_depth"": null, ""min_samples_leaf"": 20, ""min_samples_split"": 10}",0.9403508771929825,2237.0,0.002410417050123215,0.29210503654260384
DT,Breast Cancer,"{""ccp_alpha"": 0.001, ""criterion"": ""gini"", ""max_depth"": 4, ""min_samples_leaf"": 5, ""min_samples_split"": 2}",0.9438596491228071,2653.4,0.002494449797086418,0.2866947876387521
DT,Breast Cancer,"{""ccp_alpha"": 0.001, ""criterion"": ""gini"", ""max_depth"": 4, ""min_samples_leaf"": 5, ""min_samples_split"": 10}",0.9438596491228071,2653.4,0.002492108219303191,0.3050438847327442
DT,Seeds,"{""ccp_alpha"": 0.1, ""criterion"": ""gini"", ""max_depth"": null, ""min_samples_leaf"": 5, ""min_samples_split"": 50}",0.8761904761904761,1605.0,0.0003649250138550997,0.7107194202641647
DT,Seeds,"{""ccp_alpha"": 0.1, ""criterion"": ""gini"", ""max_depth"": null, ""min_samples_leaf"": 5, ""min_samples_split"": 10}",0.8761904761904761,1605.0,0.00035200000274926424,0.6656716799452191
DT,Seeds,"{""ccp_alpha"": 0.1, ""criterion"": ""gini"", ""max_depth"": null, ""min_samples_leaf"": 20, ""min_samples_split"": 50}",0.8761904761904761,1605.0,0.0003439666237682104,0.7128941693476267
DT,Seeds,"{""ccp_alpha"": 0.1, ""criterion"": ""gini"", ""max_depth"": null, ""min_samples_leaf"": 20, ""min_samples_split"": 2}",0.8761904761904761,1605.0,0.0003453834215179086,0.6831323151432332
DT,Seeds,"{""ccp_alpha"": 0.1, ""criterion"": ""gini"", ""max_depth"": null, ""min_samples_leaf"": 20, ""min_samples_split"": 10}",0.8761904761904761,1605.0,0.00035750819370150566,0.6928613098959129
DT,Seeds,"{""ccp_alpha"": 0.1, ""criterion"": ""gini"", ""max_depth"": null, ""min_samples_leaf"": 1, ""min_samples_split"": 50}",0.8761904761904761,1605.0,0.00035399179905653,0.682743155353126
DT,Seeds,"{""ccp_alpha"": 0.1, ""criterion"": ""gini"", ""max_depth"": null, ""min_samples_leaf"": 1, ""min_samples_split"": 2}",0.8761904761904761,1605.0,0.00038297479040920733,0.6900850816496782
DT,Seeds,"{""ccp_alpha"": 0.1, ""criterion"": ""gini"", ""max_depth"": null, ""min_samples_leaf"": 1, ""min_samples_split"": 10}",0.8761904761904761,1605.0,0.0003725666319951415,0.7168617143872237
DT,Seeds,"{""ccp_alpha"": 0.1, ""criterion"": ""gini"", ""max_depth"": null, ""min_samples_leaf"": 5, ""min_samples_split"": 2}",0.8761904761904761,1605.0,0.0003725916147232056,0.7194527868358861
DT,Seeds,"{""ccp_alpha"": 0.1, ""criterion"": ""entropy"", ""max_depth"": null, ""min_samples_leaf"": 5, ""min_samples_split"": 50}",0.8857142857142858,1608.0,0.0003753497963771224,0.6815429688209579
DT,Seeds,"{""ccp_alpha"": 0.1, ""criterion"": ""entropy"", ""max_depth"": null, ""min_samples_leaf"": 5, ""min_samples_split"": 2}",0.8857142857142858,1608.0,0.0003809165908023715,0.6636854128113815
DT,Seeds,"{""ccp_alpha"": 0.1, ""criterion"": ""entropy"", ""max_depth"": null, ""min_samples_leaf"": 5, ""min_samples_split"": 10}",0.8857142857142858,1608.0,0.0003820164129137993,0.6732142840822538
DT,Seeds,"{""ccp_alpha"": 0.1, ""criterion"": ""entropy"", ""max_depth"": null, ""min_samples_leaf"": 20, ""min_samples_split"": 50}",0.8857142857142858,1608.0,0.0003499831538647413,0.6803577499730247
DT,Seeds,"{""ccp_alpha"": 0.1, ""criterion"": ""entropy"", ""max_depth"": null, ""min_samples_leaf"": 20, ""min_samples_split"": 10}",0.8857142857142858,1608.0,0.00035270799417048694,0.679562245273874
DT,Seeds,"{""ccp_alpha"": 0.1, ""criterion"": ""entropy"", ""max_depth"": null, ""min_samples_leaf"": 1, ""min_samples_split"": 50}",0.8857142857142858,1608.0,0.0003640833543613553,0.6738057847888697
DT,Seeds,"{""ccp_alpha"": 0.1, ""criterion"": ""entropy"", ""max_depth"": null, ""min_samples_leaf"": 1, ""min_samples_split"": 2}",0.8857142857142858,1608.0,0.0004078752128407359,0.6892807072117215
DT,Seeds,"{""ccp_alpha"": 0.1, ""criterion"": ""entropy"", ""max_depth"": null, ""min_samples_leaf"": 1, ""min_samples_split"": 10}",0.8857142857142858,1608.0,0.00039689140394330027,0.673014714959122
DT,Seeds,"{""ccp_alpha"": 0.1, ""criterion"": ""entropy"", ""max_depth"": null, ""min_samples_leaf"": 20, ""min_samples_split"": 2}",0.8857142857142858,1608.0,0.0003582663834095001,0.6700383632310799
DT,Seeds,"{""ccp_alpha"": 0.01, ""criterion"": ""gini"", ""max_depth"": null, ""min_samples_leaf"": 5, ""min_samples_split"": 50}",0.8904761904761905,1851.4,0.0003705581650137901,0.710709441808008
DT,Seeds,"{""ccp_alpha"": 0.01, ""criterion"": ""gini"", ""max_depth"": 4, ""min_samples_leaf"": 5, ""min_samples_split"": 2}",0.9095238095238095,1922.8,0.0003641251940280199,0.6962334737181664
DT,Seeds,"{""ccp_alpha"": 0.01, ""criterion"": ""gini"", ""max_depth"": 4, ""min_samples_leaf"": 5, ""min_samples_split"": 10}",0.9095238095238095,1922.8,0.0003834916045889258,0.710518742423682
DT,Seeds,"{""ccp_alpha"": 0.01, ""criterion"": ""gini"", ""max_depth"": null, ""min_samples_leaf"": 5, ""min_samples_split"": 2}",0.9142857142857143,1957.6,0.0003594668349251151,0.6791664331796624
DT,Seeds,"{""ccp_alpha"": 0.01, ""criterion"": ""gini"", ""max_depth"": null, ""min_samples_leaf"": 5, ""min_samples_split"": 10}",0.9142857142857143,1957.6,0.0003548084059730172,0.6739998103252478
DT,Seeds,"{""ccp_alpha"": 0.01, ""criterion"": ""gini"", ""max_depth"": null, ""min_samples_leaf"": 1, ""min_samples_split"": 10}",0.9238095238095237,2171.2,0.0004027749877423048,0.707347256441911
DT,Seeds,"{""ccp_alpha"": 0.01, ""criterion"": ""gini"", ""max_depth"": null, ""min_samples_leaf"": 1, ""min_samples_split"": 2}",0.9285714285714285,2347.2,0.00040052484255284073,0.6837293594366027
DT,Glass,"{""ccp_alpha"": 0.1, ""criterion"": ""gini"", ""max_depth"": null, ""min_samples_leaf"": 5, ""min_samples_split"": 50}",0.48372093023255813,1970.0,0.00045722501818090677,0.666861075821311
DT,Glass,"{""ccp_alpha"": 0.1, ""criterion"": ""gini"", ""max_depth"": null, ""min_samples_leaf"": 1, ""min_samples_split"": 10}",0.48372093023255813,1970.0,0.0005483831511810422,0.6717077434756035
DT,Glass,"{""ccp_alpha"": 0.1, ""criterion"": ""gini"", ""max_depth"": null, ""min_samples_leaf"": 1, ""min_samples_split"": 2}",0.48372093023255813,1970.0,0.000578983430750668,0.6881824066472608
DT,Glass,"{""ccp_alpha"": 0.1, ""criterion"": ""gini"", ""max_depth"": null, ""min_samples_leaf"": 1, ""min_samples_split"": 50}",0.48372093023255813,1970.0,0.0004435500130057335,0.6614323315578838
DT,Glass,"{""ccp_alpha"": 0.1, ""criterion"": ""gini"", ""max_depth"": null, ""min_samples_leaf"": 5, ""min_samples_split"": 2}",0.48372093023255813,1970.0,0.000509141362272203,0.6684091288683026
DT,Glass,"{""ccp_alpha"": 0.1, ""criterion"": ""gini"", ""max_depth"": null, ""min_samples_leaf"": 20, ""min_samples_split"": 2}",0.48372093023255813,1970.0,0.0004149584099650383,0.6474836101365644
DT,Glass,"{""ccp_alpha"": 0.1, ""criterion"": ""gini"", ""max_depth"": null, ""min_samples_leaf"": 20, ""min_samples_split"": 50}",0.48372093023255813,1970.0,0.0003938667941838503,0.6544647391798885
DT,Glass,"{""ccp_alpha"": 0.1, ""criterion"": ""gini"", ""max_depth"": null, ""min_samples_leaf"": 5, ""min_samples_split"": 10}",0.48372093023255813,1970.0,0.0005129582015797496,0.670338915877564
DT,Glass,"{""ccp_alpha"": 0.1, ""criterion"": ""gini"", ""max_depth"": null, ""min_samples_leaf"": 20, ""min_samples_split"": 10}",0.48372093023255813,1970.0,0.00041350799147039653,0.6722838639519935
DT,Glass,"{""ccp_alpha"": 0.1, ""criterion"": ""entropy"", ""max_depth"": null, ""min_samples_leaf"": 20, ""min_samples_split"": 50}",0.5581395348837208,2245.4,0.00039290019776672125,0.6800419975851858
DT,Glass,"{""ccp_alpha"": 0.1, ""criterion"": ""entropy"", ""max_depth"": null, ""min_samples_leaf"": 1, ""min_samples_split"": 50}",0.5581395348837208,2245.4,0.00043950818944722415,0.6765533281966698
DT,Glass,"{""ccp_alpha"": 0.1, ""criterion"": ""entropy"", ""max_depth"": null, ""min_samples_leaf"": 5, ""min_samples_split"": 50}",0.5581395348837208,2245.4,0.0004418332129716873,0.6912801371410835
DT,Glass,"{""ccp_alpha"": 0.1, ""criterion"": ""entropy"", ""max_depth"": null, ""min_samples_leaf"": 20, ""min_samples_split"": 2}",0.6,2427.0,0.0004277665866538882,0.6777115252821944
DT,Glass,"{""ccp_alpha"": 0.1, ""criterion"": ""entropy"", ""max_depth"": null, ""min_samples_leaf"": 20, ""min_samples_split"": 10}",0.6,2427.0,0.00041615800000727177,0.6858513928776564
DT,Glass,"{""ccp_alpha"": 0.1, ""criterion"": ""entropy"", ""max_depth"": null, ""min_samples_leaf"": 1, ""min_samples_split"": 2}",0.627906976744186,2606.2,0.0006499918177723885,0.7052277756291767
DT,Glass,"{""ccp_alpha"": 0.1, ""criterion"": ""entropy"", ""max_depth"": null, ""min_samples_leaf"": 5, ""min_samples_split"": 2}",0.627906976744186,2606.2,0.0005549834342673421,0.680228803566722
DT,Glass,"{""ccp_alpha"": 0.1, ""criterion"": ""entropy"", ""max_depth"": null, ""min_samples_leaf"": 5, ""min_samples_split"": 10}",0.627906976744186,2606.2,0.0005590081913396716,0.7063946361805117
DT,Glass,"{""ccp_alpha"": 0.1, ""criterion"": ""entropy"", ""max_depth"": null, ""min_samples_leaf"": 1, ""min_samples_split"": 10}",0.627906976744186,2606.2,0.0006090083857998252,0.6833254511273185
DT,Glass,"{""ccp_alpha"": 0.01, ""criterion"": ""gini"", ""max_depth"": 4, ""min_samples_leaf"": 5, ""min_samples_split"": 50}",0.6604651162790698,2917.8,0.0004077918361872435,0.6914745236552038
DT,Glass,"{""ccp_alpha"": 0.01, ""criterion"": ""gini"", ""max_depth"": 4, ""min_samples_leaf"": 1, ""min_samples_split"": 50}",0.6604651162790698,2917.8,0.0004192416090518236,0.682948590364567
DT,Glass,"{""ccp_alpha"": 0.001, ""criterion"": ""gini"", ""max_depth"": 4, ""min_samples_leaf"": 5, ""min_samples_split"": 50}",0.6604651162790698,2917.8,0.00040612500160932543,0.6757719918738965
DT,Glass,"{""ccp_alpha"": 0.001, ""criterion"": ""gini"", ""max_depth"": 4, ""min_samples_leaf"": 1, ""min_samples_split"": 50}",0.6604651162790698,2917.8,0.00043184980750083924,0.7009626431174057
DT,Glass,"{""ccp_alpha"": 0.0, ""criterion"": ""gini"", ""max_depth"": 4, ""min_samples_leaf"": 5, ""min_samples_split"": 50}",0.6604651162790698,2917.8,0.0003997082123532891,0.6718977982568186
DT,Glass,"{""ccp_alpha"": 0.0, ""criterion"": ""gini"", ""max_depth"": 4, ""min_samples_leaf"": 1, ""min_samples_split"": 50}",0.6604651162790698,2917.8,0.00042019197717309,0.7125949703676756
DT,Glass,"{""ccp_alpha"": 0.01, ""criterion"": ""gini"", ""max_depth"": null, ""min_samples_leaf"": 1, ""min_samples_split"": 50}",0.6744186046511628,3230.4,0.000439558201469481,0.6815911335654037
DT,Glass,"{""ccp_alpha"": 0.01, ""criterion"": ""gini"", ""max_depth"": null, ""min_samples_leaf"": 5, ""min_samples_split"": 50}",0.6744186046511628,3230.4,0.0004496582318097353,0.7125900971681572
DT,Glass,"{""ccp_alpha"": 0.01, ""criterion"": ""gini"", ""max_depth"": null, ""min_samples_leaf"": 5, ""min_samples_split"": 2}",0.6790697674418605,4664.0,0.0005204749759286642,0.7542700311818787
DT,Glass,"{""ccp_alpha"": 0.01, ""criterion"": ""gini"", ""max_depth"": null, ""min_samples_leaf"": 5, ""min_samples_split"": 10}",0.6790697674418605,4664.0,0.0005159582011401654,0.7001905117270558
DT,Glass,"{""ccp_alpha"": 0.01, ""criterion"": ""gini"", ""max_depth"": 8, ""min_samples_leaf"": 1, ""min_samples_split"": 10}",0.6837209302325582,5695.4,0.0005443251924589276,0.7075636625982995
DT,Glass,"{""ccp_alpha"": 0.01, ""criterion"": ""entropy"", ""max_depth"": null, ""min_samples_leaf"": 5, ""min_samples_split"": 2}",0.702325581395349,6190.2,0.0005618499824777245,0.7021300451353538
DT,Glass,"{""ccp_alpha"": 0.01, ""criterion"": ""entropy"", ""max_depth"": null, ""min_samples_leaf"": 5, ""min_samples_split"": 10}",0.702325581395349,6190.2,0.0005473581841215491,0.6872142643429513
DT,Glass,"{""ccp_alpha"": 0.01, ""criterion"": ""entropy"", ""max_depth"": 8, ""min_samples_leaf"": 1, ""min_samples_split"": 10}",0.7162790697674418,6684.0,0.0006234666099771858,0.7445718226737755
DT,Glass,"{""ccp_alpha"": 0.001, ""criterion"": ""entropy"", ""max_depth"": 8, ""min_samples_leaf"": 1, ""min_samples_split"": 10}",0.7162790697674418,6684.0,0.0006188000319525599,0.7052331902953082
DT,Glass,"{""ccp_alpha"": 0.0, ""criterion"": ""entropy"", ""max_depth"": 8, ""min_samples_leaf"": 1, ""min_samples_split"": 10}",0.7162790697674418,6684.0,0.0006157750263810158,0.7048471246001332
DT,Haberman,"{""ccp_alpha"": 0.1, ""criterion"": ""gini"", ""max_depth"": null, ""min_samples_leaf"": 1, ""min_samples_split"": 10}",0.7419354838709677,1238.0,0.00035749180242419245,0.48898002733626666
DT,Haberman,"{""ccp_alpha"": 0.1, ""criterion"": ""gini"", ""max_depth"": null, ""min_samples_leaf"": 1, ""min_samples_split"": 2}",0.7419354838709677,1238.0,0.0003660500282421708,0.4456964351477161
DT,Haberman,"{""ccp_alpha"": 0.1, ""criterion"": ""gini"", ""max_depth"": null, ""min_samples_leaf"": 1, ""min_samples_split"": 50}",0.7419354838709677,1238.0,0.0002842999994754791,0.4418006527327722
DT,Haberman,"{""ccp_alpha"": 0.1, ""criterion"": ""gini"", ""max_depth"": null, ""min_samples_leaf"": 20, ""min_samples_split"": 10}",0.7419354838709677,1238.0,0.00026735018473118545,0.44341244164013094
DT,Haberman,"{""ccp_alpha"": 0.1, ""criterion"": ""gini"", ""max_depth"": null, ""min_samples_leaf"": 20, ""min_samples_split"": 2}",0.7419354838709677,1238.0,0.00028184999246150255,0.45080706777591856
DT,Haberman,"{""ccp_alpha"": 0.1, ""criterion"": ""gini"", ""max_depth"": null, ""min_samples_leaf"": 20, ""min_samples_split"": 50}",0.7419354838709677,1238.0,0.0002647001761943102,0.4474520533075256
DT,Haberman,"{""ccp_alpha"": 0.1, ""criterion"": ""gini"", ""max_depth"": null, ""min_samples_leaf"": 5, ""min_samples_split"": 10}",0.7419354838709677,1238.0,0.0003540161997079849,0.5209713333076047
DT,Haberman,"{""ccp_alpha"": 0.1, ""criterion"": ""gini"", ""max_depth"": null, ""min_samples_leaf"": 5, ""min_samples_split"": 2}",0.7419354838709677,1238.0,0.000322224828414619,0.45510654848429455
DT,Haberman,"{""ccp_alpha"": 0.1, ""criterion"": ""gini"", ""max_depth"": null, ""min_samples_leaf"": 5, ""min_samples_split"": 50}",0.7419354838709677,1238.0,0.0002949915826320648,0.4625034278198596
DT,Haberman,"{""ccp_alpha"": 0.0, ""criterion"": ""gini"", ""max_depth"": 4, ""min_samples_leaf"": 20, ""min_samples_split"": 50}",0.7516129032258065,2234.0,0.0002487669931724668,0.4509381288962979
DT,Haberman,"{""ccp_alpha"": 0.001, ""criterion"": ""gini"", ""max_depth"": 4, ""min_samples_leaf"": 20, ""min_samples_split"": 50}",0.7516129032258065,2234.0,0.000255966791883111,0.46277118306006154
DT,Haberman,"{""ccp_alpha"": 0.001, ""criterion"": ""gini"", ""max_depth"": 4, ""min_samples_leaf"": 1, ""min_samples_split"": 10}",0.7612903225806452,2717.0,0.00028347517363727095,0.4753999922785067
DT,Ecoli,"{""ccp_alpha"": 0.1, ""criterion"": ""gini"", ""max_depth"": null, ""min_samples_leaf"": 5, ""min_samples_split"": 50}",0.7529411764705882,1892.0,0.00042754157911986115,0.4395852824125219
DT,Ecoli,"{""ccp_alpha"": 0.1, ""criterion"": ""gini"", ""max_depth"": null, ""min_samples_leaf"": 5, ""min_samples_split"": 10}",0.7529411764705882,1892.0,0.0004429752007126808,0.43235280934502096
DT,Ecoli,"{""ccp_alpha"": 0.1, ""criterion"": ""gini"", ""max_depth"": null, ""min_samples_leaf"": 20, ""min_samples_split"": 50}",0.7529411764705882,1892.0,0.00036484182346612214,0.43933567426660486
DT,Ecoli,"{""ccp_alpha"": 0.1, ""criterion"": ""gini"", ""max_depth"": null, ""min_samples_leaf"": 20, ""min_samples_split"": 2}",0.7529411764705882,1892.0,0.0003906749887391925,0.4862733048332088
DT,Ecoli,"{""ccp_alpha"": 0.1, ""criterion"": ""gini"", ""max_depth"": null, ""min_samples_leaf"": 20, ""min_samples_split"": 10}",0.7529411764705882,1892.0,0.0005474332021549344,0.7578414892229963
DT,Ecoli,"{""ccp_alpha"": 0.1, ""criterion"": ""gini"", ""max_depth"": null, ""min_samples_leaf"": 1, ""min_samples_split"": 50}",0.7529411764705882,1892.0,0.00042181683238595724,0.47622358097749595
DT,Ecoli,"{""ccp_alpha"": 0.1, ""criterion"": ""gini"", ""max_depth"": null, ""min_samples_leaf"": 1, ""min_samples_split"": 2}",0.7529411764705882,1892.0,0.0005113086197525262,0.42916713830302744
DT,Ecoli,"{""ccp_alpha"": 0.1, ""criterion"": ""gini"", ""max_depth"": null, ""min_samples_leaf"": 1, ""min_samples_split"": 10}",0.7529411764705882,1892.0,0.0004878999898210168,0.4356617436689489
DT,Ecoli,"{""ccp_alpha"": 0.1, ""criterion"": ""gini"", ""max_depth"": null, ""min_samples_leaf"": 5, ""min_samples_split"": 2}",0.7529411764705882,1892.0,0.00044490813743323086,0.4388494690989747
DT,Ecoli,"{""ccp_alpha"": 0.1, ""criterion"": ""entropy"", ""max_depth"": null, ""min_samples_leaf"": 20, ""min_samples_split"": 50}",0.7558823529411764,2253.4,0.00038774996064603327,0.4363937906044371
DT,Ecoli,"{""ccp_alpha"": 0.1, ""criterion"": ""entropy"", ""max_depth"": null, ""min_samples_leaf"": 20, ""min_samples_split"": 10}",0.7558823529411764,2253.4,0.0005068498430773616,1.131373402826926
DT,Ecoli,"{""ccp_alpha"": 0.1, ""criterion"": ""entropy"", ""max_depth"": null, ""min_samples_leaf"": 20, ""min_samples_split"": 2}",0.7558823529411764,2253.4,0.0004378250101581216,0.44093227616566066
DT,Ecoli,"{""ccp_alpha"": 0.1, ""criterion"": ""entropy"", ""max_depth"": null, ""min_samples_leaf"": 5, ""min_samples_split"": 50}",0.7676470588235293,2355.8,0.0004796335939317942,0.4899592193610528
DT,Ecoli,"{""ccp_alpha"": 0.1, ""criterion"": ""entropy"", ""max_depth"": null, ""min_samples_leaf"": 1, ""min_samples_split"": 50}",0.7676470588235293,2355.8,0.00045054159127175806,0.4349231911713586
DT,Ecoli,"{""ccp_alpha"": 0.01, ""criterion"": ""gini"", ""max_depth"": null, ""min_samples_leaf"": 20, ""min_samples_split"": 50}",0.7705882352941177,2455.2,0.0003771250369027257,0.4497558727641316
DT,Ecoli,"{""ccp_alpha"": 0.1, ""criterion"": ""entropy"", ""max_depth"": null, ""min_samples_leaf"": 1, ""min_samples_split"": 2}",0.776470588235294,2458.2,0.0005854418268427253,0.442646662978565
DT,Ecoli,"{""ccp_alpha"": 0.1, ""criterion"": ""entropy"", ""max_depth"": null, ""min_samples_leaf"": 1, ""min_samples_split"": 10}",0.776470588235294,2458.2,0.0005521083949133754,0.43235280934502096
DT,Ecoli,"{""ccp_alpha"": 0.1, ""criterion"": ""entropy"", ""max_depth"": null, ""min_samples_leaf"": 5, ""min_samples_split"": 10}",0.776470588235294,2458.2,0.0005066748009994626,0.4415468805853058
DT,Ecoli,"{""ccp_alpha"": 0.1, ""criterion"": ""entropy"", ""max_depth"": null, ""min_samples_leaf"": 5, ""min_samples_split"": 2}",0.776470588235294,2458.2,0.0004991834051907062,0.43455819489763065
DT,Ecoli,"{""ccp_alpha"": 0.01, ""criterion"": ""gini"", ""max_depth"": null, ""min_samples_leaf"": 5, ""min_samples_split"": 50}",0.7852941176470588,2608.8,0.0004077250137925148,0.4662943812196746
DT,Ecoli,"{""ccp_alpha"": 0.01, ""criterion"": ""gini"", ""max_depth"": null, ""min_samples_leaf"": 1, ""min_samples_split"": 50}",0.7852941176470588,2608.8,0.00042292498983442783,0.47058770980905085
DT,Ecoli,"{""ccp_alpha"": 0.001, ""criterion"": ""gini"", ""max_depth"": null, ""min_samples_leaf"": 20, ""min_samples_split"": 2}",0.7941176470588236,3172.0,0.0003990749595686793,0.5012234289418249
DT,Ecoli,"{""ccp_alpha"": 0.001, ""criterion"": ""gini"", ""max_depth"": null, ""min_samples_leaf"": 20, ""min_samples_split"": 10}",0.7941176470588236,3172.0,0.00039290802087634804,0.4546583274050671
DT,Ecoli,"{""ccp_alpha"": 0.01, ""criterion"": ""gini"", ""max_depth"": 4, ""min_samples_leaf"": 5, ""min_samples_split"": 2}",0.8294117647058824,3275.4,0.0004116414114832878,0.43271780561874895
DT,Ecoli,"{""ccp_alpha"": 0.01, ""criterion"": ""gini"", ""max_depth"": 4, ""min_samples_leaf"": 5, ""min_samples_split"": 10}",0.8294117647058824,3275.4,0.00040117502212524416,0.4474258543375661
DT,Ecoli,"{""ccp_alpha"": 0.01, ""criterion"": ""gini"", ""max_depth"": 4, ""min_samples_leaf"": 1, ""min_samples_split"": 2}",0.8352941176470589,3377.8,0.00041441698558628557,0.44497942058917356
DT,Ionosphere,"{""ccp_alpha"": 0.1, ""criterion"": ""gini"", ""max_depth"": null, ""min_samples_leaf"": 5, ""min_samples_split"": 50}",0.8676056338028169,1528.4,0.0015856004087254406,0.46737210064286916
DT,Ionosphere,"{""ccp_alpha"": 0.1, ""criterion"": ""gini"", ""max_depth"": null, ""min_samples_leaf"": 5, ""min_samples_split"": 10}",0.8676056338028169,1528.4,0.0017153084278106689,0.4345075633953995
DT,Ionosphere,"{""ccp_alpha"": 0.1, ""criterion"": ""gini"", ""max_depth"": null, ""min_samples_leaf"": 20, ""min_samples_split"": 50}",0.8676056338028169,1528.4,0.0012492082081735135,0.4259407074308731
DT,Ionosphere,"{""ccp_alpha"": 0.1, ""criterion"": ""gini"", ""max_depth"": null, ""min_samples_leaf"": 20, ""min_samples_split"": 2}",0.8676056338028169,1528.4,0.0012819747440516948,0.4238281792528193
DT,Ionosphere,"{""ccp_alpha"": 0.1, ""criterion"": ""gini"", ""max_depth"": null, ""min_samples_leaf"": 20, ""min_samples_split"": 10}",0.8676056338028169,1528.4,0.00131315840408206,0.45668976512593285
DT,Ionosphere,"{""ccp_alpha"": 0.1, ""criterion"": ""gini"", ""max_depth"": null, ""min_samples_leaf"": 1, ""min_samples_split"": 50}",0.8676056338028169,1528.4,0.002625883393920958,0.43509587068373046
DT,Ionosphere,"{""ccp_alpha"": 0.1, ""criterion"": ""gini"", ""max_depth"": null, ""min_samples_leaf"": 1, ""min_samples_split"": 2}",0.8676056338028169,1528.4,0.0025297918124124407,0.42898882127983473
DT,Ionosphere,"{""ccp_alpha"": 0.1, ""criterion"": ""gini"", ""max_depth"": null, ""min_samples_leaf"": 1, ""min_samples_split"": 10}",0.8676056338028169,1528.4,0.0027388331945985556,0.47042218207473485
DT,Ionosphere,"{""ccp_alpha"": 0.1, ""criterion"": ""gini"", ""max_depth"": null, ""min_samples_leaf"": 5, ""min_samples_split"": 2}",0.8676056338028169,1528.4,0.001714433217421174,0.45856618335549265
DT,Ionosphere,"{""ccp_alpha"": 0.1, ""criterion"": ""entropy"", ""max_depth"": null, ""min_samples_leaf"": 5, ""min_samples_split"": 50}",0.895774647887324,1564.0,0.001542308204807341,0.4396764036845154
DT,Ionosphere,"{""ccp_alpha"": 0.1, ""criterion"": ""entropy"", ""max_depth"": null, ""min_samples_leaf"": 5, ""min_samples_split"": 10}",0.895774647887324,1564.0,0.0017258502077311278,0.45763125354555284
DT,Ionosphere,"{""ccp_alpha"": 0.1, ""criterion"": ""entropy"", ""max_depth"": null, ""min_samples_leaf"": 20, ""min_samples_split"": 50}",0.895774647887324,1564.0,0.0013991332380101085,0.4404955740335962
DT,Ionosphere,"{""ccp_alpha"": 0.1, ""criterion"": ""entropy"", ""max_depth"": null, ""min_samples_leaf"": 20, ""min_samples_split"": 2}",0.895774647887324,1564.0,0.0014696664176881314,0.4271127309807589
DT,Ionosphere,"{""ccp_alpha"": 0.1, ""criterion"": ""entropy"", ""max_depth"": null, ""min_samples_leaf"": 20, ""min_samples_split"": 10}",0.895774647887324,1564.0,0.0014719166094437242,0.4492955885722603
DT,Ionosphere,"{""ccp_alpha"": 0.1, ""criterion"": ""entropy"", ""max_depth"": null, ""min_samples_leaf"": 1, ""min_samples_split"": 50}",0.895774647887324,1564.0,0.0017910665832459927,0.4382649908812953
DT,Ionosphere,"{""ccp_alpha"": 0.1, ""criterion"": ""entropy"", ""max_depth"": null, ""min_samples_leaf"": 1, ""min_samples_split"": 2}",0.895774647887324,1564.0,0.002038233377970755,0.43357197772449163
DT,Ionosphere,"{""ccp_alpha"": 0.1, ""criterion"": ""entropy"", ""max_depth"": null, ""min_samples_leaf"": 1, ""min_samples_split"": 10}",0.895774647887324,1564.0,0.002020800160244107,0.4619687900576793
DT,Ionosphere,"{""ccp_alpha"": 0.1, ""criterion"": ""entropy"", ""max_depth"": null, ""min_samples_leaf"": 5, ""min_samples_split"": 2}",0.895774647887324,1564.0,0.0017329249996691943,0.43709001595705327
DT,Ionosphere,"{""ccp_alpha"": 0.01, ""criterion"": ""gini"", ""max_depth"": null, ""min_samples_leaf"": 1, ""min_samples_split"": 50}",0.9014084507042254,1817.0,0.002649808186106384,0.4362705176774885
DT,Balance Scale,"{""ccp_alpha"": 0.1, ""criterion"": ""gini"", ""max_depth"": null, ""min_samples_leaf"": 5, ""min_samples_split"": 50}",0.45600000000000007,1250.0,0.0003776834113523364,0.23413263261318207
DT,Balance Scale,"{""ccp_alpha"": 0.1, ""criterion"": ""gini"", ""max_depth"": null, ""min_samples_leaf"": 5, ""min_samples_split"": 10}",0.45600000000000007,1250.0,0.00038416660390794277,0.2306656911969185
DT,Balance Scale,"{""ccp_alpha"": 0.1, ""criterion"": ""gini"", ""max_depth"": null, ""min_samples_leaf"": 20, ""min_samples_split"": 50}",0.45600000000000007,1250.0,0.0003427668008953333,0.23426562547683716
DT,Balance Scale,"{""ccp_alpha"": 0.1, ""criterion"": ""gini"", ""max_depth"": null, ""min_samples_leaf"": 20, ""min_samples_split"": 2}",0.45600000000000007,1250.0,0.00038761640898883344,0.26493482291698456
DT,Balance Scale,"{""ccp_alpha"": 0.1, ""criterion"": ""gini"", ""max_depth"": null, ""min_samples_leaf"": 20, ""min_samples_split"": 10}",0.45600000000000007,1250.0,0.0003437417559325695,0.23106858134269714
DT,Balance Scale,"{""ccp_alpha"": 0.1, ""criterion"": ""gini"", ""max_depth"": null, ""min_samples_leaf"": 1, ""min_samples_split"": 50}",0.45600000000000007,1250.0,0.0003608996281400323,0.2331981435418129
DT,Balance Scale,"{""ccp_alpha"": 0.1, ""criterion"": ""gini"", ""max_depth"": null, ""min_samples_leaf"": 1, ""min_samples_split"": 2}",0.45600000000000007,1250.0,0.0005075080087408423,0.2518000081181526
DT,Balance Scale,"{""ccp_alpha"": 0.1, ""criterion"": ""gini"", ""max_depth"": null, ""min_samples_leaf"": 1, ""min_samples_split"": 10}",0.45600000000000007,1250.0,0.0003891336265951395,0.23713409900665283
DT,Balance Scale,"{""ccp_alpha"": 0.1, ""criterion"": ""gini"", ""max_depth"": null, ""min_samples_leaf"": 5, ""min_samples_split"": 2}",0.45600000000000007,1250.0,0.00041518339421600106,0.2580031752586365
DT,Balance Scale,"{""ccp_alpha"": 0.1, ""criterion"": ""entropy"", ""max_depth"": null, ""min_samples_leaf"": 5, ""min_samples_split"": 50}",0.6192,1535.8,0.00034297499805688856,0.2343360334634781
DT,Balance Scale,"{""ccp_alpha"": 0.1, ""criterion"": ""entropy"", ""max_depth"": null, ""min_samples_leaf"": 5, ""min_samples_split"": 2}",0.6192,1535.8,0.00039403336122632025,0.24699680507183075
DT,Balance Scale,"{""ccp_alpha"": 0.1, ""criterion"": ""entropy"", ""max_depth"": null, ""min_samples_leaf"": 5, ""min_samples_split"": 10}",0.6192,1535.8,0.0004117332166060805,0.24826563894748688
DT,Balance Scale,"{""ccp_alpha"": 0.1, ""criterion"": ""entropy"", ""max_depth"": null, ""min_samples_leaf"": 20, ""min_samples_split"": 50}",0.6192,1535.8,0.0003834915580227971,0.2664659172296524
DT,Balance Scale,"{""ccp_alpha"": 0.1, ""criterion"": ""entropy"", ""max_depth"": null, ""min_samples_leaf"": 20, ""min_samples_split"": 10}",0.6192,1535.8,0.0003502585692331195,0.24640168994665146
DT,Balance Scale,"{""ccp_alpha"": 0.1, ""criterion"": ""entropy"", ""max_depth"": null, ""min_samples_leaf"": 1, ""min_samples_split"": 50}",0.6192,1535.8,0.0003387250006198883,0.24173110723495483
DT,Balance Scale,"{""ccp_alpha"": 0.1, ""criterion"": ""entropy"", ""max_depth"": null, ""min_samples_leaf"": 1, ""min_samples_split"": 2}",0.6192,1535.8,0.0004649164155125618,0.2549998462200165
DT,Balance Scale,"{""ccp_alpha"": 0.1, ""criterion"": ""entropy"", ""max_depth"": null, ""min_samples_leaf"": 1, ""min_samples_split"": 10}",0.6192,1535.8,0.0003981582121923566,0.24413280189037323
DT,Balance Scale,"{""ccp_alpha"": 0.1, ""criterion"": ""entropy"", ""max_depth"": null, ""min_samples_leaf"": 20, ""min_samples_split"": 2}",0.6192,1535.8,0.00039020797703415155,0.24606548249721527
DT,Balance Scale,"{""ccp_alpha"": 0.01, ""criterion"": ""gini"", ""max_depth"": 4, ""min_samples_leaf"": 5, ""min_samples_split"": 50}",0.7455999999999999,2735.4,0.0003383082104846835,0.2518653869628906
DT,Balance Scale,"{""ccp_alpha"": 0.01, ""criterion"": ""gini"", ""max_depth"": 4, ""min_samples_leaf"": 1, ""min_samples_split"": 50}",0.7455999999999999,2735.4,0.0003299833741039038,0.2504674717783928
DT,Balance Scale,"{""ccp_alpha"": 0.01, ""criterion"": ""gini"", ""max_depth"": 4, ""min_samples_leaf"": 5, ""min_samples_split"": 2}",0.7504,2841.0,0.0003409663680940866,0.25693420320749283
DT,Balance Scale,"{""ccp_alpha"": 0.01, ""criterion"": ""gini"", ""max_depth"": 4, ""min_samples_leaf"": 5, ""min_samples_split"": 10}",0.7504,2841.0,0.00034554158337414266,0.2564672380685806
DT,Balance Scale,"{""ccp_alpha"": 0.01, ""criterion"": ""gini"", ""max_depth"": 4, ""min_samples_leaf"": 1, ""min_samples_split"": 2}",0.7504,2841.0,0.0003369084093719721,0.24940166622400284
DT,Balance Scale,"{""ccp_alpha"": 0.01, ""criterion"": ""gini"", ""max_depth"": 4, ""min_samples_leaf"": 1, ""min_samples_split"": 10}",0.7504,2841.0,0.0003708165837451816,0.28113294392824173
DT,Balance Scale,"{""ccp_alpha"": 0.001, ""criterion"": ""gini"", ""max_depth"": 4, ""min_samples_leaf"": 1, ""min_samples_split"": 10}",0.7792,3791.4,0.00034315818920731543,0.26746727526187897
DT,Pima Diabetes,"{""ccp_alpha"": 0.1, ""criterion"": ""gini"", ""max_depth"": null, ""min_samples_leaf"": 5, ""min_samples_split"": 50}",0.6493506493506493,1351.0,0.0010226581944152713,0.2028143892137261
DT,Pima Diabetes,"{""ccp_alpha"": 0.1, ""criterion"": ""gini"", ""max_depth"": null, ""min_samples_leaf"": 5, ""min_samples_split"": 10}",0.6493506493506493,1351.0,0.0012473418144509196,0.2017326338531135
DT,Pima Diabetes,"{""ccp_alpha"": 0.1, ""criterion"": ""gini"", ""max_depth"": null, ""min_samples_leaf"": 20, ""min_samples_split"": 50}",0.6493506493506493,1351.0,0.000905816606245935,0.19431682666400812
DT,Pima Diabetes,"{""ccp_alpha"": 0.1, ""criterion"": ""gini"", ""max_depth"": null, ""min_samples_leaf"": 20, ""min_samples_split"": 2}",0.6493506493506493,1351.0,0.0009546082001179457,0.19496618225783496
DT,Pima Diabetes,"{""ccp_alpha"": 0.1, ""criterion"": ""gini"", ""max_depth"": null, ""min_samples_leaf"": 20, ""min_samples_split"": 10}",0.6493506493506493,1351.0,0.0009472415782511235,0.20681680845362801
DT,Pima Diabetes,"{""ccp_alpha"": 0.1, ""criterion"": ""gini"", ""max_depth"": null, ""min_samples_leaf"": 1, ""min_samples_split"": 50}",0.6493506493506493,1351.0,0.0011262749787420035,0.20946865877160778
DT,Pima Diabetes,"{""ccp_alpha"": 0.1, ""criterion"": ""gini"", ""max_depth"": null, ""min_samples_leaf"": 1, ""min_samples_split"": 2}",0.6493506493506493,1351.0,0.001463433401659131,0.20536086098714307
DT,Pima Diabetes,"{""ccp_alpha"": 0.1, ""criterion"": ""gini"", ""max_depth"": null, ""min_samples_leaf"": 1, ""min_samples_split"": 10}",0.6493506493506493,1351.0,0.001585391815751791,0.2647183121895635
DT,Pima Diabetes,"{""ccp_alpha"": 0.1, ""criterion"": ""gini"", ""max_depth"": null, ""min_samples_leaf"": 5, ""min_samples_split"": 2}",0.6493506493506493,1351.0,0.001246433425694704,0.20319236103783958
DT,Pima Diabetes,"{""ccp_alpha"": 0.1, ""criterion"": ""entropy"", ""max_depth"": null, ""min_samples_leaf"": 5, ""min_samples_split"": 50}",0.7168831168831169,1514.0,0.0011509998003020883,0.2051936462521553
DT,Pima Diabetes,"{""ccp_alpha"": 0.1, ""criterion"": ""entropy"", ""max_depth"": null, ""min_samples_leaf"": 5, ""min_samples_split"": 2}",0.7168831168831169,1514.0,0.0013897918164730073,0.21060801703821527
DT,Pima Diabetes,"{""ccp_alpha"": 0.1, ""criterion"": ""entropy"", ""max_depth"": null, ""min_samples_leaf"": 5, ""min_samples_split"": 10}",0.7168831168831169,1514.0,0.0013938082149252296,0.20502975766921977
DT,Pima Diabetes,"{""ccp_alpha"": 0.1, ""criterion"": ""entropy"", ""max_depth"": null, ""min_samples_leaf"": 20, ""min_samples_split"": 50}",0.7168831168831169,1514.0,0.0010037000058218837,0.202706591649489
DT,Pima Diabetes,"{""ccp_alpha"": 0.1, ""criterion"": ""entropy"", ""max_depth"": null, ""min_samples_leaf"": 20, ""min_samples_split"": 2}",0.7168831168831169,1514.0,0.0010441499995067715,0.19848434399668274
DT,Pima Diabetes,"{""ccp_alpha"": 0.1, ""criterion"": ""entropy"", ""max_depth"": null, ""min_samples_leaf"": 20, ""min_samples_split"": 10}",0.7168831168831169,1514.0,0.0010402664076536894,0.20221810086400477
DT,Pima Diabetes,"{""ccp_alpha"": 0.1, ""criterion"": ""entropy"", ""max_depth"": null, ""min_samples_leaf"": 1, ""min_samples_split"": 50}",0.7168831168831169,1514.0,0.0012144000036641955,0.20757638063136633
DT,Pima Diabetes,"{""ccp_alpha"": 0.1, ""criterion"": ""entropy"", ""max_depth"": null, ""min_samples_leaf"": 1, ""min_samples_split"": 10}",0.7168831168831169,1514.0,0.0015168334357440472,0.20308441228487273
DT,Pima Diabetes,"{""ccp_alpha"": 0.1, ""criterion"": ""entropy"", ""max_depth"": null, ""min_samples_leaf"": 1, ""min_samples_split"": 2}",0.7168831168831169,1514.0,0.0016291999956592918,0.21883253274219375
DT,Pima Diabetes,"{""ccp_alpha"": 0.01, ""criterion"": ""gini"", ""max_depth"": null, ""min_samples_leaf"": 5, ""min_samples_split"": 50}",0.7623376623376623,2090.0,0.0010208750143647193,0.22321443569350552
DT,Pima Diabetes,"{""ccp_alpha"": 0.01, ""criterion"": ""gini"", ""max_depth"": null, ""min_samples_leaf"": 5, ""min_samples_split"": 2}",0.7623376623376623,2090.0,0.0012397331884130836,0.2261898298929264
DT,Pima Diabetes,"{""ccp_alpha"": 0.01, ""criterion"": ""gini"", ""max_depth"": null, ""min_samples_leaf"": 5, ""min_samples_split"": 10}",0.7623376623376623,2090.0,0.0012478916440159082,0.2324153282135338
DT,Pima Diabetes,"{""ccp_alpha"": 0.01, ""criterion"": ""gini"", ""max_depth"": null, ""min_samples_leaf"": 20, ""min_samples_split"": 50}",0.7623376623376623,2090.0,0.0009130751946941018,0.21412345737992947
DT,Pima Diabetes,"{""ccp_alpha"": 0.01, ""criterion"": ""gini"", ""max_depth"": null, ""min_samples_leaf"": 20, ""min_samples_split"": 2}",0.7623376623376623,2090.0,0.0009548666188493371,0.21693753320481868
DT,Pima Diabetes,"{""ccp_alpha"": 0.01, ""criterion"": ""gini"", ""max_depth"": null, ""min_samples_leaf"": 20, ""min_samples_split"": 10}",0.7623376623376623,2090.0,0.0009613000089302659,0.22992585459119316
DT,Pima Diabetes,"{""ccp_alpha"": 0.01, ""criterion"": ""gini"", ""max_depth"": null, ""min_samples_leaf"": 1, ""min_samples_split"": 50}",0.7623376623376623,2090.0,0.0011360083939507605,0.21390635036415867
DT,Pima Diabetes,"{""ccp_alpha"": 0.01, ""criterion"": ""gini"", ""max_depth"": null, ""min_samples_leaf"": 1, ""min_samples_split"": 2}",0.7623376623376623,2090.0,0.001455583213828504,0.2168298868293112
DT,Pima Diabetes,"{""ccp_alpha"": 0.01, ""criterion"": ""gini"", ""max_depth"": null, ""min_samples_leaf"": 1, ""min_samples_split"": 10}",0.7623376623376623,2090.0,0.0014027667930349708,0.21239234642549
DT,Pima Diabetes,"{""ccp_alpha"": 0.01, ""criterion"": ""entropy"", ""max_depth"": 4, ""min_samples_leaf"": 20, ""min_samples_split"": 50}",0.764935064935065,2382.0,0.0008637164253741502,0.2175339727432697
DT,Pima Diabetes,"{""ccp_alpha"": 0.01, ""criterion"": ""entropy"", ""max_depth"": 4, ""min_samples_leaf"": 20, ""min_samples_split"": 2}",0.764935064935065,2382.0,0.0008518083719536662,0.215420959057746
DT,Pima Diabetes,"{""ccp_alpha"": 0.01, ""criterion"": ""entropy"", ""max_depth"": 4, ""min_samples_leaf"": 20, ""min_samples_split"": 10}",0.764935064935065,2382.0,0.0009095417801290751,0.24074673434937158
DT,Pima Diabetes,"{""ccp_alpha"": 0.01, ""criterion"": ""entropy"", ""max_depth"": null, ""min_samples_leaf"": 20, ""min_samples_split"": 50}",0.7701298701298702,2734.8,0.0010098584229126573,0.2199142881028064
DT,Vehicle,"{""ccp_alpha"": 0.1, ""criterion"": ""gini"", ""max_depth"": null, ""min_samples_leaf"": 5, ""min_samples_split"": 50}",0.25882352941176473,1310.0,0.0018722832202911377,0.18980354070663452
DT,Vehicle,"{""ccp_alpha"": 0.1, ""criterion"": ""gini"", ""max_depth"": null, ""min_samples_leaf"": 5, ""min_samples_split"": 10}",0.25882352941176473,1310.0,0.0022168082417920233,0.18955879461239367
DT,Vehicle,"{""ccp_alpha"": 0.1, ""criterion"": ""gini"", ""max_depth"": null, ""min_samples_leaf"": 20, ""min_samples_split"": 50}",0.25882352941176473,1310.0,0.0016134748235344886,0.19598012680516524
DT,Vehicle,"{""ccp_alpha"": 0.1, ""criterion"": ""gini"", ""max_depth"": null, ""min_samples_leaf"": 20, ""min_samples_split"": 2}",0.25882352941176473,1310.0,0.0016912749968469142,0.1874023719745524
DT,Vehicle,"{""ccp_alpha"": 0.1, ""criterion"": ""gini"", ""max_depth"": null, ""min_samples_leaf"": 20, ""min_samples_split"": 10}",0.25882352941176473,1310.0,0.0017021836014464498,0.19617775893386674
DT,Vehicle,"{""ccp_alpha"": 0.1, ""criterion"": ""gini"", ""max_depth"": null, ""min_samples_leaf"": 1, ""min_samples_split"": 50}",0.25882352941176473,1310.0,0.002006274787709117,0.19514700397849083
DT,Vehicle,"{""ccp_alpha"": 0.1, ""criterion"": ""gini"", ""max_depth"": null, ""min_samples_leaf"": 1, ""min_samples_split"": 2}",0.25882352941176473,1310.0,0.002656141575425863,0.1900493824744926
DT,Vehicle,"{""ccp_alpha"": 0.1, ""criterion"": ""gini"", ""max_depth"": null, ""min_samples_leaf"": 5, ""min_samples_split"": 2}",0.25882352941176473,1310.0,0.0022007586201652886,0.19946341019342925
DT,Vehicle,"{""ccp_alpha"": 0.1, ""criterion"": ""gini"", ""max_depth"": null, ""min_samples_leaf"": 1, ""min_samples_split"": 10}",0.25882352941176473,1310.0,0.0025002164067700504,0.19514590830487363
DT,Vehicle,"{""ccp_alpha"": 0.1, ""criterion"": ""entropy"", ""max_depth"": null, ""min_samples_leaf"": 1, ""min_samples_split"": 50}",0.6270588235294118,2087.0,0.002162916772067547,0.2153928610770141
DT,Vehicle,"{""ccp_alpha"": 0.1, ""criterion"": ""entropy"", ""max_depth"": null, ""min_samples_leaf"": 1, ""min_samples_split"": 2}",0.6270588235294118,2087.0,0.002939216583035886,0.22127430009491303
DT,Vehicle,"{""ccp_alpha"": 0.1, ""criterion"": ""entropy"", ""max_depth"": null, ""min_samples_leaf"": 1, ""min_samples_split"": 10}",0.6270588235294118,2087.0,0.0028548585716634987,0.24112954954890645
DT,Vehicle,"{""ccp_alpha"": 0.1, ""criterion"": ""entropy"", ""max_depth"": null, ""min_samples_leaf"": 20, ""min_samples_split"": 50}",0.6270588235294118,2087.0,0.0017627833876758814,0.21749997840208163
DT,Vehicle,"{""ccp_alpha"": 0.1, ""criterion"": ""entropy"", ""max_depth"": null, ""min_samples_leaf"": 5, ""min_samples_split"": 10}",0.6270588235294118,2087.0,0.0025360665982589125,0.21485173526932214
DT,Vehicle,"{""ccp_alpha"": 0.1, ""criterion"": ""entropy"", ""max_depth"": null, ""min_samples_leaf"": 20, ""min_samples_split"": 2}",0.6270588235294118,2087.0,0.001805149600841105,0.21240139818366838
DT,Vehicle,"{""ccp_alpha"": 0.1, ""criterion"": ""entropy"", ""max_depth"": null, ""min_samples_leaf"": 5, ""min_samples_split"": 50}",0.6270588235294118,2087.0,0.002069583418779075,0.215882490224698
DT,Vehicle,"{""ccp_alpha"": 0.1, ""criterion"": ""entropy"", ""max_depth"": null, ""min_samples_leaf"": 20, ""min_samples_split"": 10}",0.6270588235294118,2087.0,0.0017866414040327073,0.20843067699495482
DT,Vehicle,"{""ccp_alpha"": 0.1, ""criterion"": ""entropy"", ""max_depth"": null, ""min_samples_leaf"": 5, ""min_samples_split"": 2}",0.6270588235294118,2087.0,0.0025351000251248477,0.21852950072463823
DT,Vehicle,"{""ccp_alpha"": 0.01, ""criterion"": ""gini"", ""max_depth"": 4, ""min_samples_leaf"": 20, ""min_samples_split"": 50}",0.64,2968.2,0.0013092834036797286,0.20843190962777416
DT,Vehicle,"{""ccp_alpha"": 0.01, ""criterion"": ""gini"", ""max_depth"": 4, ""min_samples_leaf"": 20, ""min_samples_split"": 2}",0.64,2968.2,0.001336783217266202,0.21014458445065162
DT,Vehicle,"{""ccp_alpha"": 0.01, ""criterion"": ""gini"", ""max_depth"": 4, ""min_samples_leaf"": 20, ""min_samples_split"": 10}",0.64,2968.2,0.0013354253955185414,0.21269777789711952
DT,Vehicle,"{""ccp_alpha"": 0.01, ""criterion"": ""gini"", ""max_depth"": 4, ""min_samples_leaf"": 1, ""min_samples_split"": 50}",0.6505882352941177,3045.0,0.0014068584190681578,0.22196101353448983
DT,Vehicle,"{""ccp_alpha"": 0.01, ""criterion"": ""gini"", ""max_depth"": 4, ""min_samples_leaf"": 5, ""min_samples_split"": 50}",0.6505882352941177,3045.0,0.0013511083787307143,0.20862584385801766
DT,Vehicle,"{""ccp_alpha"": 0.01, ""criterion"": ""gini"", ""max_depth"": null, ""min_samples_leaf"": 5, ""min_samples_split"": 50}",0.6541176470588235,3312.8,0.0018322415649890899,0.21142227684750275
DT,Vehicle,"{""ccp_alpha"": 0.01, ""criterion"": ""gini"", ""max_depth"": null, ""min_samples_leaf"": 1, ""min_samples_split"": 50}",0.6541176470588235,3312.8,0.0019959249766543508,0.24602953892420318
DT,Vehicle,"{""ccp_alpha"": 0.01, ""criterion"": ""gini"", ""max_depth"": null, ""min_samples_leaf"": 5, ""min_samples_split"": 10}",0.6623529411764706,3389.6,0.00221950002014637,0.22112597327898528
DT,Vehicle,"{""ccp_alpha"": 0.01, ""criterion"": ""gini"", ""max_depth"": null, ""min_samples_leaf"": 1, ""min_samples_split"": 2}",0.6623529411764706,3389.6,0.0026232081698253753,0.21573649171520679
DT,Vehicle,"{""ccp_alpha"": 0.01, ""criterion"": ""gini"", ""max_depth"": null, ""min_samples_leaf"": 1, ""min_samples_split"": 10}",0.6623529411764706,3389.6,0.0025020082015544177,0.23651895496775124
DT,Vehicle,"{""ccp_alpha"": 0.01, ""criterion"": ""gini"", ""max_depth"": null, ""min_samples_leaf"": 5, ""min_samples_split"": 2}",0.6623529411764706,3389.6,0.0022654668195173145,0.23333191433373618
DT,Vehicle,"{""ccp_alpha"": 0.01, ""criterion"": ""entropy"", ""max_depth"": 4, ""min_samples_leaf"": 5, ""min_samples_split"": 50}",0.6835294117647059,3432.0,0.0014893331797793507,0.21152020267703958
DT,Vehicle,"{""ccp_alpha"": 0.01, ""criterion"": ""entropy"", ""max_depth"": 4, ""min_samples_leaf"": 5, ""min_samples_split"": 2}",0.691764705882353,3700.8,0.0015223416266962886,0.21490227321491523
DT,Vehicle,"{""ccp_alpha"": 0.01, ""criterion"": ""entropy"", ""max_depth"": 4, ""min_samples_leaf"": 5, ""min_samples_split"": 10}",0.691764705882353,3700.8,0.0015318416291847825,0.23382236523663297
DT,Vehicle,"{""ccp_alpha"": 0.01, ""criterion"": ""entropy"", ""max_depth"": 8, ""min_samples_leaf"": 5, ""min_samples_split"": 2}",0.7200000000000001,6350.4,0.002528800000436604,0.433824846849722
DT,Vehicle,"{""ccp_alpha"": 0.01, ""criterion"": ""entropy"", ""max_depth"": 8, ""min_samples_leaf"": 5, ""min_samples_split"": 10}",0.7200000000000001,6350.4,0.0023111247923225165,0.24122583186801744
DT,Vehicle,"{""ccp_alpha"": 0.01, ""criterion"": ""entropy"", ""max_depth"": 8, ""min_samples_leaf"": 1, ""min_samples_split"": 10}",0.7211764705882354,7080.0,0.0025187834398820996,0.22769535836928032
DT,Vehicle,"{""ccp_alpha"": 0.01, ""criterion"": ""entropy"", ""max_depth"": 8, ""min_samples_leaf"": 1, ""min_samples_split"": 2}",0.723529411764706,7156.8,0.00257490798830986,0.22470458027194531
DT,Banknote,"{""ccp_alpha"": 0.1, ""criterion"": ""gini"", ""max_depth"": null, ""min_samples_leaf"": 5, ""min_samples_split"": 50}",0.8378181818181817,1398.0,0.0011786165880039335,0.12718191878362134
DT,Banknote,"{""ccp_alpha"": 0.1, ""criterion"": ""gini"", ""max_depth"": null, ""min_samples_leaf"": 5, ""min_samples_split"": 10}",0.8378181818181817,1398.0,0.0012230666354298592,0.12627277861941943
DT,Banknote,"{""ccp_alpha"": 0.1, ""criterion"": ""gini"", ""max_depth"": null, ""min_samples_leaf"": 20, ""min_samples_split"": 50}",0.8378181818181817,1398.0,0.001109083415940404,0.12081895362247122
DT,Banknote,"{""ccp_alpha"": 0.1, ""criterion"": ""gini"", ""max_depth"": null, ""min_samples_leaf"": 20, ""min_samples_split"": 2}",0.8378181818181817,1398.0,0.001135191787034273,0.12060585008426146
DT,Banknote,"{""ccp_alpha"": 0.1, ""criterion"": ""gini"", ""max_depth"": null, ""min_samples_leaf"": 20, ""min_samples_split"": 10}",0.8378181818181817,1398.0,0.001137500023469329,0.12202984230084853
DT,Banknote,"{""ccp_alpha"": 0.1, ""criterion"": ""gini"", ""max_depth"": null, ""min_samples_leaf"": 1, ""min_samples_split"": 50}",0.8378181818181817,1398.0,0.0011647583916783333,0.1225453716787425
DT,Banknote,"{""ccp_alpha"": 0.1, ""criterion"": ""gini"", ""max_depth"": null, ""min_samples_leaf"": 1, ""min_samples_split"": 2}",0.8378181818181817,1398.0,0.0012127747992053627,0.13354403728788547
DT,Banknote,"{""ccp_alpha"": 0.1, ""criterion"": ""gini"", ""max_depth"": null, ""min_samples_leaf"": 1, ""min_samples_split"": 10}",0.8378181818181817,1398.0,0.001206691632978618,0.12412142347205768
DT,Banknote,"{""ccp_alpha"": 0.1, ""criterion"": ""gini"", ""max_depth"": null, ""min_samples_leaf"": 5, ""min_samples_split"": 2}",0.8378181818181817,1398.0,0.0011957083828747273,0.12087855826724661
DT,Banknote,"{""ccp_alpha"": 0.1, ""criterion"": ""entropy"", ""max_depth"": null, ""min_samples_leaf"": 1, ""min_samples_split"": 10}",0.8829090909090909,1596.0,0.0011802501743659378,0.1233941452069716
DT,Banknote,"{""ccp_alpha"": 0.1, ""criterion"": ""entropy"", ""max_depth"": null, ""min_samples_leaf"": 20, ""min_samples_split"": 10}",0.8829090909090909,1596.0,0.0010958420112729072,0.12263630262830041
DT,Banknote,"{""ccp_alpha"": 0.1, ""criterion"": ""entropy"", ""max_depth"": null, ""min_samples_leaf"": 20, ""min_samples_split"": 2}",0.8829090909090909,1596.0,0.0010958500439301132,0.12351496314460582
DT,Banknote,"{""ccp_alpha"": 0.1, ""criterion"": ""entropy"", ""max_depth"": null, ""min_samples_leaf"": 20, ""min_samples_split"": 50}",0.8829090909090909,1596.0,0.0011023917933925987,0.12781818143346094
DT,Banknote,"{""ccp_alpha"": 0.1, ""criterion"": ""entropy"", ""max_depth"": null, ""min_samples_leaf"": 5, ""min_samples_split"": 10}",0.8829090909090909,1596.0,0.001195258367806673,0.12630249627611856
DT,Banknote,"{""ccp_alpha"": 0.1, ""criterion"": ""entropy"", ""max_depth"": null, ""min_samples_leaf"": 5, ""min_samples_split"": 2}",0.8829090909090909,1596.0,0.0011796002043411135,0.12054480612277985
DT,Banknote,"{""ccp_alpha"": 0.1, ""criterion"": ""entropy"", ""max_depth"": null, ""min_samples_leaf"": 5, ""min_samples_split"": 50}",0.8829090909090909,1596.0,0.0011535500409081579,0.12278700755401092
DT,Banknote,"{""ccp_alpha"": 0.1, ""criterion"": ""entropy"", ""max_depth"": null, ""min_samples_leaf"": 1, ""min_samples_split"": 2}",0.8829090909090909,1596.0,0.0011928915977478028,0.1283635977994312
DT,Banknote,"{""ccp_alpha"": 0.1, ""criterion"": ""entropy"", ""max_depth"": null, ""min_samples_leaf"": 1, ""min_samples_split"": 50}",0.8829090909090909,1596.0,0.001175349997356534,0.12484870173714377
DT,Banknote,"{""ccp_alpha"": 0.01, ""criterion"": ""gini"", ""max_depth"": 4, ""min_samples_leaf"": 1, ""min_samples_split"": 50}",0.9476363636363636,2234.6,0.0010469502303749323,0.12499923733147708
DT,Banknote,"{""ccp_alpha"": 0.01, ""criterion"": ""gini"", ""max_depth"": 4, ""min_samples_leaf"": 5, ""min_samples_split"": 50}",0.9476363636363636,2234.6,0.0010456250282004475,0.1275155862623995
DT,Banknote,"{""ccp_alpha"": 0.01, ""criterion"": ""gini"", ""max_depth"": 4, ""min_samples_leaf"": 1, ""min_samples_split"": 10}",0.9483636363636364,2266.6,0.001077799778431654,0.12869734994389795
DT,Banknote,"{""ccp_alpha"": 0.01, ""criterion"": ""gini"", ""max_depth"": 4, ""min_samples_leaf"": 1, ""min_samples_split"": 2}",0.9483636363636364,2266.6,0.0011028581764549017,0.13257605447010562
DT,Banknote,"{""ccp_alpha"": 0.01, ""criterion"": ""gini"", ""max_depth"": 4, ""min_samples_leaf"": 5, ""min_samples_split"": 10}",0.9483636363636364,2266.6,0.0010503833880648016,0.14066687700423328
DT,Banknote,"{""ccp_alpha"": 0.01, ""criterion"": ""gini"", ""max_depth"": 4, ""min_samples_leaf"": 5, ""min_samples_split"": 2}",0.9483636363636364,2266.6,0.0010500917676836252,0.12639418921687384
DT,Banknote,"{""ccp_alpha"": 0.01, ""criterion"": ""gini"", ""max_depth"": null, ""min_samples_leaf"": 1, ""min_samples_split"": 50}",0.952,2298.2,0.0011891832342371344,0.1320603557608344
DT,Banknote,"{""ccp_alpha"": 0.01, ""criterion"": ""gini"", ""max_depth"": null, ""min_samples_leaf"": 5, ""min_samples_split"": 50}",0.952,2298.2,0.0011830084025859834,0.13118203390728345
DT,Banknote,"{""ccp_alpha"": 0.01, ""criterion"": ""entropy"", ""max_depth"": 4, ""min_samples_leaf"": 5, ""min_samples_split"": 50}",0.9621818181818181,2495.4,0.0011261502048000693,0.13969728553836996
DT,Banknote,"{""ccp_alpha"": 0.01, ""criterion"": ""entropy"", ""max_depth"": 4, ""min_samples_leaf"": 5, ""min_samples_split"": 2}",0.9629090909090909,2527.4,0.0010878417873755098,0.1302712004293095
DT,Banknote,"{""ccp_alpha"": 0.01, ""criterion"": ""entropy"", ""max_depth"": 4, ""min_samples_leaf"": 5, ""min_samples_split"": 10}",0.9629090909090909,2527.4,0.0010934751946479083,0.12860667299140582
DT,Banknote,"{""ccp_alpha"": 0.01, ""criterion"": ""entropy"", ""max_depth"": null, ""min_samples_leaf"": 5, ""min_samples_split"": 50}",0.9723636363636363,2655.0,0.001172525412403047,0.1427272165363485
DT,Banknote,"{""ccp_alpha"": 0.01, ""criterion"": ""entropy"", ""max_depth"": null, ""min_samples_leaf"": 5, ""min_samples_split"": 2}",0.9774545454545454,2847.0,0.0011887083994224668,0.13681814413179053
DT,Banknote,"{""ccp_alpha"": 0.01, ""criterion"": ""entropy"", ""max_depth"": null, ""min_samples_leaf"": 5, ""min_samples_split"": 10}",0.9774545454545454,2847.0,0.0011921167839318513,0.1449099826541814
DT,Banknote,"{""ccp_alpha"": 0.01, ""criterion"": ""entropy"", ""max_depth"": null, ""min_samples_leaf"": 1, ""min_samples_split"": 2}",0.9796363636363636,3007.0,0.0011886247666552663,0.13190829618410632
DT,Banknote,"{""ccp_alpha"": 0.01, ""criterion"": ""entropy"", ""max_depth"": null, ""min_samples_leaf"": 1, ""min_samples_split"": 10}",0.9796363636363636,3007.0,0.0011741748312488198,0.1307882537895983
DT,Banknote,"{""ccp_alpha"": 0.001, ""criterion"": ""gini"", ""max_depth"": null, ""min_samples_leaf"": 5, ""min_samples_split"": 2}",0.9818181818181818,3612.0,0.0012006833916530014,0.13199922713366422
DT,Banknote,"{""ccp_alpha"": 0.001, ""criterion"": ""gini"", ""max_depth"": null, ""min_samples_leaf"": 5, ""min_samples_split"": 10}",0.9818181818181818,3612.0,0.0011961836135014892,0.13287856497547842
DT,Banknote,"{""ccp_alpha"": 0.001, ""criterion"": ""gini"", ""max_depth"": null, ""min_samples_leaf"": 1, ""min_samples_split"": 10}",0.984,4220.0,0.0012215833878144622,0.14351638541980222
DT,Banknote,"{""ccp_alpha"": 0.001, ""criterion"": ""entropy"", ""max_depth"": null, ""min_samples_leaf"": 1, ""min_samples_split"": 2}",0.9854545454545456,4415.0,0.0011988915968686343,0.1334239813414487
DT,Banknote,"{""ccp_alpha"": 0.0, ""criterion"": ""entropy"", ""max_depth"": null, ""min_samples_leaf"": 1, ""min_samples_split"": 2}",0.9854545454545456,4415.0,0.0011690170271322132,0.13202970678156073
DT,Yeast,"{""ccp_alpha"": 0.1, ""criterion"": ""gini"", ""max_depth"": null, ""min_samples_leaf"": 5, ""min_samples_split"": 50}",0.31313131313131315,1414.0,0.001605441397987306,0.11613404359480346
DT,Yeast,"{""ccp_alpha"": 0.1, ""criterion"": ""gini"", ""max_depth"": null, ""min_samples_leaf"": 5, ""min_samples_split"": 10}",0.31313131313131315,1414.0,0.0020791250048205257,0.11534759342068375
DT,Yeast,"{""ccp_alpha"": 0.1, ""criterion"": ""gini"", ""max_depth"": null, ""min_samples_leaf"": 20, ""min_samples_split"": 50}",0.31313131313131315,1414.0,0.0013948331819847227,0.1129913002704129
DT,Yeast,"{""ccp_alpha"": 0.1, ""criterion"": ""gini"", ""max_depth"": null, ""min_samples_leaf"": 20, ""min_samples_split"": 2}",0.31313131313131315,1414.0,0.0014593417523428797,0.12009020468301645
DT,Yeast,"{""ccp_alpha"": 0.1, ""criterion"": ""gini"", ""max_depth"": null, ""min_samples_leaf"": 20, ""min_samples_split"": 10}",0.31313131313131315,1414.0,0.0014457081677392125,0.11343900929597091
DT,Yeast,"{""ccp_alpha"": 0.1, ""criterion"": ""gini"", ""max_depth"": null, ""min_samples_leaf"": 1, ""min_samples_split"": 50}",0.31313131313131315,1414.0,0.0017614913638681173,0.1125972912417919
DT,Yeast,"{""ccp_alpha"": 0.1, ""criterion"": ""gini"", ""max_depth"": null, ""min_samples_leaf"": 1, ""min_samples_split"": 2}",0.31313131313131315,1414.0,0.0027331999968737363,0.12036983663786942
DT,Yeast,"{""ccp_alpha"": 0.1, ""criterion"": ""gini"", ""max_depth"": null, ""min_samples_leaf"": 1, ""min_samples_split"": 10}",0.31313131313131315,1414.0,0.002399374800734222,0.11425454370200835
DT,Yeast,"{""ccp_alpha"": 0.1, ""criterion"": ""gini"", ""max_depth"": null, ""min_samples_leaf"": 5, ""min_samples_split"": 2}",0.31313131313131315,1414.0,0.0020964251831173896,0.13021810249949145
DT,Yeast,"{""ccp_alpha"": 0.1, ""criterion"": ""entropy"", ""max_depth"": null, ""min_samples_leaf"": 5, ""min_samples_split"": 50}",0.49696969696969695,2517.4,0.0017856084043160081,0.12850777719558687
DT,Yeast,"{""ccp_alpha"": 0.1, ""criterion"": ""entropy"", ""max_depth"": null, ""min_samples_leaf"": 5, ""min_samples_split"": 2}",0.49696969696969695,2517.4,0.002517200028523803,0.1339790621389845
DT,Yeast,"{""ccp_alpha"": 0.1, ""criterion"": ""entropy"", ""max_depth"": null, ""min_samples_leaf"": 5, ""min_samples_split"": 10}",0.49696969696969695,2517.4,0.002422507992014289,0.12901208680185805
DT,Yeast,"{""ccp_alpha"": 0.1, ""criterion"": ""entropy"", ""max_depth"": null, ""min_samples_leaf"": 20, ""min_samples_split"": 50}",0.49696969696969695,2517.4,0.001575300213880837,0.12152129000284857
DT,Yeast,"{""ccp_alpha"": 0.1, ""criterion"": ""entropy"", ""max_depth"": null, ""min_samples_leaf"": 20, ""min_samples_split"": 2}",0.49696969696969695,2517.4,0.0016188665758818388,0.12365259192507676
DT,Yeast,"{""ccp_alpha"": 0.1, ""criterion"": ""entropy"", ""max_depth"": null, ""min_samples_leaf"": 20, ""min_samples_split"": 10}",0.49696969696969695,2517.4,0.0016250416170805692,0.12325991559710969
DT,Yeast,"{""ccp_alpha"": 0.1, ""criterion"": ""entropy"", ""max_depth"": null, ""min_samples_leaf"": 1, ""min_samples_split"": 2}",0.49696969696969695,2517.4,0.003264708211645484,0.12724382821658647
DT,Yeast,"{""ccp_alpha"": 0.1, ""criterion"": ""entropy"", ""max_depth"": null, ""min_samples_leaf"": 1, ""min_samples_split"": 10}",0.49696969696969695,2517.4,0.002831625007092953,0.12250231447243931
DT,Yeast,"{""ccp_alpha"": 0.1, ""criterion"": ""entropy"", ""max_depth"": null, ""min_samples_leaf"": 1, ""min_samples_split"": 50}",0.49696969696969695,2517.4,0.0019053084077313542,0.1231488310778984
DT,Yeast,"{""ccp_alpha"": 0.01, ""criterion"": ""gini"", ""max_depth"": null, ""min_samples_leaf"": 20, ""min_samples_split"": 50}",0.5555555555555556,2917.6,0.0013894663890823722,0.12354072346430436
DT,Yeast,"{""ccp_alpha"": 0.01, ""criterion"": ""gini"", ""max_depth"": null, ""min_samples_leaf"": 20, ""min_samples_split"": 2}",0.5555555555555556,2917.6,0.0014410666190087795,0.12463440033622863
DT,Yeast,"{""ccp_alpha"": 0.01, ""criterion"": ""gini"", ""max_depth"": null, ""min_samples_leaf"": 20, ""min_samples_split"": 10}",0.5555555555555556,2917.6,0.0014484331710264086,0.12612271339002282
DT,Yeast,"{""ccp_alpha"": 0.001, ""criterion"": ""gini"", ""max_depth"": 4, ""min_samples_leaf"": 5, ""min_samples_split"": 50}",0.5744107744107745,4646.6,0.0009091834537684918,0.12084647310703289
DT,Yeast,"{""ccp_alpha"": 0.0, ""criterion"": ""gini"", ""max_depth"": 4, ""min_samples_leaf"": 5, ""min_samples_split"": 50}",0.5744107744107745,4646.6,0.0009028913918882608,0.12104386959212396
DT,Yeast,"{""ccp_alpha"": 0.01, ""criterion"": ""entropy"", ""max_depth"": 4, ""min_samples_leaf"": 1, ""min_samples_split"": 2}",0.5750841750841751,5168.0,0.0011446916032582521,0.13136830155797277
DT,Yeast,"{""ccp_alpha"": 0.01, ""criterion"": ""entropy"", ""max_depth"": 4, ""min_samples_leaf"": 1, ""min_samples_split"": 10}",0.5750841750841751,5168.0,0.0011211748234927655,0.12544844525329996
DT,Yeast,"{""ccp_alpha"": 0.01, ""criterion"": ""entropy"", ""max_depth"": 8, ""min_samples_leaf"": 20, ""min_samples_split"": 50}",0.5898989898989899,7011.2,0.0014889998361468314,0.1426773641245935
DT,Yeast,"{""ccp_alpha"": 0.01, ""criterion"": ""entropy"", ""max_depth"": null, ""min_samples_leaf"": 20, ""min_samples_split"": 50}",0.5919191919191918,7067.8,0.0015764416195452214,0.14001008135702475
DT,Yeast,"{""ccp_alpha"": 0.001, ""criterion"": ""entropy"", ""max_depth"": 8, ""min_samples_leaf"": 20, ""min_samples_split"": 50}",0.593939393939394,10064.0,0.0015484497882425785,0.17393272219583245
DT,Steel Plates,"{""ccp_alpha"": 0.1, ""criterion"": ""gini"", ""max_depth"": null, ""min_samples_leaf"": 5, ""min_samples_split"": 50}",0.6529562982005142,1238.0,0.0055948834167793395,0.0986286766999485
DT,Steel Plates,"{""ccp_alpha"": 0.1, ""criterion"": ""gini"", ""max_depth"": null, ""min_samples_leaf"": 5, ""min_samples_split"": 10}",0.6529562982005142,1238.0,0.0055137250106781725,0.10895408728282066
DT,Steel Plates,"{""ccp_alpha"": 0.1, ""criterion"": ""gini"", ""max_depth"": null, ""min_samples_leaf"": 20, ""min_samples_split"": 50}",0.6529562982005142,1238.0,0.0055476253852248195,0.09738557653592608
DT,Steel Plates,"{""ccp_alpha"": 0.1, ""criterion"": ""gini"", ""max_depth"": null, ""min_samples_leaf"": 20, ""min_samples_split"": 2}",0.6529562982005142,1238.0,0.005511916801333427,0.09933620652993111
DT,Steel Plates,"{""ccp_alpha"": 0.1, ""criterion"": ""gini"", ""max_depth"": null, ""min_samples_leaf"": 20, ""min_samples_split"": 10}",0.6529562982005142,1238.0,0.0055410081520676615,0.10141438462204062
DT,Steel Plates,"{""ccp_alpha"": 0.1, ""criterion"": ""gini"", ""max_depth"": null, ""min_samples_leaf"": 1, ""min_samples_split"": 50}",0.6529562982005142,1238.0,0.005552183231338858,0.10079232578412427
DT,Steel Plates,"{""ccp_alpha"": 0.1, ""criterion"": ""gini"", ""max_depth"": null, ""min_samples_leaf"": 1, ""min_samples_split"": 2}",0.6529562982005142,1238.0,0.005589808220975101,0.09935637720522966
DT,Steel Plates,"{""ccp_alpha"": 0.1, ""criterion"": ""gini"", ""max_depth"": null, ""min_samples_leaf"": 1, ""min_samples_split"": 10}",0.6529562982005142,1238.0,0.005598116992041468,0.1054200892046975
DT,Steel Plates,"{""ccp_alpha"": 0.1, ""criterion"": ""gini"", ""max_depth"": null, ""min_samples_leaf"": 5, ""min_samples_split"": 2}",0.6529562982005142,1238.0,0.005552933225408197,0.09830792106515644
DT,Steel Plates,"{""ccp_alpha"": 0.001, ""criterion"": ""gini"", ""max_depth"": 4, ""min_samples_leaf"": 5, ""min_samples_split"": 2}",0.9316195372750642,1882.0,0.004440608411096036,0.11458822973742891
DT,Steel Plates,"{""ccp_alpha"": 0.001, ""criterion"": ""gini"", ""max_depth"": 4, ""min_samples_leaf"": 5, ""min_samples_split"": 50}",0.9316195372750642,1882.0,0.004425749997608364,0.1120175160754922
DT,Steel Plates,"{""ccp_alpha"": 0.01, ""criterion"": ""gini"", ""max_depth"": 4, ""min_samples_leaf"": 1, ""min_samples_split"": 10}",0.9316195372750642,1882.0,0.004400624614208937,0.11486684841254682
DT,Steel Plates,"{""ccp_alpha"": 0.01, ""criterion"": ""gini"", ""max_depth"": 4, ""min_samples_leaf"": 1, ""min_samples_split"": 2}",0.9316195372750642,1882.0,0.0044515998102724556,0.11349614029678404
DT,Steel Plates,"{""ccp_alpha"": 0.01, ""criterion"": ""gini"", ""max_depth"": 4, ""min_samples_leaf"": 1, ""min_samples_split"": 50}",0.9316195372750642,1882.0,0.0044262998038902875,0.10985446552767546
DT,Steel Plates,"{""ccp_alpha"": 0.01, ""criterion"": ""gini"", ""max_depth"": 4, ""min_samples_leaf"": 5, ""min_samples_split"": 10}",0.9316195372750642,1882.0,0.004479066631756723,0.11263957491340859
DT,Steel Plates,"{""ccp_alpha"": 0.01, ""criterion"": ""gini"", ""max_depth"": 4, ""min_samples_leaf"": 20, ""min_samples_split"": 2}",0.9316195372750642,1882.0,0.004442433221265673,0.10901848979504984
DT,Steel Plates,"{""ccp_alpha"": 0.01, ""criterion"": ""gini"", ""max_depth"": 4, ""min_samples_leaf"": 20, ""min_samples_split"": 50}",0.9316195372750642,1882.0,0.004370624828152358,0.10711203178433955
DT,Steel Plates,"{""ccp_alpha"": 0.001, ""criterion"": ""gini"", ""max_depth"": 4, ""min_samples_leaf"": 5, ""min_samples_split"": 10}",0.9316195372750642,1882.0,0.004444925207644701,0.11366732169546015
DT,Steel Plates,"{""ccp_alpha"": 0.01, ""criterion"": ""gini"", ""max_depth"": 4, ""min_samples_leaf"": 5, ""min_samples_split"": 2}",0.9316195372750642,1882.0,0.004446175019256771,0.11008992973130896
DT,Steel Plates,"{""ccp_alpha"": 0.01, ""criterion"": ""gini"", ""max_depth"": 4, ""min_samples_leaf"": 5, ""min_samples_split"": 50}",0.9316195372750642,1882.0,0.00446205020416528,0.10561287776593378
DT,Steel Plates,"{""ccp_alpha"": 0.01, ""criterion"": ""gini"", ""max_depth"": 4, ""min_samples_leaf"": 20, ""min_samples_split"": 10}",0.9316195372750642,1882.0,0.004401541594415903,0.11009058812130387
DT,Steel Plates,"{""ccp_alpha"": 0.001, ""criterion"": ""gini"", ""max_depth"": 4, ""min_samples_leaf"": 20, ""min_samples_split"": 50}",0.9316195372750642,1882.0,0.004413266596384346,0.10552698779841622
DT,Steel Plates,"{""ccp_alpha"": 0.0, ""criterion"": ""gini"", ""max_depth"": 4, ""min_samples_leaf"": 1, ""min_samples_split"": 10}",0.9316195372750642,1882.0,0.0044490167871117595,0.10981083222710382
DT,Steel Plates,"{""ccp_alpha"": 0.001, ""criterion"": ""gini"", ""max_depth"": 4, ""min_samples_leaf"": 20, ""min_samples_split"": 10}",0.9316195372750642,1882.0,0.004423416801728308,0.11195365224598612
DT,Steel Plates,"{""ccp_alpha"": 0.001, ""criterion"": ""gini"", ""max_depth"": 4, ""min_samples_leaf"": 20, ""min_samples_split"": 2}",0.9316195372750642,1882.0,0.004422675003297627,0.12011565315922612
DT,Steel Plates,"{""ccp_alpha"": 0.0, ""criterion"": ""gini"", ""max_depth"": 4, ""min_samples_leaf"": 5, ""min_samples_split"": 10}",0.9316195372750642,1882.0,0.00438769138418138,0.1192370616378392
DT,Steel Plates,"{""ccp_alpha"": 0.0, ""criterion"": ""gini"", ""max_depth"": 4, ""min_samples_leaf"": 20, ""min_samples_split"": 50}",0.9316195372750642,1882.0,0.0043506502173841,0.10683353281649341
DT,Steel Plates,"{""ccp_alpha"": 0.0, ""criterion"": ""gini"", ""max_depth"": 4, ""min_samples_leaf"": 20, ""min_samples_split"": 2}",0.9316195372750642,1882.0,0.004349483223631978,0.11559538686873061
DT,Steel Plates,"{""ccp_alpha"": 0.0, ""criterion"": ""gini"", ""max_depth"": 4, ""min_samples_leaf"": 20, ""min_samples_split"": 10}",0.9316195372750642,1882.0,0.0044443666003644465,0.11510338998162654
DT,Steel Plates,"{""ccp_alpha"": 0.0, ""criterion"": ""gini"", ""max_depth"": 4, ""min_samples_leaf"": 5, ""min_samples_split"": 2}",0.9316195372750642,1882.0,0.004465400008484721,0.12219431008042285
DT,Steel Plates,"{""ccp_alpha"": 0.0, ""criterion"": ""gini"", ""max_depth"": 4, ""min_samples_leaf"": 1, ""min_samples_split"": 2}",0.9316195372750642,1882.0,0.004634550004266202,0.19074551722844033
DT,Steel Plates,"{""ccp_alpha"": 0.001, ""criterion"": ""gini"", ""max_depth"": 4, ""min_samples_leaf"": 1, ""min_samples_split"": 10}",0.9316195372750642,1882.0,0.004492508200928569,0.10629814204336133
DT,Steel Plates,"{""ccp_alpha"": 0.001, ""criterion"": ""gini"", ""max_depth"": 4, ""min_samples_leaf"": 1, ""min_samples_split"": 2}",0.9316195372750642,1882.0,0.004541341587901116,0.15244224278739915
DT,Steel Plates,"{""ccp_alpha"": 0.001, ""criterion"": ""gini"", ""max_depth"": 4, ""min_samples_leaf"": 1, ""min_samples_split"": 50}",0.9316195372750642,1882.0,0.0044655419886112215,0.10601904453915618
DT,Steel Plates,"{""ccp_alpha"": 0.0, ""criterion"": ""gini"", ""max_depth"": 4, ""min_samples_leaf"": 1, ""min_samples_split"": 50}",0.9316195372750642,1882.0,0.004387074802070856,0.11045395954485723
DT,Steel Plates,"{""ccp_alpha"": 0.0, ""criterion"": ""gini"", ""max_depth"": 4, ""min_samples_leaf"": 5, ""min_samples_split"": 50}",0.9316195372750642,1882.0,0.00437685817014426,0.11358149158157849
DT,Steel Plates,"{""ccp_alpha"": 0.01, ""criterion"": ""gini"", ""max_depth"": null, ""min_samples_leaf"": 1, ""min_samples_split"": 10}",1.0,2201.0,0.005483525013551116,0.12264321234967837
DT,Steel Plates,"{""ccp_alpha"": 0.01, ""criterion"": ""gini"", ""max_depth"": null, ""min_samples_leaf"": 5, ""min_samples_split"": 50}",1.0,2201.0,0.005528016784228385,0.11491018244493896
DT,Steel Plates,"{""ccp_alpha"": 0.01, ""criterion"": ""gini"", ""max_depth"": null, ""min_samples_leaf"": 5, ""min_samples_split"": 2}",1.0,2201.0,0.0055018248036503795,0.11827401663619633
DT,Steel Plates,"{""ccp_alpha"": 0.01, ""criterion"": ""gini"", ""max_depth"": null, ""min_samples_leaf"": 5, ""min_samples_split"": 10}",1.0,2201.0,0.005595857999287546,0.10726274323953762
DT,Steel Plates,"{""ccp_alpha"": 0.01, ""criterion"": ""gini"", ""max_depth"": null, ""min_samples_leaf"": 20, ""min_samples_split"": 50}",1.0,2201.0,0.0055286168120801445,0.13374139322566497
DT,Steel Plates,"{""ccp_alpha"": 0.01, ""criterion"": ""gini"", ""max_depth"": null, ""min_samples_leaf"": 20, ""min_samples_split"": 2}",1.0,2201.0,0.005507841403596103,0.1166246898453156
DT,Steel Plates,"{""ccp_alpha"": 0.01, ""criterion"": ""gini"", ""max_depth"": null, ""min_samples_leaf"": 20, ""min_samples_split"": 10}",1.0,2201.0,0.005535758449696004,0.11660200531730922
DT,Steel Plates,"{""ccp_alpha"": 0.01, ""criterion"": ""gini"", ""max_depth"": null, ""min_samples_leaf"": 1, ""min_samples_split"": 50}",1.0,2201.0,0.005488466587848961,0.10413413383737016
DT,Steel Plates,"{""ccp_alpha"": 0.01, ""criterion"": ""gini"", ""max_depth"": null, ""min_samples_leaf"": 1, ""min_samples_split"": 2}",1.0,2201.0,0.005543300393037498,0.1293490341550893
DT,Steel Plates,"{""ccp_alpha"": 0.0, ""criterion"": ""gini"", ""max_depth"": null, ""min_samples_leaf"": 1, ""min_samples_split"": 2}",1.0,2201.0,0.005556775024160743,0.11302509218224524
DT,Steel Plates,"{""ccp_alpha"": 0.0, ""criterion"": ""gini"", ""max_depth"": null, ""min_samples_leaf"": 1, ""min_samples_split"": 50}",1.0,2201.0,0.005460958206094801,0.11878720171040927
DT,Steel Plates,"{""ccp_alpha"": 0.001, ""criterion"": ""gini"", ""max_depth"": null, ""min_samples_leaf"": 1, ""min_samples_split"": 10}",1.0,2201.0,0.005649583414196968,0.11600358866557366
DT,Steel Plates,"{""ccp_alpha"": 0.001, ""criterion"": ""gini"", ""max_depth"": null, ""min_samples_leaf"": 1, ""min_samples_split"": 2}",1.0,2201.0,0.005556491343304515,0.105826794660643
DT,Steel Plates,"{""ccp_alpha"": 0.001, ""criterion"": ""gini"", ""max_depth"": null, ""min_samples_leaf"": 1, ""min_samples_split"": 50}",1.0,2201.0,0.005573883443139494,0.10908223391728414
DT,Steel Plates,"{""ccp_alpha"": 0.001, ""criterion"": ""gini"", ""max_depth"": null, ""min_samples_leaf"": 20, ""min_samples_split"": 10}",1.0,2201.0,0.005556566780433059,0.10728375186573876
DT,Steel Plates,"{""ccp_alpha"": 0.0, ""criterion"": ""gini"", ""max_depth"": null, ""min_samples_leaf"": 5, ""min_samples_split"": 50}",1.0,2201.0,0.005570033402182162,0.11253213763696675
DT,Steel Plates,"{""ccp_alpha"": 0.001, ""criterion"": ""gini"", ""max_depth"": null, ""min_samples_leaf"": 20, ""min_samples_split"": 50}",1.0,2201.0,0.005562333390116692,0.1366329223760296
DT,Steel Plates,"{""ccp_alpha"": 0.0, ""criterion"": ""gini"", ""max_depth"": null, ""min_samples_leaf"": 1, ""min_samples_split"": 10}",1.0,2201.0,0.0056227832334116105,0.152870435698633
DT,Steel Plates,"{""ccp_alpha"": 0.001, ""criterion"": ""gini"", ""max_depth"": null, ""min_samples_leaf"": 5, ""min_samples_split"": 10}",1.0,2201.0,0.005597000196576119,0.11105441122021345
DT,Steel Plates,"{""ccp_alpha"": 0.001, ""criterion"": ""gini"", ""max_depth"": null, ""min_samples_leaf"": 5, ""min_samples_split"": 50}",1.0,2201.0,0.005552266794256866,0.10923288551884629
DT,Steel Plates,"{""ccp_alpha"": 0.0, ""criterion"": ""gini"", ""max_depth"": null, ""min_samples_leaf"": 5, ""min_samples_split"": 2}",1.0,2201.0,0.005596617003902793,0.11248880360457462
DT,Steel Plates,"{""ccp_alpha"": 0.0, ""criterion"": ""gini"", ""max_depth"": null, ""min_samples_leaf"": 5, ""min_samples_split"": 10}",1.0,2201.0,0.005585841601714492,0.12069401884293496
DT,Steel Plates,"{""ccp_alpha"": 0.0, ""criterion"": ""gini"", ""max_depth"": null, ""min_samples_leaf"": 20, ""min_samples_split"": 50}",1.0,2201.0,0.005520141427405178,0.12103656120119488
DT,Steel Plates,"{""ccp_alpha"": 0.0, ""criterion"": ""gini"", ""max_depth"": null, ""min_samples_leaf"": 20, ""min_samples_split"": 2}",1.0,2201.0,0.005561525165103376,0.12007249868774168
DT,Steel Plates,"{""ccp_alpha"": 0.0, ""criterion"": ""gini"", ""max_depth"": null, ""min_samples_leaf"": 20, ""min_samples_split"": 10}",1.0,2201.0,0.0054885662160813805,0.11407354832231845
DT,Steel Plates,"{""ccp_alpha"": 0.001, ""criterion"": ""gini"", ""max_depth"": null, ""min_samples_leaf"": 5, ""min_samples_split"": 2}",1.0,2201.0,0.0055355668067932125,0.11895886193817258
DT,Steel Plates,"{""ccp_alpha"": 0.001, ""criterion"": ""gini"", ""max_depth"": null, ""min_samples_leaf"": 20, ""min_samples_split"": 2}",1.0,2201.0,0.005535541567951441,0.11221024478309258
DT,Segment,"{""ccp_alpha"": 0.1, ""criterion"": ""gini"", ""max_depth"": null, ""min_samples_leaf"": 5, ""min_samples_split"": 50}",0.6645021645021645,2440.0,0.007652600016444922,0.10467229161040607
DT,Segment,"{""ccp_alpha"": 0.1, ""criterion"": ""gini"", ""max_depth"": null, ""min_samples_leaf"": 5, ""min_samples_split"": 10}",0.6645021645021645,2440.0,0.007715774746611714,0.11212120913130381
DT,Segment,"{""ccp_alpha"": 0.1, ""criterion"": ""gini"", ""max_depth"": null, ""min_samples_leaf"": 20, ""min_samples_split"": 50}",0.6645021645021645,2440.0,0.0068891084054484965,0.11029958652404995
DT,Segment,"{""ccp_alpha"": 0.1, ""criterion"": ""gini"", ""max_depth"": null, ""min_samples_leaf"": 20, ""min_samples_split"": 2}",0.6645021645021645,2440.0,0.006924491561949253,0.10726926041952459
DT,Segment,"{""ccp_alpha"": 0.1, ""criterion"": ""gini"", ""max_depth"": null, ""min_samples_leaf"": 20, ""min_samples_split"": 10}",0.6645021645021645,2440.0,0.0067898081848397854,0.1035887219850377
DT,Segment,"{""ccp_alpha"": 0.1, ""criterion"": ""gini"", ""max_depth"": null, ""min_samples_leaf"": 1, ""min_samples_split"": 50}",0.6645021645021645,2440.0,0.007976208394393326,0.10809918575279125
DT,Segment,"{""ccp_alpha"": 0.1, ""criterion"": ""gini"", ""max_depth"": null, ""min_samples_leaf"": 1, ""min_samples_split"": 2}",0.6645021645021645,2440.0,0.008569008205085993,0.1530479982463054
DT,Segment,"{""ccp_alpha"": 0.1, ""criterion"": ""gini"", ""max_depth"": null, ""min_samples_leaf"": 1, ""min_samples_split"": 10}",0.6645021645021645,2440.0,0.008147291606292129,0.09846669980586865
DT,Segment,"{""ccp_alpha"": 0.1, ""criterion"": ""gini"", ""max_depth"": null, ""min_samples_leaf"": 5, ""min_samples_split"": 2}",0.6645021645021645,2440.0,0.007730116788297892,0.10788228032199335
DT,Segment,"{""ccp_alpha"": 0.01, ""criterion"": ""gini"", ""max_depth"": 4, ""min_samples_leaf"": 1, ""min_samples_split"": 50}",0.6891774891774892,2489.0,0.0044663168489933016,0.1025073697943708
DT,Segment,"{""ccp_alpha"": 0.01, ""criterion"": ""gini"", ""max_depth"": 4, ""min_samples_leaf"": 20, ""min_samples_split"": 2}",0.6891774891774892,2489.0,0.004458183399401605,0.10382377006339305
DT,Segment,"{""ccp_alpha"": 0.01, ""criterion"": ""gini"", ""max_depth"": 4, ""min_samples_leaf"": 5, ""min_samples_split"": 50}",0.6891774891774892,2489.0,0.004497299995273351,0.10479787904849816
DT,Segment,"{""ccp_alpha"": 0.01, ""criterion"": ""gini"", ""max_depth"": 4, ""min_samples_leaf"": 5, ""min_samples_split"": 10}",0.6891774891774892,2489.0,0.004451924609020353,0.10584415545388734
DT,Segment,"{""ccp_alpha"": 0.01, ""criterion"": ""gini"", ""max_depth"": 4, ""min_samples_leaf"": 5, ""min_samples_split"": 2}",0.6891774891774892,2489.0,0.004506458574905991,0.10317491843199833
DT,Segment,"{""ccp_alpha"": 0.01, ""criterion"": ""gini"", ""max_depth"": 4, ""min_samples_leaf"": 1, ""min_samples_split"": 2}",0.6891774891774892,2489.0,0.004478742019273341,0.10353595711839148
DT,Segment,"{""ccp_alpha"": 0.01, ""criterion"": ""gini"", ""max_depth"": 4, ""min_samples_leaf"": 20, ""min_samples_split"": 50}",0.6891774891774892,2489.0,0.004431249783374369,0.11320346845434859
DT,Segment,"{""ccp_alpha"": 0.01, ""criterion"": ""gini"", ""max_depth"": 4, ""min_samples_leaf"": 1, ""min_samples_split"": 10}",0.6891774891774892,2489.0,0.004455924779176712,0.10730519294093696
DT,Segment,"{""ccp_alpha"": 0.01, ""criterion"": ""gini"", ""max_depth"": 4, ""min_samples_leaf"": 20, ""min_samples_split"": 10}",0.6891774891774892,2489.0,0.004424166562967002,0.10977612074577447
DT,Segment,"{""ccp_alpha"": 0.1, ""criterion"": ""entropy"", ""max_depth"": null, ""min_samples_leaf"": 5, ""min_samples_split"": 50}",0.8255411255411256,2875.0,0.007126908400095999,0.11020867170128987
DT,Segment,"{""ccp_alpha"": 0.1, ""criterion"": ""entropy"", ""max_depth"": null, ""min_samples_leaf"": 5, ""min_samples_split"": 2}",0.8255411255411256,2875.0,0.007359391869977116,0.11264467490957927
DT,Segment,"{""ccp_alpha"": 0.1, ""criterion"": ""entropy"", ""max_depth"": null, ""min_samples_leaf"": 5, ""min_samples_split"": 10}",0.8255411255411256,2875.0,0.00735410840716213,0.11948011896181931
DT,Segment,"{""ccp_alpha"": 0.1, ""criterion"": ""entropy"", ""max_depth"": null, ""min_samples_leaf"": 20, ""min_samples_split"": 50}",0.8255411255411256,2875.0,0.006866341433487832,0.11165191931448457
DT,Segment,"{""ccp_alpha"": 0.1, ""criterion"": ""entropy"", ""max_depth"": null, ""min_samples_leaf"": 20, ""min_samples_split"": 2}",0.8255411255411256,2875.0,0.006874383194372058,0.11112946146107339
DT,Segment,"{""ccp_alpha"": 0.1, ""criterion"": ""entropy"", ""max_depth"": null, ""min_samples_leaf"": 20, ""min_samples_split"": 10}",0.8255411255411256,2875.0,0.006806924776174128,0.12550478825321446
DT,Segment,"{""ccp_alpha"": 0.1, ""criterion"": ""entropy"", ""max_depth"": null, ""min_samples_leaf"": 1, ""min_samples_split"": 50}",0.8255411255411256,2875.0,0.007222783239558339,0.12146406786846908
DT,Segment,"{""ccp_alpha"": 0.1, ""criterion"": ""entropy"", ""max_depth"": null, ""min_samples_leaf"": 1, ""min_samples_split"": 10}",0.8255411255411256,2875.0,0.01010509158950299,0.21729826951375258
DT,Segment,"{""ccp_alpha"": 0.1, ""criterion"": ""entropy"", ""max_depth"": null, ""min_samples_leaf"": 1, ""min_samples_split"": 2}",0.8255411255411256,2875.0,0.007577624847181141,0.11966104147496162
DT,Segment,"{""ccp_alpha"": 0.01, ""criterion"": ""entropy"", ""max_depth"": 4, ""min_samples_leaf"": 5, ""min_samples_split"": 50}",0.9025974025974026,3548.0,0.0056161498185247185,0.11536753353424918
DT,Segment,"{""ccp_alpha"": 0.01, ""criterion"": ""entropy"", ""max_depth"": 4, ""min_samples_leaf"": 1, ""min_samples_split"": 10}",0.9025974025974026,3548.0,0.0055074251489713785,0.11756929500407469
DT,Segment,"{""ccp_alpha"": 0.01, ""criterion"": ""entropy"", ""max_depth"": 4, ""min_samples_leaf"": 5, ""min_samples_split"": 10}",0.9025974025974026,3548.0,0.0055020084138959644,0.12254632719151384
DT,Segment,"{""ccp_alpha"": 0.01, ""criterion"": ""entropy"", ""max_depth"": 4, ""min_samples_leaf"": 1, ""min_samples_split"": 50}",0.9025974025974026,3548.0,0.005680941580794752,0.13883419141366884
DT,Segment,"{""ccp_alpha"": 0.01, ""criterion"": ""entropy"", ""max_depth"": 4, ""min_samples_leaf"": 5, ""min_samples_split"": 2}",0.9025974025974026,3548.0,0.005592241580598056,0.122726745742224
DT,Segment,"{""ccp_alpha"": 0.01, ""criterion"": ""entropy"", ""max_depth"": 4, ""min_samples_leaf"": 1, ""min_samples_split"": 2}",0.9025974025974026,3548.0,0.005618749954737723,0.11969742756256294
DT,Segment,"{""ccp_alpha"": 0.01, ""criterion"": ""gini"", ""max_depth"": null, ""min_samples_leaf"": 20, ""min_samples_split"": 50}",0.9194805194805195,3736.0,0.007690091617405415,0.20524888053471907
DT,Segment,"{""ccp_alpha"": 0.01, ""criterion"": ""gini"", ""max_depth"": null, ""min_samples_leaf"": 20, ""min_samples_split"": 10}",0.9194805194805195,3736.0,0.006971816625446081,0.11340172727515688
DT,Segment,"{""ccp_alpha"": 0.01, ""criterion"": ""gini"", ""max_depth"": null, ""min_samples_leaf"": 20, ""min_samples_split"": 2}",0.9194805194805195,3736.0,0.006793592008762062,0.11414114095560916
DT,Segment,"{""ccp_alpha"": 0.01, ""criterion"": ""gini"", ""max_depth"": null, ""min_samples_leaf"": 1, ""min_samples_split"": 2}",0.9212121212121213,3784.0,0.008268583356402815,0.11547533109848633
DT,Segment,"{""ccp_alpha"": 0.01, ""criterion"": ""gini"", ""max_depth"": null, ""min_samples_leaf"": 1, ""min_samples_split"": 10}",0.9212121212121213,3784.0,0.008114183600991965,0.11403369616507453
DT,Segment,"{""ccp_alpha"": 0.01, ""criterion"": ""gini"", ""max_depth"": null, ""min_samples_leaf"": 5, ""min_samples_split"": 50}",0.9212121212121213,3784.0,0.007590608228929341,0.11581863030726776
DT,Segment,"{""ccp_alpha"": 0.01, ""criterion"": ""entropy"", ""max_depth"": null, ""min_samples_leaf"": 20, ""min_samples_split"": 10}",0.9454545454545455,5035.0,0.006963091599754989,0.11693767888785958
DT,Segment,"{""ccp_alpha"": 0.01, ""criterion"": ""entropy"", ""max_depth"": null, ""min_samples_leaf"": 20, ""min_samples_split"": 2}",0.9454545454545455,5035.0,0.006874775188043714,0.11868652931991079
DT,Segment,"{""ccp_alpha"": 0.01, ""criterion"": ""entropy"", ""max_depth"": null, ""min_samples_leaf"": 20, ""min_samples_split"": 50}",0.9454545454545455,5035.0,0.006816616817377508,0.13878046901840152
DT,Segment,"{""ccp_alpha"": 0.01, ""criterion"": ""entropy"", ""max_depth"": 8, ""min_samples_leaf"": 20, ""min_samples_split"": 10}",0.945887445887446,5036.0,0.006891275197267533,0.12173509886448002
DT,Segment,"{""ccp_alpha"": 0.01, ""criterion"": ""entropy"", ""max_depth"": 8, ""min_samples_leaf"": 20, ""min_samples_split"": 2}",0.945887445887446,5036.0,0.006940450007095933,0.11801953504095863
DT,Segment,"{""ccp_alpha"": 0.01, ""criterion"": ""entropy"", ""max_depth"": null, ""min_samples_leaf"": 5, ""min_samples_split"": 50}",0.9467532467532467,5515.0,0.007126058428548276,0.12283504726889331
DT,Segment,"{""ccp_alpha"": 0.01, ""criterion"": ""entropy"", ""max_depth"": null, ""min_samples_leaf"": 1, ""min_samples_split"": 50}",0.9471861471861471,5563.0,0.007182616577483714,0.11865069759098483
DT,Segment,"{""ccp_alpha"": 0.001, ""criterion"": ""entropy"", ""max_depth"": 8, ""min_samples_leaf"": 20, ""min_samples_split"": 50}",0.9541125541125541,6716.0,0.0068117165705189105,0.11893941766836427
DT,Segment,"{""ccp_alpha"": 0.001, ""criterion"": ""entropy"", ""max_depth"": 8, ""min_samples_leaf"": 5, ""min_samples_split"": 50}",0.9554112554112555,6908.0,0.007127908593975008,0.1259021626309657
DT,Segment,"{""ccp_alpha"": 0.0, ""criterion"": ""entropy"", ""max_depth"": 8, ""min_samples_leaf"": 5, ""min_samples_split"": 50}",0.9554112554112555,6908.0,0.007061608205549419,0.11718910574525983
DT,Segment,"{""ccp_alpha"": 0.001, ""criterion"": ""entropy"", ""max_depth"": 8, ""min_samples_leaf"": 1, ""min_samples_split"": 50}",0.9571428571428571,6956.0,0.007251358404755592,0.13991776103903722
DT,Segment,"{""ccp_alpha"": 0.0, ""criterion"": ""entropy"", ""max_depth"": 8, ""min_samples_leaf"": 1, ""min_samples_split"": 50}",0.9571428571428571,6956.0,0.007125174789689481,0.1215367896474285
DT,Segment,"{""ccp_alpha"": 0.001, ""criterion"": ""entropy"", ""max_depth"": 8, ""min_samples_leaf"": 5, ""min_samples_split"": 2}",0.9584415584415584,8588.0,0.007233924814499915,0.12366492220591671
DT,Segment,"{""ccp_alpha"": 0.001, ""criterion"": ""entropy"", ""max_depth"": 8, ""min_samples_leaf"": 5, ""min_samples_split"": 10}",0.9584415584415584,8588.0,0.007287141587585211,0.12072470458426002
DT,Segment,"{""ccp_alpha"": 0.001, ""criterion"": ""entropy"", ""max_depth"": 8, ""min_samples_leaf"": 1, ""min_samples_split"": 10}",0.9632034632034632,8684.0,0.007368550170212984,0.1270740768706902
DT,Segment,"{""ccp_alpha"": 0.0, ""criterion"": ""entropy"", ""max_depth"": 8, ""min_samples_leaf"": 1, ""min_samples_split"": 10}",0.9632034632034632,8684.0,0.007315016561187803,0.12023812885601799
DT,Segment,"{""ccp_alpha"": 0.001, ""criterion"": ""entropy"", ""max_depth"": 8, ""min_samples_leaf"": 1, ""min_samples_split"": 2}",0.9662337662337661,9932.0,0.007363207987509668,0.13363985062548608
DT,Segment,"{""ccp_alpha"": 0.0, ""criterion"": ""entropy"", ""max_depth"": 8, ""min_samples_leaf"": 1, ""min_samples_split"": 2}",0.9662337662337661,9932.0,0.007382849790155887,0.12696577534402087
DT,Segment,"{""ccp_alpha"": 0.0, ""criterion"": ""entropy"", ""max_depth"": null, ""min_samples_leaf"": 1, ""min_samples_split"": 2}",0.9675324675324675,14779.0,0.007571058417670429,0.13318880424871074
DT,Segment,"{""ccp_alpha"": 0.001, ""criterion"": ""entropy"", ""max_depth"": null, ""min_samples_leaf"": 1, ""min_samples_split"": 2}",0.9675324675324675,14779.0,0.007565957959741354,0.12373764398487615
DT,Waveform,"{""ccp_alpha"": 0.1, ""criterion"": ""gini"", ""max_depth"": null, ""min_samples_leaf"": 5, ""min_samples_split"": 50}",0.5733999999999999,1426.0,0.06770776680205018,0.0944164115935564
DT,Waveform,"{""ccp_alpha"": 0.1, ""criterion"": ""gini"", ""max_depth"": null, ""min_samples_leaf"": 1, ""min_samples_split"": 10}",0.5733999999999999,1426.0,0.08414763337932527,0.09293337352573872
DT,Waveform,"{""ccp_alpha"": 0.1, ""criterion"": ""gini"", ""max_depth"": null, ""min_samples_leaf"": 1, ""min_samples_split"": 2}",0.5733999999999999,1426.0,0.0847264499636367,0.07527496200054884
DT,Waveform,"{""ccp_alpha"": 0.1, ""criterion"": ""gini"", ""max_depth"": null, ""min_samples_leaf"": 1, ""min_samples_split"": 50}",0.5733999999999999,1426.0,0.07896657520905137,0.09758337400853634
DT,Waveform,"{""ccp_alpha"": 0.1, ""criterion"": ""gini"", ""max_depth"": null, ""min_samples_leaf"": 5, ""min_samples_split"": 2}",0.5733999999999999,1426.0,0.07180000839289277,0.1035500317811966
DT,Waveform,"{""ccp_alpha"": 0.1, ""criterion"": ""gini"", ""max_depth"": null, ""min_samples_leaf"": 20, ""min_samples_split"": 2}",0.5733999999999999,1426.0,0.056486816983669995,0.07310002110898495
DT,Waveform,"{""ccp_alpha"": 0.1, ""criterion"": ""gini"", ""max_depth"": null, ""min_samples_leaf"": 20, ""min_samples_split"": 50}",0.5733999999999999,1426.0,0.05565477500203997,0.07696659304201603
DT,Waveform,"{""ccp_alpha"": 0.1, ""criterion"": ""gini"", ""max_depth"": null, ""min_samples_leaf"": 5, ""min_samples_split"": 10}",0.5733999999999999,1426.0,0.07184954998083412,0.09015819523483515
DT,Waveform,"{""ccp_alpha"": 0.1, ""criterion"": ""gini"", ""max_depth"": null, ""min_samples_leaf"": 20, ""min_samples_split"": 10}",0.5733999999999999,1426.0,0.056013433379121125,0.09234196040779352
DT,Waveform,"{""ccp_alpha"": 0.1, ""criterion"": ""entropy"", ""max_depth"": null, ""min_samples_leaf"": 1, ""min_samples_split"": 10}",0.6772,1784.0,0.06713394161779433,0.09729980956763029
DT,Waveform,"{""ccp_alpha"": 0.1, ""criterion"": ""entropy"", ""max_depth"": null, ""min_samples_leaf"": 1, ""min_samples_split"": 2}",0.6772,1784.0,0.06800370838027447,0.11521680280566216
DT,Waveform,"{""ccp_alpha"": 0.1, ""criterion"": ""entropy"", ""max_depth"": null, ""min_samples_leaf"": 1, ""min_samples_split"": 50}",0.6772,1784.0,0.05944836658891291,0.085816765204072
DT,Waveform,"{""ccp_alpha"": 0.1, ""criterion"": ""entropy"", ""max_depth"": null, ""min_samples_leaf"": 20, ""min_samples_split"": 10}",0.6772,1784.0,0.053805433213710785,0.09471701923757792
DT,Waveform,"{""ccp_alpha"": 0.1, ""criterion"": ""entropy"", ""max_depth"": null, ""min_samples_leaf"": 20, ""min_samples_split"": 50}",0.6772,1784.0,0.052583925216458736,0.08568339981138706
DT,Waveform,"{""ccp_alpha"": 0.1, ""criterion"": ""entropy"", ""max_depth"": null, ""min_samples_leaf"": 5, ""min_samples_split"": 10}",0.6772,1784.0,0.06475305836647749,0.11041637044399977
DT,Waveform,"{""ccp_alpha"": 0.1, ""criterion"": ""entropy"", ""max_depth"": null, ""min_samples_leaf"": 5, ""min_samples_split"": 2}",0.6772,1784.0,0.06414768279064446,0.11190834920853376
DT,Waveform,"{""ccp_alpha"": 0.1, ""criterion"": ""entropy"", ""max_depth"": null, ""min_samples_leaf"": 5, ""min_samples_split"": 50}",0.6772,1784.0,0.057401116797700526,0.09228326380252838
DT,Waveform,"{""ccp_alpha"": 0.1, ""criterion"": ""entropy"", ""max_depth"": null, ""min_samples_leaf"": 20, ""min_samples_split"": 2}",0.6772,1784.0,0.05365678297821432,0.09533320553600788
DT,Waveform,"{""ccp_alpha"": 0.01, ""criterion"": ""gini"", ""max_depth"": null, ""min_samples_leaf"": 1, ""min_samples_split"": 10}",0.7171999999999998,2488.0,0.08518985819537192,0.1254501985386014
DT,Waveform,"{""ccp_alpha"": 0.01, ""criterion"": ""gini"", ""max_depth"": null, ""min_samples_leaf"": 1, ""min_samples_split"": 2}",0.7171999999999998,2488.0,0.08467488319147379,0.10174992494285107
DT,Waveform,"{""ccp_alpha"": 0.01, ""criterion"": ""gini"", ""max_depth"": null, ""min_samples_leaf"": 1, ""min_samples_split"": 50}",0.7171999999999998,2488.0,0.07891850001178682,0.1131249824538827
DT,Waveform,"{""ccp_alpha"": 0.01, ""criterion"": ""gini"", ""max_depth"": null, ""min_samples_leaf"": 20, ""min_samples_split"": 10}",0.7171999999999998,2488.0,0.05734664138872177,0.10635021608322859
DT,Waveform,"{""ccp_alpha"": 0.01, ""criterion"": ""gini"", ""max_depth"": null, ""min_samples_leaf"": 20, ""min_samples_split"": 50}",0.7171999999999998,2488.0,0.05598631661850959,0.10691659990698099
DT,Waveform,"{""ccp_alpha"": 0.01, ""criterion"": ""gini"", ""max_depth"": null, ""min_samples_leaf"": 5, ""min_samples_split"": 10}",0.7171999999999998,2488.0,0.0718384916195646,0.09654122404754162
DT,Waveform,"{""ccp_alpha"": 0.01, ""criterion"": ""gini"", ""max_depth"": null, ""min_samples_leaf"": 5, ""min_samples_split"": 2}",0.7171999999999998,2488.0,0.07248579158913344,0.1273498171940446
DT,Waveform,"{""ccp_alpha"": 0.01, ""criterion"": ""gini"", ""max_depth"": null, ""min_samples_leaf"": 20, ""min_samples_split"": 2}",0.7171999999999998,2488.0,0.056431708834134044,0.10262501891702414
DT,Waveform,"{""ccp_alpha"": 0.01, ""criterion"": ""gini"", ""max_depth"": null, ""min_samples_leaf"": 5, ""min_samples_split"": 50}",0.7171999999999998,2488.0,0.06799210822209716,0.11118340771645308
DT,Waveform,"{""ccp_alpha"": 0.01, ""criterion"": ""entropy"", ""max_depth"": 4, ""min_samples_leaf"": 5, ""min_samples_split"": 50}",0.7415999999999999,3688.8,0.03095090021379292,0.09294180199503899
DT,Waveform,"{""ccp_alpha"": 0.01, ""criterion"": ""entropy"", ""max_depth"": 4, ""min_samples_leaf"": 1, ""min_samples_split"": 10}",0.7415999999999999,3688.8,0.03098028339445591,0.08829999715089798
DT,Waveform,"{""ccp_alpha"": 0.01, ""criterion"": ""entropy"", ""max_depth"": 4, ""min_samples_leaf"": 1, ""min_samples_split"": 2}",0.7415999999999999,3688.8,0.031097124773077668,0.0863752095028758
DT,Waveform,"{""ccp_alpha"": 0.01, ""criterion"": ""entropy"", ""max_depth"": 4, ""min_samples_leaf"": 1, ""min_samples_split"": 50}",0.7415999999999999,3688.8,0.031150866975076498,0.08936661761254072
DT,Waveform,"{""ccp_alpha"": 0.01, ""criterion"": ""entropy"", ""max_depth"": 4, ""min_samples_leaf"": 20, ""min_samples_split"": 10}",0.7415999999999999,3688.8,0.031170083209872246,0.11029138695448637
DT,Waveform,"{""ccp_alpha"": 0.01, ""criterion"": ""entropy"", ""max_depth"": 4, ""min_samples_leaf"": 20, ""min_samples_split"": 2}",0.7415999999999999,3688.8,0.030464650178328157,0.08620002772659063
DT,Waveform,"{""ccp_alpha"": 0.01, ""criterion"": ""entropy"", ""max_depth"": 4, ""min_samples_leaf"": 20, ""min_samples_split"": 50}",0.7415999999999999,3688.8,0.03043188320007175,0.08400001097470522
DT,Waveform,"{""ccp_alpha"": 0.01, ""criterion"": ""entropy"", ""max_depth"": 4, ""min_samples_leaf"": 5, ""min_samples_split"": 10}",0.7415999999999999,3688.8,0.03094026679173112,0.09460824076086283
DT,Waveform,"{""ccp_alpha"": 0.01, ""criterion"": ""entropy"", ""max_depth"": 4, ""min_samples_leaf"": 5, ""min_samples_split"": 2}",0.7415999999999999,3688.8,0.030973466788418592,0.09170821867883205
DT,Waveform,"{""ccp_alpha"": 0.0, ""criterion"": ""gini"", ""max_depth"": 4, ""min_samples_leaf"": 1, ""min_samples_split"": 10}",0.7442,3897.0,0.027832283196039496,0.08308321703225374
DT,Waveform,"{""ccp_alpha"": 0.001, ""criterion"": ""gini"", ""max_depth"": 4, ""min_samples_leaf"": 5, ""min_samples_split"": 10}",0.7442,3897.0,0.027608641400001944,0.08291681297123432
DT,Waveform,"{""ccp_alpha"": 0.001, ""criterion"": ""gini"", ""max_depth"": 4, ""min_samples_leaf"": 5, ""min_samples_split"": 50}",0.7442,3897.0,0.027788333012722433,0.09154139552265406
DT,Waveform,"{""ccp_alpha"": 0.001, ""criterion"": ""gini"", ""max_depth"": 4, ""min_samples_leaf"": 20, ""min_samples_split"": 2}",0.7442,3897.0,0.027548783412203192,0.09456663392484188
DT,Waveform,"{""ccp_alpha"": 0.001, ""criterion"": ""gini"", ""max_depth"": 4, ""min_samples_leaf"": 20, ""min_samples_split"": 10}",0.7442,3897.0,0.027538083004765214,0.08698343299329281
DT,Waveform,"{""ccp_alpha"": 0.001, ""criterion"": ""gini"", ""max_depth"": 4, ""min_samples_leaf"": 1, ""min_samples_split"": 50}",0.7442,3897.0,0.028229391621425747,0.09899160359054804
DT,Waveform,"{""ccp_alpha"": 0.001, ""criterion"": ""gini"", ""max_depth"": 4, ""min_samples_leaf"": 1, ""min_samples_split"": 2}",0.7442,3897.0,0.027912441408261657,0.08647481445223093
DT,Waveform,"{""ccp_alpha"": 0.001, ""criterion"": ""gini"", ""max_depth"": 4, ""min_samples_leaf"": 1, ""min_samples_split"": 10}",0.7442,3897.0,0.02787444160785526,0.08303339127451181
DT,Waveform,"{""ccp_alpha"": 0.001, ""criterion"": ""gini"", ""max_depth"": 4, ""min_samples_leaf"": 5, ""min_samples_split"": 2}",0.7442,3897.0,0.027714266791008413,0.08039160165935755
DT,Waveform,"{""ccp_alpha"": 0.0, ""criterion"": ""gini"", ""max_depth"": 4, ""min_samples_leaf"": 5, ""min_samples_split"": 50}",0.7442,3897.0,0.027689225203357638,0.09859160054475069
DT,Waveform,"{""ccp_alpha"": 0.0, ""criterion"": ""gini"", ""max_depth"": 4, ""min_samples_leaf"": 5, ""min_samples_split"": 10}",0.7442,3897.0,0.027731274766847492,0.09361682459712029
DT,Waveform,"{""ccp_alpha"": 0.0, ""criterion"": ""gini"", ""max_depth"": 4, ""min_samples_leaf"": 20, ""min_samples_split"": 50}",0.7442,3897.0,0.027669700002297758,0.09382502175867558
DT,Waveform,"{""ccp_alpha"": 0.0, ""criterion"": ""gini"", ""max_depth"": 4, ""min_samples_leaf"": 20, ""min_samples_split"": 2}",0.7442,3897.0,0.027466950379312037,0.09027477353811264
DT,Waveform,"{""ccp_alpha"": 0.0, ""criterion"": ""gini"", ""max_depth"": 4, ""min_samples_leaf"": 20, ""min_samples_split"": 10}",0.7442,3897.0,0.027530300058424474,0.08507482707500458
DT,Waveform,"{""ccp_alpha"": 0.0, ""criterion"": ""gini"", ""max_depth"": 4, ""min_samples_leaf"": 1, ""min_samples_split"": 50}",0.7442,3897.0,0.027856774814426898,0.08993318770080805
DT,Waveform,"{""ccp_alpha"": 0.0, ""criterion"": ""gini"", ""max_depth"": 4, ""min_samples_leaf"": 1, ""min_samples_split"": 2}",0.7442,3897.0,0.027715591760352255,0.0876501901075244
DT,Waveform,"{""ccp_alpha"": 0.0, ""criterion"": ""gini"", ""max_depth"": 4, ""min_samples_leaf"": 5, ""min_samples_split"": 2}",0.7442,3897.0,0.027715374995023013,0.08981677237898111
DT,Waveform,"{""ccp_alpha"": 0.001, ""criterion"": ""gini"", ""max_depth"": 4, ""min_samples_leaf"": 20, ""min_samples_split"": 50}",0.7442,3897.0,0.027710400172509253,0.08990841452032328
DT,Waveform,"{""ccp_alpha"": 0.01, ""criterion"": ""entropy"", ""max_depth"": null, ""min_samples_leaf"": 1, ""min_samples_split"": 50}",0.7456,4110.2,0.05961529184132815,0.11397497728466988
DT,Waveform,"{""ccp_alpha"": 0.01, ""criterion"": ""entropy"", ""max_depth"": null, ""min_samples_leaf"": 5, ""min_samples_split"": 50}",0.7456,4110.2,0.05747056675609201,0.09244177490472794
DT,Waveform,"{""ccp_alpha"": 0.01, ""criterion"": ""entropy"", ""max_depth"": null, ""min_samples_leaf"": 5, ""min_samples_split"": 2}",0.7456,4110.2,0.06362400038633495,0.09884999599307775
DT,Waveform,"{""ccp_alpha"": 0.01, ""criterion"": ""entropy"", ""max_depth"": null, ""min_samples_leaf"": 5, ""min_samples_split"": 10}",0.7456,4110.2,0.0637054415885359,0.11577517725527287
DT,Waveform,"{""ccp_alpha"": 0.01, ""criterion"": ""entropy"", ""max_depth"": null, ""min_samples_leaf"": 20, ""min_samples_split"": 50}",0.7456,4110.2,0.052622191770933566,0.10174158960580826
DT,Waveform,"{""ccp_alpha"": 0.01, ""criterion"": ""entropy"", ""max_depth"": null, ""min_samples_leaf"": 20, ""min_samples_split"": 2}",0.7456,4110.2,0.054277958581224084,0.11789181735366583
DT,Waveform,"{""ccp_alpha"": 0.01, ""criterion"": ""entropy"", ""max_depth"": null, ""min_samples_leaf"": 20, ""min_samples_split"": 10}",0.7456,4110.2,0.05342914157081395,0.11590018402785063
DT,Waveform,"{""ccp_alpha"": 0.01, ""criterion"": ""entropy"", ""max_depth"": null, ""min_samples_leaf"": 1, ""min_samples_split"": 2}",0.7456,4110.2,0.06801914980169385,0.11505000293254852
DT,Waveform,"{""ccp_alpha"": 0.01, ""criterion"": ""entropy"", ""max_depth"": null, ""min_samples_leaf"": 1, ""min_samples_split"": 10}",0.7456,4110.2,0.06722210799343883,0.10144999250769615
DT,Waveform,"{""ccp_alpha"": 0.001, ""criterion"": ""gini"", ""max_depth"": 8, ""min_samples_leaf"": 20, ""min_samples_split"": 50}",0.7547999999999999,11465.0,0.04870414158795029,0.10033324360847473
DT,Waveform,"{""ccp_alpha"": 0.001, ""criterion"": ""gini"", ""max_depth"": 8, ""min_samples_leaf"": 20, ""min_samples_split"": 10}",0.758,11922.6,0.04929431702475995,0.09876659605652094
DT,Waveform,"{""ccp_alpha"": 0.001, ""criterion"": ""gini"", ""max_depth"": 8, ""min_samples_leaf"": 20, ""min_samples_split"": 2}",0.758,11922.6,0.04946702499873936,0.10499961208552122
DT,Waveform,"{""ccp_alpha"": 0.001, ""criterion"": ""gini"", ""max_depth"": 8, ""min_samples_leaf"": 5, ""min_samples_split"": 50}",0.7634000000000001,12591.4,0.05117509984411299,0.11729160323739052
DT,Waveform,"{""ccp_alpha"": 0.001, ""criterion"": ""gini"", ""max_depth"": 8, ""min_samples_leaf"": 1, ""min_samples_split"": 50}",0.7642,12767.4,0.05215170823503286,0.12145000509917736
DT,Waveform,"{""ccp_alpha"": 0.001, ""criterion"": ""gini"", ""max_depth"": 8, ""min_samples_leaf"": 5, ""min_samples_split"": 10}",0.7726,16217.0,0.05296480860561133,0.09863355662673712
DT,Waveform,"{""ccp_alpha"": 0.001, ""criterion"": ""gini"", ""max_depth"": 8, ""min_samples_leaf"": 5, ""min_samples_split"": 2}",0.7726,16217.0,0.05306173302233219,0.11878355871886015
DT,Waveform,"{""ccp_alpha"": 0.001, ""criterion"": ""entropy"", ""max_depth"": null, ""min_samples_leaf"": 20, ""min_samples_split"": 50}",0.7727999999999999,17873.4,0.05260099181905389,0.11604181490838528
DT,SatImage,"{""ccp_alpha"": 0.1, ""criterion"": ""gini"", ""max_depth"": null, ""min_samples_leaf"": 5, ""min_samples_split"": 50}",0.6979782270606532,1942.6,0.03694598337169737,0.06881787645895596
DT,SatImage,"{""ccp_alpha"": 0.1, ""criterion"": ""gini"", ""max_depth"": null, ""min_samples_leaf"": 5, ""min_samples_split"": 10}",0.6979782270606532,1942.6,0.039269641414284705,0.06685460357120027
DT,SatImage,"{""ccp_alpha"": 0.1, ""criterion"": ""gini"", ""max_depth"": null, ""min_samples_leaf"": 20, ""min_samples_split"": 50}",0.6979782270606532,1942.6,0.031256500235758725,0.0629794760715813
DT,SatImage,"{""ccp_alpha"": 0.1, ""criterion"": ""gini"", ""max_depth"": null, ""min_samples_leaf"": 20, ""min_samples_split"": 2}",0.6979782270606532,1942.6,0.031896808580495414,0.06432739531108603
DT,SatImage,"{""ccp_alpha"": 0.1, ""criterion"": ""gini"", ""max_depth"": null, ""min_samples_leaf"": 20, ""min_samples_split"": 10}",0.6979782270606532,1942.6,0.03228528322651982,0.0847653271471082
DT,SatImage,"{""ccp_alpha"": 0.1, ""criterion"": ""gini"", ""max_depth"": null, ""min_samples_leaf"": 1, ""min_samples_split"": 50}",0.6979782270606532,1942.6,0.04239593322854489,0.06774882894606095
DT,SatImage,"{""ccp_alpha"": 0.1, ""criterion"": ""gini"", ""max_depth"": null, ""min_samples_leaf"": 1, ""min_samples_split"": 2}",0.6979782270606532,1942.6,0.04660784162115306,0.0724079041027726
DT,SatImage,"{""ccp_alpha"": 0.1, ""criterion"": ""gini"", ""max_depth"": null, ""min_samples_leaf"": 1, ""min_samples_split"": 10}",0.6979782270606532,1942.6,0.04555272520519793,0.07012065986684099
DT,SatImage,"{""ccp_alpha"": 0.1, ""criterion"": ""gini"", ""max_depth"": null, ""min_samples_leaf"": 5, ""min_samples_split"": 2}",0.6979782270606532,1942.6,0.03939877504017204,0.06575943050474439
DT,SatImage,"{""ccp_alpha"": 0.1, ""criterion"": ""entropy"", ""max_depth"": null, ""min_samples_leaf"": 1, ""min_samples_split"": 10}",0.7726283048211509,2215.0,0.035393291618674994,0.07273202029116231
DT,SatImage,"{""ccp_alpha"": 0.1, ""criterion"": ""entropy"", ""max_depth"": null, ""min_samples_leaf"": 1, ""min_samples_split"": 2}",0.7726283048211509,2215.0,0.03640229136217386,0.07626376785395861
DT,SatImage,"{""ccp_alpha"": 0.1, ""criterion"": ""entropy"", ""max_depth"": null, ""min_samples_leaf"": 1, ""min_samples_split"": 50}",0.7726283048211509,2215.0,0.031219416577368975,0.07052239230479089
DT,SatImage,"{""ccp_alpha"": 0.1, ""criterion"": ""entropy"", ""max_depth"": null, ""min_samples_leaf"": 20, ""min_samples_split"": 10}",0.7726283048211509,2215.0,0.027847300027497114,0.07526561962570966
DT,SatImage,"{""ccp_alpha"": 0.1, ""criterion"": ""entropy"", ""max_depth"": null, ""min_samples_leaf"": 20, ""min_samples_split"": 2}",0.7726283048211509,2215.0,0.027819208195433022,0.06494307484981802
DT,SatImage,"{""ccp_alpha"": 0.1, ""criterion"": ""entropy"", ""max_depth"": null, ""min_samples_leaf"": 20, ""min_samples_split"": 50}",0.7726283048211509,2215.0,0.02774969202000648,0.06656282296053731
DT,SatImage,"{""ccp_alpha"": 0.1, ""criterion"": ""entropy"", ""max_depth"": null, ""min_samples_leaf"": 5, ""min_samples_split"": 10}",0.7726283048211509,2215.0,0.03343473321292549,0.07794201330601891
DT,SatImage,"{""ccp_alpha"": 0.1, ""criterion"": ""entropy"", ""max_depth"": null, ""min_samples_leaf"": 5, ""min_samples_split"": 2}",0.7726283048211509,2215.0,0.03331956702750176,0.07118300851984863
DT,SatImage,"{""ccp_alpha"": 0.1, ""criterion"": ""entropy"", ""max_depth"": null, ""min_samples_leaf"": 5, ""min_samples_split"": 50}",0.7726283048211509,2215.0,0.030539499968290328,0.08183656749931131
DT,SatImage,"{""ccp_alpha"": 0.01, ""criterion"": ""gini"", ""max_depth"": 4, ""min_samples_leaf"": 1, ""min_samples_split"": 2}",0.7870917573872472,3109.0,0.015418158564716577,0.07053550034413812
DT,SatImage,"{""ccp_alpha"": 0.01, ""criterion"": ""gini"", ""max_depth"": 4, ""min_samples_leaf"": 1, ""min_samples_split"": 10}",0.7870917573872472,3109.0,0.015540658379904926,0.08431820540716453
DT,SatImage,"{""ccp_alpha"": 0.01, ""criterion"": ""gini"", ""max_depth"": 4, ""min_samples_leaf"": 20, ""min_samples_split"": 2}",0.7870917573872472,3109.0,0.015354133420623839,0.06950496222308226
DT,SatImage,"{""ccp_alpha"": 0.01, ""criterion"": ""gini"", ""max_depth"": 4, ""min_samples_leaf"": 20, ""min_samples_split"": 50}",0.7870917573872472,3109.0,0.015248675039038062,0.07181166936274079
DT,SatImage,"{""ccp_alpha"": 0.01, ""criterion"": ""gini"", ""max_depth"": 4, ""min_samples_leaf"": 5, ""min_samples_split"": 10}",0.7870917573872472,3109.0,0.015368325030431151,0.06987434097827872
DT,SatImage,"{""ccp_alpha"": 0.01, ""criterion"": ""gini"", ""max_depth"": 4, ""min_samples_leaf"": 5, ""min_samples_split"": 2}",0.7870917573872472,3109.0,0.01538795018568635,0.07156578499481984
DT,SatImage,"{""ccp_alpha"": 0.01, ""criterion"": ""gini"", ""max_depth"": 4, ""min_samples_leaf"": 5, ""min_samples_split"": 50}",0.7870917573872472,3109.0,0.015320550207979977,0.06925225226008688
DT,SatImage,"{""ccp_alpha"": 0.01, ""criterion"": ""gini"", ""max_depth"": 4, ""min_samples_leaf"": 20, ""min_samples_split"": 10}",0.7870917573872472,3109.0,0.015284583205357194,0.07999628205808287
DT,SatImage,"{""ccp_alpha"": 0.01, ""criterion"": ""gini"", ""max_depth"": 4, ""min_samples_leaf"": 1, ""min_samples_split"": 50}",0.7870917573872472,3109.0,0.015464799967594445,0.0719480907390963
DT,SatImage,"{""ccp_alpha"": 0.01, ""criterion"": ""gini"", ""max_depth"": null, ""min_samples_leaf"": 20, ""min_samples_split"": 10}",0.8080870917573872,3645.6,0.031893708370625974,0.06921352560792704
DT,SatImage,"{""ccp_alpha"": 0.01, ""criterion"": ""gini"", ""max_depth"": null, ""min_samples_leaf"": 5, ""min_samples_split"": 50}",0.8080870917573872,3645.6,0.036759283184073864,0.0738335844320513
DT,SatImage,"{""ccp_alpha"": 0.01, ""criterion"": ""gini"", ""max_depth"": null, ""min_samples_leaf"": 5, ""min_samples_split"": 2}",0.8080870917573872,3645.6,0.04042165819555521,0.1022679634206866
DT,SatImage,"{""ccp_alpha"": 0.01, ""criterion"": ""gini"", ""max_depth"": null, ""min_samples_leaf"": 5, ""min_samples_split"": 10}",0.8080870917573872,3645.6,0.03964388358872384,0.08841368918702538
DT,SatImage,"{""ccp_alpha"": 0.01, ""criterion"": ""gini"", ""max_depth"": null, ""min_samples_leaf"": 20, ""min_samples_split"": 50}",0.8080870917573872,3645.6,0.03150259144604206,0.06985475133936475
DT,SatImage,"{""ccp_alpha"": 0.01, ""criterion"": ""gini"", ""max_depth"": null, ""min_samples_leaf"": 20, ""min_samples_split"": 2}",0.8080870917573872,3645.6,0.03178621642291546,0.07843418035244867
DT,SatImage,"{""ccp_alpha"": 0.01, ""criterion"": ""gini"", ""max_depth"": null, ""min_samples_leaf"": 1, ""min_samples_split"": 50}",0.8080870917573872,3645.6,0.04226804156787693,0.08130547464542774
DT,SatImage,"{""ccp_alpha"": 0.01, ""criterion"": ""gini"", ""max_depth"": null, ""min_samples_leaf"": 1, ""min_samples_split"": 2}",0.8080870917573872,3645.6,0.04622388300485909,0.06925877006970704
DT,SatImage,"{""ccp_alpha"": 0.01, ""criterion"": ""gini"", ""max_depth"": null, ""min_samples_leaf"": 1, ""min_samples_split"": 10}",0.8080870917573872,3645.6,0.045490275020711124,0.0805535004655273
DT,SatImage,"{""ccp_alpha"": 0.01, ""criterion"": ""entropy"", ""max_depth"": 4, ""min_samples_leaf"": 20, ""min_samples_split"": 10}",0.8102643856920684,4008.0,0.01598440818488598,0.07071680408173919
DT,SatImage,"{""ccp_alpha"": 0.01, ""criterion"": ""entropy"", ""max_depth"": 4, ""min_samples_leaf"": 1, ""min_samples_split"": 50}",0.8102643856920684,4008.0,0.01635161661542952,0.07111200060504222
DT,SatImage,"{""ccp_alpha"": 0.01, ""criterion"": ""entropy"", ""max_depth"": 4, ""min_samples_leaf"": 5, ""min_samples_split"": 50}",0.8102643856920684,4008.0,0.016350258188322187,0.08378693150301372
DT,SatImage,"{""ccp_alpha"": 0.01, ""criterion"": ""entropy"", ""max_depth"": 4, ""min_samples_leaf"": 5, ""min_samples_split"": 2}",0.8102643856920684,4008.0,0.016156808566302062,0.07315957049721877
DT,SatImage,"{""ccp_alpha"": 0.01, ""criterion"": ""entropy"", ""max_depth"": 4, ""min_samples_leaf"": 5, ""min_samples_split"": 10}",0.8102643856920684,4008.0,0.016199132963083684,0.07949050003155764
DT,SatImage,"{""ccp_alpha"": 0.01, ""criterion"": ""entropy"", ""max_depth"": 4, ""min_samples_leaf"": 20, ""min_samples_split"": 50}",0.8102643856920684,4008.0,0.016053616581484676,0.07343813443837419
DT,SatImage,"{""ccp_alpha"": 0.01, ""criterion"": ""entropy"", ""max_depth"": 4, ""min_samples_leaf"": 20, ""min_samples_split"": 2}",0.8102643856920684,4008.0,0.016164958220906557,0.08042375984403245
DT,SatImage,"{""ccp_alpha"": 0.01, ""criterion"": ""entropy"", ""max_depth"": 4, ""min_samples_leaf"": 1, ""min_samples_split"": 10}",0.8102643856920684,4008.0,0.016559266624972223,0.08070234189021458
DT,SatImage,"{""ccp_alpha"": 0.01, ""criterion"": ""entropy"", ""max_depth"": 4, ""min_samples_leaf"": 1, ""min_samples_split"": 2}",0.8102643856920684,4008.0,0.01648716675117612,0.06958257847264246
DT,SatImage,"{""ccp_alpha"": 0.0, ""criterion"": ""entropy"", ""max_depth"": 4, ""min_samples_leaf"": 1, ""min_samples_split"": 50}",0.8158631415241058,4635.2,0.016452825209125877,0.07297156789973029
DT,SatImage,"{""ccp_alpha"": 0.0, ""criterion"": ""entropy"", ""max_depth"": 4, ""min_samples_leaf"": 20, ""min_samples_split"": 10}",0.8158631415241058,4635.2,0.015946249989792705,0.0702759104709881
DT,SatImage,"{""ccp_alpha"": 0.0, ""criterion"": ""entropy"", ""max_depth"": 4, ""min_samples_leaf"": 20, ""min_samples_split"": 2}",0.8158631415241058,4635.2,0.015924924798309804,0.07010760614257393
DT,SatImage,"{""ccp_alpha"": 0.0, ""criterion"": ""entropy"", ""max_depth"": 4, ""min_samples_leaf"": 20, ""min_samples_split"": 50}",0.8158631415241058,4635.2,0.01604454144835472,0.07921211714066947
DT,SatImage,"{""ccp_alpha"": 0.0, ""criterion"": ""entropy"", ""max_depth"": 4, ""min_samples_leaf"": 5, ""min_samples_split"": 50}",0.8158631415241058,4635.2,0.016248666401952504,0.07154601430563867
DT,SatImage,"{""ccp_alpha"": 0.001, ""criterion"": ""entropy"", ""max_depth"": 4, ""min_samples_leaf"": 1, ""min_samples_split"": 50}",0.8158631415241058,4635.2,0.01622301700990647,0.08701398957109377
DT,SatImage,"{""ccp_alpha"": 0.001, ""criterion"": ""entropy"", ""max_depth"": 4, ""min_samples_leaf"": 20, ""min_samples_split"": 10}",0.8158631415241058,4635.2,0.016116358619183303,0.06958288625809675
DT,SatImage,"{""ccp_alpha"": 0.001, ""criterion"": ""entropy"", ""max_depth"": 4, ""min_samples_leaf"": 20, ""min_samples_split"": 2}",0.8158631415241058,4635.2,0.015965941594913602,0.07539532403715106
DT,SatImage,"{""ccp_alpha"": 0.001, ""criterion"": ""entropy"", ""max_depth"": 4, ""min_samples_leaf"": 20, ""min_samples_split"": 50}",0.8158631415241058,4635.2,0.01636944180354476,0.08321043124210965
DT,SatImage,"{""ccp_alpha"": 0.001, ""criterion"": ""entropy"", ""max_depth"": 4, ""min_samples_leaf"": 5, ""min_samples_split"": 50}",0.8158631415241058,4635.2,0.016183383390307428,0.07031492680357553
DT,SatImage,"{""ccp_alpha"": 0.01, ""criterion"": ""entropy"", ""max_depth"": null, ""min_samples_leaf"": 5, ""min_samples_split"": 2}",0.8334370139968895,5709.4,0.03331189975142479,0.0753757343982371
DT,SatImage,"{""ccp_alpha"": 0.01, ""criterion"": ""entropy"", ""max_depth"": null, ""min_samples_leaf"": 5, ""min_samples_split"": 50}",0.8334370139968895,5709.4,0.030146658211015163,0.08993653919472479
DT,SatImage,"{""ccp_alpha"": 0.01, ""criterion"": ""entropy"", ""max_depth"": null, ""min_samples_leaf"": 5, ""min_samples_split"": 10}",0.8334370139968895,5709.4,0.033078675251454116,0.07313371651905876
DT,SatImage,"{""ccp_alpha"": 0.01, ""criterion"": ""entropy"", ""max_depth"": null, ""min_samples_leaf"": 20, ""min_samples_split"": 50}",0.8334370139968895,5709.4,0.02770875000860542,0.07926377078190934
DT,SatImage,"{""ccp_alpha"": 0.01, ""criterion"": ""entropy"", ""max_depth"": null, ""min_samples_leaf"": 20, ""min_samples_split"": 2}",0.8334370139968895,5709.4,0.028019933425821365,0.07793544118131857
DT,SatImage,"{""ccp_alpha"": 0.01, ""criterion"": ""entropy"", ""max_depth"": null, ""min_samples_leaf"": 20, ""min_samples_split"": 10}",0.8334370139968895,5709.4,0.028015133389271796,0.07610791978392965
DT,SatImage,"{""ccp_alpha"": 0.01, ""criterion"": ""entropy"", ""max_depth"": null, ""min_samples_leaf"": 1, ""min_samples_split"": 50}",0.8334370139968895,5709.4,0.03142365822568536,0.07591350800698134
DT,SatImage,"{""ccp_alpha"": 0.01, ""criterion"": ""entropy"", ""max_depth"": null, ""min_samples_leaf"": 1, ""min_samples_split"": 2}",0.8334370139968895,5709.4,0.03630615801084787,0.08231584376671451
DT,SatImage,"{""ccp_alpha"": 0.01, ""criterion"": ""entropy"", ""max_depth"": null, ""min_samples_leaf"": 1, ""min_samples_split"": 10}",0.8334370139968895,5709.4,0.0355626001721248,0.09346160600266043
DT,SatImage,"{""ccp_alpha"": 0.001, ""criterion"": ""gini"", ""max_depth"": 8, ""min_samples_leaf"": 20, ""min_samples_split"": 50}",0.8578538102643858,9291.4,0.025716758402995765,0.07934169481692381
DT,SatImage,"{""ccp_alpha"": 0.001, ""criterion"": ""gini"", ""max_depth"": 8, ""min_samples_leaf"": 20, ""min_samples_split"": 10}",0.8581648522550545,9515.4,0.025825950200669467,0.07204527852254375
DT,SatImage,"{""ccp_alpha"": 0.001, ""criterion"": ""gini"", ""max_depth"": 8, ""min_samples_leaf"": 20, ""min_samples_split"": 2}",0.8581648522550545,9515.4,0.027330708433873953,0.08732507014024313
DT,SatImage,"{""ccp_alpha"": 0.001, ""criterion"": ""gini"", ""max_depth"": 8, ""min_samples_leaf"": 5, ""min_samples_split"": 50}",0.8598755832037325,10366.6,0.02660949998535216,0.08055351857055401
DT,SatImage,"{""ccp_alpha"": 0.001, ""criterion"": ""gini"", ""max_depth"": 8, ""min_samples_leaf"": 1, ""min_samples_split"": 50}",0.8603421461897357,10456.2,0.027149575180374086,0.08638538304328178
DT,SatImage,"{""ccp_alpha"": 0.001, ""criterion"": ""gini"", ""max_depth"": 8, ""min_samples_leaf"": 5, ""min_samples_split"": 10}",0.8668740279937792,12158.6,0.0277163248276338,0.07926373457185588
DT,SatImage,"{""ccp_alpha"": 0.001, ""criterion"": ""gini"", ""max_depth"": 8, ""min_samples_leaf"": 5, ""min_samples_split"": 2}",0.8668740279937792,12158.6,0.027643058449029922,0.07641929003350657
DT,SatImage,"{""ccp_alpha"": 0.001, ""criterion"": ""gini"", ""max_depth"": null, ""min_samples_leaf"": 5, ""min_samples_split"": 2}",0.8671850699844479,14935.2,0.039738883008249105,0.08562086207986248
DT,SatImage,"{""ccp_alpha"": 0.001, ""criterion"": ""gini"", ""max_depth"": null, ""min_samples_leaf"": 5, ""min_samples_split"": 10}",0.8671850699844479,14935.2,0.0396145414095372,0.08294446839955325
DT,SatImage,"{""ccp_alpha"": 0.001, ""criterion"": ""gini"", ""max_depth"": 16, ""min_samples_leaf"": 5, ""min_samples_split"": 10}",0.8674961119751167,14936.2,0.038373866793699564,0.0791409100705691
DT,SatImage,"{""ccp_alpha"": 0.001, ""criterion"": ""gini"", ""max_depth"": 16, ""min_samples_leaf"": 5, ""min_samples_split"": 2}",0.8674961119751167,14936.2,0.03825674997642636,0.0844737456917392
DT,SatImage,"{""ccp_alpha"": 0.001, ""criterion"": ""gini"", ""max_depth"": null, ""min_samples_leaf"": 1, ""min_samples_split"": 2}",0.8678071539657853,15114.4,0.046477308589965106,0.0815060602364885
DT,SatImage,"{""ccp_alpha"": 0.001, ""criterion"": ""gini"", ""max_depth"": 16, ""min_samples_leaf"": 1, ""min_samples_split"": 10}",0.8682737169517883,15384.2,0.04171633343212307,0.08916531937141811
DT,Pendigits,"{""ccp_alpha"": 0.1, ""criterion"": ""gini"", ""max_depth"": null, ""min_samples_leaf"": 5, ""min_samples_split"": 50}",0.10413824465666213,1334.0,0.029072875180281697,0.04080637083263926
DT,Pendigits,"{""ccp_alpha"": 0.1, ""criterion"": ""gini"", ""max_depth"": null, ""min_samples_leaf"": 5, ""min_samples_split"": 10}",0.10413824465666213,1334.0,0.029596024774946272,0.03771032678940015
DT,Pendigits,"{""ccp_alpha"": 0.1, ""criterion"": ""gini"", ""max_depth"": null, ""min_samples_leaf"": 20, ""min_samples_split"": 50}",0.10413824465666213,1334.0,0.02645779161248356,0.03868804608436539
DT,Pendigits,"{""ccp_alpha"": 0.1, ""criterion"": ""gini"", ""max_depth"": null, ""min_samples_leaf"": 20, ""min_samples_split"": 2}",0.10413824465666213,1334.0,0.026524900179356336,0.031995620932590965
DT,Pendigits,"{""ccp_alpha"": 0.1, ""criterion"": ""gini"", ""max_depth"": null, ""min_samples_leaf"": 20, ""min_samples_split"": 10}",0.10413824465666213,1334.0,0.026644691615365444,0.03232906956654237
DT,Pendigits,"{""ccp_alpha"": 0.1, ""criterion"": ""gini"", ""max_depth"": null, ""min_samples_leaf"": 1, ""min_samples_split"": 50}",0.10413824465666213,1334.0,0.030273400200530886,0.031449924773278695
DT,Pendigits,"{""ccp_alpha"": 0.1, ""criterion"": ""gini"", ""max_depth"": null, ""min_samples_leaf"": 1, ""min_samples_split"": 2}",0.10413824465666213,1334.0,0.0315114667871967,0.0339433620292092
DT,Pendigits,"{""ccp_alpha"": 0.1, ""criterion"": ""gini"", ""max_depth"": null, ""min_samples_leaf"": 1, ""min_samples_split"": 10}",0.10413824465666213,1334.0,0.03108869157731533,0.032594267798993416
DT,Pendigits,"{""ccp_alpha"": 0.1, ""criterion"": ""gini"", ""max_depth"": null, ""min_samples_leaf"": 5, ""min_samples_split"": 2}",0.10413824465666213,1334.0,0.02945108318235725,0.031180724267826233
DT,Pendigits,"{""ccp_alpha"": 0.1, ""criterion"": ""entropy"", ""max_depth"": 4, ""min_samples_leaf"": 5, ""min_samples_split"": 10}",0.6685766257389723,3705.6,0.014196491637267172,0.048639390849698504
DT,Pendigits,"{""ccp_alpha"": 0.1, ""criterion"": ""entropy"", ""max_depth"": 4, ""min_samples_leaf"": 20, ""min_samples_split"": 50}",0.6685766257389723,3705.6,0.014186266576871276,0.0431256986249843
DT,Pendigits,"{""ccp_alpha"": 0.1, ""criterion"": ""entropy"", ""max_depth"": 4, ""min_samples_leaf"": 1, ""min_samples_split"": 10}",0.6685766257389723,3705.6,0.014269300224259495,0.04668793335672182
DT,Pendigits,"{""ccp_alpha"": 0.1, ""criterion"": ""entropy"", ""max_depth"": 4, ""min_samples_leaf"": 1, ""min_samples_split"": 50}",0.6685766257389723,3705.6,0.014206299977377056,0.04863947555388901
DT,Pendigits,"{""ccp_alpha"": 0.1, ""criterion"": ""entropy"", ""max_depth"": 4, ""min_samples_leaf"": 1, ""min_samples_split"": 2}",0.6685766257389723,3705.6,0.014193858369253576,0.045160801506085854
DT,Pendigits,"{""ccp_alpha"": 0.1, ""criterion"": ""entropy"", ""max_depth"": 4, ""min_samples_leaf"": 5, ""min_samples_split"": 2}",0.6685766257389723,3705.6,0.01440932482946664,0.05814761623042234
DT,Pendigits,"{""ccp_alpha"": 0.1, ""criterion"": ""entropy"", ""max_depth"": 4, ""min_samples_leaf"": 20, ""min_samples_split"": 10}",0.6685766257389723,3705.6,0.014226949797011912,0.04645655327233037
DT,Pendigits,"{""ccp_alpha"": 0.1, ""criterion"": ""entropy"", ""max_depth"": 4, ""min_samples_leaf"": 5, ""min_samples_split"": 50}",0.6685766257389723,3705.6,0.014256982994265855,0.04916989319483873
DT,Pendigits,"{""ccp_alpha"": 0.1, ""criterion"": ""entropy"", ""max_depth"": 4, ""min_samples_leaf"": 20, ""min_samples_split"": 2}",0.6685766257389723,3705.6,0.014193741767667235,0.04754435625088221
DT,Pendigits,"{""ccp_alpha"": 0.1, ""criterion"": ""entropy"", ""max_depth"": null, ""min_samples_leaf"": 20, ""min_samples_split"": 2}",0.6775807185084128,3762.2,0.026519941771402954,0.0477451475344771
DT,Pendigits,"{""ccp_alpha"": 0.1, ""criterion"": ""entropy"", ""max_depth"": null, ""min_samples_leaf"": 20, ""min_samples_split"": 10}",0.6775807185084128,3762.2,0.026409108215011655,0.04922319330671475
DT,Pendigits,"{""ccp_alpha"": 0.1, ""criterion"": ""entropy"", ""max_depth"": null, ""min_samples_leaf"": 1, ""min_samples_split"": 50}",0.6775807185084128,3762.2,0.028372916602529587,0.0480598447782552
DT,Pendigits,"{""ccp_alpha"": 0.1, ""criterion"": ""entropy"", ""max_depth"": null, ""min_samples_leaf"": 1, ""min_samples_split"": 2}",0.6775807185084128,3762.2,0.03008788339793682,0.05438463256718516
DT,Pendigits,"{""ccp_alpha"": 0.1, ""criterion"": ""entropy"", ""max_depth"": null, ""min_samples_leaf"": 1, ""min_samples_split"": 10}",0.6775807185084128,3762.2,0.02973730838857591,0.04879490774346786
DT,Pendigits,"{""ccp_alpha"": 0.1, ""criterion"": ""entropy"", ""max_depth"": null, ""min_samples_leaf"": 20, ""min_samples_split"": 50}",0.6775807185084128,3762.2,0.026323841791599988,0.04946202735987074
DT,Pendigits,"{""ccp_alpha"": 0.1, ""criterion"": ""entropy"", ""max_depth"": null, ""min_samples_leaf"": 5, ""min_samples_split"": 10}",0.6775807185084128,3762.2,0.028838583407923578,0.050147908954470743
DT,Pendigits,"{""ccp_alpha"": 0.1, ""criterion"": ""entropy"", ""max_depth"": null, ""min_samples_leaf"": 5, ""min_samples_split"": 2}",0.6775807185084128,3762.2,0.029055183194577693,0.05379347143361871
DT,Pendigits,"{""ccp_alpha"": 0.1, ""criterion"": ""entropy"", ""max_depth"": null, ""min_samples_leaf"": 5, ""min_samples_split"": 50}",0.6775807185084128,3762.2,0.027817583410069346,0.04863184158871964
DT,Pendigits,"{""ccp_alpha"": 0.01, ""criterion"": ""gini"", ""max_depth"": 4, ""min_samples_leaf"": 1, ""min_samples_split"": 10}",0.7192360163710777,4739.4,0.01329035023227334,0.045445005241281713
DT,Pendigits,"{""ccp_alpha"": 0.01, ""criterion"": ""gini"", ""max_depth"": 4, ""min_samples_leaf"": 1, ""min_samples_split"": 2}",0.7192360163710777,4739.4,0.013344649807550013,0.050227488541451294
DT,Pendigits,"{""ccp_alpha"": 0.01, ""criterion"": ""gini"", ""max_depth"": 4, ""min_samples_leaf"": 1, ""min_samples_split"": 50}",0.7192360163710777,4739.4,0.013130933418869973,0.0468319093045347
DT,Pendigits,"{""ccp_alpha"": 0.01, ""criterion"": ""gini"", ""max_depth"": 4, ""min_samples_leaf"": 20, ""min_samples_split"": 10}",0.7192360163710777,4739.4,0.013240374997258187,0.046775072792705055
DT,Pendigits,"{""ccp_alpha"": 0.01, ""criterion"": ""gini"", ""max_depth"": 4, ""min_samples_leaf"": 20, ""min_samples_split"": 50}",0.7192360163710777,4739.4,0.013206875184550881,0.046036007554490985
DT,Pendigits,"{""ccp_alpha"": 0.01, ""criterion"": ""gini"", ""max_depth"": 4, ""min_samples_leaf"": 5, ""min_samples_split"": 10}",0.7192360163710777,4739.4,0.013179024821147323,0.04441782928708468
DT,Pendigits,"{""ccp_alpha"": 0.01, ""criterion"": ""gini"", ""max_depth"": 4, ""min_samples_leaf"": 20, ""min_samples_split"": 2}",0.7192360163710777,4739.4,0.013233950012363493,0.046229376633392785
DT,Pendigits,"{""ccp_alpha"": 0.01, ""criterion"": ""gini"", ""max_depth"": 4, ""min_samples_leaf"": 5, ""min_samples_split"": 50}",0.7192360163710777,4739.4,0.013249916583299636,0.04595643855553423
DT,Pendigits,"{""ccp_alpha"": 0.01, ""criterion"": ""gini"", ""max_depth"": 4, ""min_samples_leaf"": 5, ""min_samples_split"": 2}",0.7192360163710777,4739.4,0.013116908213123678,0.04468331339617868
DT,Pendigits,"{""ccp_alpha"": 0.001, ""criterion"": ""gini"", ""max_depth"": 4, ""min_samples_leaf"": 20, ""min_samples_split"": 50}",0.7235106866757618,5545.8,0.013228316395543515,0.0457595330766788
DT,Pendigits,"{""ccp_alpha"": 0.001, ""criterion"": ""gini"", ""max_depth"": 4, ""min_samples_leaf"": 20, ""min_samples_split"": 2}",0.7235106866757618,5545.8,0.013287141756154596,0.045069659797101196
DT,Pendigits,"{""ccp_alpha"": 0.001, ""criterion"": ""gini"", ""max_depth"": 4, ""min_samples_leaf"": 20, ""min_samples_split"": 10}",0.7235106866757618,5545.8,0.013254550192505122,0.05386537470333465
DT,Pendigits,"{""ccp_alpha"": 0.001, ""criterion"": ""gini"", ""max_depth"": 4, ""min_samples_leaf"": 5, ""min_samples_split"": 50}",0.7243292405638926,5603.4,0.01321598319336772,0.04602464660493934
DT,Pendigits,"{""ccp_alpha"": 0.001, ""criterion"": ""gini"", ""max_depth"": 4, ""min_samples_leaf"": 5, ""min_samples_split"": 2}",0.7243292405638926,5603.4,0.013251366605982185,0.045823823557273
DT,Pendigits,"{""ccp_alpha"": 0.001, ""criterion"": ""gini"", ""max_depth"": 4, ""min_samples_leaf"": 5, ""min_samples_split"": 10}",0.7243292405638926,5603.4,0.013233649800531566,0.0466233887635561
DT,Pendigits,"{""ccp_alpha"": 0.001, ""criterion"": ""gini"", ""max_depth"": 4, ""min_samples_leaf"": 1, ""min_samples_split"": 2}",0.7243292405638926,5603.4,0.013288083183579148,0.051447641817669046
DT,Pendigits,"{""ccp_alpha"": 0.001, ""criterion"": ""gini"", ""max_depth"": 4, ""min_samples_leaf"": 1, ""min_samples_split"": 10}",0.7243292405638926,5603.4,0.013240591227076947,0.04479301591090799
DT,Pendigits,"{""ccp_alpha"": 0.001, ""criterion"": ""gini"", ""max_depth"": 4, ""min_samples_leaf"": 1, ""min_samples_split"": 50}",0.7243292405638926,5603.4,0.01318171659950167,0.04635826464727175
DT,Pendigits,"{""ccp_alpha"": 0.0, ""criterion"": ""gini"", ""max_depth"": 4, ""min_samples_leaf"": 1, ""min_samples_split"": 2}",0.7244201909959072,5661.0,0.013237241632305085,0.05232686072709941
DT,Pendigits,"{""ccp_alpha"": 0.0, ""criterion"": ""gini"", ""max_depth"": 4, ""min_samples_leaf"": 5, ""min_samples_split"": 50}",0.7244201909959072,5661.0,0.013255241815932095,0.04835533534683602
DT,Pendigits,"{""ccp_alpha"": 0.0, ""criterion"": ""gini"", ""max_depth"": 4, ""min_samples_leaf"": 1, ""min_samples_split"": 10}",0.7244201909959072,5661.0,0.013294074987061321,0.04891231833953324
DT,Pendigits,"{""ccp_alpha"": 0.0, ""criterion"": ""gini"", ""max_depth"": 4, ""min_samples_leaf"": 1, ""min_samples_split"": 50}",0.7244201909959072,5661.0,0.013237933209165931,0.045513033294281996
DT,Pendigits,"{""ccp_alpha"": 0.0, ""criterion"": ""gini"", ""max_depth"": 4, ""min_samples_leaf"": 5, ""min_samples_split"": 10}",0.7244201909959072,5661.0,0.012988641788251699,0.0513491626081818
DT,Pendigits,"{""ccp_alpha"": 0.0, ""criterion"": ""gini"", ""max_depth"": 4, ""min_samples_leaf"": 5, ""min_samples_split"": 2}",0.7244201909959072,5661.0,0.013104350003413857,0.045622926393439955
DT,Pendigits,"{""ccp_alpha"": 0.01, ""criterion"": ""entropy"", ""max_depth"": 4, ""min_samples_leaf"": 5, ""min_samples_split"": 50}",0.7621646202819463,5664.0,0.0142667087726295,0.048093959390981565
DT,Pendigits,"{""ccp_alpha"": 0.01, ""criterion"": ""entropy"", ""max_depth"": 4, ""min_samples_leaf"": 5, ""min_samples_split"": 2}",0.7621646202819463,5664.0,0.014243174996227025,0.048707673015270306
DT,Pendigits,"{""ccp_alpha"": 0.01, ""criterion"": ""entropy"", ""max_depth"": 4, ""min_samples_leaf"": 5, ""min_samples_split"": 10}",0.7621646202819463,5664.0,0.014263900206424296,0.05055326085813807
DT,Pendigits,"{""ccp_alpha"": 0.01, ""criterion"": ""entropy"", ""max_depth"": 4, ""min_samples_leaf"": 20, ""min_samples_split"": 50}",0.7621646202819463,5664.0,0.014216374815441668,0.049636221527646705
DT,Pendigits,"{""ccp_alpha"": 0.01, ""criterion"": ""entropy"", ""max_depth"": 4, ""min_samples_leaf"": 20, ""min_samples_split"": 10}",0.7621646202819463,5664.0,0.014206933393143117,0.047782893839371426
DT,Pendigits,"{""ccp_alpha"": 0.0, ""criterion"": ""entropy"", ""max_depth"": 4, ""min_samples_leaf"": 1, ""min_samples_split"": 10}",0.7621646202819463,5664.0,0.014193258434534072,0.05108765959604158
DT,Pendigits,"{""ccp_alpha"": 0.01, ""criterion"": ""entropy"", ""max_depth"": 4, ""min_samples_leaf"": 1, ""min_samples_split"": 2}",0.7621646202819463,5664.0,0.014216500008478761,0.048018000908145154
DT,Pendigits,"{""ccp_alpha"": 0.001, ""criterion"": ""entropy"", ""max_depth"": 4, ""min_samples_leaf"": 5, ""min_samples_split"": 2}",0.7621646202819463,5664.0,0.014164400240406393,0.04860917262973542
DT,Pendigits,"{""ccp_alpha"": 0.001, ""criterion"": ""entropy"", ""max_depth"": 4, ""min_samples_leaf"": 5, ""min_samples_split"": 10}",0.7621646202819463,5664.0,0.014225624804385006,0.04995835156414172
DT,Pendigits,"{""ccp_alpha"": 0.001, ""criterion"": ""entropy"", ""max_depth"": 4, ""min_samples_leaf"": 20, ""min_samples_split"": 50}",0.7621646202819463,5664.0,0.01413256663363427,0.048218813367787675
DT,Pendigits,"{""ccp_alpha"": 0.001, ""criterion"": ""entropy"", ""max_depth"": 4, ""min_samples_leaf"": 20, ""min_samples_split"": 2}",0.7621646202819463,5664.0,0.014202891383320093,0.0532172711777004
DT,Pendigits,"{""ccp_alpha"": 0.001, ""criterion"": ""entropy"", ""max_depth"": 4, ""min_samples_leaf"": 20, ""min_samples_split"": 10}",0.7621646202819463,5664.0,0.014056116994470357,0.04852586605837259
DT,Pendigits,"{""ccp_alpha"": 0.001, ""criterion"": ""entropy"", ""max_depth"": 4, ""min_samples_leaf"": 1, ""min_samples_split"": 50}",0.7621646202819463,5664.0,0.014130632998421789,0.04928749437533275
DT,Pendigits,"{""ccp_alpha"": 0.001, ""criterion"": ""entropy"", ""max_depth"": 4, ""min_samples_leaf"": 1, ""min_samples_split"": 2}",0.7621646202819463,5664.0,0.014181900187395513,0.04915498525730964
DT,Pendigits,"{""ccp_alpha"": 0.001, ""criterion"": ""entropy"", ""max_depth"": 4, ""min_samples_leaf"": 5, ""min_samples_split"": 50}",0.7621646202819463,5664.0,0.01426714996341616,0.05327021129676677
DT,Pendigits,"{""ccp_alpha"": 0.001, ""criterion"": ""entropy"", ""max_depth"": 4, ""min_samples_leaf"": 1, ""min_samples_split"": 10}",0.7621646202819463,5664.0,0.014275217009708286,0.048476674099736126
DT,Pendigits,"{""ccp_alpha"": 0.0, ""criterion"": ""entropy"", ""max_depth"": 4, ""min_samples_leaf"": 5, ""min_samples_split"": 2}",0.7621646202819463,5664.0,0.014277199958451092,0.04944667472534149
DT,Pendigits,"{""ccp_alpha"": 0.0, ""criterion"": ""entropy"", ""max_depth"": 4, ""min_samples_leaf"": 5, ""min_samples_split"": 10}",0.7621646202819463,5664.0,0.014146466623060405,0.04756335116560321
DT,Pendigits,"{""ccp_alpha"": 0.0, ""criterion"": ""entropy"", ""max_depth"": 4, ""min_samples_leaf"": 20, ""min_samples_split"": 50}",0.7621646202819463,5664.0,0.014095466583967209,0.048847752570319904
DT,Pendigits,"{""ccp_alpha"": 0.0, ""criterion"": ""entropy"", ""max_depth"": 4, ""min_samples_leaf"": 20, ""min_samples_split"": 2}",0.7621646202819463,5664.0,0.01417995817027986,0.06236545080865389
DT,Pendigits,"{""ccp_alpha"": 0.0, ""criterion"": ""entropy"", ""max_depth"": 4, ""min_samples_leaf"": 20, ""min_samples_split"": 10}",0.7621646202819463,5664.0,0.014067416824400426,0.04877607164910404
DT,Pendigits,"{""ccp_alpha"": 0.0, ""criterion"": ""entropy"", ""max_depth"": 4, ""min_samples_leaf"": 1, ""min_samples_split"": 50}",0.7621646202819463,5664.0,0.014138557994738222,0.049113321383604414
DT,Pendigits,"{""ccp_alpha"": 0.0, ""criterion"": ""entropy"", ""max_depth"": 4, ""min_samples_leaf"": 1, ""min_samples_split"": 2}",0.7621646202819463,5664.0,0.014308866602368653,0.05427093836747825
DT,Pendigits,"{""ccp_alpha"": 0.0, ""criterion"": ""entropy"", ""max_depth"": 4, ""min_samples_leaf"": 5, ""min_samples_split"": 50}",0.7621646202819463,5664.0,0.014217699971050024,0.05226239025010039
DT,Pendigits,"{""ccp_alpha"": 0.01, ""criterion"": ""entropy"", ""max_depth"": 4, ""min_samples_leaf"": 1, ""min_samples_split"": 50}",0.7621646202819463,5664.0,0.014177124807611107,0.04892758626987198
DT,Pendigits,"{""ccp_alpha"": 0.01, ""criterion"": ""entropy"", ""max_depth"": 4, ""min_samples_leaf"": 20, ""min_samples_split"": 2}",0.7621646202819463,5664.0,0.014632449788041412,0.061819733473294
DT,Pendigits,"{""ccp_alpha"": 0.01, ""criterion"": ""entropy"", ""max_depth"": 4, ""min_samples_leaf"": 1, ""min_samples_split"": 10}",0.7621646202819463,5664.0,0.014232399966567754,0.04827575575985547
DT,Pendigits,"{""ccp_alpha"": 0.01, ""criterion"": ""gini"", ""max_depth"": null, ""min_samples_leaf"": 1, ""min_samples_split"": 2}",0.8277398817644384,6351.2,0.03167588321957737,0.0570031779124933
DT,Pendigits,"{""ccp_alpha"": 0.01, ""criterion"": ""gini"", ""max_depth"": null, ""min_samples_leaf"": 20, ""min_samples_split"": 2}",0.8277398817644384,6351.2,0.02646702518686652,0.048359062331218304
DT,Pendigits,"{""ccp_alpha"": 0.01, ""criterion"": ""gini"", ""max_depth"": null, ""min_samples_leaf"": 20, ""min_samples_split"": 10}",0.8277398817644384,6351.2,0.026316249975934625,0.05395652700034311
DT,Pendigits,"{""ccp_alpha"": 0.01, ""criterion"": ""gini"", ""max_depth"": null, ""min_samples_leaf"": 1, ""min_samples_split"": 50}",0.8277398817644384,6351.2,0.030462150205858053,0.05147038489281995
DT,Pendigits,"{""ccp_alpha"": 0.01, ""criterion"": ""entropy"", ""max_depth"": null, ""min_samples_leaf"": 20, ""min_samples_split"": 10}",0.895407003183265,11538.2,0.026279566367156802,0.0545549726942931
DT,Pendigits,"{""ccp_alpha"": 0.01, ""criterion"": ""entropy"", ""max_depth"": null, ""min_samples_leaf"": 20, ""min_samples_split"": 50}",0.895407003183265,11538.2,0.02609375840984285,0.054907680943560855
DT,Pendigits,"{""ccp_alpha"": 0.01, ""criterion"": ""entropy"", ""max_depth"": null, ""min_samples_leaf"": 20, ""min_samples_split"": 2}",0.895407003183265,11538.2,0.026204849989153445,0.05465357896006612
DT,Pendigits,"{""ccp_alpha"": 0.01, ""criterion"": ""entropy"", ""max_depth"": 8, ""min_samples_leaf"": 1, ""min_samples_split"": 10}",0.8961346066393816,11827.2,0.026766725187189876,0.05732905610941821
DT,Pendigits,"{""ccp_alpha"": 0.01, ""criterion"": ""entropy"", ""max_depth"": 8, ""min_samples_leaf"": 1, ""min_samples_split"": 2}",0.8961346066393816,11827.2,0.027099816617555915,0.055661759999542135
DT,Pendigits,"{""ccp_alpha"": 0.01, ""criterion"": ""entropy"", ""max_depth"": 8, ""min_samples_leaf"": 1, ""min_samples_split"": 50}",0.8961346066393816,11827.2,0.02616477501578629,0.055222018194529286
DT,Pendigits,"{""ccp_alpha"": 0.01, ""criterion"": ""entropy"", ""max_depth"": 8, ""min_samples_leaf"": 5, ""min_samples_split"": 10}",0.8961346066393816,11827.2,0.02647067541256547,0.054320140914138525
DT,Pendigits,"{""ccp_alpha"": 0.01, ""criterion"": ""entropy"", ""max_depth"": 8, ""min_samples_leaf"": 5, ""min_samples_split"": 2}",0.8961346066393816,11827.2,0.026492766779847444,0.05929596152913848
DT,Pendigits,"{""ccp_alpha"": 0.01, ""criterion"": ""entropy"", ""max_depth"": 8, ""min_samples_leaf"": 5, ""min_samples_split"": 50}",0.8961346066393816,11827.2,0.02553497499320656,0.059212527901489884
DT,Pendigits,"{""ccp_alpha"": 0.01, ""criterion"": ""entropy"", ""max_depth"": null, ""min_samples_leaf"": 1, ""min_samples_split"": 10}",0.8963165075034105,11883.8,0.029930158378556372,0.053255208067023364
DT,Pendigits,"{""ccp_alpha"": 0.01, ""criterion"": ""entropy"", ""max_depth"": null, ""min_samples_leaf"": 1, ""min_samples_split"": 2}",0.8963165075034105,11883.8,0.03000366676133126,0.05567685852149986
DT,Pendigits,"{""ccp_alpha"": 0.01, ""criterion"": ""entropy"", ""max_depth"": null, ""min_samples_leaf"": 1, ""min_samples_split"": 50}",0.8963165075034105,11883.8,0.028400732995942236,0.05408121156876822
DT,Pendigits,"{""ccp_alpha"": 0.01, ""criterion"": ""entropy"", ""max_depth"": null, ""min_samples_leaf"": 5, ""min_samples_split"": 2}",0.8963165075034105,11883.8,0.02921720016747713,0.06512042284079604
DT,Pendigits,"{""ccp_alpha"": 0.01, ""criterion"": ""entropy"", ""max_depth"": null, ""min_samples_leaf"": 5, ""min_samples_split"": 50}",0.8963165075034105,11883.8,0.027815833222121,0.05779892084217982
DT,Pendigits,"{""ccp_alpha"": 0.01, ""criterion"": ""entropy"", ""max_depth"": null, ""min_samples_leaf"": 5, ""min_samples_split"": 10}",0.8963165075034105,11883.8,0.028909091791138052,0.06276351815193769
DT,Pendigits,"{""ccp_alpha"": 0.001, ""criterion"": ""gini"", ""max_depth"": 8, ""min_samples_leaf"": 20, ""min_samples_split"": 50}",0.9176898590268305,16662.6,0.022909825202077627,0.05248232468074969
DT,Pendigits,"{""ccp_alpha"": 0.001, ""criterion"": ""gini"", ""max_depth"": 8, ""min_samples_leaf"": 1, ""min_samples_split"": 50}",0.9242382901318781,18333.0,0.023772225202992558,0.0528498349873084
DT,Pendigits,"{""ccp_alpha"": 0.001, ""criterion"": ""gini"", ""max_depth"": null, ""min_samples_leaf"": 20, ""min_samples_split"": 2}",0.9246930422919508,19080.8,0.0263468915829435,0.055430369327126874
DT,Pendigits,"{""ccp_alpha"": 0.001, ""criterion"": ""gini"", ""max_depth"": null, ""min_samples_leaf"": 20, ""min_samples_split"": 10}",0.9246930422919508,19080.8,0.026455057971179485,0.05370224502044355
DT,Pendigits,"{""ccp_alpha"": 0.001, ""criterion"": ""gini"", ""max_depth"": 8, ""min_samples_leaf"": 1, ""min_samples_split"": 2}",0.9297862664847658,20291.4,0.024114566575735807,0.05599128047665882
DT,Pendigits,"{""ccp_alpha"": 0.001, ""criterion"": ""gini"", ""max_depth"": null, ""min_samples_leaf"": 1, ""min_samples_split"": 50}",0.9318781264211005,20636.0,0.03041826682165265,0.06125138953104513
DT,Pendigits,"{""ccp_alpha"": 0.001, ""criterion"": ""gini"", ""max_depth"": null, ""min_samples_leaf"": 1, ""min_samples_split"": 2}",0.9407912687585267,24034.4,0.03141632520128042,0.05730258604988503
DT,Pendigits,"{""ccp_alpha"": 0.001, ""criterion"": ""gini"", ""max_depth"": 16, ""min_samples_leaf"": 5, ""min_samples_split"": 2}",0.9408822191905412,24035.4,0.02955818341579288,0.06385095054965606
DT,Pendigits,"{""ccp_alpha"": 0.001, ""criterion"": ""gini"", ""max_depth"": 16, ""min_samples_leaf"": 5, ""min_samples_split"": 10}",0.9408822191905412,24035.4,0.02958960863761604,0.06375624067664634
DT,Pendigits,"{""ccp_alpha"": 0.001, ""criterion"": ""gini"", ""max_depth"": 16, ""min_samples_leaf"": 1, ""min_samples_split"": 2}",0.9408822191905412,24035.4,0.03131349161267281,0.05973151047672126
DT,Pendigits,"{""ccp_alpha"": 0.001, ""criterion"": ""entropy"", ""max_depth"": 8, ""min_samples_leaf"": 5, ""min_samples_split"": 10}",0.9417007730786722,31296.0,0.0263858336256817,0.061353712193176604
DT,Pendigits,"{""ccp_alpha"": 0.001, ""criterion"": ""entropy"", ""max_depth"": 8, ""min_samples_leaf"": 5, ""min_samples_split"": 2}",0.9417007730786722,31296.0,0.026242408202961087,0.0603191457983579
DT,Pendigits,"{""ccp_alpha"": 0.001, ""criterion"": ""entropy"", ""max_depth"": 8, ""min_samples_leaf"": 1, ""min_samples_split"": 10}",0.9437016825829921,34060.8,0.026987724821083248,0.07067595893562029
DT,Pendigits,"{""ccp_alpha"": 0.001, ""criterion"": ""entropy"", ""max_depth"": 8, ""min_samples_leaf"": 1, ""min_samples_split"": 2}",0.9441564347430651,34176.0,0.027172816614620388,0.07178635675698966
DT,Pendigits,"{""ccp_alpha"": 0.0, ""criterion"": ""entropy"", ""max_depth"": 8, ""min_samples_leaf"": 1, ""min_samples_split"": 10}",0.944338335607094,38267.4,0.026680366834625602,0.06589730850007111
DT,Pendigits,"{""ccp_alpha"": 0.001, ""criterion"": ""entropy"", ""max_depth"": null, ""min_samples_leaf"": 5, ""min_samples_split"": 10}",0.9511596180081856,40226.0,0.028869675030000506,0.06561700115763854
DT,Pendigits,"{""ccp_alpha"": 0.001, ""criterion"": ""entropy"", ""max_depth"": null, ""min_samples_leaf"": 5, ""min_samples_split"": 2}",0.9511596180081856,40226.0,0.02884138342924416,0.0648704713626361
DT,Pendigits,"{""ccp_alpha"": 0.001, ""criterion"": ""entropy"", ""max_depth"": null, ""min_samples_leaf"": 1, ""min_samples_split"": 10}",0.9558890404729423,45640.4,0.029783650184981525,0.0678982120642558
DT,Pendigits,"{""ccp_alpha"": 0.001, ""criterion"": ""entropy"", ""max_depth"": null, ""min_samples_leaf"": 1, ""min_samples_split"": 2}",0.9566166439290587,46101.2,0.030148299969732763,0.06807630262479505
DT,Pendigits,"{""ccp_alpha"": 0.0, ""criterion"": ""entropy"", ""max_depth"": null, ""min_samples_leaf"": 1, ""min_samples_split"": 10}",0.9570713960891315,57390.8,0.02962629999965429,0.0749280669469354
DT,Pendigits,"{""ccp_alpha"": 0.0, ""criterion"": ""entropy"", ""max_depth"": null, ""min_samples_leaf"": 1, ""min_samples_split"": 2}",0.9628922237380628,76695.8,0.029839966422878207,0.07062665050872188
DT,EEG Eye State,"{""ccp_alpha"": 0.1, ""criterion"": ""gini"", ""max_depth"": null, ""min_samples_leaf"": 5, ""min_samples_split"": 50}",0.5510680907877169,1238.0,0.06215471641626209,0.02965887819475262
DT,EEG Eye State,"{""ccp_alpha"": 0.1, ""criterion"": ""gini"", ""max_depth"": null, ""min_samples_leaf"": 1, ""min_samples_split"": 50}",0.5510680907877169,1238.0,0.06595318340696395,0.025239191484327943
DT,EEG Eye State,"{""ccp_alpha"": 0.1, ""criterion"": ""gini"", ""max_depth"": null, ""min_samples_leaf"": 20, ""min_samples_split"": 10}",0.5510680907877169,1238.0,0.05811137480195612,0.03161441468856284
DT,EEG Eye State,"{""ccp_alpha"": 0.1, ""criterion"": ""gini"", ""max_depth"": null, ""min_samples_leaf"": 1, ""min_samples_split"": 2}",0.5510680907877169,1238.0,0.07482542477082461,0.04016742040620786
DT,EEG Eye State,"{""ccp_alpha"": 0.1, ""criterion"": ""gini"", ""max_depth"": null, ""min_samples_leaf"": 1, ""min_samples_split"": 10}",0.5510680907877169,1238.0,0.07147340022493154,0.03637903424673708
DT,EEG Eye State,"{""ccp_alpha"": 0.1, ""criterion"": ""gini"", ""max_depth"": null, ""min_samples_leaf"": 20, ""min_samples_split"": 2}",0.5510680907877169,1238.0,0.05813315839041024,0.03150033078172576
DT,EEG Eye State,"{""ccp_alpha"": 0.1, ""criterion"": ""gini"", ""max_depth"": null, ""min_samples_leaf"": 20, ""min_samples_split"": 50}",0.5510680907877169,1238.0,0.057322300202213225,0.028880115645690187
DT,EEG Eye State,"{""ccp_alpha"": 0.1, ""criterion"": ""gini"", ""max_depth"": null, ""min_samples_leaf"": 5, ""min_samples_split"": 10}",0.5510680907877169,1238.0,0.06644621677696705,0.029222289652368415
DT,EEG Eye State,"{""ccp_alpha"": 0.1, ""criterion"": ""gini"", ""max_depth"": null, ""min_samples_leaf"": 5, ""min_samples_split"": 2}",0.5510680907877169,1238.0,0.06969600839074701,0.042743128830087046
DT,EEG Eye State,"{""ccp_alpha"": 0.01, ""criterion"": ""gini"", ""max_depth"": null, ""min_samples_leaf"": 1, ""min_samples_split"": 10}",0.6490654205607477,1785.0,0.07151325838640332,0.041388584492362546
DT,EEG Eye State,"{""ccp_alpha"": 0.01, ""criterion"": ""gini"", ""max_depth"": null, ""min_samples_leaf"": 1, ""min_samples_split"": 50}",0.6490654205607477,1785.0,0.06616716657299548,0.04218124227476454
DT,EEG Eye State,"{""ccp_alpha"": 0.01, ""criterion"": ""gini"", ""max_depth"": null, ""min_samples_leaf"": 20, ""min_samples_split"": 10}",0.6490654205607477,1785.0,0.05846682479605079,0.04849525806413235
DT,EEG Eye State,"{""ccp_alpha"": 0.01, ""criterion"": ""gini"", ""max_depth"": null, ""min_samples_leaf"": 20, ""min_samples_split"": 50}",0.6490654205607477,1785.0,0.05721577478107065,0.04142462816810576
DT,EEG Eye State,"{""ccp_alpha"": 0.01, ""criterion"": ""gini"", ""max_depth"": null, ""min_samples_leaf"": 5, ""min_samples_split"": 10}",0.6490654205607477,1785.0,0.06647608338389546,0.04480693623602629
DT,EEG Eye State,"{""ccp_alpha"": 0.01, ""criterion"": ""gini"", ""max_depth"": null, ""min_samples_leaf"": 5, ""min_samples_split"": 2}",0.6490654205607477,1785.0,0.06873472519218922,0.051874698491615356
DT,EEG Eye State,"{""ccp_alpha"": 0.01, ""criterion"": ""gini"", ""max_depth"": null, ""min_samples_leaf"": 5, ""min_samples_split"": 50}",0.6490654205607477,1785.0,0.06203780798241496,0.041029639840523935
DT,EEG Eye State,"{""ccp_alpha"": 0.01, ""criterion"": ""gini"", ""max_depth"": null, ""min_samples_leaf"": 20, ""min_samples_split"": 2}",0.6490654205607477,1785.0,0.05959869136568159,0.04928792361791764
DT,EEG Eye State,"{""ccp_alpha"": 0.01, ""criterion"": ""gini"", ""max_depth"": null, ""min_samples_leaf"": 1, ""min_samples_split"": 2}",0.6490654205607477,1785.0,0.07454420840367675,0.053899672295206855
DT,EEG Eye State,"{""ccp_alpha"": 0.01, ""criterion"": ""entropy"", ""max_depth"": 4, ""min_samples_leaf"": 5, ""min_samples_split"": 2}",0.6716955941255007,2333.6,0.021343258442357183,0.037344247823921796
DT,EEG Eye State,"{""ccp_alpha"": 0.01, ""criterion"": ""entropy"", ""max_depth"": 4, ""min_samples_leaf"": 20, ""min_samples_split"": 50}",0.6716955941255007,2333.6,0.02103176659438759,0.041246655719163264
DT,EEG Eye State,"{""ccp_alpha"": 0.01, ""criterion"": ""entropy"", ""max_depth"": 4, ""min_samples_leaf"": 20, ""min_samples_split"": 2}",0.6716955941255007,2333.6,0.021103699831292032,0.03594787012989594
DT,EEG Eye State,"{""ccp_alpha"": 0.01, ""criterion"": ""entropy"", ""max_depth"": 4, ""min_samples_leaf"": 20, ""min_samples_split"": 10}",0.6716955941255007,2333.6,0.021237683435902,0.03798945137959854
DT,EEG Eye State,"{""ccp_alpha"": 0.01, ""criterion"": ""entropy"", ""max_depth"": 4, ""min_samples_leaf"": 1, ""min_samples_split"": 50}",0.6716955941255007,2333.6,0.02137074158526957,0.04553018002279689
DT,EEG Eye State,"{""ccp_alpha"": 0.01, ""criterion"": ""entropy"", ""max_depth"": 4, ""min_samples_leaf"": 1, ""min_samples_split"": 2}",0.6716955941255007,2333.6,0.021374600008130074,0.03668224253755147
DT,EEG Eye State,"{""ccp_alpha"": 0.01, ""criterion"": ""entropy"", ""max_depth"": 4, ""min_samples_leaf"": 1, ""min_samples_split"": 10}",0.6716955941255007,2333.6,0.02127001660410315,0.03753344215034881
DT,EEG Eye State,"{""ccp_alpha"": 0.01, ""criterion"": ""entropy"", ""max_depth"": 4, ""min_samples_leaf"": 5, ""min_samples_split"": 50}",0.6716955941255007,2333.6,0.02123170839622617,0.03746655385428978
DT,EEG Eye State,"{""ccp_alpha"": 0.01, ""criterion"": ""entropy"", ""max_depth"": 4, ""min_samples_leaf"": 5, ""min_samples_split"": 10}",0.6716955941255007,2333.6,0.021221166802570225,0.0378895113903666
DT,EEG Eye State,"{""ccp_alpha"": 0.01, ""criterion"": ""entropy"", ""max_depth"": null, ""min_samples_leaf"": 5, ""min_samples_split"": 50}",0.6824432576769025,2590.4,0.061931900191120805,0.041961420926754076
DT,EEG Eye State,"{""ccp_alpha"": 0.01, ""criterion"": ""entropy"", ""max_depth"": null, ""min_samples_leaf"": 20, ""min_samples_split"": 50}",0.6824432576769025,2590.4,0.058991400012746456,0.057437711113066635
DT,EEG Eye State,"{""ccp_alpha"": 0.01, ""criterion"": ""entropy"", ""max_depth"": null, ""min_samples_leaf"": 20, ""min_samples_split"": 2}",0.6824432576769025,2590.4,0.058594366628676654,0.04532717594824662
DT,EEG Eye State,"{""ccp_alpha"": 0.01, ""criterion"": ""entropy"", ""max_depth"": null, ""min_samples_leaf"": 1, ""min_samples_split"": 2}",0.6824432576769025,2590.4,0.07121235865633935,0.0466983976745319
DT,EEG Eye State,"{""ccp_alpha"": 0.01, ""criterion"": ""entropy"", ""max_depth"": null, ""min_samples_leaf"": 1, ""min_samples_split"": 50}",0.6824432576769025,2590.4,0.06369925020262598,0.04606421394037389
DT,EEG Eye State,"{""ccp_alpha"": 0.01, ""criterion"": ""entropy"", ""max_depth"": null, ""min_samples_leaf"": 5, ""min_samples_split"": 2}",0.6824432576769025,2590.4,0.06746194139122963,0.047035038456300866
DT,EEG Eye State,"{""ccp_alpha"": 0.01, ""criterion"": ""entropy"", ""max_depth"": null, ""min_samples_leaf"": 1, ""min_samples_split"": 10}",0.6824432576769025,2590.4,0.07031977502629161,0.0487316324585708
DT,EEG Eye State,"{""ccp_alpha"": 0.01, ""criterion"": ""entropy"", ""max_depth"": null, ""min_samples_leaf"": 20, ""min_samples_split"": 10}",0.6824432576769025,2590.4,0.05849193346221,0.04085435629020307
DT,EEG Eye State,"{""ccp_alpha"": 0.01, ""criterion"": ""entropy"", ""max_depth"": null, ""min_samples_leaf"": 5, ""min_samples_split"": 10}",0.6824432576769025,2590.4,0.06781628336757421,0.04953270664908618
DT,EEG Eye State,"{""ccp_alpha"": 0.0, ""criterion"": ""entropy"", ""max_depth"": 4, ""min_samples_leaf"": 1, ""min_samples_split"": 10}",0.6907209612817089,3168.0,0.02122106698807329,0.04298524627678385
DT,EEG Eye State,"{""ccp_alpha"": 0.0, ""criterion"": ""entropy"", ""max_depth"": 4, ""min_samples_leaf"": 5, ""min_samples_split"": 50}",0.6907209612817089,3168.0,0.02124159997329116,0.041469096023345656
DT,EEG Eye State,"{""ccp_alpha"": 0.0, ""criterion"": ""entropy"", ""max_depth"": 4, ""min_samples_leaf"": 5, ""min_samples_split"": 2}",0.6907209612817089,3168.0,0.021141316602006556,0.03996436193197448
DT,EEG Eye State,"{""ccp_alpha"": 0.0, ""criterion"": ""entropy"", ""max_depth"": 4, ""min_samples_leaf"": 20, ""min_samples_split"": 10}",0.6907209612817089,3168.0,0.02128092518541962,0.040345524968666446
DT,EEG Eye State,"{""ccp_alpha"": 0.0, ""criterion"": ""entropy"", ""max_depth"": 4, ""min_samples_leaf"": 5, ""min_samples_split"": 10}",0.6907209612817089,3168.0,0.021253175009042023,0.03881000842804584
DT,EEG Eye State,"{""ccp_alpha"": 0.0, ""criterion"": ""entropy"", ""max_depth"": 4, ""min_samples_leaf"": 20, ""min_samples_split"": 50}",0.6907209612817089,3168.0,0.021057333191856743,0.052609086442037475
DT,EEG Eye State,"{""ccp_alpha"": 0.0, ""criterion"": ""entropy"", ""max_depth"": 4, ""min_samples_leaf"": 1, ""min_samples_split"": 2}",0.6907209612817089,3168.0,0.021286674798466264,0.042745918756691564
DT,EEG Eye State,"{""ccp_alpha"": 0.0, ""criterion"": ""entropy"", ""max_depth"": 4, ""min_samples_leaf"": 20, ""min_samples_split"": 2}",0.6907209612817089,3168.0,0.02111942498013377,0.03892135680796148
DT,EEG Eye State,"{""ccp_alpha"": 0.001, ""criterion"": ""entropy"", ""max_depth"": 4, ""min_samples_leaf"": 1, ""min_samples_split"": 10}",0.6907209612817089,3168.0,0.02120165037922561,0.03814253208783265
DT,EEG Eye State,"{""ccp_alpha"": 0.001, ""criterion"": ""entropy"", ""max_depth"": 4, ""min_samples_leaf"": 1, ""min_samples_split"": 2}",0.6907209612817089,3168.0,0.021344949607737362,0.03968064427047531
DT,EEG Eye State,"{""ccp_alpha"": 0.001, ""criterion"": ""entropy"", ""max_depth"": 4, ""min_samples_leaf"": 1, ""min_samples_split"": 50}",0.6907209612817089,3168.0,0.021364700398407876,0.0385124810184234
DT,EEG Eye State,"{""ccp_alpha"": 0.0, ""criterion"": ""entropy"", ""max_depth"": 4, ""min_samples_leaf"": 1, ""min_samples_split"": 50}",0.6907209612817089,3168.0,0.02126379180699587,0.041605483800252384
DT,EEG Eye State,"{""ccp_alpha"": 0.001, ""criterion"": ""entropy"", ""max_depth"": 4, ""min_samples_leaf"": 20, ""min_samples_split"": 10}",0.6907209612817089,3168.0,0.021221432974562048,0.03954986743231084
DT,EEG Eye State,"{""ccp_alpha"": 0.001, ""criterion"": ""entropy"", ""max_depth"": 4, ""min_samples_leaf"": 20, ""min_samples_split"": 2}",0.6907209612817089,3168.0,0.021149399993009865,0.03790321233912368
DT,EEG Eye State,"{""ccp_alpha"": 0.001, ""criterion"": ""entropy"", ""max_depth"": 4, ""min_samples_leaf"": 20, ""min_samples_split"": 50}",0.6907209612817089,3168.0,0.0212700585834682,0.04101575237856768
DT,EEG Eye State,"{""ccp_alpha"": 0.001, ""criterion"": ""entropy"", ""max_depth"": 4, ""min_samples_leaf"": 5, ""min_samples_split"": 10}",0.6907209612817089,3168.0,0.02178518339060247,0.05299832394597766
DT,EEG Eye State,"{""ccp_alpha"": 0.001, ""criterion"": ""entropy"", ""max_depth"": 4, ""min_samples_leaf"": 5, ""min_samples_split"": 2}",0.6907209612817089,3168.0,0.02114183339290321,0.04082663576597365
DT,EEG Eye State,"{""ccp_alpha"": 0.001, ""criterion"": ""entropy"", ""max_depth"": 4, ""min_samples_leaf"": 5, ""min_samples_split"": 50}",0.6907209612817089,3168.0,0.021136758220382034,0.039997662309412964
DT,EEG Eye State,"{""ccp_alpha"": 0.001, ""criterion"": ""gini"", ""max_depth"": 4, ""min_samples_leaf"": 1, ""min_samples_split"": 2}",0.6993324432576771,3197.0,0.020791674801148474,0.0401173649263756
DT,EEG Eye State,"{""ccp_alpha"": 0.001, ""criterion"": ""gini"", ""max_depth"": 4, ""min_samples_leaf"": 5, ""min_samples_split"": 50}",0.6993324432576771,3197.0,0.020778249995782972,0.039199533473168104
DT,EEG Eye State,"{""ccp_alpha"": 0.001, ""criterion"": ""gini"", ""max_depth"": 4, ""min_samples_leaf"": 5, ""min_samples_split"": 2}",0.6993324432576771,3197.0,0.020813174615614115,0.04339119225481801
DT,EEG Eye State,"{""ccp_alpha"": 0.001, ""criterion"": ""gini"", ""max_depth"": 4, ""min_samples_leaf"": 5, ""min_samples_split"": 10}",0.6993324432576771,3197.0,0.02079759177286178,0.04205607637534234
DT,EEG Eye State,"{""ccp_alpha"": 0.001, ""criterion"": ""gini"", ""max_depth"": 4, ""min_samples_leaf"": 20, ""min_samples_split"": 50}",0.6993324432576771,3197.0,0.02060793319251388,0.0392523477940717
DT,EEG Eye State,"{""ccp_alpha"": 0.001, ""criterion"": ""gini"", ""max_depth"": 4, ""min_samples_leaf"": 20, ""min_samples_split"": 10}",0.6993324432576771,3197.0,0.020802524988539517,0.039405397416772604
DT,EEG Eye State,"{""ccp_alpha"": 0.001, ""criterion"": ""gini"", ""max_depth"": 4, ""min_samples_leaf"": 1, ""min_samples_split"": 50}",0.6993324432576771,3197.0,0.020961533393710853,0.04034826826697119
DT,EEG Eye State,"{""ccp_alpha"": 0.001, ""criterion"": ""gini"", ""max_depth"": 4, ""min_samples_leaf"": 1, ""min_samples_split"": 10}",0.6993324432576771,3197.0,0.020851233368739487,0.03909380380337802
DT,EEG Eye State,"{""ccp_alpha"": 0.001, ""criterion"": ""gini"", ""max_depth"": 4, ""min_samples_leaf"": 20, ""min_samples_split"": 2}",0.6993324432576771,3197.0,0.020710083213634788,0.03954158313771354
DT,EEG Eye State,"{""ccp_alpha"": 0.001, ""criterion"": ""gini"", ""max_depth"": 8, ""min_samples_leaf"": 20, ""min_samples_split"": 50}",0.762483311081442,8733.0,0.03949476683046669,0.056675439439365795
DT,EEG Eye State,"{""ccp_alpha"": 0.001, ""criterion"": ""gini"", ""max_depth"": 8, ""min_samples_leaf"": 20, ""min_samples_split"": 2}",0.7626835781041388,8765.0,0.03956627498846501,0.05268412691917772
DT,EEG Eye State,"{""ccp_alpha"": 0.001, ""criterion"": ""gini"", ""max_depth"": 8, ""min_samples_leaf"": 20, ""min_samples_split"": 10}",0.7626835781041388,8765.0,0.039596216776408254,0.052216693756477695
DT,EEG Eye State,"{""ccp_alpha"": 0.001, ""criterion"": ""gini"", ""max_depth"": 8, ""min_samples_leaf"": 5, ""min_samples_split"": 50}",0.7644192256341789,9117.0,0.039958975207991895,0.05539886539028547
DT,EEG Eye State,"{""ccp_alpha"": 0.001, ""criterion"": ""gini"", ""max_depth"": 8, ""min_samples_leaf"": 1, ""min_samples_split"": 50}",0.7644192256341789,9117.0,0.040001241583377124,0.05513191060256337
DT,EEG Eye State,"{""ccp_alpha"": 0.001, ""criterion"": ""gini"", ""max_depth"": 8, ""min_samples_leaf"": 1, ""min_samples_split"": 2}",0.7654873164218958,9341.0,0.041679091798141596,0.0686610107607294
DT,EEG Eye State,"{""ccp_alpha"": 0.001, ""criterion"": ""gini"", ""max_depth"": null, ""min_samples_leaf"": 20, ""min_samples_split"": 50}",0.7811748998664887,12252.0,0.05750752498861402,0.062399809292265185
DT,EEG Eye State,"{""ccp_alpha"": 0.001, ""criterion"": ""gini"", ""max_depth"": null, ""min_samples_leaf"": 20, ""min_samples_split"": 2}",0.7813751668891856,12284.0,0.05989467541221529,0.07399318998403479
DT,EEG Eye State,"{""ccp_alpha"": 0.001, ""criterion"": ""gini"", ""max_depth"": null, ""min_samples_leaf"": 20, ""min_samples_split"": 10}",0.7813751668891856,12284.0,0.057965475227683784,0.05696482243929033
DT,EEG Eye State,"{""ccp_alpha"": 0.001, ""criterion"": ""gini"", ""max_depth"": null, ""min_samples_leaf"": 1, ""min_samples_split"": 50}",0.7834445927903871,13020.0,0.06581236680503935,0.06259179354529673
DT,EEG Eye State,"{""ccp_alpha"": 0.001, ""criterion"": ""gini"", ""max_depth"": null, ""min_samples_leaf"": 5, ""min_samples_split"": 50}",0.7834445927903871,13020.0,0.062092599784955384,0.06708951271543198
DT,EEG Eye State,"{""ccp_alpha"": 0.001, ""criterion"": ""gini"", ""max_depth"": null, ""min_samples_leaf"": 1, ""min_samples_split"": 2}",0.7846461949265688,13276.0,0.07408541657496244,0.07259960998799676
DT,EEG Eye State,"{""ccp_alpha"": 0.001, ""criterion"": ""gini"", ""max_depth"": null, ""min_samples_leaf"": 1, ""min_samples_split"": 10}",0.7846461949265688,13276.0,0.0713549833977595,0.058010679660974264
DT,EEG Eye State,"{""ccp_alpha"": 0.001, ""criterion"": ""entropy"", ""max_depth"": null, ""min_samples_leaf"": 20, ""min_samples_split"": 50}",0.7954606141522029,26626.0,0.05774975817184895,0.06834386060827564
DT,EEG Eye State,"{""ccp_alpha"": 0.001, ""criterion"": ""entropy"", ""max_depth"": null, ""min_samples_leaf"": 20, ""min_samples_split"": 10}",0.7963951935914554,27362.0,0.058519449969753626,0.0678765595590917
DT,EEG Eye State,"{""ccp_alpha"": 0.001, ""criterion"": ""entropy"", ""max_depth"": null, ""min_samples_leaf"": 20, ""min_samples_split"": 2}",0.7963951935914554,27362.0,0.05891120021697134,0.0705411959220674
DT,EEG Eye State,"{""ccp_alpha"": 0.001, ""criterion"": ""entropy"", ""max_depth"": 16, ""min_samples_leaf"": 5, ""min_samples_split"": 50}",0.8090787716955941,30563.0,0.060537916445173326,0.07285540506930074
DT,EEG Eye State,"{""ccp_alpha"": 0.001, ""criterion"": ""entropy"", ""max_depth"": null, ""min_samples_leaf"": 5, ""min_samples_split"": 50}",0.8096795727636849,30914.0,0.06193116707727313,0.07083610437551789
DT,EEG Eye State,"{""ccp_alpha"": 0.001, ""criterion"": ""entropy"", ""max_depth"": 16, ""min_samples_leaf"": 5, ""min_samples_split"": 2}",0.8126835781041388,34083.0,0.06482921657152474,0.07039385826609164
DT,EEG Eye State,"{""ccp_alpha"": 0.001, ""criterion"": ""entropy"", ""max_depth"": 16, ""min_samples_leaf"": 5, ""min_samples_split"": 10}",0.8126835781041388,34083.0,0.06481968318112194,0.07635467245587917
DT,EEG Eye State,"{""ccp_alpha"": 0.001, ""criterion"": ""entropy"", ""max_depth"": null, ""min_samples_leaf"": 5, ""min_samples_split"": 2}",0.8137516688918558,34626.0,0.06723756636492909,0.06582123073233223
DT,EEG Eye State,"{""ccp_alpha"": 0.001, ""criterion"": ""entropy"", ""max_depth"": null, ""min_samples_leaf"": 5, ""min_samples_split"": 10}",0.8137516688918558,34626.0,0.06737999981269241,0.07858258816295458
DT,EEG Eye State,"{""ccp_alpha"": 0.001, ""criterion"": ""entropy"", ""max_depth"": 16, ""min_samples_leaf"": 1, ""min_samples_split"": 2}",0.8138851802403204,34723.0,0.06766561679542064,0.07832950529442213
DT,EEG Eye State,"{""ccp_alpha"": 0.001, ""criterion"": ""entropy"", ""max_depth"": null, ""min_samples_leaf"": 1, ""min_samples_split"": 10}",0.8148865153538051,35138.0,0.07002161641139537,0.0709444685442465
DT,EEG Eye State,"{""ccp_alpha"": 0.0, ""criterion"": ""entropy"", ""max_depth"": 16, ""min_samples_leaf"": 5, ""min_samples_split"": 50}",0.8174899866488652,54019.0,0.0611177833750844,0.0928515395540023
DT,EEG Eye State,"{""ccp_alpha"": 0.0, ""criterion"": ""entropy"", ""max_depth"": null, ""min_samples_leaf"": 5, ""min_samples_split"": 50}",0.8195594125500667,57570.0,0.06179319997318089,0.08971967985567567
DT,EEG Eye State,"{""ccp_alpha"": 0.0, ""criterion"": ""entropy"", ""max_depth"": 16, ""min_samples_leaf"": 5, ""min_samples_split"": 2}",0.8283711615487317,103564.0,0.06443118317984045,0.09024825826217638
DT,EEG Eye State,"{""ccp_alpha"": 0.0, ""criterion"": ""entropy"", ""max_depth"": 16, ""min_samples_leaf"": 5, ""min_samples_split"": 10}",0.8283711615487317,103564.0,0.0641587584046647,0.08501603457086952
DT,EEG Eye State,"{""ccp_alpha"": 0.0, ""criterion"": ""entropy"", ""max_depth"": 16, ""min_samples_leaf"": 1, ""min_samples_split"": 10}",0.8310413885180241,104588.0,0.06648143359925598,0.09157489556247227
DT,EEG Eye State,"{""ccp_alpha"": 0.0, ""criterion"": ""entropy"", ""max_depth"": null, ""min_samples_leaf"": 5, ""min_samples_split"": 2}",0.832777036048064,123979.0,0.06661623339168728,0.09457049959740826
DT,EEG Eye State,"{""ccp_alpha"": 0.0, ""criterion"": ""entropy"", ""max_depth"": null, ""min_samples_leaf"": 5, ""min_samples_split"": 10}",0.832777036048064,123979.0,0.06711376616731286,0.09939366875736115
DT,EEG Eye State,"{""ccp_alpha"": 0.0, ""criterion"": ""entropy"", ""max_depth"": null, ""min_samples_leaf"": 1, ""min_samples_split"": 10}",0.835781041388518,128523.0,0.0692070248303935,0.08915769227237028
DT,EEG Eye State,"{""ccp_alpha"": 0.0, ""criterion"": ""entropy"", ""max_depth"": null, ""min_samples_leaf"": 1, ""min_samples_split"": 2}",0.8411882510013351,167339.0,0.07055254997685552,0.10332382049098192
DT,Magic Gamma,"{""ccp_alpha"": 0.1, ""criterion"": ""gini"", ""max_depth"": null, ""min_samples_leaf"": 1, ""min_samples_split"": 10}",0.6482649842271293,1238.0,0.13165248315781355,0.029328759303306685
DT,Magic Gamma,"{""ccp_alpha"": 0.1, ""criterion"": ""gini"", ""max_depth"": null, ""min_samples_leaf"": 1, ""min_samples_split"": 2}",0.6482649842271293,1238.0,0.13232762478291987,0.027729597160069723
DT,Magic Gamma,"{""ccp_alpha"": 0.1, ""criterion"": ""gini"", ""max_depth"": null, ""min_samples_leaf"": 20, ""min_samples_split"": 2}",0.6482649842271293,1238.0,0.10440449980087578,0.029418561911184953
DT,Magic Gamma,"{""ccp_alpha"": 0.1, ""criterion"": ""gini"", ""max_depth"": null, ""min_samples_leaf"": 5, ""min_samples_split"": 10}",0.6482649842271293,1238.0,0.12144464999437332,0.027731757759891222
DT,Magic Gamma,"{""ccp_alpha"": 0.1, ""criterion"": ""gini"", ""max_depth"": null, ""min_samples_leaf"": 5, ""min_samples_split"": 2}",0.6482649842271293,1238.0,0.12183355840388685,0.03413296623897791
DT,Magic Gamma,"{""ccp_alpha"": 0.01, ""criterion"": ""gini"", ""max_depth"": null, ""min_samples_leaf"": 1, ""min_samples_split"": 10}",0.7961093585699264,1785.0,0.13196216661017388,0.03976735152249331
DT,Magic Gamma,"{""ccp_alpha"": 0.01, ""criterion"": ""gini"", ""max_depth"": null, ""min_samples_leaf"": 1, ""min_samples_split"": 2}",0.7961093585699264,1785.0,0.13312120838090777,0.043465196694610755
DT,Magic Gamma,"{""ccp_alpha"": 0.01, ""criterion"": ""gini"", ""max_depth"": null, ""min_samples_leaf"": 20, ""min_samples_split"": 2}",0.7961093585699264,1785.0,0.10454465800430626,0.0358569902415876
DT,Magic Gamma,"{""ccp_alpha"": 0.01, ""criterion"": ""gini"", ""max_depth"": null, ""min_samples_leaf"": 5, ""min_samples_split"": 10}",0.7961093585699264,1785.0,0.12208451677579432,0.041533020627611446
DT,Magic Gamma,"{""ccp_alpha"": 0.01, ""criterion"": ""gini"", ""max_depth"": null, ""min_samples_leaf"": 5, ""min_samples_split"": 2}",0.7961093585699264,1785.0,0.12145178338978439,0.03615715447911203
DT,Magic Gamma,"{""ccp_alpha"": 0.001, ""criterion"": ""gini"", ""max_depth"": null, ""min_samples_leaf"": 1, ""min_samples_split"": 10}",0.8426393270241851,6140.0,0.13116734977811575,0.04947423488371756
DT,Magic Gamma,"{""ccp_alpha"": 0.001, ""criterion"": ""gini"", ""max_depth"": null, ""min_samples_leaf"": 1, ""min_samples_split"": 2}",0.8426393270241851,6140.0,0.13302138356957585,0.053347376313307306
DT,Magic Gamma,"{""ccp_alpha"": 0.001, ""criterion"": ""gini"", ""max_depth"": null, ""min_samples_leaf"": 5, ""min_samples_split"": 10}",0.8426393270241851,6140.0,0.1213654997991398,0.04727044754850626
DT,Magic Gamma,"{""ccp_alpha"": 0.001, ""criterion"": ""gini"", ""max_depth"": null, ""min_samples_leaf"": 5, ""min_samples_split"": 2}",0.8426393270241851,6140.0,0.12124238319229334,0.048021816028640474
DT,Magic Gamma,"{""ccp_alpha"": 0.0, ""criterion"": ""gini"", ""max_depth"": null, ""min_samples_leaf"": 20, ""min_samples_split"": 2}",0.8442691903259727,63936.8,0.1047892082016915,0.08385693096212032
RF,Iris,"{""max_depth"": null, ""max_features"": 1.0, ""min_samples_leaf"": 5, ""n_estimators"": 10}",0.9533333333333334,11918.8,0.003992558387108147,9.12610674276948
RF,Iris,"{""max_depth"": null, ""max_features"": ""log2"", ""min_samples_leaf"": 5, ""n_estimators"": 10}",0.9666666666666668,13371.8,0.004011841979809106,9.111667362352211
RF,Iris,"{""max_depth"": null, ""max_features"": ""sqrt"", ""min_samples_leaf"": 5, ""n_estimators"": 10}",0.9666666666666668,13371.8,0.003924275026656687,9.203613735735416
RF,Wine,"{""max_depth"": null, ""max_features"": 1.0, ""min_samples_leaf"": 5, ""n_estimators"": 10}",0.9333333333333332,13445.6,0.004912791540846229,7.805556136493882
RF,Wine,"{""max_depth"": null, ""max_features"": ""log2"", ""min_samples_leaf"": 5, ""n_estimators"": 10}",0.9722222222222221,16835.2,0.004038649797439575,7.914817090042763
RF,Wine,"{""max_depth"": null, ""max_features"": ""sqrt"", ""min_samples_leaf"": 5, ""n_estimators"": 10}",0.9722222222222221,16835.2,0.004061975190415979,7.817360650127133
RF,Wine,"{""max_depth"": null, ""max_features"": ""log2"", ""min_samples_leaf"": 1, ""n_estimators"": 10}",0.9777777777777779,21625.4,0.004190816637128591,7.761572487652302
RF,Wine,"{""max_depth"": null, ""max_features"": ""sqrt"", ""min_samples_leaf"": 1, ""n_estimators"": 10}",0.9777777777777779,21625.4,0.004291591374203563,8.031027391552925
RF,Breast Cancer,"{""max_depth"": null, ""max_features"": 1.0, ""min_samples_leaf"": 5, ""n_estimators"": 10}",0.9491228070175438,18519.0,0.016966141387820245,2.616519116584146
RF,Breast Cancer,"{""max_depth"": null, ""max_features"": ""sqrt"", ""min_samples_leaf"": 5, ""n_estimators"": 10}",0.9508771929824562,22422.2,0.006176375201903284,2.6476614405972914
RF,Breast Cancer,"{""max_depth"": null, ""max_features"": ""log2"", ""min_samples_leaf"": 5, ""n_estimators"": 10}",0.956140350877193,23511.4,0.005805708235129714,2.70950309768842
RF,Breast Cancer,"{""max_depth"": 8, ""max_features"": ""sqrt"", ""min_samples_leaf"": 1, ""n_estimators"": 50}",0.9614035087719298,155165.0,0.03072825842536986,10.266371700389866
RF,Breast Cancer,"{""max_depth"": 8, ""max_features"": ""sqrt"", ""min_samples_leaf"": 1, ""n_estimators"": 100}",0.9631578947368421,309058.8,0.059864933020435274,19.194150809198618
RF,Seeds,"{""max_depth"": null, ""max_features"": 1.0, ""min_samples_leaf"": 5, ""n_estimators"": 10}",0.8952380952380953,14976.6,0.004577249987050891,6.785314153170302
RF,Seeds,"{""max_depth"": null, ""max_features"": 1.0, ""min_samples_leaf"": 1, ""n_estimators"": 10}",0.919047619047619,20575.8,0.004720941791310907,6.730357251529182
RF,Seeds,"{""max_depth"": null, ""max_features"": 1.0, ""min_samples_leaf"": 1, ""n_estimators"": 50}",0.9285714285714285,95260.4,0.021838933206163348,25.344042417903744
RF,Glass,"{""max_depth"": 8, ""max_features"": 1.0, ""min_samples_leaf"": 5, ""n_estimators"": 10}",0.7488372093023256,36196.0,0.005081858369521797,6.72073450026124
RF,Glass,"{""max_depth"": 8, ""max_features"": 1.0, ""min_samples_leaf"": 1, ""n_estimators"": 10}",0.7534883720930232,65543.6,0.0055661836173385385,6.6093017542084995
RF,Glass,"{""max_depth"": null, ""max_features"": 1.0, ""min_samples_leaf"": 1, ""n_estimators"": 10}",0.7674418604651163,70690.0,0.005741341365501284,6.9720979216833445
RF,Glass,"{""max_depth"": 8, ""max_features"": 1.0, ""min_samples_leaf"": 5, ""n_estimators"": 50}",0.8,172188.4,0.02456266637891531,26.867246298595916
RF,Glass,"{""max_depth"": null, ""max_features"": 1.0, ""min_samples_leaf"": 1, ""n_estimators"": 100}",0.8046511627906977,684128.8,0.05294926657807082,51.123646174579164
RF,Glass,"{""max_depth"": null, ""max_features"": ""log2"", ""min_samples_leaf"": 1, ""n_estimators"": 200}",0.813953488372093,1616555.8,0.08331429162062705,100.01511572925158
RF,Glass,"{""max_depth"": null, ""max_features"": ""sqrt"", ""min_samples_leaf"": 1, ""n_estimators"": 200}",0.813953488372093,1616555.8,0.0834844168042764,100.58294472739446
RF,Haberman,"{""max_depth"": 8, ""max_features"": 1.0, ""min_samples_leaf"": 5, ""n_estimators"": 10}",0.6806451612903226,35016.0,0.004180550016462803,4.721770904237225
RF,Haberman,"{""max_depth"": 8, ""max_features"": ""log2"", ""min_samples_leaf"": 5, ""n_estimators"": 10}",0.7225806451612904,35104.0,0.004023175174370408,4.973925740247772
RF,Haberman,"{""max_depth"": 8, ""max_features"": ""sqrt"", ""min_samples_leaf"": 5, ""n_estimators"": 10}",0.7225806451612904,35104.0,0.0037845419952645897,4.729170787839159
RF,Haberman,"{""max_depth"": 8, ""max_features"": ""log2"", ""min_samples_leaf"": 5, ""n_estimators"": 200}",0.7258064516129032,675030.2,0.07073609998915345,72.18239686241554
RF,Haberman,"{""max_depth"": 8, ""max_features"": ""sqrt"", ""min_samples_leaf"": 5, ""n_estimators"": 200}",0.7258064516129032,675030.2,0.07076474160421639,70.25443595804035
RF,Ecoli,"{""max_depth"": null, ""max_features"": 1.0, ""min_samples_leaf"": 5, ""n_estimators"": 10}",0.8352941176470589,44010.2,0.005084350006654859,4.315812154399121
RF,Ecoli,"{""max_depth"": null, ""max_features"": ""log2"", ""min_samples_leaf"": 5, ""n_estimators"": 10}",0.8470588235294118,49416.6,0.004227716429159045,4.3650702162481405
RF,Ecoli,"{""max_depth"": null, ""max_features"": ""sqrt"", ""min_samples_leaf"": 5, ""n_estimators"": 10}",0.8470588235294118,49416.6,0.004306408180855215,4.523653222028824
RF,Ecoli,"{""max_depth"": 8, ""max_features"": ""log2"", ""min_samples_leaf"": 1, ""n_estimators"": 10}",0.8558823529411764,103452.6,0.004403016623109579,4.407232421833802
RF,Ecoli,"{""max_depth"": 8, ""max_features"": ""sqrt"", ""min_samples_leaf"": 1, ""n_estimators"": 10}",0.8558823529411764,103452.6,0.004437724989838898,4.3941117302678965
RF,Ecoli,"{""max_depth"": null, ""max_features"": ""log2"", ""min_samples_leaf"": 5, ""n_estimators"": 50}",0.8588235294117647,230122.4,0.019991366635076703,16.897670952055385
RF,Ecoli,"{""max_depth"": null, ""max_features"": ""sqrt"", ""min_samples_leaf"": 5, ""n_estimators"": 50}",0.8588235294117647,230122.4,0.02002422499936074,16.899756155908108
RF,Ecoli,"{""max_depth"": 8, ""max_features"": ""log2"", ""min_samples_leaf"": 5, ""n_estimators"": 100}",0.8647058823529411,469806.6,0.039877575007267296,32.650982372134045
RF,Ecoli,"{""max_depth"": 8, ""max_features"": ""sqrt"", ""min_samples_leaf"": 5, ""n_estimators"": 100}",0.8647058823529411,469806.6,0.039630366628989576,32.84816150827443
RF,Ecoli,"{""max_depth"": 8, ""max_features"": ""log2"", ""min_samples_leaf"": 1, ""n_estimators"": 50}",0.876470588235294,511559.4,0.020816958229988813,17.144482048666653
RF,Ecoli,"{""max_depth"": 8, ""max_features"": ""sqrt"", ""min_samples_leaf"": 1, ""n_estimators"": 50}",0.876470588235294,511559.4,0.02098457501269877,17.27732939316946
RF,Ecoli,"{""max_depth"": 8, ""max_features"": ""log2"", ""min_samples_leaf"": 1, ""n_estimators"": 100}",0.8823529411764707,1023460.2,0.04112356682308018,33.582237836740475
RF,Ecoli,"{""max_depth"": 8, ""max_features"": ""sqrt"", ""min_samples_leaf"": 1, ""n_estimators"": 100}",0.8823529411764707,1023460.2,0.04117380860261619,33.78137343508356
RF,Ionosphere,"{""max_depth"": null, ""max_features"": 1.0, ""min_samples_leaf"": 5, ""n_estimators"": 10}",0.904225352112676,19548.0,0.012334391986951233,4.220422698368489
RF,Ionosphere,"{""max_depth"": null, ""max_features"": 1.0, ""min_samples_leaf"": 1, ""n_estimators"": 10}",0.9070422535211268,27071.0,0.015585383400321007,4.19647295132909
RF,Ionosphere,"{""max_depth"": 8, ""max_features"": ""log2"", ""min_samples_leaf"": 1, ""n_estimators"": 10}",0.9211267605633802,33538.0,0.005524458410218358,4.163143080724797
RF,Ionosphere,"{""max_depth"": 8, ""max_features"": ""sqrt"", ""min_samples_leaf"": 1, ""n_estimators"": 10}",0.9211267605633802,33538.0,0.0055317752296105025,4.19565706028485
RF,Ionosphere,"{""max_depth"": null, ""max_features"": ""log2"", ""min_samples_leaf"": 1, ""n_estimators"": 10}",0.923943661971831,37143.0,0.005689341831021011,4.109157196862597
RF,Ionosphere,"{""max_depth"": null, ""max_features"": ""sqrt"", ""min_samples_leaf"": 1, ""n_estimators"": 10}",0.923943661971831,37143.0,0.005763641791418195,4.107163707450242
RF,Ionosphere,"{""max_depth"": 8, ""max_features"": ""log2"", ""min_samples_leaf"": 5, ""n_estimators"": 50}",0.9267605633802816,117042.4,0.02490403379779309,15.99835789382038
RF,Ionosphere,"{""max_depth"": 8, ""max_features"": ""sqrt"", ""min_samples_leaf"": 5, ""n_estimators"": 50}",0.9267605633802816,117042.4,0.025020799809135498,15.986741284354475
RF,Ionosphere,"{""max_depth"": 8, ""max_features"": ""log2"", ""min_samples_leaf"": 1, ""n_estimators"": 50}",0.9380281690140844,158972.0,0.026010425202548502,16.1810984677622
RF,Ionosphere,"{""max_depth"": 8, ""max_features"": ""sqrt"", ""min_samples_leaf"": 1, ""n_estimators"": 50}",0.9380281690140844,158972.0,0.026213825214654207,15.94776936977262
RF,Balance Scale,"{""max_depth"": null, ""max_features"": 1.0, ""min_samples_leaf"": 5, ""n_estimators"": 10}",0.8272,58700.6,0.004774175235070288,2.4919331073760986
RF,Balance Scale,"{""max_depth"": 8, ""max_features"": ""log2"", ""min_samples_leaf"": 5, ""n_estimators"": 10}",0.8576,62758.0,0.004307857993990183,2.5385983288288116
RF,Balance Scale,"{""max_depth"": 8, ""max_features"": ""sqrt"", ""min_samples_leaf"": 5, ""n_estimators"": 10}",0.8576,62758.0,0.004385324800387025,2.5388671085238457
RF,Balance Scale,"{""max_depth"": 8, ""max_features"": ""log2"", ""min_samples_leaf"": 5, ""n_estimators"": 50}",0.8656,303832.4,0.020266408333554864,10.066600143909454
RF,Balance Scale,"{""max_depth"": 8, ""max_features"": ""sqrt"", ""min_samples_leaf"": 5, ""n_estimators"": 50}",0.8656,303832.4,0.020422033360227944,10.068999789655209
RF,Pima Diabetes,"{""max_depth"": 8, ""max_features"": 1.0, ""min_samples_leaf"": 5, ""n_estimators"": 10}",0.7571428571428571,62235.0,0.00913139982149005,2.1438298795323867
RF,Pima Diabetes,"{""max_depth"": 8, ""max_features"": ""log2"", ""min_samples_leaf"": 5, ""n_estimators"": 10}",0.7753246753246753,67002.2,0.0059678165940567855,2.132901504587431
RF,Pima Diabetes,"{""max_depth"": 8, ""max_features"": ""log2"", ""min_samples_leaf"": 5, ""n_estimators"": 50}",0.7766233766233765,330815.0,0.028747424972243606,8.753409107251988
RF,Pima Diabetes,"{""max_depth"": null, ""max_features"": ""log2"", ""min_samples_leaf"": 5, ""n_estimators"": 50}",0.7870129870129869,371317.0,0.029093574988655745,8.852543859657915
RF,Pima Diabetes,"{""max_depth"": null, ""max_features"": ""log2"", ""min_samples_leaf"": 5, ""n_estimators"": 200}",0.790909090909091,1488814.0,0.11374000860378146,33.74718695080706
RF,Vehicle,"{""max_depth"": 8, ""max_features"": 1.0, ""min_samples_leaf"": 5, ""n_estimators"": 10}",0.7211764705882354,77713.4,0.015792508237063886,2.2147541098734913
RF,Vehicle,"{""max_depth"": 8, ""max_features"": ""log2"", ""min_samples_leaf"": 5, ""n_estimators"": 10}",0.7270588235294119,85436.6,0.006983008235692978,2.0892163464689957
RF,Vehicle,"{""max_depth"": 8, ""max_features"": ""sqrt"", ""min_samples_leaf"": 5, ""n_estimators"": 10}",0.7270588235294119,85436.6,0.0069038083776831625,2.0615679814535026
RF,Vehicle,"{""max_depth"": 8, ""max_features"": 1.0, ""min_samples_leaf"": 1, ""n_estimators"": 10}",0.7352941176470589,116612.6,0.01731969176325947,2.0956869839745407
RF,Vehicle,"{""max_depth"": 16, ""max_features"": 1.0, ""min_samples_leaf"": 1, ""n_estimators"": 10}",0.7411764705882353,164160.8,0.019051541411317884,2.131616587147993
RF,Vehicle,"{""max_depth"": null, ""max_features"": 1.0, ""min_samples_leaf"": 1, ""n_estimators"": 10}",0.7435294117647059,164687.4,0.01904701702296734,2.1295586381764973
RF,Vehicle,"{""max_depth"": 16, ""max_features"": ""log2"", ""min_samples_leaf"": 1, ""n_estimators"": 50}",0.7505882352941177,1064387.6,0.038295491598546505,8.788676247658099
RF,Vehicle,"{""max_depth"": 16, ""max_features"": ""sqrt"", ""min_samples_leaf"": 1, ""n_estimators"": 50}",0.7505882352941177,1064387.6,0.03845233318861574,8.845294223112218
RF,Banknote,"{""max_depth"": null, ""max_features"": 1.0, ""min_samples_leaf"": 5, ""n_estimators"": 10}",0.9883636363636363,33119.0,0.009749916987493635,1.63287931883877
RF,Banknote,"{""max_depth"": 8, ""max_features"": ""log2"", ""min_samples_leaf"": 5, ""n_estimators"": 10}",0.9934545454545454,36098.0,0.007071783230639994,1.2958785519003868
RF,Banknote,"{""max_depth"": 8, ""max_features"": ""sqrt"", ""min_samples_leaf"": 5, ""n_estimators"": 10}",0.9934545454545454,36098.0,0.006839350191876292,1.2484545057470149
RF,Banknote,"{""max_depth"": 8, ""max_features"": ""log2"", ""min_samples_leaf"": 1, ""n_estimators"": 10}",0.997090909090909,41986.0,0.006878433586098254,1.2334553863514555
RF,Banknote,"{""max_depth"": 8, ""max_features"": ""sqrt"", ""min_samples_leaf"": 1, ""n_estimators"": 10}",0.997090909090909,41986.0,0.006854641390964389,1.2330610982396386
RF,Yeast,"{""max_depth"": 8, ""max_features"": ""sqrt"", ""min_samples_leaf"": 5, ""n_estimators"": 10}",0.6161616161616161,150800.8,0.006475107977166772,1.3111387332430993
RF,Yeast,"{""max_depth"": 8, ""max_features"": ""sqrt"", ""min_samples_leaf"": 1, ""n_estimators"": 10}",0.6168350168350168,277650.4,0.006947991787455976,1.3797131589667164
RF,Yeast,"{""max_depth"": 8, ""max_features"": ""sqrt"", ""min_samples_leaf"": 5, ""n_estimators"": 50}",0.6215488215488215,766348.6,0.030414833361282943,5.400954880547845
RF,Yeast,"{""max_depth"": null, ""max_features"": ""sqrt"", ""min_samples_leaf"": 5, ""n_estimators"": 50}",0.6222222222222221,1345706.8,0.03362981656100601,5.996997408593946
RF,Yeast,"{""max_depth"": 8, ""max_features"": ""log2"", ""min_samples_leaf"": 1, ""n_estimators"": 50}",0.6316498316498317,1417648.0,0.038548750011250375,5.802020167160516
RF,Steel Plates,"{""max_depth"": null, ""max_features"": 1.0, ""min_samples_leaf"": 1, ""n_estimators"": 10}",1.0,14849.0,0.03757186678703874,0.8765213038283939
RF,Steel Plates,"{""max_depth"": null, ""max_features"": 1.0, ""min_samples_leaf"": 5, ""n_estimators"": 10}",1.0,14849.0,0.03757263356819749,0.8867182685086231
RF,Segment,"{""max_depth"": 8, ""max_features"": 1.0, ""min_samples_leaf"": 5, ""n_estimators"": 10}",0.9424242424242426,56062.0,0.0448392417980358,0.9235566647247577
RF,Segment,"{""max_depth"": 8, ""max_features"": 1.0, ""min_samples_leaf"": 1, ""n_estimators"": 10}",0.9441558441558442,64079.8,0.04585087518207729,0.9557537157975492
RF,Segment,"{""max_depth"": 8, ""max_features"": ""sqrt"", ""min_samples_leaf"": 5, ""n_estimators"": 10}",0.9463203463203463,85567.0,0.014002950210124255,0.9489900863918909
RF,Segment,"{""max_depth"": 8, ""max_features"": ""log2"", ""min_samples_leaf"": 5, ""n_estimators"": 10}",0.9463203463203463,85567.0,0.014014658238738775,0.9584952210322086
RF,Segment,"{""max_depth"": null, ""max_features"": 1.0, ""min_samples_leaf"": 5, ""n_estimators"": 10}",0.9580086580086581,88268.0,0.04858723341021687,0.9892320409578421
RF,Segment,"{""max_depth"": null, ""max_features"": ""sqrt"", ""min_samples_leaf"": 5, ""n_estimators"": 10}",0.9627705627705628,125541.8,0.01506826679687947,0.9898991864255237
RF,Segment,"{""max_depth"": null, ""max_features"": ""log2"", ""min_samples_leaf"": 5, ""n_estimators"": 10}",0.9627705627705628,125541.8,0.014784383191727101,0.9806633189127043
RF,Segment,"{""max_depth"": 16, ""max_features"": 1.0, ""min_samples_leaf"": 1, ""n_estimators"": 10}",0.9670995670995671,131674.6,0.05130469996947795,1.0128970584505566
RF,Segment,"{""max_depth"": null, ""max_features"": ""log2"", ""min_samples_leaf"": 1, ""n_estimators"": 10}",0.9696969696969697,202208.6,0.015566191799007357,0.9861112535967456
RF,Segment,"{""max_depth"": null, ""max_features"": ""sqrt"", ""min_samples_leaf"": 1, ""n_estimators"": 10}",0.9696969696969697,202208.6,0.015655058389529585,0.9999094426115871
RF,Segment,"{""max_depth"": null, ""max_features"": ""log2"", ""min_samples_leaf"": 1, ""n_estimators"": 50}",0.9744588744588745,1005431.2,0.07602737520355732,4.172637238211575
RF,Segment,"{""max_depth"": null, ""max_features"": ""sqrt"", ""min_samples_leaf"": 1, ""n_estimators"": 50}",0.9744588744588745,1005431.2,0.07629845840856433,4.181115146226439
RF,Segment,"{""max_depth"": 16, ""max_features"": ""sqrt"", ""min_samples_leaf"": 1, ""n_estimators"": 50}",0.9748917748917749,1010764.0,0.07698100842535496,4.3864887070668725
RF,Segment,"{""max_depth"": 16, ""max_features"": ""log2"", ""min_samples_leaf"": 1, ""n_estimators"": 50}",0.9748917748917749,1010764.0,0.07643236657604575,4.259307386990621
RF,Segment,"{""max_depth"": null, ""max_features"": ""log2"", ""min_samples_leaf"": 1, ""n_estimators"": 100}",0.9761904761904763,2001191.0,0.15156479983124882,8.25395058735689
RF,Segment,"{""max_depth"": null, ""max_features"": ""sqrt"", ""min_samples_leaf"": 1, ""n_estimators"": 100}",0.9761904761904763,2001191.0,0.15118983322754503,8.213239393370364
RF,Segment,"{""max_depth"": 16, ""max_features"": ""sqrt"", ""min_samples_leaf"": 1, ""n_estimators"": 100}",0.9770562770562771,2002349.8,0.15122151661198585,8.197294777960746
RF,Segment,"{""max_depth"": 16, ""max_features"": ""log2"", ""min_samples_leaf"": 1, ""n_estimators"": 100}",0.9770562770562771,2002349.8,0.1516216915799305,8.202542841144197
RF,Waveform,"{""max_depth"": 8, ""max_features"": 1.0, ""min_samples_leaf"": 5, ""n_estimators"": 10}",0.8192,216224.0,0.34345959157217293,0.7541334256529808
RF,Waveform,"{""max_depth"": 8, ""max_features"": ""log2"", ""min_samples_leaf"": 5, ""n_estimators"": 10}",0.8276,237324.6,0.05045473317150027,0.7844584062695503
RF,Waveform,"{""max_depth"": 8, ""max_features"": ""sqrt"", ""min_samples_leaf"": 5, ""n_estimators"": 10}",0.837,237399.2,0.05814124117605388,0.7355913752689958
RF,Waveform,"{""max_depth"": 8, ""max_features"": ""sqrt"", ""min_samples_leaf"": 5, ""n_estimators"": 50}",0.8560000000000001,1164742.6,0.2884641416138038,3.125841775909066
RF,Waveform,"{""max_depth"": 16, ""max_features"": ""sqrt"", ""min_samples_leaf"": 5, ""n_estimators"": 100}",0.857,4227290.8,0.6977592417737469,7.310716598294675
RF,Waveform,"{""max_depth"": 16, ""max_features"": ""log2"", ""min_samples_leaf"": 5, ""n_estimators"": 200}",0.8577999999999999,8791481.6,1.192795208003372,14.785375003702939
RF,SatImage,"{""max_depth"": 8, ""max_features"": 1.0, ""min_samples_leaf"": 5, ""n_estimators"": 10}",0.8884914463452566,207186.6,0.18209406675305218,0.5750777670595082
RF,SatImage,"{""max_depth"": 8, ""max_features"": ""sqrt"", ""min_samples_leaf"": 5, ""n_estimators"": 10}",0.8892690513219286,230104.2,0.03798561675939709,0.5736197692575296
RF,SatImage,"{""max_depth"": 8, ""max_features"": ""log2"", ""min_samples_leaf"": 5, ""n_estimators"": 10}",0.8902021772939346,233106.4,0.03293905819300562,0.5789850671916134
RF,SatImage,"{""max_depth"": 8, ""max_features"": ""sqrt"", ""min_samples_leaf"": 1, ""n_estimators"": 10}",0.8911353032659409,290696.0,0.03906213343143463,0.5719284519761754
RF,SatImage,"{""max_depth"": 8, ""max_features"": ""log2"", ""min_samples_leaf"": 1, ""n_estimators"": 10}",0.8914463452566096,295222.6,0.033944824966602026,0.5791211626774879
RF,SatImage,"{""max_depth"": 16, ""max_features"": 1.0, ""min_samples_leaf"": 5, ""n_estimators"": 10}",0.8951788491446345,379408.2,0.24029595858883113,0.6676192574990945
RF,SatImage,"{""max_depth"": null, ""max_features"": 1.0, ""min_samples_leaf"": 5, ""n_estimators"": 10}",0.8953343701399689,384504.4,0.24456302502658217,0.6923797825701871
RF,SatImage,"{""max_depth"": 16, ""max_features"": ""sqrt"", ""min_samples_leaf"": 5, ""n_estimators"": 10}",0.8984447900466563,457202.2,0.047841224796138705,0.699585203000259
RF,SatImage,"{""max_depth"": null, ""max_features"": ""sqrt"", ""min_samples_leaf"": 5, ""n_estimators"": 10}",0.9018662519440124,461228.6,0.048315316624939444,0.6935524089409627
RF,SatImage,"{""max_depth"": null, ""max_features"": ""sqrt"", ""min_samples_leaf"": 1, ""n_estimators"": 10}",0.9026438569206844,909981.4,0.05487294183112681,0.7452825982337977
RF,SatImage,"{""max_depth"": null, ""max_features"": ""log2"", ""min_samples_leaf"": 1, ""n_estimators"": 10}",0.9045101088646967,950749.4,0.047814833396114406,0.7515356399431755
RF,SatImage,"{""max_depth"": null, ""max_features"": ""log2"", ""min_samples_leaf"": 5, ""n_estimators"": 50}",0.9057542768273716,2373428.0,0.21677210819907486,3.354963618381352
RF,SatImage,"{""max_depth"": null, ""max_features"": 1.0, ""min_samples_leaf"": 1, ""n_estimators"": 50}",0.9115085536547435,3472513.2,1.4199450581800193,3.2224273816052347
RF,SatImage,"{""max_depth"": null, ""max_features"": ""sqrt"", ""min_samples_leaf"": 1, ""n_estimators"": 50}",0.9161741835147744,4558346.2,0.2716601751744747,3.2523651839078953
LightGBM,Iris,"{""learning_rate"": 0.03, ""n_estimators"": 100, ""num_leaves"": 15, ""reg_lambda"": 10.0}",0.9533333333333334,128407.6,0.003470208588987589,9.174721005062263
LightGBM,Iris,"{""learning_rate"": 0.03, ""n_estimators"": 100, ""num_leaves"": 31, ""reg_lambda"": 10.0}",0.9533333333333334,128407.6,0.0034626331878826024,8.713893281916777
LightGBM,Iris,"{""learning_rate"": 0.03, ""n_estimators"": 100, ""num_leaves"": 63, ""reg_lambda"": 10.0}",0.9533333333333334,128407.6,0.0035608084406703712,9.243598518272242
LightGBM,Wine,"{""learning_rate"": 0.03, ""n_estimators"": 100, ""num_leaves"": 15, ""reg_lambda"": 10.0}",0.9555555555555555,140998.6,0.004986783210188151,9.10579498546819
LightGBM,Wine,"{""learning_rate"": 0.03, ""n_estimators"": 100, ""num_leaves"": 31, ""reg_lambda"": 10.0}",0.9555555555555555,140998.6,0.004788941796869039,8.715739628920954
LightGBM,Wine,"{""learning_rate"": 0.03, ""n_estimators"": 100, ""num_leaves"": 63, ""reg_lambda"": 10.0}",0.9555555555555555,140998.6,0.0048869333928450946,8.396526876216134
LightGBM,Wine,"{""learning_rate"": 0.1, ""n_estimators"": 100, ""num_leaves"": 15, ""reg_lambda"": 10.0}",0.9666666666666668,151505.6,0.005250716605223716,9.593978110286924
LightGBM,Wine,"{""learning_rate"": 0.1, ""n_estimators"": 100, ""num_leaves"": 31, ""reg_lambda"": 10.0}",0.9666666666666668,151505.6,0.005286458181217313,8.818983850586747
LightGBM,Wine,"{""learning_rate"": 0.1, ""n_estimators"": 100, ""num_leaves"": 63, ""reg_lambda"": 10.0}",0.9666666666666668,151505.6,0.005337616847828031,8.882176674281556
LightGBM,Breast Cancer,"{""learning_rate"": 0.03, ""n_estimators"": 100, ""num_leaves"": 15, ""reg_lambda"": 10.0}",0.9578947368421054,75446.6,0.0077659663744270805,3.064475471578669
LightGBM,Breast Cancer,"{""learning_rate"": 0.03, ""n_estimators"": 100, ""num_leaves"": 31, ""reg_lambda"": 10.0}",0.9578947368421054,75446.6,0.007762991567142307,3.048610309825132
LightGBM,Breast Cancer,"{""learning_rate"": 0.03, ""n_estimators"": 100, ""num_leaves"": 63, ""reg_lambda"": 10.0}",0.9578947368421054,75446.6,0.007958541996777058,3.0076000512691965
LightGBM,Breast Cancer,"{""learning_rate"": 0.1, ""n_estimators"": 100, ""num_leaves"": 15, ""reg_lambda"": 10.0}",0.9614035087719298,91647.6,0.009463058365508915,3.48421234408753
LightGBM,Breast Cancer,"{""learning_rate"": 0.1, ""n_estimators"": 100, ""num_leaves"": 31, ""reg_lambda"": 10.0}",0.9614035087719298,91647.6,0.00973195859696716,3.868129855969496
LightGBM,Breast Cancer,"{""learning_rate"": 0.1, ""n_estimators"": 100, ""num_leaves"": 63, ""reg_lambda"": 10.0}",0.9614035087719298,91647.6,0.009787508007138967,3.7733197882117935
LightGBM,Breast Cancer,"{""learning_rate"": 0.3, ""n_estimators"": 100, ""num_leaves"": 15, ""reg_lambda"": 10.0}",0.9666666666666666,104494.4,0.010503749968484044,3.975364910602047
LightGBM,Breast Cancer,"{""learning_rate"": 0.3, ""n_estimators"": 100, ""num_leaves"": 31, ""reg_lambda"": 10.0}",0.9666666666666666,104494.4,0.010453383391723036,3.8271191889387475
LightGBM,Breast Cancer,"{""learning_rate"": 0.3, ""n_estimators"": 100, ""num_leaves"": 63, ""reg_lambda"": 10.0}",0.9666666666666666,104494.4,0.01079851679969579,4.1929089970756
LightGBM,Breast Cancer,"{""learning_rate"": 0.3, ""n_estimators"": 500, ""num_leaves"": 15, ""reg_lambda"": 0.1}",0.9701754385964911,490326.6,0.04648889980744571,11.360161660010355
LightGBM,Breast Cancer,"{""learning_rate"": 0.3, ""n_estimators"": 500, ""num_leaves"": 31, ""reg_lambda"": 0.1}",0.9701754385964911,490326.6,0.04687486663460731,11.467472282483389
LightGBM,Breast Cancer,"{""learning_rate"": 0.3, ""n_estimators"": 500, ""num_leaves"": 63, ""reg_lambda"": 0.1}",0.9701754385964911,490326.6,0.047310349787585436,11.502703643616353
LightGBM,Breast Cancer,"{""learning_rate"": 0.3, ""n_estimators"": 500, ""num_leaves"": 15, ""reg_lambda"": 10.0}",0.9719298245614034,549346.4,0.0470269582234323,12.770392972845256
LightGBM,Breast Cancer,"{""learning_rate"": 0.3, ""n_estimators"": 500, ""num_leaves"": 31, ""reg_lambda"": 10.0}",0.9719298245614034,549346.4,0.047249341802671554,13.208184432107629
LightGBM,Breast Cancer,"{""learning_rate"": 0.3, ""n_estimators"": 500, ""num_leaves"": 63, ""reg_lambda"": 10.0}",0.9719298245614034,549346.4,0.04745830858591944,13.009210427602133
LightGBM,Seeds,"{""learning_rate"": 0.03, ""n_estimators"": 100, ""num_leaves"": 15, ""reg_lambda"": 10.0}",0.9285714285714285,157467.2,0.004814941785298288,7.757342176600583
LightGBM,Seeds,"{""learning_rate"": 0.03, ""n_estimators"": 100, ""num_leaves"": 31, ""reg_lambda"": 10.0}",0.9285714285714285,157467.2,0.004777175025083125,7.667461232770057
LightGBM,Seeds,"{""learning_rate"": 0.03, ""n_estimators"": 100, ""num_leaves"": 63, ""reg_lambda"": 10.0}",0.9285714285714285,157467.2,0.005141774797812105,8.482342985059535
LightGBM,Seeds,"{""learning_rate"": 0.3, ""n_estimators"": 100, ""num_leaves"": 15, ""reg_lambda"": 10.0}",0.9333333333333332,192026.2,0.005761491833254695,8.79385153807345
LightGBM,Seeds,"{""learning_rate"": 0.3, ""n_estimators"": 100, ""num_leaves"": 31, ""reg_lambda"": 10.0}",0.9333333333333332,192026.2,0.005860016751103103,8.506347270061571
LightGBM,Seeds,"{""learning_rate"": 0.3, ""n_estimators"": 100, ""num_leaves"": 63, ""reg_lambda"": 10.0}",0.9333333333333332,192026.2,0.006124158436432481,8.847023404779888
LightGBM,Seeds,"{""learning_rate"": 0.1, ""n_estimators"": 100, ""num_leaves"": 15, ""reg_lambda"": 1.0}",0.9428571428571427,201694.8,0.006255399994552135,9.439281365346341
LightGBM,Seeds,"{""learning_rate"": 0.1, ""n_estimators"": 100, ""num_leaves"": 31, ""reg_lambda"": 1.0}",0.9428571428571427,201694.8,0.006265057995915413,9.21409089295637
LightGBM,Seeds,"{""learning_rate"": 0.1, ""n_estimators"": 100, ""num_leaves"": 63, ""reg_lambda"": 1.0}",0.9428571428571427,201694.8,0.006388558400794863,8.949204458899441
LightGBM,Seeds,"{""learning_rate"": 0.3, ""n_estimators"": 100, ""num_leaves"": 15, ""reg_lambda"": 0.1}",0.9476190476190476,216321.6,0.006378466612659395,9.603766790990319
LightGBM,Seeds,"{""learning_rate"": 0.3, ""n_estimators"": 100, ""num_leaves"": 31, ""reg_lambda"": 0.1}",0.9476190476190476,216321.6,0.006537391641177237,10.172417941724971
LightGBM,Seeds,"{""learning_rate"": 0.3, ""n_estimators"": 100, ""num_leaves"": 63, ""reg_lambda"": 0.1}",0.9476190476190476,216321.6,0.006904741586185992,10.84781529027082
LightGBM,Glass,"{""learning_rate"": 0.03, ""n_estimators"": 100, ""num_leaves"": 15, ""reg_lambda"": 10.0}",0.7023255813953487,335489.0,0.009497174993157387,11.37945530286362
LightGBM,Glass,"{""learning_rate"": 0.03, ""n_estimators"": 100, ""num_leaves"": 31, ""reg_lambda"": 10.0}",0.7023255813953487,335489.0,0.00976506678853184,12.465507376852424
LightGBM,Glass,"{""learning_rate"": 0.03, ""n_estimators"": 100, ""num_leaves"": 63, ""reg_lambda"": 10.0}",0.7023255813953487,335489.0,0.009907708596438169,11.596901797104715
LightGBM,Glass,"{""learning_rate"": 0.1, ""n_estimators"": 100, ""num_leaves"": 31, ""reg_lambda"": 10.0}",0.7488372093023256,365326.2,0.01087369997985661,13.277130093165606
LightGBM,Glass,"{""learning_rate"": 0.1, ""n_estimators"": 100, ""num_leaves"": 63, ""reg_lambda"": 10.0}",0.7488372093023256,365326.2,0.011185849830508233,13.238567382443781
LightGBM,Glass,"{""learning_rate"": 0.1, ""n_estimators"": 100, ""num_leaves"": 15, ""reg_lambda"": 10.0}",0.7488372093023256,365326.2,0.010752916801720858,14.340315490614538
LightGBM,Glass,"{""learning_rate"": 0.3, ""n_estimators"": 100, ""num_leaves"": 15, ""reg_lambda"": 10.0}",0.7534883720930232,395598.0,0.011833508196286858,15.315887799789738
LightGBM,Glass,"{""learning_rate"": 0.3, ""n_estimators"": 100, ""num_leaves"": 31, ""reg_lambda"": 10.0}",0.7534883720930232,395598.0,0.0120159083744511,15.544191241091074
LightGBM,Glass,"{""learning_rate"": 0.3, ""n_estimators"": 100, ""num_leaves"": 63, ""reg_lambda"": 10.0}",0.7534883720930232,395598.0,0.012507049785926937,15.926930165394793
LightGBM,Glass,"{""learning_rate"": 0.1, ""n_estimators"": 100, ""num_leaves"": 31, ""reg_lambda"": 1.0}",0.7627906976744185,418212.8,0.012863424839451909,17.084101713154205
LightGBM,Glass,"{""learning_rate"": 0.1, ""n_estimators"": 100, ""num_leaves"": 15, ""reg_lambda"": 1.0}",0.7627906976744185,418212.8,0.012677241605706513,16.94515434115432
LightGBM,Glass,"{""learning_rate"": 0.1, ""n_estimators"": 100, ""num_leaves"": 63, ""reg_lambda"": 1.0}",0.7627906976744185,418212.8,0.013258108380250632,16.80872045717267
LightGBM,Glass,"{""learning_rate"": 0.3, ""n_estimators"": 100, ""num_leaves"": 15, ""reg_lambda"": 0.1}",0.7720930232558139,437863.6,0.013173991977237166,17.66957710821961
LightGBM,Glass,"{""learning_rate"": 0.3, ""n_estimators"": 100, ""num_leaves"": 31, ""reg_lambda"": 0.1}",0.7720930232558139,437863.6,0.013460474810563028,17.993799194173754
LightGBM,Glass,"{""learning_rate"": 0.3, ""n_estimators"": 100, ""num_leaves"": 63, ""reg_lambda"": 0.1}",0.7720930232558139,437863.6,0.014165799994952977,18.707357975112835
LightGBM,Glass,"{""learning_rate"": 0.3, ""n_estimators"": 500, ""num_leaves"": 31, ""reg_lambda"": 0.1}",0.7767441860465116,2111415.8,0.07140992500353605,57.7187956159198
LightGBM,Glass,"{""learning_rate"": 0.3, ""n_estimators"": 500, ""num_leaves"": 15, ""reg_lambda"": 0.1}",0.7767441860465116,2111415.8,0.07008645040914416,57.33681799367416
LightGBM,Glass,"{""learning_rate"": 0.3, ""n_estimators"": 500, ""num_leaves"": 63, ""reg_lambda"": 0.1}",0.7767441860465116,2111415.8,0.07569111636839806,58.74127463632546
LightGBM,Haberman,"{""learning_rate"": 0.03, ""n_estimators"": 100, ""num_leaves"": 15, ""reg_lambda"": 10.0}",0.7387096774193548,90323.8,0.0024865581654012203,4.522173830698575
LightGBM,Haberman,"{""learning_rate"": 0.03, ""n_estimators"": 100, ""num_leaves"": 31, ""reg_lambda"": 10.0}",0.7387096774193548,90323.8,0.0025673163821920753,4.64139663944802
LightGBM,Haberman,"{""learning_rate"": 0.03, ""n_estimators"": 100, ""num_leaves"": 63, ""reg_lambda"": 10.0}",0.7387096774193548,90323.8,0.0026403752155601977,4.664113024069417
LightGBM,Ecoli,"{""learning_rate"": 0.03, ""n_estimators"": 100, ""num_leaves"": 15, ""reg_lambda"": 10.0}",0.8235294117647058,448657.2,0.01212222499307245,11.0078469494029
LightGBM,Ecoli,"{""learning_rate"": 0.03, ""n_estimators"": 100, ""num_leaves"": 31, ""reg_lambda"": 10.0}",0.8235294117647058,448657.2,0.012349258176982403,11.267649995930054
LightGBM,Ecoli,"{""learning_rate"": 0.03, ""n_estimators"": 100, ""num_leaves"": 63, ""reg_lambda"": 10.0}",0.8235294117647058,448657.2,0.012686350173316896,10.874143609886662
LightGBM,Ecoli,"{""learning_rate"": 0.1, ""n_estimators"": 100, ""num_leaves"": 15, ""reg_lambda"": 10.0}",0.8470588235294118,505747.4,0.013842858211137354,13.880885329426212
LightGBM,Ecoli,"{""learning_rate"": 0.1, ""n_estimators"": 100, ""num_leaves"": 31, ""reg_lambda"": 10.0}",0.8470588235294118,505747.4,0.014221166749484837,13.888485195553477
LightGBM,Ecoli,"{""learning_rate"": 0.1, ""n_estimators"": 100, ""num_leaves"": 63, ""reg_lambda"": 10.0}",0.8470588235294118,505747.4,0.016297558415681125,18.577576573828562
LightGBM,Ecoli,"{""learning_rate"": 0.03, ""n_estimators"": 100, ""num_leaves"": 15, ""reg_lambda"": 0.1}",0.85,559596.2,0.015530141559429467,15.163232627160408
LightGBM,Ecoli,"{""learning_rate"": 0.03, ""n_estimators"": 100, ""num_leaves"": 31, ""reg_lambda"": 0.1}",0.85,559596.2,0.01566664141137153,15.816423247623096
LightGBM,Ecoli,"{""learning_rate"": 0.03, ""n_estimators"": 100, ""num_leaves"": 63, ""reg_lambda"": 0.1}",0.85,559596.2,0.016338150203227996,15.450123807086664
LightGBM,Ecoli,"{""learning_rate"": 0.03, ""n_estimators"": 500, ""num_leaves"": 15, ""reg_lambda"": 1.0}",0.8529411764705882,3109753.2,0.09995881661307067,76.84092955006398
LightGBM,Ecoli,"{""learning_rate"": 0.03, ""n_estimators"": 500, ""num_leaves"": 31, ""reg_lambda"": 1.0}",0.8529411764705882,3109753.2,0.1030903581995517,73.94742912284153
LightGBM,Ecoli,"{""learning_rate"": 0.03, ""n_estimators"": 500, ""num_leaves"": 63, ""reg_lambda"": 1.0}",0.8529411764705882,3109753.2,0.10577327497303486,74.58271814838928
LightGBM,Ionosphere,"{""learning_rate"": 0.03, ""n_estimators"": 100, ""num_leaves"": 15, ""reg_lambda"": 10.0}",0.9295774647887324,79871.0,0.006099774595350027,4.880515281373347
LightGBM,Ionosphere,"{""learning_rate"": 0.03, ""n_estimators"": 100, ""num_leaves"": 31, ""reg_lambda"": 10.0}",0.9295774647887324,79871.0,0.006192725175060332,4.9719462354838
LightGBM,Ionosphere,"{""learning_rate"": 0.03, ""n_estimators"": 100, ""num_leaves"": 63, ""reg_lambda"": 10.0}",0.9295774647887324,79871.0,0.006363450014032423,5.113146215362448
LightGBM,Ionosphere,"{""learning_rate"": 0.3, ""n_estimators"": 100, ""num_leaves"": 15, ""reg_lambda"": 10.0}",0.932394366197183,101306.4,0.007919441792182624,6.556456160902137
LightGBM,Ionosphere,"{""learning_rate"": 0.3, ""n_estimators"": 100, ""num_leaves"": 31, ""reg_lambda"": 10.0}",0.932394366197183,101306.4,0.007929608412086963,5.740963224269135
LightGBM,Ionosphere,"{""learning_rate"": 0.3, ""n_estimators"": 100, ""num_leaves"": 63, ""reg_lambda"": 10.0}",0.932394366197183,101306.4,0.008125016815029085,5.857160800254681
LightGBM,Ionosphere,"{""learning_rate"": 0.3, ""n_estimators"": 100, ""num_leaves"": 15, ""reg_lambda"": 1.0}",0.9380281690140846,106433.6,0.008684841822832823,6.428641975450684
LightGBM,Ionosphere,"{""learning_rate"": 0.3, ""n_estimators"": 100, ""num_leaves"": 31, ""reg_lambda"": 1.0}",0.9380281690140846,106433.6,0.008684433181770146,6.092726712075757
LightGBM,Ionosphere,"{""learning_rate"": 0.3, ""n_estimators"": 100, ""num_leaves"": 63, ""reg_lambda"": 1.0}",0.9380281690140846,106433.6,0.008816125220619142,6.129109615486273
LightGBM,Ionosphere,"{""learning_rate"": 0.03, ""n_estimators"": 100, ""num_leaves"": 15, ""reg_lambda"": 0.1}",0.9464788732394366,106504.8,0.009710425045341253,6.146126584163015
LightGBM,Ionosphere,"{""learning_rate"": 0.03, ""n_estimators"": 100, ""num_leaves"": 31, ""reg_lambda"": 0.1}",0.9464788732394366,106504.8,0.009548483183607459,5.894366153319116
LightGBM,Ionosphere,"{""learning_rate"": 0.03, ""n_estimators"": 100, ""num_leaves"": 63, ""reg_lambda"": 0.1}",0.9464788732394366,106504.8,0.009671441791579128,5.7706563458056515
LightGBM,Ionosphere,"{""learning_rate"": 0.1, ""n_estimators"": 100, ""num_leaves"": 15, ""reg_lambda"": 0.1}",0.9492957746478874,113756.0,0.010364316357299685,6.2908419788303505
LightGBM,Ionosphere,"{""learning_rate"": 0.1, ""n_estimators"": 100, ""num_leaves"": 31, ""reg_lambda"": 0.1}",0.9492957746478874,113756.0,0.010455608018673956,6.2964761524762904
LightGBM,Ionosphere,"{""learning_rate"": 0.1, ""n_estimators"": 100, ""num_leaves"": 63, ""reg_lambda"": 0.1}",0.9492957746478874,113756.0,0.010613408382050693,6.462089901029223
LightGBM,Balance Scale,"{""learning_rate"": 0.3, ""n_estimators"": 100, ""num_leaves"": 15, ""reg_lambda"": 10.0}",0.9008,304656.2,0.008789333212189377,7.0809341967105865
LightGBM,Balance Scale,"{""learning_rate"": 0.1, ""n_estimators"": 100, ""num_leaves"": 15, ""reg_lambda"": 10.0}",0.9040000000000001,306372.2,0.0093998582335189,7.2648657485842705
LightGBM,Balance Scale,"{""learning_rate"": 0.1, ""n_estimators"": 100, ""num_leaves"": 31, ""reg_lambda"": 10.0}",0.9040000000000001,306372.2,0.008803191571496427,6.571199931204319
LightGBM,Balance Scale,"{""learning_rate"": 0.1, ""n_estimators"": 100, ""num_leaves"": 63, ""reg_lambda"": 10.0}",0.9040000000000001,306372.2,0.009058883390389382,6.558601558208466
LightGBM,Pima Diabetes,"{""learning_rate"": 0.03, ""n_estimators"": 100, ""num_leaves"": 15, ""reg_lambda"": 10.0}",0.7844155844155845,158042.0,0.006584849790669978,3.687337694036496
LightGBM,Pima Diabetes,"{""learning_rate"": 0.03, ""n_estimators"": 100, ""num_leaves"": 31, ""reg_lambda"": 10.0}",0.7883116883116883,162131.6,0.006749591580592096,3.7192636133207904
LightGBM,Pima Diabetes,"{""learning_rate"": 0.03, ""n_estimators"": 100, ""num_leaves"": 63, ""reg_lambda"": 10.0}",0.7883116883116883,162131.6,0.006892250198870897,3.7357153661258806
LightGBM,Vehicle,"{""learning_rate"": 0.03, ""n_estimators"": 100, ""num_leaves"": 15, ""reg_lambda"": 10.0}",0.7341176470588235,544402.2,0.02858490839134902,10.70784350090167
LightGBM,Vehicle,"{""learning_rate"": 0.1, ""n_estimators"": 100, ""num_leaves"": 15, ""reg_lambda"": 10.0}",0.7517647058823529,576897.4,0.032915466371923684,12.92843166190912
LightGBM,Vehicle,"{""learning_rate"": 0.3, ""n_estimators"": 100, ""num_leaves"": 15, ""reg_lambda"": 10.0}",0.7541176470588236,595333.6,0.03375005000270903,13.534754021641087
LightGBM,Vehicle,"{""learning_rate"": 0.3, ""n_estimators"": 100, ""num_leaves"": 15, ""reg_lambda"": 1.0}",0.7564705882352941,625983.0,0.036900441790930924,15.547302387216513
LightGBM,Vehicle,"{""learning_rate"": 0.3, ""n_estimators"": 100, ""num_leaves"": 31, ""reg_lambda"": 1.0}",0.7647058823529411,762073.8,0.04036569136660546,17.32009736930623
LightGBM,Vehicle,"{""learning_rate"": 0.3, ""n_estimators"": 100, ""num_leaves"": 63, ""reg_lambda"": 1.0}",0.7647058823529411,762073.8,0.04125007542315871,17.63058703064042
LightGBM,Banknote,"{""learning_rate"": 0.03, ""n_estimators"": 100, ""num_leaves"": 15, ""reg_lambda"": 10.0}",0.9767272727272728,115313.0,0.00596904163248837,2.0269395106218075
LightGBM,Banknote,"{""learning_rate"": 0.03, ""n_estimators"": 100, ""num_leaves"": 31, ""reg_lambda"": 10.0}",0.9767272727272728,115313.0,0.006053050025366246,1.9383339888670228
LightGBM,Banknote,"{""learning_rate"": 0.03, ""n_estimators"": 100, ""num_leaves"": 63, ""reg_lambda"": 10.0}",0.9767272727272728,115313.0,0.006173050194047391,1.968030563809655
LightGBM,Banknote,"{""learning_rate"": 0.1, ""n_estimators"": 100, ""num_leaves"": 15, ""reg_lambda"": 10.0}",0.9941818181818182,122422.6,0.007072225026786327,2.5397274135188623
LightGBM,Banknote,"{""learning_rate"": 0.3, ""n_estimators"": 100, ""num_leaves"": 15, ""reg_lambda"": 10.0}",0.997090909090909,123605.0,0.006490291841328144,2.3566059429537165
LightGBM,Banknote,"{""learning_rate"": 0.3, ""n_estimators"": 100, ""num_leaves"": 31, ""reg_lambda"": 10.0}",0.997090909090909,123605.0,0.006569283199496567,2.365182577209039
LightGBM,Banknote,"{""learning_rate"": 0.3, ""n_estimators"": 100, ""num_leaves"": 63, ""reg_lambda"": 10.0}",0.997090909090909,123605.0,0.006680891616269946,2.368304031816396
LightGBM,Banknote,"{""learning_rate"": 0.3, ""n_estimators"": 100, ""num_leaves"": 31, ""reg_lambda"": 1.0}",0.9978181818181818,131711.8,0.006940791383385658,2.4297286502339626
LightGBM,Banknote,"{""learning_rate"": 0.3, ""n_estimators"": 100, ""num_leaves"": 63, ""reg_lambda"": 1.0}",0.9978181818181818,131711.8,0.0070456331595778465,2.433940344913439
LightGBM,Yeast,"{""learning_rate"": 0.03, ""n_estimators"": 100, ""num_leaves"": 15, ""reg_lambda"": 10.0}",0.6215488215488215,1283755.4,0.05704365000128746,23.035605999355766
LightGBM,Steel Plates,"{""learning_rate"": 0.03, ""n_estimators"": 100, ""num_leaves"": 15, ""reg_lambda"": 1.0}",1.0,94387.2,0.017935350188054144,1.7878535421502928
XGBoost,Iris,"{""learning_rate"": 0.3, ""max_depth"": 4, ""n_estimators"": 100, ""reg_lambda"": 0.1}",0.9333333333333333,165102.4,0.0041206666268408295,4.423887003213167
XGBoost,Iris,"{""learning_rate"": 0.1, ""max_depth"": 4, ""n_estimators"": 100, ""reg_lambda"": 10.0}",0.9466666666666667,227942.6,0.005251500010490418,4.945833546419938
XGBoost,Iris,"{""learning_rate"": 0.03, ""max_depth"": 4, ""n_estimators"": 100, ""reg_lambda"": 10.0}",0.9533333333333335,228362.8,0.005494349775835872,4.6919332817196855
XGBoost,Wine,"{""learning_rate"": 0.3, ""max_depth"": 10, ""n_estimators"": 100, ""reg_lambda"": 0.1}",0.9666666666666668,148644.6,0.005522866593673825,3.569209689481391
XGBoost,Wine,"{""learning_rate"": 0.3, ""max_depth"": 4, ""n_estimators"": 100, ""reg_lambda"": 0.1}",0.9666666666666668,148644.6,0.005546024814248085,3.6761617391473713
XGBoost,Wine,"{""learning_rate"": 0.3, ""max_depth"": 6, ""n_estimators"": 100, ""reg_lambda"": 0.1}",0.9666666666666668,148644.6,0.0055681332014501095,3.785872831940651
XGBoost,Wine,"{""learning_rate"": 0.3, ""max_depth"": 8, ""n_estimators"": 100, ""reg_lambda"": 0.1}",0.9666666666666668,148644.6,0.005761083425022661,4.659027844253513
XGBoost,Wine,"{""learning_rate"": 0.3, ""max_depth"": 10, ""n_estimators"": 100, ""reg_lambda"": 10.0}",0.9777777777777779,191448.4,0.008492399821989238,3.9307943855722742
XGBoost,Wine,"{""learning_rate"": 0.3, ""max_depth"": 4, ""n_estimators"": 100, ""reg_lambda"": 10.0}",0.9777777777777779,191448.4,0.00833140816539526,3.9578725894292197
XGBoost,Wine,"{""learning_rate"": 0.3, ""max_depth"": 6, ""n_estimators"": 100, ""reg_lambda"": 10.0}",0.9777777777777779,191448.4,0.008358358382247388,3.8747675716876984
XGBoost,Wine,"{""learning_rate"": 0.3, ""max_depth"": 8, ""n_estimators"": 100, ""reg_lambda"": 10.0}",0.9777777777777779,191448.4,0.008541416586376726,4.337037939371334
XGBoost,Breast Cancer,"{""learning_rate"": 0.3, ""max_depth"": 4, ""n_estimators"": 100, ""reg_lambda"": 0.1}",0.9631578947368421,66483.0,0.011185674997977912,1.4163753867410778
XGBoost,Breast Cancer,"{""learning_rate"": 0.3, ""max_depth"": 4, ""n_estimators"": 100, ""reg_lambda"": 1.0}",0.968421052631579,72430.4,0.0131491667823866,1.4038719727020514
XGBoost,Breast Cancer,"{""learning_rate"": 0.3, ""max_depth"": 4, ""n_estimators"": 500, ""reg_lambda"": 1.0}",0.9701754385964911,249884.0,0.02630411656573415,2.055920930089135
XGBoost,Seeds,"{""learning_rate"": 0.3, ""max_depth"": 4, ""n_estimators"": 100, ""reg_lambda"": 0.1}",0.9333333333333332,169751.8,0.006430141790769994,3.5946429263622988
XGBoost,Seeds,"{""learning_rate"": 0.3, ""max_depth"": 6, ""n_estimators"": 100, ""reg_lambda"": 0.1}",0.9428571428571427,170834.8,0.0065548832062631845,3.9791671692260673
XGBoost,Glass,"{""learning_rate"": 0.3, ""max_depth"": 4, ""n_estimators"": 100, ""reg_lambda"": 0.1}",0.7581395348837209,404410.6,0.013671950018033386,4.84031191918739
XGBoost,Glass,"{""learning_rate"": 0.3, ""max_depth"": 6, ""n_estimators"": 100, ""reg_lambda"": 0.1}",0.7813953488372093,409097.8,0.017542775021865964,7.006394958426787
XGBoost,Glass,"{""learning_rate"": 0.1, ""max_depth"": 6, ""n_estimators"": 500, ""reg_lambda"": 1.0}",0.7860465116279071,1999365.8,0.06368680000305176,13.392245353654374
XGBoost,Glass,"{""learning_rate"": 0.03, ""max_depth"": 10, ""n_estimators"": 1000, ""reg_lambda"": 1.0}",0.7906976744186046,4641429.8,0.16108343319501728,26.71085124792055
XGBoost,Haberman,"{""learning_rate"": 0.3, ""max_depth"": 4, ""n_estimators"": 100, ""reg_lambda"": 0.1}",0.6741935483870967,131495.8,0.003353108372539282,2.2356195615664602
XGBoost,Haberman,"{""learning_rate"": 0.1, ""max_depth"": 4, ""n_estimators"": 100, ""reg_lambda"": 0.1}",0.6774193548387097,142620.8,0.003451283602043986,2.2216422122813038
XGBoost,Haberman,"{""learning_rate"": 0.1, ""max_depth"": 4, ""n_estimators"": 100, ""reg_lambda"": 1.0}",0.6806451612903226,148665.4,0.0034650583984330297,2.2377709918204816
XGBoost,Haberman,"{""learning_rate"": 0.03, ""max_depth"": 4, ""n_estimators"": 100, ""reg_lambda"": 10.0}",0.7258064516129032,154283.4,0.0034970333566889168,2.3715066603354873
XGBoost,Haberman,"{""learning_rate"": 0.03, ""max_depth"": 6, ""n_estimators"": 100, ""reg_lambda"": 10.0}",0.7290322580645162,207097.4,0.004153450019657612,2.6032264764991497
XGBoost,Haberman,"{""learning_rate"": 0.03, ""max_depth"": 8, ""n_estimators"": 100, ""reg_lambda"": 10.0}",0.732258064516129,218611.0,0.00451028342358768,2.7952963606484476
XGBoost,Ecoli,"{""learning_rate"": 0.3, ""max_depth"": 4, ""n_estimators"": 100, ""reg_lambda"": 0.1}",0.8470588235294118,525955.8,0.013316874951124191,4.457476589938297
XGBoost,Ecoli,"{""learning_rate"": 0.3, ""max_depth"": 4, ""n_estimators"": 100, ""reg_lambda"": 10.0}",0.85,727898.2,0.018168525025248527,5.194976556060069
XGBoost,Ecoli,"{""learning_rate"": 0.3, ""max_depth"": 4, ""n_estimators"": 500, ""reg_lambda"": 10.0}",0.8558823529411764,2750160.2,0.06599121664185077,14.653802945223802
XGBoost,Ecoli,"{""learning_rate"": 0.1, ""max_depth"": 4, ""n_estimators"": 1000, ""reg_lambda"": 10.0}",0.8617647058823529,5986579.8,0.14133910001255573,28.350120684241546
XGBoost,Ionosphere,"{""learning_rate"": 0.3, ""max_depth"": 4, ""n_estimators"": 100, ""reg_lambda"": 0.1}",0.943661971830986,70085.4,0.011781949969008564,1.941782645356487
XGBoost,Ionosphere,"{""learning_rate"": 0.03, ""max_depth"": 4, ""n_estimators"": 1000, ""reg_lambda"": 0.1}",0.9464788732394366,703319.4,0.10847198320552706,5.874414534740884
XGBoost,Balance Scale,"{""learning_rate"": 0.3, ""max_depth"": 4, ""n_estimators"": 100, ""reg_lambda"": 0.1}",0.8848,490686.6,0.008451066608540714,2.285534329712391
XGBoost,Balance Scale,"{""learning_rate"": 0.1, ""max_depth"": 4, ""n_estimators"": 100, ""reg_lambda"": 10.0}",0.8992000000000001,523159.0,0.008317991392686963,2.2055327892303467
XGBoost,Balance Scale,"{""learning_rate"": 0.3, ""max_depth"": 4, ""n_estimators"": 500, ""reg_lambda"": 1.0}",0.9040000000000001,1713265.8,0.034812583168968556,7.207798399031162
XGBoost,Pima Diabetes,"{""learning_rate"": 0.3, ""max_depth"": 4, ""n_estimators"": 100, ""reg_lambda"": 0.1}",0.7480519480519481,147251.0,0.008343900181353092,1.2574676581501187
XGBoost,Pima Diabetes,"{""learning_rate"": 0.1, ""max_depth"": 4, ""n_estimators"": 100, ""reg_lambda"": 1.0}",0.7597402597402597,155033.0,0.00857213360723108,1.2281910189754004
XGBoost,Pima Diabetes,"{""learning_rate"": 0.1, ""max_depth"": 4, ""n_estimators"": 100, ""reg_lambda"": 0.1}",0.7623376623376623,155741.2,0.008618041803129018,1.1755401486313186
XGBoost,Pima Diabetes,"{""learning_rate"": 0.1, ""max_depth"": 4, ""n_estimators"": 100, ""reg_lambda"": 10.0}",0.7714285714285714,171606.4,0.009299958380870521,1.3563845475966283
XGBoost,Pima Diabetes,"{""learning_rate"": 0.03, ""max_depth"": 4, ""n_estimators"": 100, ""reg_lambda"": 10.0}",0.7844155844155845,184317.8,0.009666775236837566,1.313636236666859
XGBoost,Vehicle,"{""learning_rate"": 0.3, ""max_depth"": 4, ""n_estimators"": 100, ""reg_lambda"": 0.1}",0.7588235294117647,484372.2,0.028366824984550475,2.454166875823456
XGBoost,Vehicle,"{""learning_rate"": 0.3, ""max_depth"": 4, ""n_estimators"": 100, ""reg_lambda"": 10.0}",0.76,634167.8,0.03679862497374416,2.8147552545894596
XGBoost,Vehicle,"{""learning_rate"": 0.3, ""max_depth"": 4, ""n_estimators"": 500, ""reg_lambda"": 0.1}",0.7694117647058822,1536395.6,0.08262208362575621,6.779461195144583
XGBoost,Banknote,"{""learning_rate"": 0.3, ""max_depth"": 4, ""n_estimators"": 100, ""reg_lambda"": 0.1}",0.9978181818181817,77586.6,0.0051725002005696295,0.7663033902645111
XGBoost,Banknote,"{""learning_rate"": 0.3, ""max_depth"": 4, ""n_estimators"": 100, ""reg_lambda"": 1.0}",0.9978181818181818,82646.2,0.005379883386194706,0.7905752652070739
XGBoost,Yeast,"{""learning_rate"": 0.3, ""max_depth"": 4, ""n_estimators"": 100, ""reg_lambda"": 0.1}",0.5885521885521886,1203103.8,0.04320079162716865,4.1533399511266635
XGBoost,Yeast,"{""learning_rate"": 0.3, ""max_depth"": 4, ""n_estimators"": 100, ""reg_lambda"": 1.0}",0.6,1252798.8,0.04466486717574299,4.3349603962416605
XGBoost,Yeast,"{""learning_rate"": 0.1, ""max_depth"": 4, ""n_estimators"": 100, ""reg_lambda"": 0.1}",0.6181818181818182,1272386.8,0.04502561683766544,4.215487388749716
XGBoost,Yeast,"{""learning_rate"": 0.1, ""max_depth"": 6, ""n_estimators"": 100, ""reg_lambda"": 1.0}",0.6188552188552188,2071162.6,0.06480839180294425,5.843125986129747
XGBoost,Yeast,"{""learning_rate"": 0.03, ""max_depth"": 4, ""n_estimators"": 500, ""reg_lambda"": 10.0}",0.6195286195286196,6972888.0,0.22874157524202018,19.10642567106369
XGBoost,Steel Plates,"{""learning_rate"": 0.03, ""max_depth"": 4, ""n_estimators"": 100, ""reg_lambda"": 0.1}",1.0,87123.0,0.025500300200656058,0.7513707029635619
XGBoost,Segment,"{""learning_rate"": 0.3, ""max_depth"": 4, ""n_estimators"": 100, ""reg_lambda"": 0.1}",0.984848484848485,520191.6,0.06895805804524571,2.2842350730358008
XGBoost,Segment,"{""learning_rate"": 0.3, ""max_depth"": 4, ""n_estimators"": 500, ""reg_lambda"": 0.1}",0.9852813852813853,1858308.6,0.19873242501635105,6.951425613601614
XGBoost,Segment,"{""learning_rate"": 0.3, ""max_depth"": 6, ""n_estimators"": 500, ""reg_lambda"": 10.0}",0.9857142857142858,2470151.6,0.3002041582018137,8.863618686085655
XGBoost,Waveform,"{""learning_rate"": 0.3, ""max_depth"": 4, ""n_estimators"": 100, ""reg_lambda"": 0.1}",0.8513999999999999,577110.6,0.2745597000000998,1.3711166102439165
XGBoost,Waveform,"{""learning_rate"": 0.3, ""max_depth"": 4, ""n_estimators"": 100, ""reg_lambda"": 1.0}",0.8576,587678.8,0.2814748920267448,1.3784579932689667
XGBoost,Waveform,"{""learning_rate"": 0.3, ""max_depth"": 8, ""n_estimators"": 100, ""reg_lambda"": 10.0}",0.8577999999999999,2074121.8,0.9278064583893866,3.4753834130242467
MLP,Iris,"{""alpha"": 0.01, ""hidden_layer_sizes"": [32], ""learning_rate_init"": 0.001, ""max_iter"": 500}",0.3466666666666666,1036.0,0.0035412584198638796,2.0966593486567335
MLP,Iris,"{""alpha"": 0.0001, ""hidden_layer_sizes"": [32], ""learning_rate_init"": 0.001, ""max_iter"": 200}",0.3466666666666666,1036.0,0.003484741970896721,2.0769533390800157
MLP,Iris,"{""alpha"": 0.0001, ""hidden_layer_sizes"": [32], ""learning_rate_init"": 0.001, ""max_iter"": 500}",0.3466666666666666,1036.0,0.0034842998022213576,2.037219237536192
MLP,Iris,"{""alpha"": 0.01, ""hidden_layer_sizes"": [32], ""learning_rate_init"": 0.001, ""max_iter"": 200}",0.3466666666666666,1036.0,0.0034162582363933326,2.0005654854079085
MLP,Iris,"{""alpha"": 0.01, ""hidden_layer_sizes"": [64], ""learning_rate_init"": 0.001, ""max_iter"": 500}",0.5599999999999999,2060.0,0.004599016392603517,1.9902790275712807
MLP,Iris,"{""alpha"": 0.0001, ""hidden_layer_sizes"": [64], ""learning_rate_init"": 0.001, ""max_iter"": 200}",0.5599999999999999,2060.0,0.004894741997122765,2.28473295768102
MLP,Iris,"{""alpha"": 0.0001, ""hidden_layer_sizes"": [64], ""learning_rate_init"": 0.001, ""max_iter"": 500}",0.5599999999999999,2060.0,0.004663491784594953,2.0647126560409865
MLP,Iris,"{""alpha"": 0.01, ""hidden_layer_sizes"": [64], ""learning_rate_init"": 0.001, ""max_iter"": 200}",0.5599999999999999,2060.0,0.004630258399993181,2.008346685518821
MLP,Iris,"{""alpha"": 0.0001, ""hidden_layer_sizes"": [128], ""learning_rate_init"": 0.001, ""max_iter"": 200}",0.7333333333333333,4108.0,0.006915266811847687,2.0950008183717728
MLP,Iris,"{""alpha"": 0.0001, ""hidden_layer_sizes"": [128], ""learning_rate_init"": 0.001, ""max_iter"": 500}",0.7333333333333333,4108.0,0.006881525204516947,2.1475002480049925
MLP,Iris,"{""alpha"": 0.01, ""hidden_layer_sizes"": [128], ""learning_rate_init"": 0.001, ""max_iter"": 500}",0.7333333333333333,4108.0,0.006664041616022587,2.105552703142166
MLP,Iris,"{""alpha"": 0.01, ""hidden_layer_sizes"": [128], ""learning_rate_init"": 0.001, ""max_iter"": 200}",0.7333333333333333,4108.0,0.00666256663389504,2.0902720279991627
MLP,Iris,"{""alpha"": 0.0001, ""hidden_layer_sizes"": [128, 64], ""learning_rate_init"": 0.001, ""max_iter"": 200}",0.7533333333333333,36364.0,0.007129541621543467,2.313334650049607
MLP,Iris,"{""alpha"": 0.0001, ""hidden_layer_sizes"": [128, 64], ""learning_rate_init"": 0.001, ""max_iter"": 500}",0.7533333333333333,36364.0,0.00695070018991828,2.2913950184981027
MLP,Iris,"{""alpha"": 0.01, ""hidden_layer_sizes"": [128, 64], ""learning_rate_init"": 0.001, ""max_iter"": 500}",0.7533333333333333,36364.0,0.007086274982430041,2.2911187261343002
MLP,Iris,"{""alpha"": 0.01, ""hidden_layer_sizes"": [128, 64], ""learning_rate_init"": 0.001, ""max_iter"": 200}",0.7533333333333333,36364.0,0.007187200011685491,2.3274930814901986
MLP,Iris,"{""alpha"": 0.01, ""hidden_layer_sizes"": [256, 128, 64], ""learning_rate_init"": 0.001, ""max_iter"": 200}",0.8266666666666668,170508.0,0.015631533204577865,2.9827794060111046
MLP,Iris,"{""alpha"": 0.01, ""hidden_layer_sizes"": [256, 128, 64], ""learning_rate_init"": 0.001, ""max_iter"": 500}",0.8266666666666668,170508.0,0.015419866610318422,2.8350010203818483
MLP,Iris,"{""alpha"": 0.0001, ""hidden_layer_sizes"": [512, 256, 128, 64], ""learning_rate_init"": 0.001, ""max_iter"": 500}",0.8799999999999999,700940.0,0.026681083207949995,4.45639326547583
MLP,Iris,"{""alpha"": 0.0001, ""hidden_layer_sizes"": [512, 256, 128, 64], ""learning_rate_init"": 0.001, ""max_iter"": 200}",0.8799999999999999,700940.0,0.027785708382725715,4.772505878160397
MLP,Iris,"{""alpha"": 0.01, ""hidden_layer_sizes"": [512, 256, 128, 64], ""learning_rate_init"": 0.001, ""max_iter"": 200}",0.8799999999999999,700940.0,0.02638962520286441,4.427493549883366
MLP,Iris,"{""alpha"": 0.01, ""hidden_layer_sizes"": [512, 256, 128, 64], ""learning_rate_init"": 0.001, ""max_iter"": 500}",0.8799999999999999,700940.0,0.029458425031043588,4.481381426254908
MLP,Wine,"{""alpha"": 0.0001, ""hidden_layer_sizes"": [32], ""learning_rate_init"": 0.001, ""max_iter"": 200}",0.5555555555555556,2188.0,0.006067500007338822,1.6999993628511825
MLP,Wine,"{""alpha"": 0.0001, ""hidden_layer_sizes"": [32], ""learning_rate_init"": 0.001, ""max_iter"": 500}",0.5555555555555556,2188.0,0.006046133232302964,1.7129667361991274
MLP,Wine,"{""alpha"": 0.01, ""hidden_layer_sizes"": [32], ""learning_rate_init"": 0.001, ""max_iter"": 200}",0.5555555555555556,2188.0,0.006010358198545873,1.6497667982346482
MLP,Wine,"{""alpha"": 0.01, ""hidden_layer_sizes"": [32], ""learning_rate_init"": 0.001, ""max_iter"": 500}",0.5555555555555556,2188.0,0.006092583597637713,1.6858788310653634
MLP,Wine,"{""alpha"": 0.01, ""hidden_layer_sizes"": [128], ""learning_rate_init"": 0.001, ""max_iter"": 200}",0.8722222222222221,8716.0,0.008549091801978648,1.8798603883220089
MLP,Wine,"{""alpha"": 0.01, ""hidden_layer_sizes"": [128], ""learning_rate_init"": 0.001, ""max_iter"": 500}",0.8722222222222221,8716.0,0.008362883212976157,1.876155794080761
MLP,Wine,"{""alpha"": 0.0001, ""hidden_layer_sizes"": [256, 128, 64], ""learning_rate_init"": 0.001, ""max_iter"": 200}",0.9333333333333333,179724.0,0.015165299992077053,2.6263891615801382
MLP,Wine,"{""alpha"": 0.0001, ""hidden_layer_sizes"": [256, 128, 64], ""learning_rate_init"": 0.001, ""max_iter"": 500}",0.9333333333333333,179724.0,0.014779391814954579,2.5451396747181816
MLP,Wine,"{""alpha"": 0.01, ""hidden_layer_sizes"": [256, 128, 64], ""learning_rate_init"": 0.001, ""max_iter"": 200}",0.9333333333333333,179724.0,0.015209407988004386,2.6958270205391774
MLP,Wine,"{""alpha"": 0.01, ""hidden_layer_sizes"": [256, 128, 64], ""learning_rate_init"": 0.001, ""max_iter"": 500}",0.9333333333333333,179724.0,0.014967958582565189,2.6756942841327853
MLP,Breast Cancer,"{""alpha"": 0.01, ""hidden_layer_sizes"": [32], ""learning_rate_init"": 0.001, ""max_iter"": 200}",0.9175438596491228,4100.0,0.01164085022173822,0.45431222309146013
MLP,Breast Cancer,"{""alpha"": 0.01, ""hidden_layer_sizes"": [32], ""learning_rate_init"": 0.001, ""max_iter"": 500}",0.9175438596491228,4100.0,0.011650600377470255,0.4602332697495034
MLP,Breast Cancer,"{""alpha"": 0.0001, ""hidden_layer_sizes"": [64, 32], ""learning_rate_init"": 0.001, ""max_iter"": 200}",0.9192982456140351,16388.0,0.018859766609966754,0.5873510401630611
MLP,Breast Cancer,"{""alpha"": 0.0001, ""hidden_layer_sizes"": [64, 32], ""learning_rate_init"": 0.001, ""max_iter"": 500}",0.9192982456140351,16388.0,0.018585699959658086,0.5510210860193822
MLP,Breast Cancer,"{""alpha"": 0.01, ""hidden_layer_sizes"": [256, 128, 64], ""learning_rate_init"": 0.001, ""max_iter"": 200}",0.9421052631578947,196612.0,0.03682480021379888,1.1894717126300463
MLP,Breast Cancer,"{""alpha"": 0.01, ""hidden_layer_sizes"": [256, 128, 64], ""learning_rate_init"": 0.001, ""max_iter"": 500}",0.9421052631578947,196612.0,0.03659986660350114,1.1137404822205244
MLP,Breast Cancer,"{""alpha"": 0.0001, ""hidden_layer_sizes"": [512, 256, 128, 64], ""learning_rate_init"": 0.001, ""max_iter"": 200}",0.9491228070175438,753668.0,0.08424448319710791,2.4528508156276585
MLP,Breast Cancer,"{""alpha"": 0.0001, ""hidden_layer_sizes"": [512, 256, 128, 64], ""learning_rate_init"": 0.001, ""max_iter"": 500}",0.9491228070175438,753668.0,0.08410195000469685,2.439768797015412
MLP,Seeds,"{""alpha"": 0.01, ""hidden_layer_sizes"": [32], ""learning_rate_init"": 0.001, ""max_iter"": 500}",0.5142857142857143,1420.0,0.005608241772279143,1.4779712295248395
MLP,Seeds,"{""alpha"": 0.01, ""hidden_layer_sizes"": [32], ""learning_rate_init"": 0.001, ""max_iter"": 200}",0.5142857142857143,1420.0,0.005538475187495351,1.4331335911438576
MLP,Seeds,"{""alpha"": 0.0001, ""hidden_layer_sizes"": [32], ""learning_rate_init"": 0.001, ""max_iter"": 200}",0.5142857142857143,1420.0,0.005619950010441244,1.49067546728821
MLP,Seeds,"{""alpha"": 0.0001, ""hidden_layer_sizes"": [32], ""learning_rate_init"": 0.001, ""max_iter"": 500}",0.5142857142857143,1420.0,0.005615049996413291,1.4615134291705631
MLP,Seeds,"{""alpha"": 0.0001, ""hidden_layer_sizes"": [64, 32], ""learning_rate_init"": 0.001, ""max_iter"": 500}",0.6380952380952382,10764.0,0.006402874994091689,1.6904763123464015
MLP,Seeds,"{""alpha"": 0.01, ""hidden_layer_sizes"": [64, 32], ""learning_rate_init"": 0.001, ""max_iter"": 200}",0.6380952380952382,10764.0,0.007051366614177823,1.925396333847727
MLP,Seeds,"{""alpha"": 0.0001, ""hidden_layer_sizes"": [64, 32], ""learning_rate_init"": 0.001, ""max_iter"": 200}",0.6380952380952382,10764.0,0.006714908196590841,1.7170622456996214
MLP,Seeds,"{""alpha"": 0.01, ""hidden_layer_sizes"": [64, 32], ""learning_rate_init"": 0.001, ""max_iter"": 500}",0.6380952380952382,10764.0,0.00633755843155086,1.6128943700875555
MLP,Seeds,"{""alpha"": 0.01, ""hidden_layer_sizes"": [128, 64], ""learning_rate_init"": 0.001, ""max_iter"": 200}",0.7285714285714286,37900.0,0.007524291635490954,1.9444418804986134
MLP,Seeds,"{""alpha"": 0.01, ""hidden_layer_sizes"": [128, 64], ""learning_rate_init"": 0.001, ""max_iter"": 500}",0.7285714285714286,37900.0,0.007507433462888002,1.8140855467035657
MLP,Seeds,"{""alpha"": 0.0001, ""hidden_layer_sizes"": [128, 64], ""learning_rate_init"": 0.001, ""max_iter"": 500}",0.7285714285714286,37900.0,0.007617258420214057,1.9680475816130638
MLP,Seeds,"{""alpha"": 0.0001, ""hidden_layer_sizes"": [128, 64], ""learning_rate_init"": 0.001, ""max_iter"": 200}",0.7285714285714286,37900.0,0.0074500084389001135,1.832147106705677
MLP,Seeds,"{""alpha"": 0.0001, ""hidden_layer_sizes"": [256, 128, 64], ""learning_rate_init"": 0.001, ""max_iter"": 500}",0.8523809523809524,173580.0,0.01526189160067588,2.327190512525184
MLP,Seeds,"{""alpha"": 0.01, ""hidden_layer_sizes"": [256, 128, 64], ""learning_rate_init"": 0.001, ""max_iter"": 200}",0.8523809523809524,173580.0,0.015152583387680352,2.267257133055301
MLP,Seeds,"{""alpha"": 0.01, ""hidden_layer_sizes"": [256, 128, 64], ""learning_rate_init"": 0.001, ""max_iter"": 500}",0.8523809523809524,173580.0,0.015422142017632723,2.48174737429335
MLP,Seeds,"{""alpha"": 0.0001, ""hidden_layer_sizes"": [256, 128, 64], ""learning_rate_init"": 0.001, ""max_iter"": 200}",0.8523809523809524,173580.0,0.015183866606093943,2.2250005886668256
MLP,Seeds,"{""alpha"": 0.0001, ""hidden_layer_sizes"": [512, 256, 128, 64], ""learning_rate_init"": 0.001, ""max_iter"": 200}",0.9238095238095237,707084.0,0.03485102478880435,3.7781716812224615
MLP,Seeds,"{""alpha"": 0.01, ""hidden_layer_sizes"": [512, 256, 128, 64], ""learning_rate_init"": 0.001, ""max_iter"": 200}",0.9238095238095237,707084.0,0.034801250183954836,3.7857131766421452
MLP,Seeds,"{""alpha"": 0.01, ""hidden_layer_sizes"": [512, 256, 128, 64], ""learning_rate_init"": 0.001, ""max_iter"": 500}",0.9238095238095237,707084.0,0.03485283323097974,3.6730137210161913
MLP,Seeds,"{""alpha"": 0.0001, ""hidden_layer_sizes"": [512, 256, 128, 64], ""learning_rate_init"": 0.001, ""max_iter"": 500}",0.9238095238095237,707084.0,0.03471162477508187,3.7557523076732955
MLP,Glass,"{""alpha"": 0.01, ""hidden_layer_sizes"": [32], ""learning_rate_init"": 0.001, ""max_iter"": 500}",0.25116279069767444,2072.0,0.003463833383284509,1.4321716112452882
MLP,Glass,"{""alpha"": 0.01, ""hidden_layer_sizes"": [32], ""learning_rate_init"": 0.001, ""max_iter"": 200}",0.25116279069767444,2072.0,0.0035983417881652715,1.5077484381753343
MLP,Glass,"{""alpha"": 0.0001, ""hidden_layer_sizes"": [32], ""learning_rate_init"": 0.001, ""max_iter"": 200}",0.25116279069767444,2072.0,0.0034950001863762736,1.4579486708308376
MLP,Glass,"{""alpha"": 0.0001, ""hidden_layer_sizes"": [32], ""learning_rate_init"": 0.001, ""max_iter"": 500}",0.25116279069767444,2072.0,0.0035005832090973855,1.4672451111119849
MLP,Glass,"{""alpha"": 0.01, ""hidden_layer_sizes"": [64], ""learning_rate_init"": 0.001, ""max_iter"": 500}",0.3023255813953488,4120.0,0.005867091612890363,1.6085256627479265
MLP,Glass,"{""alpha"": 0.01, ""hidden_layer_sizes"": [64], ""learning_rate_init"": 0.001, ""max_iter"": 200}",0.3023255813953488,4120.0,0.0056791833601892,1.4763585356778877
MLP,Glass,"{""alpha"": 0.0001, ""hidden_layer_sizes"": [64], ""learning_rate_init"": 0.001, ""max_iter"": 200}",0.3023255813953488,4120.0,0.005724883638322353,1.5684138160458831
MLP,Glass,"{""alpha"": 0.0001, ""hidden_layer_sizes"": [64], ""learning_rate_init"": 0.001, ""max_iter"": 500}",0.3023255813953488,4120.0,0.005668525211513042,1.5081393770700278
MLP,Glass,"{""alpha"": 0.0001, ""hidden_layer_sizes"": [128], ""learning_rate_init"": 0.001, ""max_iter"": 200}",0.36279069767441857,8216.0,0.005653791828081012,1.5887670045675233
MLP,Glass,"{""alpha"": 0.0001, ""hidden_layer_sizes"": [128], ""learning_rate_init"": 0.001, ""max_iter"": 500}",0.36279069767441857,8216.0,0.005632216576486826,1.590697874510011
MLP,Glass,"{""alpha"": 0.01, ""hidden_layer_sizes"": [128], ""learning_rate_init"": 0.001, ""max_iter"": 500}",0.36279069767441857,8216.0,0.005690633226186037,1.5618192941643472
MLP,Glass,"{""alpha"": 0.01, ""hidden_layer_sizes"": [128], ""learning_rate_init"": 0.001, ""max_iter"": 200}",0.36279069767441857,8216.0,0.0056094500003382565,1.5843069440750188
MLP,Glass,"{""alpha"": 0.01, ""hidden_layer_sizes"": [128, 64], ""learning_rate_init"": 0.001, ""max_iter"": 500}",0.3767441860465116,39704.0,0.005968308565206826,1.7689903764877208
MLP,Glass,"{""alpha"": 0.0001, ""hidden_layer_sizes"": [128, 64], ""learning_rate_init"": 0.001, ""max_iter"": 200}",0.3767441860465116,39704.0,0.005982266599312424,1.758915848683479
MLP,Glass,"{""alpha"": 0.0001, ""hidden_layer_sizes"": [128, 64], ""learning_rate_init"": 0.001, ""max_iter"": 500}",0.3767441860465116,39704.0,0.005880033387802542,1.7143347365565078
MLP,Glass,"{""alpha"": 0.01, ""hidden_layer_sizes"": [128, 64], ""learning_rate_init"": 0.001, ""max_iter"": 200}",0.3767441860465116,39704.0,0.005917108617722988,1.7664693079369012
MLP,Glass,"{""alpha"": 0.0001, ""hidden_layer_sizes"": [256, 128, 64], ""learning_rate_init"": 0.001, ""max_iter"": 500}",0.4232558139534883,176408.0,0.012849750020541251,2.2087164959588717
MLP,Glass,"{""alpha"": 0.0001, ""hidden_layer_sizes"": [256, 128, 64], ""learning_rate_init"": 0.001, ""max_iter"": 200}",0.4232558139534883,176408.0,0.013112049968913197,2.258525468235792
MLP,Glass,"{""alpha"": 0.0001, ""hidden_layer_sizes"": [512, 256, 128, 64], ""learning_rate_init"": 0.001, ""max_iter"": 200}",0.46976744186046504,711960.0,0.03822100816760212,3.772093048102634
MLP,Glass,"{""alpha"": 0.0001, ""hidden_layer_sizes"": [512, 256, 128, 64], ""learning_rate_init"": 0.001, ""max_iter"": 500}",0.46976744186046504,711960.0,0.0381771664135158,3.6401148928805838
MLP,Haberman,"{""alpha"": 0.0001, ""hidden_layer_sizes"": [32], ""learning_rate_init"": 0.001, ""max_iter"": 200}",0.632258064516129,644.0,0.003929233411327004,0.7459702300688914
MLP,Haberman,"{""alpha"": 0.0001, ""hidden_layer_sizes"": [32], ""learning_rate_init"": 0.001, ""max_iter"": 500}",0.632258064516129,644.0,0.0039059586357325315,0.7521511325913091
MLP,Haberman,"{""alpha"": 0.01, ""hidden_layer_sizes"": [32], ""learning_rate_init"": 0.001, ""max_iter"": 200}",0.632258064516129,644.0,0.0038728834129869937,0.7181454660190688
MLP,Haberman,"{""alpha"": 0.01, ""hidden_layer_sizes"": [32], ""learning_rate_init"": 0.001, ""max_iter"": 500}",0.632258064516129,644.0,0.003881266573444009,0.7217772485267732
MLP,Haberman,"{""alpha"": 0.0001, ""hidden_layer_sizes"": [64], ""learning_rate_init"": 0.001, ""max_iter"": 200}",0.7290322580645162,1284.0,0.004943516780622303,0.7987874860484754
MLP,Haberman,"{""alpha"": 0.0001, ""hidden_layer_sizes"": [64], ""learning_rate_init"": 0.001, ""max_iter"": 500}",0.7290322580645162,1284.0,0.004716208181343972,0.7991934375416848
MLP,Haberman,"{""alpha"": 0.01, ""hidden_layer_sizes"": [64], ""learning_rate_init"": 0.001, ""max_iter"": 200}",0.7290322580645162,1284.0,0.004571425030007958,0.7600838979405741
MLP,Haberman,"{""alpha"": 0.01, ""hidden_layer_sizes"": [64], ""learning_rate_init"": 0.001, ""max_iter"": 500}",0.7290322580645162,1284.0,0.004632566589862108,0.7498648858839465
MLP,Haberman,"{""alpha"": 0.0001, ""hidden_layer_sizes"": [128], ""learning_rate_init"": 0.001, ""max_iter"": 200}",0.735483870967742,2564.0,0.004988316423259675,0.8342772602073607
MLP,Haberman,"{""alpha"": 0.0001, ""hidden_layer_sizes"": [128], ""learning_rate_init"": 0.001, ""max_iter"": 500}",0.735483870967742,2564.0,0.004984800191596151,0.8280903491522036
MLP,Haberman,"{""alpha"": 0.01, ""hidden_layer_sizes"": [128], ""learning_rate_init"": 0.001, ""max_iter"": 200}",0.735483870967742,2564.0,0.00495665839407593,0.829299941899315
MLP,Haberman,"{""alpha"": 0.01, ""hidden_layer_sizes"": [128], ""learning_rate_init"": 0.001, ""max_iter"": 500}",0.735483870967742,2564.0,0.005004091770388186,0.8424680169311263
MLP,Haberman,"{""alpha"": 0.0001, ""hidden_layer_sizes"": [64, 32], ""learning_rate_init"": 0.001, ""max_iter"": 200}",0.7419354838709677,9476.0,0.0060861750273033975,0.8857516091196768
MLP,Haberman,"{""alpha"": 0.0001, ""hidden_layer_sizes"": [64, 32], ""learning_rate_init"": 0.001, ""max_iter"": 500}",0.7419354838709677,9476.0,0.006151075032539666,0.9181451112512619
MLP,Haberman,"{""alpha"": 0.01, ""hidden_layer_sizes"": [64, 32], ""learning_rate_init"": 0.001, ""max_iter"": 200}",0.7419354838709677,9476.0,0.005968016595579684,0.8486579322526533
MLP,Haberman,"{""alpha"": 0.01, ""hidden_layer_sizes"": [64, 32], ""learning_rate_init"": 0.001, ""max_iter"": 500}",0.7419354838709677,9476.0,0.00594829183537513,0.8463709344786983
MLP,Ecoli,"{""alpha"": 0.0001, ""hidden_layer_sizes"": [32], ""learning_rate_init"": 0.001, ""max_iter"": 200}",0.31764705882352945,2080.0,0.00616534159053117,1.0113940601620606
MLP,Ecoli,"{""alpha"": 0.0001, ""hidden_layer_sizes"": [32], ""learning_rate_init"": 0.001, ""max_iter"": 500}",0.31764705882352945,2080.0,0.006007183576002717,0.9578471208977348
MLP,Ecoli,"{""alpha"": 0.01, ""hidden_layer_sizes"": [32], ""learning_rate_init"": 0.001, ""max_iter"": 200}",0.31764705882352945,2080.0,0.006007491587661206,0.9841908810331541
MLP,Ecoli,"{""alpha"": 0.01, ""hidden_layer_sizes"": [32], ""learning_rate_init"": 0.001, ""max_iter"": 500}",0.31764705882352945,2080.0,0.006041700183413923,0.9628704420345671
MLP,Ecoli,"{""alpha"": 0.0001, ""hidden_layer_sizes"": [64], ""learning_rate_init"": 0.001, ""max_iter"": 200}",0.5117647058823529,4128.0,0.007808808027766645,1.0371317758279688
MLP,Ecoli,"{""alpha"": 0.0001, ""hidden_layer_sizes"": [64], ""learning_rate_init"": 0.001, ""max_iter"": 500}",0.5117647058823529,4128.0,0.007655366626568139,1.0023290729698011
MLP,Ecoli,"{""alpha"": 0.0001, ""hidden_layer_sizes"": [128, 64], ""learning_rate_init"": 0.001, ""max_iter"": 200}",0.5441176470588236,39200.0,0.009910766594111919,1.3921584468334913
MLP,Ecoli,"{""alpha"": 0.0001, ""hidden_layer_sizes"": [128, 64], ""learning_rate_init"": 0.001, ""max_iter"": 500}",0.5441176470588236,39200.0,0.009362583165057003,1.2400703888167353
MLP,Ecoli,"{""alpha"": 0.0001, ""hidden_layer_sizes"": [256, 128, 64], ""learning_rate_init"": 0.001, ""max_iter"": 200}",0.7705882352941176,174880.0,0.04237054982222617,1.7556324190295798
MLP,Ecoli,"{""alpha"": 0.0001, ""hidden_layer_sizes"": [256, 128, 64], ""learning_rate_init"": 0.001, ""max_iter"": 500}",0.7705882352941176,174880.0,0.04247931682039052,1.7153239562450087
MLP,Ecoli,"{""alpha"": 0.0001, ""hidden_layer_sizes"": [512, 256, 128, 64], ""learning_rate_init"": 0.001, ""max_iter"": 200}",0.8029411764705883,708384.0,0.10038607518654316,3.34682032082449
MLP,Ecoli,"{""alpha"": 0.0001, ""hidden_layer_sizes"": [512, 256, 128, 64], ""learning_rate_init"": 0.001, ""max_iter"": 500}",0.8029411764705883,708384.0,0.10002732502762228,3.3213236533543644
MLP,Ionosphere,"{""alpha"": 0.01, ""hidden_layer_sizes"": [32], ""learning_rate_init"": 0.001, ""max_iter"": 500}",0.6676056338028169,4612.0,0.006602441426366568,0.7467098455403892
MLP,Ionosphere,"{""alpha"": 0.0001, ""hidden_layer_sizes"": [32], ""learning_rate_init"": 0.001, ""max_iter"": 200}",0.6676056338028169,4612.0,0.006556849996559322,0.7278174424255399
MLP,Ionosphere,"{""alpha"": 0.0001, ""hidden_layer_sizes"": [32], ""learning_rate_init"": 0.001, ""max_iter"": 500}",0.6676056338028169,4612.0,0.006469849846325815,0.6807492521237319
MLP,Ionosphere,"{""alpha"": 0.01, ""hidden_layer_sizes"": [32], ""learning_rate_init"": 0.001, ""max_iter"": 200}",0.6676056338028169,4612.0,0.006341716786846518,0.6602089983266843
MLP,Ionosphere,"{""alpha"": 0.01, ""hidden_layer_sizes"": [64], ""learning_rate_init"": 0.001, ""max_iter"": 500}",0.676056338028169,9220.0,0.006740950024686753,0.7260535043519988
MLP,Ionosphere,"{""alpha"": 0.0001, ""hidden_layer_sizes"": [64], ""learning_rate_init"": 0.001, ""max_iter"": 200}",0.676056338028169,9220.0,0.006640116591006518,0.7269936810496826
MLP,Ionosphere,"{""alpha"": 0.0001, ""hidden_layer_sizes"": [64], ""learning_rate_init"": 0.001, ""max_iter"": 500}",0.676056338028169,9220.0,0.006516258418560028,0.7051633487285024
MLP,Ionosphere,"{""alpha"": 0.01, ""hidden_layer_sizes"": [64], ""learning_rate_init"": 0.001, ""max_iter"": 200}",0.676056338028169,9220.0,0.006646175193600357,0.7199517018358473
MLP,Ionosphere,"{""alpha"": 0.01, ""hidden_layer_sizes"": [64, 32], ""learning_rate_init"": 0.001, ""max_iter"": 500}",0.7521126760563381,17412.0,0.012813191395252943,0.9027014578312216
MLP,Ionosphere,"{""alpha"": 0.01, ""hidden_layer_sizes"": [64, 32], ""learning_rate_init"": 0.001, ""max_iter"": 200}",0.7521126760563381,17412.0,0.012694191397167742,0.8586905634319277
MLP,Ionosphere,"{""alpha"": 0.0001, ""hidden_layer_sizes"": [128, 64], ""learning_rate_init"": 0.001, ""max_iter"": 200}",0.8309859154929577,51204.0,0.01982475861441344,0.9340365273012242
MLP,Ionosphere,"{""alpha"": 0.0001, ""hidden_layer_sizes"": [128, 64], ""learning_rate_init"": 0.001, ""max_iter"": 500}",0.8309859154929577,51204.0,0.019901666790246964,0.9599774682395894
MLP,Ionosphere,"{""alpha"": 0.01, ""hidden_layer_sizes"": [128, 64], ""learning_rate_init"": 0.001, ""max_iter"": 500}",0.8309859154929577,51204.0,0.020224375161342324,0.9491826525666344
MLP,Ionosphere,"{""alpha"": 0.01, ""hidden_layer_sizes"": [128, 64], ""learning_rate_init"": 0.001, ""max_iter"": 200}",0.8309859154929577,51204.0,0.020195608376525342,0.9779355974054672
MLP,Ionosphere,"{""alpha"": 0.0001, ""hidden_layer_sizes"": [256, 128, 64], ""learning_rate_init"": 0.001, ""max_iter"": 500}",0.9070422535211268,200708.0,0.03216595817357302,1.3570393055257661
MLP,Ionosphere,"{""alpha"": 0.0001, ""hidden_layer_sizes"": [256, 128, 64], ""learning_rate_init"": 0.001, ""max_iter"": 200}",0.9070422535211268,200708.0,0.032235592044889926,1.3977689275019607
MLP,Ionosphere,"{""alpha"": 0.01, ""hidden_layer_sizes"": [512, 256, 128, 64], ""learning_rate_init"": 0.001, ""max_iter"": 200}",0.9408450704225352,761860.0,0.06745456675998866,2.9433069383384476
MLP,Ionosphere,"{""alpha"": 0.01, ""hidden_layer_sizes"": [512, 256, 128, 64], ""learning_rate_init"": 0.001, ""max_iter"": 500}",0.9408450704225352,761860.0,0.06702332540880888,2.6575125701410665
MLP,Balance Scale,"{""alpha"": 0.01, ""hidden_layer_sizes"": [32], ""learning_rate_init"": 0.001, ""max_iter"": 500}",0.7712,1036.0,0.01717437522020191,0.5836000666022301
MLP,Balance Scale,"{""alpha"": 0.0001, ""hidden_layer_sizes"": [32], ""learning_rate_init"": 0.001, ""max_iter"": 200}",0.7712,1036.0,0.016823133197613062,0.5724640563130379
MLP,Balance Scale,"{""alpha"": 0.0001, ""hidden_layer_sizes"": [32], ""learning_rate_init"": 0.001, ""max_iter"": 500}",0.7712,1036.0,0.017945116385817528,0.6869327276945114
MLP,Balance Scale,"{""alpha"": 0.01, ""hidden_layer_sizes"": [32], ""learning_rate_init"": 0.001, ""max_iter"": 200}",0.7712,1036.0,0.016625674976967274,0.5713328719139099
MLP,Balance Scale,"{""alpha"": 0.01, ""hidden_layer_sizes"": [64], ""learning_rate_init"": 0.001, ""max_iter"": 500}",0.8320000000000001,2060.0,0.016697883210144936,0.6071312353014946
MLP,Balance Scale,"{""alpha"": 0.01, ""hidden_layer_sizes"": [64], ""learning_rate_init"": 0.001, ""max_iter"": 200}",0.8320000000000001,2060.0,0.016818691627122462,0.6369313225150108
MLP,Balance Scale,"{""alpha"": 0.0001, ""hidden_layer_sizes"": [64], ""learning_rate_init"": 0.001, ""max_iter"": 200}",0.8320000000000001,2060.0,0.016549774981103837,0.601533055305481
MLP,Balance Scale,"{""alpha"": 0.0001, ""hidden_layer_sizes"": [64], ""learning_rate_init"": 0.001, ""max_iter"": 500}",0.8320000000000001,2060.0,0.01667624160181731,0.6196670234203339
MLP,Balance Scale,"{""alpha"": 0.0001, ""hidden_layer_sizes"": [128], ""learning_rate_init"": 0.001, ""max_iter"": 200}",0.8640000000000001,4108.0,0.0163251583930105,0.658867135643959
MLP,Balance Scale,"{""alpha"": 0.0001, ""hidden_layer_sizes"": [128], ""learning_rate_init"": 0.001, ""max_iter"": 500}",0.8640000000000001,4108.0,0.016229941789060832,0.6461329758167267
MLP,Balance Scale,"{""alpha"": 0.01, ""hidden_layer_sizes"": [128], ""learning_rate_init"": 0.001, ""max_iter"": 500}",0.8640000000000001,4108.0,0.016278349747881293,0.6501968950033188
MLP,Balance Scale,"{""alpha"": 0.01, ""hidden_layer_sizes"": [128], ""learning_rate_init"": 0.001, ""max_iter"": 200}",0.8640000000000001,4108.0,0.016557541419751944,0.6666688248515129
MLP,Balance Scale,"{""alpha"": 0.01, ""hidden_layer_sizes"": [64, 32], ""learning_rate_init"": 0.001, ""max_iter"": 500}",0.8672000000000001,9996.0,0.018846374982967973,0.687732920050621
MLP,Balance Scale,"{""alpha"": 0.01, ""hidden_layer_sizes"": [64, 32], ""learning_rate_init"": 0.001, ""max_iter"": 200}",0.8672000000000001,9996.0,0.018739508581347764,0.6783328950405121
MLP,Balance Scale,"{""alpha"": 0.0001, ""hidden_layer_sizes"": [64, 32], ""learning_rate_init"": 0.001, ""max_iter"": 200}",0.8672000000000001,9996.0,0.01889580839779228,0.6747331470251083
MLP,Balance Scale,"{""alpha"": 0.0001, ""hidden_layer_sizes"": [64, 32], ""learning_rate_init"": 0.001, ""max_iter"": 500}",0.8672000000000001,9996.0,0.01861526658758521,0.6699996069073677
MLP,Balance Scale,"{""alpha"": 0.0001, ""hidden_layer_sizes"": [128, 64], ""learning_rate_init"": 0.001, ""max_iter"": 500}",0.8736,36364.0,0.020344274817034602,0.7721329107880592
MLP,Balance Scale,"{""alpha"": 0.0001, ""hidden_layer_sizes"": [128, 64], ""learning_rate_init"": 0.001, ""max_iter"": 200}",0.8736,36364.0,0.021535433223471047,0.8697358891367912
MLP,Balance Scale,"{""alpha"": 0.0001, ""hidden_layer_sizes"": [256, 128, 64], ""learning_rate_init"": 0.001, ""max_iter"": 500}",0.9008,170508.0,0.0452864752151072,1.2093329802155495
MLP,Balance Scale,"{""alpha"": 0.0001, ""hidden_layer_sizes"": [256, 128, 64], ""learning_rate_init"": 0.001, ""max_iter"": 200}",0.9008,170508.0,0.04553836660925299,1.1904003098607063
MLP,Balance Scale,"{""alpha"": 0.0001, ""hidden_layer_sizes"": [512, 256, 128, 64], ""learning_rate_init"": 0.001, ""max_iter"": 500}",0.9103999999999999,700940.0,0.08808606639504432,2.5289343670010567
MLP,Balance Scale,"{""alpha"": 0.0001, ""hidden_layer_sizes"": [512, 256, 128, 64], ""learning_rate_init"": 0.001, ""max_iter"": 200}",0.9103999999999999,700940.0,0.08893844161648304,2.5162000209093094
MLP,Pima Diabetes,"{""alpha"": 0.0001, ""hidden_layer_sizes"": [32], ""learning_rate_init"": 0.001, ""max_iter"": 200}",0.6428571428571429,1284.0,0.0066086663864552975,0.33868966599950545
MLP,Pima Diabetes,"{""alpha"": 0.0001, ""hidden_layer_sizes"": [32], ""learning_rate_init"": 0.001, ""max_iter"": 500}",0.6428571428571429,1284.0,0.0067674335790798065,0.3473467326589993
MLP,Pima Diabetes,"{""alpha"": 0.01, ""hidden_layer_sizes"": [32], ""learning_rate_init"": 0.001, ""max_iter"": 200}",0.6428571428571429,1284.0,0.006677699834108352,0.3711583528232264
MLP,Pima Diabetes,"{""alpha"": 0.01, ""hidden_layer_sizes"": [32], ""learning_rate_init"": 0.001, ""max_iter"": 500}",0.6428571428571429,1284.0,0.006655816989950836,0.34047701916137296
MLP,Pima Diabetes,"{""alpha"": 0.0001, ""hidden_layer_sizes"": [64], ""learning_rate_init"": 0.001, ""max_iter"": 200}",0.6506493506493507,2564.0,0.006991200195625424,0.3509206830390862
MLP,Pima Diabetes,"{""alpha"": 0.0001, ""hidden_layer_sizes"": [64], ""learning_rate_init"": 0.001, ""max_iter"": 500}",0.6506493506493507,2564.0,0.007052091578952968,0.3498922973000384
MLP,Pima Diabetes,"{""alpha"": 0.01, ""hidden_layer_sizes"": [64], ""learning_rate_init"": 0.001, ""max_iter"": 200}",0.6506493506493507,2564.0,0.007083924999460578,0.3573582991473861
MLP,Pima Diabetes,"{""alpha"": 0.01, ""hidden_layer_sizes"": [64], ""learning_rate_init"": 0.001, ""max_iter"": 500}",0.6506493506493507,2564.0,0.007091150199994445,0.3568699595506315
MLP,Pima Diabetes,"{""alpha"": 0.0001, ""hidden_layer_sizes"": [128, 64], ""learning_rate_init"": 0.001, ""max_iter"": 200}",0.6896103896103896,37892.0,0.022008533403277398,0.532414135220763
MLP,Pima Diabetes,"{""alpha"": 0.0001, ""hidden_layer_sizes"": [128, 64], ""learning_rate_init"": 0.001, ""max_iter"": 500}",0.6896103896103896,37892.0,0.021894583222456278,0.5314935470459523
MLP,Pima Diabetes,"{""alpha"": 0.01, ""hidden_layer_sizes"": [256, 128, 64], ""learning_rate_init"": 0.001, ""max_iter"": 200}",0.7597402597402596,174084.0,0.055502258450724186,0.9633649092215997
MLP,Pima Diabetes,"{""alpha"": 0.01, ""hidden_layer_sizes"": [256, 128, 64], ""learning_rate_init"": 0.001, ""max_iter"": 500}",0.7597402597402596,174084.0,0.05654569999314844,0.9669910197134142
MLP,Pima Diabetes,"{""alpha"": 0.0001, ""hidden_layer_sizes"": [512, 256, 128, 64], ""learning_rate_init"": 0.001, ""max_iter"": 200}",0.7740259740259741,708612.0,0.1365936834132299,2.147944178432226
MLP,Pima Diabetes,"{""alpha"": 0.0001, ""hidden_layer_sizes"": [512, 256, 128, 64], ""learning_rate_init"": 0.001, ""max_iter"": 500}",0.7740259740259741,708612.0,0.13618360022082926,2.100487094517652
MLP,Vehicle,"{""alpha"": 0.0001, ""hidden_layer_sizes"": [32], ""learning_rate_init"": 0.001, ""max_iter"": 200}",0.40705882352941175,2960.0,0.016126033593900503,0.4777942291077445
MLP,Vehicle,"{""alpha"": 0.0001, ""hidden_layer_sizes"": [32], ""learning_rate_init"": 0.001, ""max_iter"": 500}",0.40705882352941175,2960.0,0.015894249849952757,0.4650481209597167
MLP,Vehicle,"{""alpha"": 0.0001, ""hidden_layer_sizes"": [64], ""learning_rate_init"": 0.001, ""max_iter"": 200}",0.47411764705882353,5904.0,0.019403516803868114,0.5401470972334638
MLP,Vehicle,"{""alpha"": 0.0001, ""hidden_layer_sizes"": [64], ""learning_rate_init"": 0.001, ""max_iter"": 500}",0.47411764705882353,5904.0,0.01949309145566076,0.5359812091816873
MLP,Vehicle,"{""alpha"": 0.01, ""hidden_layer_sizes"": [128], ""learning_rate_init"": 0.001, ""max_iter"": 200}",0.5623529411764706,11792.0,0.027942716819234194,0.5466189673718284
MLP,Vehicle,"{""alpha"": 0.01, ""hidden_layer_sizes"": [128], ""learning_rate_init"": 0.001, ""max_iter"": 500}",0.5623529411764706,11792.0,0.027862575207836925,0.541568048955763
MLP,Vehicle,"{""alpha"": 0.01, ""hidden_layer_sizes"": [128, 64], ""learning_rate_init"": 0.001, ""max_iter"": 200}",0.6152941176470589,43792.0,0.044884616625495255,0.7445106337613918
MLP,Vehicle,"{""alpha"": 0.01, ""hidden_layer_sizes"": [128, 64], ""learning_rate_init"": 0.001, ""max_iter"": 500}",0.6152941176470589,43792.0,0.043362324987538156,0.6706857889452401
MLP,Vehicle,"{""alpha"": 0.0001, ""hidden_layer_sizes"": [256, 128, 64], ""learning_rate_init"": 0.001, ""max_iter"": 200}",0.6976470588235294,185104.0,0.10013053340371698,1.073185874916175
MLP,Vehicle,"{""alpha"": 0.0001, ""hidden_layer_sizes"": [256, 128, 64], ""learning_rate_init"": 0.001, ""max_iter"": 500}",0.6976470588235294,185104.0,0.10127972499467433,1.093284911749994
MLP,Vehicle,"{""alpha"": 0.01, ""hidden_layer_sizes"": [512, 256, 128, 64], ""learning_rate_init"": 0.001, ""max_iter"": 200}",0.7047058823529412,729872.0,0.19245503360871224,2.277696176486857
MLP,Vehicle,"{""alpha"": 0.01, ""hidden_layer_sizes"": [512, 256, 128, 64], ""learning_rate_init"": 0.001, ""max_iter"": 500}",0.7047058823529412,729872.0,0.19474398302845658,2.286569489275708
MLP,Banknote,"{""alpha"": 0.0001, ""hidden_layer_sizes"": [32], ""learning_rate_init"": 0.001, ""max_iter"": 200}",0.7258181818181819,772.0,0.011979558411985636,0.21312148733572528
MLP,Banknote,"{""alpha"": 0.0001, ""hidden_layer_sizes"": [32], ""learning_rate_init"": 0.001, ""max_iter"": 500}",0.7258181818181819,772.0,0.01185647479724139,0.21296942775899713
MLP,Banknote,"{""alpha"": 0.01, ""hidden_layer_sizes"": [32], ""learning_rate_init"": 0.001, ""max_iter"": 200}",0.7258181818181819,772.0,0.01197307500988245,0.20999867807735098
MLP,Banknote,"{""alpha"": 0.01, ""hidden_layer_sizes"": [32], ""learning_rate_init"": 0.001, ""max_iter"": 500}",0.7258181818181819,772.0,0.011810583411715925,0.20906100557609042
MLP,Banknote,"{""alpha"": 0.01, ""hidden_layer_sizes"": [64], ""learning_rate_init"": 0.001, ""max_iter"": 200}",0.9199999999999999,1540.0,0.05478692501783371,0.24845307184891263
MLP,Banknote,"{""alpha"": 0.01, ""hidden_layer_sizes"": [64], ""learning_rate_init"": 0.001, ""max_iter"": 500}",0.9199999999999999,1540.0,0.055174083169549706,0.25566777383739303
MLP,Banknote,"{""alpha"": 0.0001, ""hidden_layer_sizes"": [128], ""learning_rate_init"": 0.001, ""max_iter"": 200}",0.9396363636363636,3076.0,0.06610588361509144,0.33869602802124893
MLP,Banknote,"{""alpha"": 0.0001, ""hidden_layer_sizes"": [128], ""learning_rate_init"": 0.001, ""max_iter"": 500}",0.9396363636363636,3076.0,0.058983599999919534,0.2908480607650497
MLP,Banknote,"{""alpha"": 0.0001, ""hidden_layer_sizes"": [128, 64], ""learning_rate_init"": 0.001, ""max_iter"": 200}",0.984,35844.0,0.07303374139592052,0.42160718955776916
MLP,Banknote,"{""alpha"": 0.0001, ""hidden_layer_sizes"": [128, 64], ""learning_rate_init"": 0.001, ""max_iter"": 500}",0.984,35844.0,0.0736827417742461,0.41154475713318045
MLP,Banknote,"{""alpha"": 0.0001, ""hidden_layer_sizes"": [256, 128, 64], ""learning_rate_init"": 0.001, ""max_iter"": 200}",0.9905454545454546,169988.0,0.08899299162440003,0.7420008663426746
MLP,Banknote,"{""alpha"": 0.0001, ""hidden_layer_sizes"": [256, 128, 64], ""learning_rate_init"": 0.001, ""max_iter"": 500}",0.9905454545454546,169988.0,0.08884338315110654,0.7465463131666185
MLP,Banknote,"{""alpha"": 0.01, ""hidden_layer_sizes"": [256, 128, 64], ""learning_rate_init"": 0.001, ""max_iter"": 200}",0.9905454545454546,169988.0,0.09074417517986148,0.7942726158282973
MLP,Banknote,"{""alpha"": 0.01, ""hidden_layer_sizes"": [256, 128, 64], ""learning_rate_init"": 0.001, ""max_iter"": 500}",0.9905454545454546,169988.0,0.08972887480631471,0.7659680294719609
MLP,Yeast,"{""alpha"": 0.0001, ""hidden_layer_sizes"": [32], ""learning_rate_init"": 0.001, ""max_iter"": 200}",0.30505050505050507,2472.0,0.012966699828393758,0.31066130257214764
MLP,Yeast,"{""alpha"": 0.0001, ""hidden_layer_sizes"": [32], ""learning_rate_init"": 0.001, ""max_iter"": 500}",0.30505050505050507,2472.0,0.012772016995586454,0.30746399691510284
MLP,Yeast,"{""alpha"": 0.0001, ""hidden_layer_sizes"": [64], ""learning_rate_init"": 0.001, ""max_iter"": 200}",0.34276094276094277,4904.0,0.01996314157731831,0.33077990843190086
MLP,Yeast,"{""alpha"": 0.0001, ""hidden_layer_sizes"": [64], ""learning_rate_init"": 0.001, ""max_iter"": 500}",0.34276094276094277,4904.0,0.019881700235418975,0.33745791462033686
MLP,Yeast,"{""alpha"": 0.01, ""hidden_layer_sizes"": [128], ""learning_rate_init"": 0.001, ""max_iter"": 200}",0.5191919191919192,9768.0,0.06932316662278026,0.43608348578314987
MLP,Yeast,"{""alpha"": 0.01, ""hidden_layer_sizes"": [128], ""learning_rate_init"": 0.001, ""max_iter"": 500}",0.5191919191919192,9768.0,0.06908008360769599,0.39873799930016196
MLP,Yeast,"{""alpha"": 0.0001, ""hidden_layer_sizes"": [256, 128, 64], ""learning_rate_init"": 0.001, ""max_iter"": 200}",0.5986531986531987,176424.0,0.14826007520314305,0.8652356738594648
MLP,Yeast,"{""alpha"": 0.0001, ""hidden_layer_sizes"": [256, 128, 64], ""learning_rate_init"": 0.001, ""max_iter"": 500}",0.5986531986531987,176424.0,0.1480783916078508,0.8600161125513439
MLP,Yeast,"{""alpha"": 0.01, ""hidden_layer_sizes"": [512, 256, 128, 64], ""learning_rate_init"": 0.001, ""max_iter"": 200}",0.6,710952.0,0.4062909666448832,1.7814532624752033
MLP,Yeast,"{""alpha"": 0.01, ""hidden_layer_sizes"": [512, 256, 128, 64], ""learning_rate_init"": 0.001, ""max_iter"": 500}",0.6,710952.0,0.4088951249839738,1.7775811399223425
MLP,Steel Plates,"{""alpha"": 0.01, ""hidden_layer_sizes"": [32], ""learning_rate_init"": 0.001, ""max_iter"": 200}",0.9367609254498716,4484.0,0.032667241827584806,0.17776344316247802
MLP,Steel Plates,"{""alpha"": 0.01, ""hidden_layer_sizes"": [32], ""learning_rate_init"": 0.001, ""max_iter"": 500}",0.9367609254498716,4484.0,0.03238021659199149,0.17296509687958767
MLP,Steel Plates,"{""alpha"": 0.0001, ""hidden_layer_sizes"": [64], ""learning_rate_init"": 0.001, ""max_iter"": 200}",0.9948586118251928,8964.0,0.035385558195412156,0.20955470187115485
MLP,Steel Plates,"{""alpha"": 0.0001, ""hidden_layer_sizes"": [64], ""learning_rate_init"": 0.001, ""max_iter"": 500}",0.9948586118251928,8964.0,0.035045999987050894,0.19725705413171749
MLP,Steel Plates,"{""alpha"": 0.0001, ""hidden_layer_sizes"": [128], ""learning_rate_init"": 0.001, ""max_iter"": 200}",0.997943444730077,17924.0,0.047375966561958194,0.26527394787204905
MLP,Steel Plates,"{""alpha"": 0.0001, ""hidden_layer_sizes"": [128], ""learning_rate_init"": 0.001, ""max_iter"": 500}",0.997943444730077,17924.0,0.047020507999695836,0.24989299993282107
MLP,Steel Plates,"{""alpha"": 0.01, ""hidden_layer_sizes"": [128, 64], ""learning_rate_init"": 0.001, ""max_iter"": 200}",0.9994858611825193,50692.0,0.04985021660104394,0.34702264232163565
MLP,Steel Plates,"{""alpha"": 0.01, ""hidden_layer_sizes"": [128, 64], ""learning_rate_init"": 0.001, ""max_iter"": 500}",0.9994858611825193,50692.0,0.05011038319207728,0.357241214164425
MLP,Steel Plates,"{""alpha"": 0.0001, ""hidden_layer_sizes"": [256, 128, 64], ""learning_rate_init"": 0.001, ""max_iter"": 200}",0.9994858611825194,199684.0,0.07793393316678703,0.7354106710969943
MLP,Steel Plates,"{""alpha"": 0.0001, ""hidden_layer_sizes"": [256, 128, 64], ""learning_rate_init"": 0.001, ""max_iter"": 500}",0.9994858611825194,199684.0,0.07713609158527106,0.725686430433109
MLP,Segment,"{""alpha"": 0.01, ""hidden_layer_sizes"": [32], ""learning_rate_init"": 0.001, ""max_iter"": 200}",0.8523809523809524,3484.0,0.07052879156544804,0.2568722722721306
MLP,Segment,"{""alpha"": 0.01, ""hidden_layer_sizes"": [32], ""learning_rate_init"": 0.001, ""max_iter"": 500}",0.8523809523809524,3484.0,0.06872440862935036,0.2606238190133076
MLP,Segment,"{""alpha"": 0.0001, ""hidden_layer_sizes"": [64], ""learning_rate_init"": 0.001, ""max_iter"": 200}",0.8718614718614719,6940.0,0.08715179956052452,0.27324984180720857
MLP,Segment,"{""alpha"": 0.0001, ""hidden_layer_sizes"": [64], ""learning_rate_init"": 0.001, ""max_iter"": 500}",0.8718614718614719,6940.0,0.08845193344168364,0.295273604847136
MLP,Segment,"{""alpha"": 0.01, ""hidden_layer_sizes"": [128], ""learning_rate_init"": 0.001, ""max_iter"": 200}",0.8753246753246753,13852.0,0.08293354997877031,0.33596620261991694
MLP,Segment,"{""alpha"": 0.01, ""hidden_layer_sizes"": [128], ""learning_rate_init"": 0.001, ""max_iter"": 500}",0.8753246753246753,13852.0,0.08152143340557813,0.3274528156498294
MLP,Segment,"{""alpha"": 0.0001, ""hidden_layer_sizes"": [64, 32], ""learning_rate_init"": 0.001, ""max_iter"": 200}",0.903896103896104,14364.0,0.1077351497951895,0.3319263893675495
MLP,Segment,"{""alpha"": 0.0001, ""hidden_layer_sizes"": [64, 32], ""learning_rate_init"": 0.001, ""max_iter"": 500}",0.903896103896104,14364.0,0.10996173340827227,0.3515692826892648
MLP,Segment,"{""alpha"": 0.0001, ""hidden_layer_sizes"": [128, 64], ""learning_rate_init"": 0.001, ""max_iter"": 200}",0.9346320346320347,45084.0,0.16195944999344647,0.4271111850227629
MLP,Segment,"{""alpha"": 0.0001, ""hidden_layer_sizes"": [128, 64], ""learning_rate_init"": 0.001, ""max_iter"": 500}",0.9346320346320347,45084.0,0.1677793585928157,0.45198440205031665
MLP,Segment,"{""alpha"": 0.01, ""hidden_layer_sizes"": [256, 128, 64], ""learning_rate_init"": 0.001, ""max_iter"": 200}",0.9584415584415584,186908.0,0.2792728167725727,0.7764964961160571
MLP,Segment,"{""alpha"": 0.01, ""hidden_layer_sizes"": [256, 128, 64], ""learning_rate_init"": 0.001, ""max_iter"": 500}",0.9584415584415584,186908.0,0.2791179331718013,0.7770203650642783
MLP,Waveform,"{""alpha"": 0.01, ""hidden_layer_sizes"": [32], ""learning_rate_init"": 0.001, ""max_iter"": 200}",0.8636000000000001,5644.0,0.09532224996946752,0.1636166125535965
MLP,Waveform,"{""alpha"": 0.01, ""hidden_layer_sizes"": [32], ""learning_rate_init"": 0.001, ""max_iter"": 500}",0.8636000000000001,5644.0,0.09735574158839881,0.1700415974482894
MLP,Waveform,"{""alpha"": 0.01, ""hidden_layer_sizes"": [512, 256, 128, 64], ""learning_rate_init"": 0.001, ""max_iter"": 200}",0.865,774668.0,0.6120134331751614,1.4038669876754284
MLP,Waveform,"{""alpha"": 0.01, ""hidden_layer_sizes"": [512, 256, 128, 64], ""learning_rate_init"": 0.001, ""max_iter"": 500}",0.865,774668.0,0.6122514251852408,1.396491820923984
MLP,SatImage,"{""alpha"": 0.0001, ""hidden_layer_sizes"": [32], ""learning_rate_init"": 0.001, ""max_iter"": 200}",0.8300155520995336,5528.0,0.13876937499735503,0.16196220997332786
MLP,SatImage,"{""alpha"": 0.0001, ""hidden_layer_sizes"": [32], ""learning_rate_init"": 0.001, ""max_iter"": 500}",0.8300155520995336,5528.0,0.1390578001504764,0.1620009366254877
MLP,SatImage,"{""alpha"": 0.0001, ""hidden_layer_sizes"": [64], ""learning_rate_init"": 0.001, ""max_iter"": 200}",0.8463452566096423,11032.0,0.23056335819419474,0.19028010122002934
MLP,SatImage,"{""alpha"": 0.0001, ""hidden_layer_sizes"": [64], ""learning_rate_init"": 0.001, ""max_iter"": 500}",0.8463452566096423,11032.0,0.22690556661691516,0.19167324681628733
MLP,SatImage,"{""alpha"": 0.01, ""hidden_layer_sizes"": [64, 32], ""learning_rate_init"": 0.001, ""max_iter"": 200}",0.8631415241057543,18584.0,0.2717925334116444,0.23043015247578755
MLP,SatImage,"{""alpha"": 0.01, ""hidden_layer_sizes"": [64, 32], ""learning_rate_init"": 0.001, ""max_iter"": 500}",0.8631415241057543,18584.0,0.2744196080137044,0.23230952666971025
MLP,SatImage,"{""alpha"": 0.01, ""hidden_layer_sizes"": [128, 64], ""learning_rate_init"": 0.001, ""max_iter"": 200}",0.8682737169517883,53528.0,0.33519814163446426,0.3309290737353995
MLP,SatImage,"{""alpha"": 0.01, ""hidden_layer_sizes"": [128, 64], ""learning_rate_init"": 0.001, ""max_iter"": 500}",0.8682737169517883,53528.0,0.33879504159558566,0.3372407576263322
MLP,SatImage,"{""alpha"": 0.0001, ""hidden_layer_sizes"": [256, 128, 64], ""learning_rate_init"": 0.001, ""max_iter"": 200}",0.8900466562986002,204056.0,0.7640343663981184,0.7807087040220969
MLP,SatImage,"{""alpha"": 0.0001, ""hidden_layer_sizes"": [256, 128, 64], ""learning_rate_init"": 0.001, ""max_iter"": 500}",0.8900466562986002,204056.0,0.765333441621624,0.7239631326466476
MLP,SatImage,"{""alpha"": 0.0001, ""hidden_layer_sizes"": [512, 256, 128, 64], ""learning_rate_init"": 0.001, ""max_iter"": 200}",0.8953343701399689,767256.0,1.9642360501922667,1.5227581790038622
MLP,SatImage,"{""alpha"": 0.0001, ""hidden_layer_sizes"": [512, 256, 128, 64], ""learning_rate_init"": 0.001, ""max_iter"": 500}",0.8953343701399689,767256.0,1.97455254974775,1.3480688775505751
MLP,Pendigits,"{""alpha"": 0.01, ""hidden_layer_sizes"": [32], ""learning_rate_init"": 0.001, ""max_iter"": 200}",0.9738972260118237,3496.0,0.46320419157855214,0.14010160990320264
MLP,Pendigits,"{""alpha"": 0.01, ""hidden_layer_sizes"": [32], ""learning_rate_init"": 0.001, ""max_iter"": 500}",0.9738972260118237,3496.0,0.4593661254039034,0.13877133059130303
MLP,Pendigits,"{""alpha"": 0.01, ""hidden_layer_sizes"": [64], ""learning_rate_init"": 0.001, ""max_iter"": 200}",0.9804456571168714,6952.0,0.44102188320830465,0.16393806792121413
MLP,Pendigits,"{""alpha"": 0.01, ""hidden_layer_sizes"": [64], ""learning_rate_init"": 0.001, ""max_iter"": 500}",0.9804456571168714,6952.0,0.44570668316446244,0.16426784251090232
MLP,Pendigits,"{""alpha"": 0.01, ""hidden_layer_sizes"": [128], ""learning_rate_init"": 0.001, ""max_iter"": 200}",0.9855388813096863,13864.0,0.5789226754102856,0.21823547634822557
MLP,Pendigits,"{""alpha"": 0.01, ""hidden_layer_sizes"": [128], ""learning_rate_init"": 0.001, ""max_iter"": 500}",0.9855388813096863,13864.0,0.5871498996391893,0.22038808511760682
MLP,Pendigits,"{""alpha"": 0.0001, ""hidden_layer_sizes"": [128, 64], ""learning_rate_init"": 0.001, ""max_iter"": 200}",0.9883583447021372,44328.0,0.5482300415635109,0.29906022551724887
MLP,Pendigits,"{""alpha"": 0.0001, ""hidden_layer_sizes"": [128, 64], ""learning_rate_init"": 0.001, ""max_iter"": 500}",0.9883583447021372,44328.0,0.5563832415966317,0.2998862184309699
MLP,Pendigits,"{""alpha"": 0.01, ""hidden_layer_sizes"": [256, 128, 64], ""learning_rate_init"": 0.001, ""max_iter"": 200}",0.990632105502501,184616.0,0.921003424981609,0.6364825871578668
MLP,Pendigits,"{""alpha"": 0.01, ""hidden_layer_sizes"": [256, 128, 64], ""learning_rate_init"": 0.001, ""max_iter"": 500}",0.990632105502501,184616.0,0.9370746083790437,0.6469757846298679
MLP,Pendigits,"{""alpha"": 0.0001, ""hidden_layer_sizes"": [512, 256, 128, 64], ""learning_rate_init"": 0.001, ""max_iter"": 200}",0.9919054115507049,727336.0,2.430797625007108,1.3320639339013498
MLP,Pendigits,"{""alpha"": 0.0001, ""hidden_layer_sizes"": [512, 256, 128, 64], ""learning_rate_init"": 0.001, ""max_iter"": 500}",0.9919054115507049,727336.0,2.4451632417738436,1.2716196270734952
CatBoost,Iris,"{""depth"": 4, ""iterations"": 100, ""l2_leaf_reg"": 1, ""learning_rate"": 0.03}",0.9533333333333334,64795.2,0.008804791420698167,9.381120714048544
CatBoost,Iris,"{""depth"": 4, ""iterations"": 100, ""l2_leaf_reg"": 3, ""learning_rate"": 0.1}",0.9555555555555556,65120.0,0.03193144395481795,6.7004662317534285
CatBoost,Wine,"{""depth"": 4, ""iterations"": 100, ""l2_leaf_reg"": 3, ""learning_rate"": 0.3}",0.9722222222222223,66233.6,0.03996064162347466,6.831950223487285
CatBoost,Wine,"{""depth"": 4, ""iterations"": 100, ""l2_leaf_reg"": 3, ""learning_rate"": 0.1}",0.9907407407407408,66426.66666666667,0.04289125034119934,5.551693633336711
CatBoost,Breast Cancer,"{""depth"": 4, ""iterations"": 100, ""l2_leaf_reg"": 3, ""learning_rate"": 0.3}",0.9754385964912281,40836.8,0.12126099180895836,2.6184945007818836
CatBoost,Seeds,"{""depth"": 4, ""iterations"": 100, ""l2_leaf_reg"": 3, ""learning_rate"": 0.3}",0.9238095238095237,66094.4,0.03729830018710345,7.243647373148373
CatBoost,Seeds,"{""depth"": 4, ""iterations"": 100, ""l2_leaf_reg"": 3, ""learning_rate"": 0.1}",0.9365079365079364,66325.33333333333,0.03905593103263527,5.730809385163916
CatBoost,Seeds,"{""depth"": 4, ""iterations"": 500, ""l2_leaf_reg"": 3, ""learning_rate"": 0.1}",0.9444444444444443,301786.6666666667,0.18834686100793382,6.885586550370569
CatBoost,Seeds,"{""depth"": 8, ""iterations"": 100, ""l2_leaf_reg"": 3, ""learning_rate"": 0.1}",0.9444444444444445,828848.0,0.4069048889602224,7.178571577819567
CatBoost,Seeds,"{""depth"": 8, ""iterations"": 500, ""l2_leaf_reg"": 3, ""learning_rate"": 0.1}",0.9523809523809524,4085610.6666666665,2.016780055632504,8.544642552142106
CatBoost,Glass,"{""depth"": 4, ""iterations"": 100, ""l2_leaf_reg"": 3, ""learning_rate"": 0.1}",0.7751937984496123,104328.0,0.05366623638353,4.511309404994628
CatBoost,Glass,"{""depth"": 4, ""iterations"": 100, ""l2_leaf_reg"": 3, ""learning_rate"": 0.3}",0.8093023255813954,104486.4,0.051979983178898695,4.65872080260238
CatBoost,Haberman,"{""depth"": 4, ""iterations"": 100, ""l2_leaf_reg"": 1, ""learning_rate"": 0.03}",0.7548387096774194,39131.2,0.00652713340241462,3.388168049916145
CatBoost,Ecoli,"{""depth"": 4, ""iterations"": 100, ""l2_leaf_reg"": 1, ""learning_rate"": 0.03}",0.8705882352941178,128564.8,0.03451596659142524,3.8652006290195615
CatBoost,Ecoli,"{""depth"": 4, ""iterations"": 100, ""l2_leaf_reg"": 3, ""learning_rate"": 0.1}",0.9019607843137255,129192.0,0.036679569321374096,3.5902793409631535
CatBoost,Ecoli,"{""depth"": 4, ""iterations"": 500, ""l2_leaf_reg"": 3, ""learning_rate"": 0.1}",0.9068627450980392,620176.0,0.17564566670140871,3.768789111727885
CatBoost,Ecoli,"{""depth"": 8, ""iterations"": 100, ""l2_leaf_reg"": 3, ""learning_rate"": 0.1}",0.9117647058823529,1741648.0,0.3529166526471575,4.04473051757497
CatBoost,Ionosphere,"{""depth"": 4, ""iterations"": 100, ""l2_leaf_reg"": 3, ""learning_rate"": 0.1}",0.9530516431924884,41229.333333333336,0.1118340416578576,4.046948018872961
CatBoost,Balance Scale,"{""depth"": 4, ""iterations"": 100, ""l2_leaf_reg"": 3, ""learning_rate"": 0.1}",0.9173333333333334,64560.0,0.01202884727778534,2.149000143011411
CatBoost,Pima Diabetes,"{""depth"": 4, ""iterations"": 100, ""l2_leaf_reg"": 3, ""learning_rate"": 0.1}",0.7662337662337663,40357.333333333336,0.021527486310030024,1.7154568733720037
CatBoost,Vehicle,"{""depth"": 4, ""iterations"": 100, ""l2_leaf_reg"": 3, ""learning_rate"": 0.1}",0.7411764705882353,79354.66666666667,0.0694452776806429,1.9668275033872502
CatBoost,Vehicle,"{""depth"": 4, ""iterations"": 500, ""l2_leaf_reg"": 3, ""learning_rate"": 0.1}",0.7647058823529411,366501.3333333333,0.3412104860180989,2.597384474368072
CatBoost,Banknote,"{""depth"": 4, ""iterations"": 100, ""l2_leaf_reg"": 3, ""learning_rate"": 0.1}",0.9963636363636365,40288.0,0.023817763625023265,0.9296968522848506
CatBoost,Banknote,"{""depth"": 4, ""iterations"": 500, ""l2_leaf_reg"": 3, ""learning_rate"": 0.1}",0.9975757575757576,172645.33333333334,0.16345069468176612,1.422323738083695
CatBoost,Yeast,"{""depth"": 4, ""iterations"": 100, ""l2_leaf_reg"": 3, ""learning_rate"": 0.1}",0.6464646464646465,155178.66666666666,0.08214727769761036,1.3525994425570522
CatBoost,Steel Plates,"{""depth"": 4, ""iterations"": 100, ""l2_leaf_reg"": 3, ""learning_rate"": 0.1}",1.0,40440.0,0.11231470802643646,1.192446430983866
CatBoost,Segment,"{""depth"": 4, ""iterations"": 100, ""l2_leaf_reg"": 3, ""learning_rate"": 0.1}",0.9704184704184704,118170.66666666667,0.32664744400729734,1.0392315145501327
CatBoost,Segment,"{""depth"": 4, ""iterations"": 500, ""l2_leaf_reg"": 3, ""learning_rate"": 0.1}",0.9797979797979798,559944.0,1.6596594166864331,1.55053533543799
CatBoost,Segment,"{""depth"": 8, ""iterations"": 500, ""l2_leaf_reg"": 3, ""learning_rate"": 0.1}",0.9812409812409811,8257994.666666667,18.193154777982272,2.1748441643744147
CatBoost,Waveform,"{""depth"": 4, ""iterations"": 100, ""l2_leaf_reg"": 3, ""learning_rate"": 0.1}",0.8556666666666667,67594.66666666667,0.42131534696090966,0.6236943105856577
CatBoost,Waveform,"{""depth"": 4, ""iterations"": 500, ""l2_leaf_reg"": 3, ""learning_rate"": 0.1}",0.8613333333333334,306344.0,2.0333171943202615,0.6807363436867794
CatBoost,SatImage,"{""depth"": 4, ""iterations"": 100, ""l2_leaf_reg"": 3, ""learning_rate"": 0.1}",0.8939865215137378,105736.0,0.3937044440147777,0.5642928862862169
CatBoost,SatImage,"{""depth"": 4, ""iterations"": 500, ""l2_leaf_reg"": 3, ""learning_rate"": 0.1}",0.9165370658372214,496274.6666666667,1.9420788753777742,0.7083981265079764
CatBoost,SatImage,"{""depth"": 8, ""iterations"": 500, ""l2_leaf_reg"": 3, ""learning_rate"": 0.1}",0.9212026956972524,7233554.666666667,13.657880708381223,1.066949472223356
CatBoost,Pendigits,"{""depth"": 4, ""iterations"": 100, ""l2_leaf_reg"": 3, ""learning_rate"": 0.1}",0.9777171441564346,156533.33333333334,0.5858456946443766,0.37421054920139
CatBoost,Pendigits,"{""depth"": 4, ""iterations"": 500, ""l2_leaf_reg"": 3, ""learning_rate"": 0.1}",0.9889343641048961,751712.0,2.80904061102774,0.664121405699677
CatBoost,Pendigits,"{""depth"": 8, ""iterations"": 500, ""l2_leaf_reg"": 3, ""learning_rate"": 0.1}",0.9910565408519023,11329128.0,14.994596388617841,0.876698959762804
CatBoost,EEG Eye State,"{""depth"": 4, ""iterations"": 100, ""l2_leaf_reg"": 3, ""learning_rate"": 0.1}",0.8093012906097018,40874.666666666664,0.12597348599229008,0.2872394192690286
CatBoost,EEG Eye State,"{""depth"": 4, ""iterations"": 500, ""l2_leaf_reg"": 3, ""learning_rate"": 0.1}",0.9087672452158433,174384.0,1.021815180662088,0.35710570940844844
CatBoost,EEG Eye State,"{""depth"": 8, ""iterations"": 500, ""l2_leaf_reg"": 3, ""learning_rate"": 0.1}",0.9561637739207832,2112482.6666666665,3.807190458949966,0.4245290393030506
CatBoost,Magic Gamma,"{""depth"": 4, ""iterations"": 100, ""l2_leaf_reg"": 3, ""learning_rate"": 0.1}",0.8675955134945671,40770.666666666664,0.12286752734022836,0.2502811188155722
CatBoost,Magic Gamma,"{""depth"": 4, ""iterations"": 500, ""l2_leaf_reg"": 3, ""learning_rate"": 0.1}",0.8862600771118121,174338.66666666666,1.1055825276610751,0.33666308301044295
CatBoost,Magic Gamma,"{""depth"": 8, ""iterations"": 500, ""l2_leaf_reg"": 3, ""learning_rate"": 0.1}",0.8864353312302838,2113229.3333333335,3.25932013860438,0.40348606940477705
CatBoost,Letter Recognition,"{""depth"": 4, ""iterations"": 100, ""l2_leaf_reg"": 3, ""learning_rate"": 0.1}",0.8528333333333333,360672.0,2.196281694651892,0.39197574369609356
CatBoost,Letter Recognition,"{""depth"": 4, ""iterations"": 500, ""l2_leaf_reg"": 3, ""learning_rate"": 0.1}",0.9376666666666665,1773120.0,10.558234582655132,0.6453055830206722
CatBoost,Letter Recognition,"{""depth"": 8, ""iterations"": 500, ""l2_leaf_reg"": 3, ""learning_rate"": 0.1}",0.9645833333333332,27700168.0,32.10454013866062,1.0119165817741305
TabPFN,Iris,"{""default"": true}",,0.0,,
TabPFN,Wine,"{""default"": true}",,0.0,,
TabPFN,Breast Cancer,"{""default"": true}",,0.0,,
TabPFN,Seeds,"{""default"": true}",,0.0,,
TabPFN,Glass,"{""default"": true}",,0.0,,
TabPFN,Haberman,"{""default"": true}",,0.0,,
TabPFN,Ecoli,"{""default"": true}",,0.0,,
TabPFN,Ionosphere,"{""default"": true}",,0.0,,
TabPFN,Balance Scale,"{""default"": true}",,0.0,,
TabPFN,Pima Diabetes,"{""default"": true}",,0.0,,
TabPFN,Vehicle,"{""default"": true}",,0.0,,
TabPFN,Banknote,"{""default"": true}",,0.0,,
TabPFN,Yeast,"{""default"": true}",,0.0,,
TabPFN,Steel Plates,"{""default"": true}",,0.0,,
TabPFN,Segment,"{""default"": true}",,0.0,,
TabPFN,Waveform,"{""default"": true}",,0.0,,
TabPFN,SatImage,"{""default"": true}",,0.0,,
TabPFN,Pendigits,"{""default"": true}",,0.0,,
TabPFN,EEG Eye State,"{""default"": true}",,0.0,,
TabPFN,Magic Gamma,"{""default"": true}",,0.0,,
TabPFN,Letter Recognition,"{""default"": true}",,0.0,,
F4RM-WiSARD-dense,Iris,"{""a"": 8, ""bleach"": 2, ""t"": 2}",0.8666666666666668,118.0,0.00012396660167723894,1.0275064657131832
F4RM-WiSARD-dense,Iris,"{""a"": 4, ""bleach"": 2, ""t"": 2}",0.9200000000000002,122.0,0.0001423250185325742,1.4891669464608035
F4RM-WiSARD-dense,Iris,"{""a"": 2, ""bleach"": 3, ""t"": 2}",0.9400000000000001,142.0,0.00018267498817294836,2.591947559267282
F4RM-WiSARD-dense,Iris,"{""a"": 8, ""bleach"": 4, ""t"": 8}",0.9466666666666667,545.0,0.00019429163075983523,2.989447675645352
F4RM-WiSARD-dense,Iris,"{""a"": 4, ""bleach"": 2, ""t"": 32}",0.9533333333333334,2023.0,0.0007816665805876255,19.09138634800911
F4RM-WiSARD-dense,Iris,"{""a"": 16, ""bleach"": 1, ""t"": 64}",0.96,3906.0,0.0006142666097730398,14.74027366687854
F4RM-WiSARD-dense,Iris,"{""a"": 20, ""bleach"": 1, ""t"": 128}",0.9666666666666668,7751.0,0.0010462251957505941,26.604172307997942
F4RM-WiSARD-dense,Wine,"{""a"": 2, ""bleach"": 3, ""t"": 2}",0.9166666666666666,648.0,0.00037475882563740013,6.163654486752219
F4RM-WiSARD-dense,Wine,"{""a"": 4, ""bleach"": 2, ""t"": 2}",0.9277777777777777,882.0,0.00027275842148810625,3.9083385167436466
F4RM-WiSARD-dense,Wine,"{""a"": 2, ""bleach"": 3, ""t"": 4}",0.9833333333333332,1227.0,0.0006329332245513797,12.10740625133945
F4RM-WiSARD-dense,Wine,"{""a"": 4, ""bleach"": 2, ""t"": 8}",0.9888888888888889,2795.0,0.0006937084021046757,13.189128367230296
F4RM-WiSARD-dense,Breast Cancer,"{""a"": 2, ""bleach"": 4, ""t"": 2}",0.8649122807017544,1157.0,0.0007128250319510699,3.686037094315939
F4RM-WiSARD-dense,Breast Cancer,"{""a"": 4, ""bleach"": 3, ""t"": 2}",0.9228070175438596,1778.0,0.0005083083640784025,2.288740340685635
F4RM-WiSARD-dense,Breast Cancer,"{""a"": 2, ""bleach"": 4, ""t"": 4}",0.9298245614035089,2205.0,0.001256558601744473,7.238303384694613
F4RM-WiSARD-dense,Breast Cancer,"{""a"": 4, ""bleach"": 2, ""t"": 4}",0.9456140350877194,3170.0,0.0008200001902878284,4.2093560312008655
F4RM-WiSARD-dense,Breast Cancer,"{""a"": 8, ""bleach"": 1, ""t"": 4}",0.9578947368421054,6685.0,0.0006244334159418941,2.862792870585333
F4RM-WiSARD-dense,Breast Cancer,"{""a"": 20, ""bleach"": 1, ""t"": 16}",0.9596491228070174,39499.0,0.0012666167924180627,6.906141878285429
F4RM-WiSARD-dense,Breast Cancer,"{""a"": 8, ""bleach"": 1, ""t"": 32}",0.9614035087719298,43225.0,0.0038020415930077435,22.506582338297576
F4RM-WiSARD-dense,Breast Cancer,"{""a"": 4, ""bleach"": 1, ""t"": 128}",0.9631578947368421,88474.0,0.021444116579368712,134.3504403178629
F4RM-WiSARD-dense,Seeds,"{""a"": 2, ""bleach"": 4, ""t"": 2}",0.8571428571428571,306.0,0.00024696658365428446,3.063490813864129
F4RM-WiSARD-dense,Seeds,"{""a"": 4, ""bleach"": 3, ""t"": 2}",0.8761904761904761,327.0,0.000202158628962934,1.9926616611580052
F4RM-WiSARD-dense,Seeds,"{""a"": 8, ""bleach"": 2, ""t"": 4}",0.880952380952381,752.0,0.00021744160912930965,2.312700131109783
F4RM-WiSARD-dense,Seeds,"{""a"": 4, ""bleach"": 3, ""t"": 8}",0.8904761904761903,1092.0,0.000420200196094811,6.201180873350019
F4RM-WiSARD-dense,Seeds,"{""a"": 8, ""bleach"": 2, ""t"": 8}",0.9047619047619048,1309.0,0.0002962833968922496,3.936304710805416
F4RM-WiSARD-dense,Seeds,"{""a"": 12, ""bleach"": 1, ""t"": 8}",0.919047619047619,1518.0,0.0002666418207809329,3.2708331543420046
F4RM-WiSARD-dense,Seeds,"{""a"": 24, ""bleach"": 1, ""t"": 16}",0.9285714285714286,2780.0,0.00032382500357925893,4.3845242111101035
F4RM-WiSARD-dense,Seeds,"{""a"": 24, ""bleach"": 2, ""t"": 64}",0.9380952380952381,10320.0,0.0009298168122768402,15.930152342965204
F4RM-WiSARD-dense,Glass,"{""a"": 2, ""bleach"": 4, ""t"": 2}",0.5813953488372092,835.0,0.0004511915612965822,6.278096914811188
F4RM-WiSARD-dense,Glass,"{""a"": 4, ""bleach"": 2, ""t"": 2}",0.6,956.0,0.00032627456821501257,4.053097976328329
F4RM-WiSARD-dense,Glass,"{""a"": 8, ""bleach"": 2, ""t"": 2}",0.6604651162790698,1284.0,0.0002570165786892176,2.720739779084228
F4RM-WiSARD-dense,Glass,"{""a"": 12, ""bleach"": 1, ""t"": 4}",0.6837209302325581,1634.0,0.0002654498443007469,2.954451930384303
F4RM-WiSARD-dense,Glass,"{""a"": 16, ""bleach"": 1, ""t"": 4}",0.6883720930232557,1872.0,0.0002822334412485361,3.1742229407956435
F4RM-WiSARD-dense,Glass,"{""a"": 8, ""bleach"": 1, ""t"": 4}",0.6976744186046511,1966.0,0.00034640817902982236,4.364530079413292
F4RM-WiSARD-dense,Glass,"{""a"": 4, ""bleach"": 1, ""t"": 8}",0.7162790697674418,3171.0,0.0008384584216400981,13.508335254046807
F4RM-WiSARD-dense,Glass,"{""a"": 12, ""bleach"": 1, ""t"": 16}",0.7348837209302326,6030.0,0.0006980588193982839,11.167636812599593
F4RM-WiSARD-dense,Glass,"{""a"": 8, ""bleach"": 1, ""t"": 16}",0.7395348837209302,6661.0,0.0008957332232967019,14.687986329717692
F4RM-WiSARD-dense,Glass,"{""a"": 16, ""bleach"": 1, ""t"": 64}",0.7441860465116279,20837.0,0.0019668250111863016,34.9957344317159
F4RM-WiSARD-dense,Glass,"{""a"": 24, ""bleach"": 1, ""t"": 128}",0.7534883720930232,33256.0,0.002959358412772417,52.96802332321572
F4RM-WiSARD-dense,Haberman,"{""a"": 2, ""bleach"": 1, ""t"": 2}",0.7419354838709677,120.0,0.00017080004326999187,0.8665355703523083
F4RM-WiSARD-dense,Haberman,"{""a"": 2, ""bleach"": 2, ""t"": 2}",0.7419354838709677,120.0,0.00016072478611022233,0.8038936122771233
F4RM-WiSARD-dense,Haberman,"{""a"": 2, ""bleach"": 3, ""t"": 2}",0.7419354838709677,120.0,0.0001678002066910267,0.8073935825978555
F4RM-WiSARD-dense,Haberman,"{""a"": 2, ""bleach"": 4, ""t"": 2}",0.7419354838709677,120.0,0.00016434174031019211,0.8108867933192562
F4RM-WiSARD-dense,Haberman,"{""a"": 4, ""bleach"": 3, ""t"": 4}",0.7451612903225806,336.0,0.00017419981304556131,0.8801099724106249
F4RM-WiSARD-dense,Haberman,"{""a"": 24, ""bleach"": 4, ""t"": 16}",0.7483870967741936,1607.0,0.0001879832474514842,1.1548418701896743
F4RM-WiSARD-dense,Ecoli,"{""a"": 8, ""bleach"": 1, ""t"": 2}",0.7588235294117647,533.0,0.0002521498128771782,1.5066149096716852
F4RM-WiSARD-dense,Ecoli,"{""a"": 4, ""bleach"": 2, ""t"": 2}",0.7676470588235295,571.0,0.0003289751708507538,2.513238338424879
F4RM-WiSARD-dense,Ecoli,"{""a"": 4, ""bleach"": 4, ""t"": 4}",0.7941176470588236,983.0,0.0004794914042577147,4.454164916430327
F4RM-WiSARD-dense,Ecoli,"{""a"": 8, ""bleach"": 2, ""t"": 4}",0.7970588235294118,1128.0,0.00039218366146087646,2.8182588079396416
F4RM-WiSARD-dense,Ecoli,"{""a"": 12, ""bleach"": 2, ""t"": 4}",0.8,1429.0,0.00031830016523599626,2.4285557789399346
F4RM-WiSARD-dense,Ecoli,"{""a"": 4, ""bleach"": 4, ""t"": 8}",0.8205882352941176,1900.0,0.0008346582064405084,8.886273580548517
F4RM-WiSARD-dense,Ecoli,"{""a"": 8, ""bleach"": 3, ""t"": 8}",0.8470588235294118,1930.0,0.0005738084204494953,5.2226731307147185
F4RM-WiSARD-dense,Ecoli,"{""a"": 12, ""bleach"": 2, ""t"": 16}",0.8647058823529411,4186.0,0.0007434665691107512,7.602576207479133
F4RM-WiSARD-dense,Ecoli,"{""a"": 12, ""bleach"": 1, ""t"": 32}",0.8676470588235295,7445.0,0.0013583250110968947,14.735049883122832
F4RM-WiSARD-dense,Ecoli,"{""a"": 12, ""bleach"": 1, ""t"": 256}",0.8705882352941176,57413.0,0.009038883191533387,111.03272349025835
F4RM-WiSARD-dense,Ionosphere,"{""a"": 2, ""bleach"": 1, ""t"": 2}",0.352112676056338,1276.0,0.0006785750156268477,6.23332985847349
F4RM-WiSARD-dense,Ionosphere,"{""a"": 2, ""bleach"": 2, ""t"": 2}",0.352112676056338,1276.0,0.0006784665631130338,6.223005623045102
F4RM-WiSARD-dense,Ionosphere,"{""a"": 2, ""bleach"": 3, ""t"": 2}",0.352112676056338,1276.0,0.0006824081530794502,6.203399643197026
F4RM-WiSARD-dense,Ionosphere,"{""a"": 2, ""bleach"": 4, ""t"": 2}",0.352112676056338,1276.0,0.0006802499992772937,6.246946515961432
F4RM-WiSARD-dense,Ionosphere,"{""a"": 4, ""bleach"": 4, ""t"": 2}",0.7577464788732393,2130.0,0.0004677254008129239,3.7338027179660926
F4RM-WiSARD-dense,Ionosphere,"{""a"": 4, ""bleach"": 4, ""t"": 4}",0.8366197183098592,3786.0,0.0008045582100749016,7.305400196830152
F4RM-WiSARD-dense,Ionosphere,"{""a"": 8, ""bleach"": 2, ""t"": 2}",0.8422535211267604,4382.0,0.0003597917966544628,2.58262505308843
F4RM-WiSARD-dense,Ionosphere,"{""a"": 12, ""bleach"": 2, ""t"": 2}",0.8929577464788732,4711.0,0.0003053667722269893,2.0089182136973864
F4RM-WiSARD-dense,Ionosphere,"{""a"": 16, ""bleach"": 3, ""t"": 4}",0.9211267605633802,8099.0,0.00044830001424998043,3.4692484072186582
F4RM-WiSARD-dense,Ionosphere,"{""a"": 32, ""bleach"": 1, ""t"": 16}",0.9380281690140844,20000.0,0.0009832915617153048,9.306219183433225
F4RM-WiSARD-dense,Ionosphere,"{""a"": 28, ""bleach"": 3, ""t"": 64}",0.9464788732394366,86226.0,0.003818999812938273,39.680636960121106
F4RM-WiSARD-dense,Ionosphere,"{""a"": 8, ""bleach"": 1, ""t"": 256}",0.9492957746478872,350384.0,0.027732575009576977,304.11902001835927
F4RM-WiSARD-dense,Balance Scale,"{""a"": 2, ""bleach"": 4, ""t"": 2}",0.2304,237.0,0.00024892499204725026,0.7222667336463928
F4RM-WiSARD-dense,Balance Scale,"{""a"": 4, ""bleach"": 4, ""t"": 2}",0.5376000000000001,365.0,0.00020327498205006123,0.46579819172620773
F4RM-WiSARD-dense,Balance Scale,"{""a"": 4, ""bleach"": 4, ""t"": 4}",0.6448,584.0,0.00026003357488662003,0.8291343227028847
F4RM-WiSARD-dense,Balance Scale,"{""a"": 8, ""bleach"": 2, ""t"": 2}",0.7487999999999999,634.0,0.0001762916101142764,0.3268657252192497
F4RM-WiSARD-dense,Balance Scale,"{""a"": 4, ""bleach"": 4, ""t"": 8}",0.7952,1183.0,0.0003636585781350732,1.607399806380272
F4RM-WiSARD-dense,Balance Scale,"{""a"": 8, ""bleach"": 4, ""t"": 8}",0.8304,1852.0,0.00029326679650694133,1.007731445133686
F4RM-WiSARD-dense,Balance Scale,"{""a"": 8, ""bleach"": 4, ""t"": 16}",0.8688,2802.0,0.0004438499920070171,1.7606640234589577
F4RM-WiSARD-dense,Balance Scale,"{""a"": 12, ""bleach"": 2, ""t"": 32}",0.8736,6540.0,0.0006185081787407398,2.820667065680027
F4RM-WiSARD-dense,Balance Scale,"{""a"": 4, ""bleach"": 4, ""t"": 64}",0.8880000000000001,8236.0,0.0019810668425634505,11.402865499258041
F4RM-WiSARD-dense,Balance Scale,"{""a"": 8, ""bleach"": 4, ""t"": 64}",0.8944000000000001,10642.0,0.0013086414197459816,6.985600106418133
F4RM-WiSARD-dense,Balance Scale,"{""a"": 4, ""bleach"": 4, ""t"": 128}",0.8976000000000001,16433.0,0.0037878585979342462,22.686399891972542
F4RM-WiSARD-dense,Balance Scale,"{""a"": 8, ""bleach"": 4, ""t"": 128}",0.9024000000000001,21644.0,0.002443541586399078,13.841332867741585
F4RM-WiSARD-dense,Pima Diabetes,"{""a"": 2, ""bleach"": 1, ""t"": 2}",0.6493506493506493,320.0,0.000416091550141573,0.9035715809116116
F4RM-WiSARD-dense,Pima Diabetes,"{""a"": 2, ""bleach"": 2, ""t"": 2}",0.6493506493506493,320.0,0.00040519998874515294,0.8661779212196926
F4RM-WiSARD-dense,Pima Diabetes,"{""a"": 2, ""bleach"": 3, ""t"": 2}",0.6493506493506493,320.0,0.0003997916122898459,0.841665994859748
F4RM-WiSARD-dense,Pima Diabetes,"{""a"": 2, ""bleach"": 4, ""t"": 2}",0.6493506493506493,320.0,0.0004008418181911111,0.8772180246358567
F4RM-WiSARD-dense,Pima Diabetes,"{""a"": 4, ""bleach"": 3, ""t"": 2}",0.6545454545454545,616.0,0.0003188911825418472,0.5821429809869884
F4RM-WiSARD-dense,Pima Diabetes,"{""a"": 4, ""bleach"": 4, ""t"": 4}",0.6753246753246753,1156.0,0.00045434997882694007,1.0547637878977634
F4RM-WiSARD-dense,Pima Diabetes,"{""a"": 8, ""bleach"": 3, ""t"": 2}",0.7038961038961039,2074.0,0.00027659162878990173,0.41618054224686196
F4RM-WiSARD-dense,Pima Diabetes,"{""a"": 4, ""bleach"": 4, ""t"": 8}",0.7142857142857143,2217.0,0.000685700005851686,2.0028143371273943
F4RM-WiSARD-dense,Pima Diabetes,"{""a"": 8, ""bleach"": 4, ""t"": 8}",0.7285714285714285,6482.0,0.0005302999867126346,1.3667220769861304
F4RM-WiSARD-dense,Pima Diabetes,"{""a"": 4, ""bleach"": 3, ""t"": 32}",0.7402597402597403,8538.0,0.0021860917564481496,7.468128619207578
F4RM-WiSARD-dense,Pima Diabetes,"{""a"": 4, ""bleach"": 3, ""t"": 64}",0.7545454545454545,16767.0,0.0041552668437361715,15.186960052989132
F4RM-WiSARD-dense,Pima Diabetes,"{""a"": 8, ""bleach"": 2, ""t"": 32}",0.7597402597402597,22760.0,0.0015304830158129334,5.062933793509162
F4RM-WiSARD-dense,Pima Diabetes,"{""a"": 8, ""bleach"": 3, ""t"": 64}",0.7675324675324675,44577.0,0.0028910832013934852,9.980628436261958
F4RM-WiSARD-dense,Vehicle,"{""a"": 2, ""bleach"": 4, ""t"": 2}",0.4105882352941176,1321.0,0.0008137499913573265,2.888041301904356
F4RM-WiSARD-dense,Vehicle,"{""a"": 4, ""bleach"": 4, ""t"": 2}",0.5694117647058823,1814.0,0.0005717748077586293,1.7672058140092033
F4RM-WiSARD-dense,Vehicle,"{""a"": 8, ""bleach"": 2, ""t"": 2}",0.5988235294117648,3185.0,0.00046124979853630067,1.2437248712076863
F4RM-WiSARD-dense,Vehicle,"{""a"": 8, ""bleach"": 4, ""t"": 2}",0.5988235294117648,3185.0,0.0004670333815738559,1.2352942105601816
F4RM-WiSARD-dense,Vehicle,"{""a"": 4, ""bleach"": 4, ""t"": 4}",0.6,3318.0,0.0009219002211466431,3.4298034220495643
F4RM-WiSARD-dense,Vehicle,"{""a"": 8, ""bleach"": 3, ""t"": 4}",0.6494117647058822,5596.0,0.0006640082225203514,2.154803780071876
F4RM-WiSARD-dense,Vehicle,"{""a"": 12, ""bleach"": 2, ""t"": 4}",0.668235294117647,7162.0,0.0005580913741141558,1.665443483301822
F4RM-WiSARD-dense,Vehicle,"{""a"": 8, ""bleach"": 2, ""t"": 8}",0.6964705882352942,10291.0,0.001082533411681652,4.076567231951392
F4RM-WiSARD-dense,Vehicle,"{""a"": 8, ""bleach"": 3, ""t"": 8}",0.6964705882352942,10291.0,0.001093408209271729,4.143235273659229
F4RM-WiSARD-dense,Vehicle,"{""a"": 4, ""bleach"": 4, ""t"": 16}",0.7058823529411764,12252.0,0.0028974418062716724,12.86171527360292
F4RM-WiSARD-dense,Vehicle,"{""a"": 8, ""bleach"": 2, ""t"": 16}",0.7247058823529413,19810.0,0.002002183604054153,10.037155383649994
F4RM-WiSARD-dense,Vehicle,"{""a"": 4, ""bleach"": 4, ""t"": 32}",0.7270588235294119,23784.0,0.00571606659796089,25.56093201479491
F4RM-WiSARD-dense,Vehicle,"{""a"": 16, ""bleach"": 1, ""t"": 16}",0.7282352941176471,29040.0,0.0013152666157111525,5.290441434173023
F4RM-WiSARD-dense,Vehicle,"{""a"": 8, ""bleach"": 1, ""t"": 32}",0.7494117647058823,37521.0,0.0036933497758582234,16.01593062172041
F4RM-WiSARD-dense,Banknote,"{""a"": 2, ""bleach"": 3, ""t"": 2}",0.5941818181818183,153.0,0.00032591659110039475,0.32797015526077966
F4RM-WiSARD-dense,Banknote,"{""a"": 2, ""bleach"": 4, ""t"": 2}",0.5941818181818183,153.0,0.0003287416184321046,0.3355446864258159
F4RM-WiSARD-dense,Banknote,"{""a"": 2, ""bleach"": 2, ""t"": 2}",0.5941818181818183,153.0,0.00032447478733956816,0.3244844688610597
F4RM-WiSARD-dense,Banknote,"{""a"": 2, ""bleach"": 1, ""t"": 2}",0.5941818181818183,153.0,0.00033624200150370596,0.338605097071691
F4RM-WiSARD-dense,Banknote,"{""a"": 4, ""bleach"": 4, ""t"": 2}",0.8058181818181819,221.0,0.000287916767410934,0.23060664534568787
F4RM-WiSARD-dense,Banknote,"{""a"": 8, ""bleach"": 2, ""t"": 2}",0.941090909090909,332.0,0.00026268321089446546,0.16384944319725037
F4RM-WiSARD-dense,Banknote,"{""a"": 8, ""bleach"": 4, ""t"": 4}",0.9592727272727272,559.0,0.00030595003627240656,0.2711199393326586
F4RM-WiSARD-dense,Banknote,"{""a"": 12, ""bleach"": 2, ""t"": 4}",0.973090909090909,940.0,0.0003328832099214196,0.2988786013288931
F4RM-WiSARD-dense,Banknote,"{""a"": 16, ""bleach"": 1, ""t"": 4}",0.976,946.0,0.0002885749796405435,0.20718100396069614
F4RM-WiSARD-dense,Banknote,"{""a"": 12, ""bleach"": 2, ""t"": 8}",0.9818181818181818,1480.0,0.0003868585685268044,0.42948583987626154
F4RM-WiSARD-dense,Banknote,"{""a"": 16, ""bleach"": 2, ""t"": 8}",0.9825454545454546,1634.0,0.00036784179974347353,0.3554844720797105
F4RM-WiSARD-dense,Banknote,"{""a"": 8, ""bleach"": 1, ""t"": 16}",0.989090909090909,1887.0,0.0005638670176267624,0.8706661279905926
F4RM-WiSARD-dense,Banknote,"{""a"": 20, ""bleach"": 1, ""t"": 8}",0.992,2083.0,0.0003773416159674525,0.3997570073062723
F4RM-WiSARD-dense,Banknote,"{""a"": 12, ""bleach"": 2, ""t"": 16}",0.997090909090909,2702.0,0.0005408582044765353,0.7605147971348329
F4RM-WiSARD-dense,Banknote,"{""a"": 24, ""bleach"": 1, ""t"": 16}",0.9985454545454544,3967.0,0.0004491918021813035,0.5838487466627902
F4RM-WiSARD-dense,Banknote,"{""a"": 12, ""bleach"": 1, ""t"": 32}",0.9992727272727272,4765.0,0.0008189663989469409,1.3822726905345917
F4RM-WiSARD-dense,Banknote,"{""a"": 20, ""bleach"": 1, ""t"": 32}",1.0,6736.0,0.0007239332189783454,1.1484538289633663
F4RM-WiSARD-dense,Yeast,"{""a"": 2, ""bleach"": 4, ""t"": 2}",0.31851851851851853,1161.0,0.0009340086253359914,1.9361387298564718
F4RM-WiSARD-dense,Yeast,"{""a"": 4, ""bleach"": 4, ""t"": 2}",0.32323232323232326,1348.0,0.0006630666088312864,1.1715205442724805
F4RM-WiSARD-dense,Yeast,"{""a"": 8, ""bleach"": 4, ""t"": 2}",0.402020202020202,2506.0,0.0005123252281919122,0.741020368681813
F4RM-WiSARD-dense,Yeast,"{""a"": 12, ""bleach"": 3, ""t"": 2}",0.41952861952861953,4030.0,0.0005303914193063974,0.8078840771307447
F4RM-WiSARD-dense,Yeast,"{""a"": 8, ""bleach"": 4, ""t"": 4}",0.46464646464646464,4369.0,0.0007089584134519101,1.396014831759512
F4RM-WiSARD-dense,Yeast,"{""a"": 12, ""bleach"": 4, ""t"": 4}",0.47205387205387206,5858.0,0.0006487333914265037,1.1467165548843568
F4RM-WiSARD-dense,Yeast,"{""a"": 8, ""bleach"": 4, ""t"": 8}",0.5265993265993266,8066.0,0.0011078334180638194,2.7145905050163717
F4RM-WiSARD-dense,Yeast,"{""a"": 8, ""bleach"": 4, ""t"": 16}",0.5515151515151515,15140.0,0.0019032918382436037,5.2324908562882575
F4RM-WiSARD-dense,Yeast,"{""a"": 8, ""bleach"": 2, ""t"": 32}",0.5723905723905724,29200.0,0.0034829667769372464,10.33232249444984
F4RM-WiSARD-dense,Yeast,"{""a"": 12, ""bleach"": 3, ""t"": 32}",0.5885521885521885,33740.0,0.0027441752143204214,7.881706357880273
F4RM-WiSARD-dense,Yeast,"{""a"": 8, ""bleach"": 3, ""t"": 64}",0.5885521885521887,57492.0,0.006668824795633554,20.596127163756776
F4RM-WiSARD-dense,Yeast,"{""a"": 12, ""bleach"": 2, ""t"": 64}",0.591919191919192,66876.0,0.005068466416560113,15.280583813811592
F4RM-WiSARD-dense,Yeast,"{""a"": 12, ""bleach"": 3, ""t"": 64}",0.591919191919192,66876.0,0.005062783393077553,15.467507623587597
F4RM-WiSARD-dense,Yeast,"{""a"": 8, ""bleach"": 2, ""t"": 128}",0.6040404040404039,113475.0,0.01279430859722197,40.79632385812624
F4RM-WiSARD-dense,Yeast,"{""a"": 12, ""bleach"": 2, ""t"": 256}",0.6067340067340068,257872.0,0.01904420859646052,60.0871212172137
F4RM-WiSARD-dense,Yeast,"{""a"": 20, ""bleach"": 1, ""t"": 256}",0.6107744107744109,301268.0,0.013486100011505187,40.93706598411305
F4RM-WiSARD-dense,Steel Plates,"{""a"": 2, ""bleach"": 2, ""t"": 2}",0.6544987146529563,1111.0,0.0012235499918460846,1.7022498545732474
F4RM-WiSARD-dense,Steel Plates,"{""a"": 2, ""bleach"": 3, ""t"": 2}",0.6544987146529563,1111.0,0.0012474499875679613,1.740788712925194
F4RM-WiSARD-dense,Steel Plates,"{""a"": 2, ""bleach"": 4, ""t"": 2}",0.6544987146529563,1111.0,0.0012387247756123544,1.7380467580109449
F4RM-WiSARD-dense,Steel Plates,"{""a"": 4, ""bleach"": 4, ""t"": 2}",0.6632390745501285,1727.0,0.0009201165987178684,1.0919666209839918
F4RM-WiSARD-dense,Steel Plates,"{""a"": 4, ""bleach"": 4, ""t"": 4}",0.699228791773779,3224.0,0.0015471915947273373,2.183868300773031
F4RM-WiSARD-dense,Steel Plates,"{""a"": 8, ""bleach"": 4, ""t"": 2}",0.785089974293059,4938.0,0.0007966416189447046,0.8893742736017183
F4RM-WiSARD-dense,Steel Plates,"{""a"": 8, ""bleach"": 4, ""t"": 4}",0.8087403598971722,8496.0,0.0012358081759884954,1.583804656538375
F4RM-WiSARD-dense,Steel Plates,"{""a"": 12, ""bleach"": 2, ""t"": 2}",0.8575835475578406,9096.0,0.0007164997514337301,0.7422241097397546
F4RM-WiSARD-dense,Steel Plates,"{""a"": 16, ""bleach"": 1, ""t"": 2}",0.8735218508997431,14317.0,0.0007016333984211087,0.7095110451845705
F4RM-WiSARD-dense,Steel Plates,"{""a"": 12, ""bleach"": 4, ""t"": 4}",0.8760925449871465,14713.0,0.001042533223517239,1.256063204632167
F4RM-WiSARD-dense,Steel Plates,"{""a"": 16, ""bleach"": 1, ""t"": 4}",0.9151670951156813,22416.0,0.0010240832110866905,1.2161738088397562
F4RM-WiSARD-dense,Steel Plates,"{""a"": 12, ""bleach"": 1, ""t"": 8}",0.9213367609254499,27049.0,0.0018446165835484863,2.4438945811174833
F4RM-WiSARD-dense,Steel Plates,"{""a"": 16, ""bleach"": 1, ""t"": 8}",0.9552699228791773,38926.0,0.0017298082122579217,2.223070876093481
F4RM-WiSARD-dense,Steel Plates,"{""a"": 20, ""bleach"": 1, ""t"": 8}",0.9609254498714653,46515.0,0.0016103499801829457,2.011803103309211
F4RM-WiSARD-dense,Steel Plates,"{""a"": 16, ""bleach"": 1, ""t"": 16}",0.9691516709511567,69349.0,0.0030023917788639665,4.219387210235191
F4RM-WiSARD-dense,Steel Plates,"{""a"": 20, ""bleach"": 1, ""t"": 16}",0.9758354755784062,84207.0,0.0027519079856574537,3.8187445684846075
F4RM-WiSARD-dense,Steel Plates,"{""a"": 20, ""bleach"": 1, ""t"": 32}",0.9830334190231362,161230.0,0.005154483555816114,7.450086445305831
F4RM-WiSARD-dense,Steel Plates,"{""a"": 24, ""bleach"": 1, ""t"": 32}",0.9856041131105397,171748.0,0.00476042537484318,6.976628204410211
F4RM-WiSARD-dense,Steel Plates,"{""a"": 16, ""bleach"": 1, ""t"": 64}",0.9886889460154242,259176.0,0.011014191806316376,16.75167101839974
F4RM-WiSARD-dense,Steel Plates,"{""a"": 28, ""bleach"": 1, ""t"": 64}",0.9897172236503856,346781.0,0.00862724999897182,12.795029777870694
F4RM-WiSARD-dense,Steel Plates,"{""a"": 20, ""bleach"": 1, ""t"": 128}",0.990745501285347,629711.0,0.01992331661749631,30.078771129097305
F4RM-WiSARD-dense,Steel Plates,"{""a"": 28, ""bleach"": 1, ""t"": 128}",0.9912596401028277,687044.0,0.017129225190728903,25.726307379824032
F4RM-WiSARD-dense,Steel Plates,"{""a"": 32, ""bleach"": 1, ""t"": 256}",0.9922879177377892,1344534.0,0.03415382476523519,49.15531310504231
F4RM-WiSARD-dense,Segment,"{""a"": 2, ""bleach"": 4, ""t"": 2}",0.529004329004329,1946.0,0.0018580001778900623,2.526695229258243
F4RM-WiSARD-dense,Segment,"{""a"": 4, ""bleach"": 4, ""t"": 2}",0.6753246753246753,2456.0,0.0013238663785159587,1.6245129719795863
F4RM-WiSARD-dense,Segment,"{""a"": 2, ""bleach"": 4, ""t"": 4}",0.7770562770562771,3771.0,0.0032174916472285987,4.968614704519897
F4RM-WiSARD-dense,Segment,"{""a"": 8, ""bleach"": 4, ""t"": 2}",0.8272727272727274,3831.0,0.0009878752054646612,1.0575212183452787
F4RM-WiSARD-dense,Segment,"{""a"": 4, ""bleach"": 4, ""t"": 4}",0.8419913419913418,4173.0,0.002055150014348328,3.0326117253438993
F4RM-WiSARD-dense,Segment,"{""a"": 12, ""bleach"": 3, ""t"": 2}",0.8571428571428571,5732.0,0.0009544498287141323,0.9993320528530714
F4RM-WiSARD-dense,Segment,"{""a"": 12, ""bleach"": 4, ""t"": 2}",0.8571428571428571,5732.0,0.0011715086176991463,1.071970174048757
F4RM-WiSARD-dense,Segment,"{""a"": 8, ""bleach"": 4, ""t"": 4}",0.8978354978354979,6363.0,0.0014823663514107466,1.9986472229646655
F4RM-WiSARD-dense,Segment,"{""a"": 12, ""bleach"": 2, ""t"": 4}",0.9021645021645022,9085.0,0.0012873833999037742,1.6566017215257083
F4RM-WiSARD-dense,Segment,"{""a"": 16, ""bleach"": 1, ""t"": 4}",0.9056277056277058,10469.0,0.0011300747748464346,1.3097229179849614
F4RM-WiSARD-dense,Segment,"{""a"": 8, ""bleach"": 4, ""t"": 8}",0.9238095238095237,11143.0,0.002387541835196316,3.714881357595776
F4RM-WiSARD-dense,Segment,"{""a"": 4, ""bleach"": 3, ""t"": 16}",0.9268398268398268,14842.0,0.006778550008311868,11.999621227367488
F4RM-WiSARD-dense,Segment,"{""a"": 12, ""bleach"": 2, ""t"": 8}",0.938961038961039,15503.0,0.002013358427211642,2.9878246343948627
F4RM-WiSARD-dense,Segment,"{""a"": 16, ""bleach"": 1, ""t"": 8}",0.9458874458874458,19669.0,0.0018027500016614794,2.470003033774497
F4RM-WiSARD-dense,Segment,"{""a"": 8, ""bleach"": 1, ""t"": 16}",0.9471861471861471,21190.0,0.004302666825242341,7.50205587410243
F4RM-WiSARD-dense,Segment,"{""a"": 12, ""bleach"": 1, ""t"": 16}",0.9558441558441558,29403.0,0.003438408370129764,5.842803461372336
F4RM-WiSARD-dense,Segment,"{""a"": 16, ""bleach"": 1, ""t"": 16}",0.9584415584415584,35133.0,0.0029276750050485135,4.802308311419827
F4RM-WiSARD-dense,Segment,"{""a"": 20, ""bleach"": 1, ""t"": 16}",0.9597402597402598,41044.0,0.0027888498269021513,4.405321228797689
F4RM-WiSARD-dense,Segment,"{""a"": 12, ""bleach"": 1, ""t"": 32}",0.9645021645021645,56002.0,0.006476891785860061,11.600991731178969
F4RM-WiSARD-dense,Segment,"{""a"": 12, ""bleach"": 1, ""t"": 64}",0.9662337662337663,109331.0,0.012218416226096452,22.74689742351894
F4RM-WiSARD-dense,Waveform,"{""a"": 2, ""bleach"": 1, ""t"": 2}",0.338,2399.0,0.0033769415924325584,1.9370086025446653
F4RM-WiSARD-dense,Waveform,"{""a"": 2, ""bleach"": 2, ""t"": 2}",0.338,2399.0,0.003409883612766862,1.993549824692309
F4RM-WiSARD-dense,Waveform,"{""a"": 2, ""bleach"": 3, ""t"": 2}",0.338,2399.0,0.0034111082321032883,1.921749976463616
F4RM-WiSARD-dense,Waveform,"{""a"": 2, ""bleach"": 4, ""t"": 2}",0.338,2399.0,0.003356533613987267,1.88905019313097
F4RM-WiSARD-dense,Waveform,"{""a"": 4, ""bleach"": 4, ""t"": 2}",0.49720000000000003,4673.0,0.0024751082062721254,1.3975498033687472
F4RM-WiSARD-dense,Waveform,"{""a"": 4, ""bleach"": 4, ""t"": 4}",0.5961999999999998,8987.0,0.004202766809612513,2.69703296944499
F4RM-WiSARD-dense,Waveform,"{""a"": 4, ""bleach"": 4, ""t"": 8}",0.6614000000000001,17556.0,0.007538000005297363,5.3056668024510145
F4RM-WiSARD-dense,Waveform,"{""a"": 8, ""bleach"": 4, ""t"": 2}",0.7418,24431.0,0.0021571331890299916,1.0982997715473175
F4RM-WiSARD-dense,Waveform,"{""a"": 8, ""bleach"": 4, ""t"": 4}",0.7794,42054.0,0.003530166600830853,2.0822582067921758
F4RM-WiSARD-dense,Waveform,"{""a"": 8, ""bleach"": 4, ""t"": 8}",0.7929999999999999,74553.0,0.006112141767516732,4.076133179478347
F4RM-WiSARD-dense,Waveform,"{""a"": 8, ""bleach"": 4, ""t"": 16}",0.817,136375.0,0.01197411681059748,8.057341631501913
F4RM-WiSARD-dense,Waveform,"{""a"": 8, ""bleach"": 4, ""t"": 32}",0.8321999999999999,258530.0,0.02224791662301868,16.198758385144174
F4RM-WiSARD-dense,Waveform,"{""a"": 8, ""bleach"": 4, ""t"": 64}",0.8382,498162.0,0.0456354666268453,32.3384250048548
F4RM-WiSARD-dense,Waveform,"{""a"": 12, ""bleach"": 2, ""t"": 32}",0.8412,615895.0,0.019656341569498182,13.413424789905548
F4RM-WiSARD-dense,Waveform,"{""a"": 8, ""bleach"": 3, ""t"": 128}",0.842,980457.0,0.09413573341444134,65.92694979626685
F4RM-WiSARD-dense,Waveform,"{""a"": 12, ""bleach"": 2, ""t"": 128}",0.8426,2314988.0,0.08579319161362946,53.60420001670718
F4RM-WiSARD-dense,Waveform,"{""a"": 12, ""bleach"": 2, ""t"": 256}",0.8486,4580928.0,0.21913215019740165,113.25206682085991
F4RM-WiSARD-dense,SatImage,"{""a"": 2, ""bleach"": 4, ""t"": 2}",0.3097978227060653,4079.0,0.005161166423931718,3.002611518305948
F4RM-WiSARD-dense,SatImage,"{""a"": 4, ""bleach"": 4, ""t"": 2}",0.5541213063763608,5914.0,0.0035422079963609576,2.1264709287480934
F4RM-WiSARD-dense,SatImage,"{""a"": 2, ""bleach"": 4, ""t"": 4}",0.5631415241057544,7787.0,0.009292391990311444,5.973879016883683
F4RM-WiSARD-dense,SatImage,"{""a"": 4, ""bleach"": 4, ""t"": 4}",0.696267496111975,10426.0,0.0060088166268542405,4.119362390975281
F4RM-WiSARD-dense,SatImage,"{""a"": 12, ""bleach"": 4, ""t"": 2}",0.7073094867807154,17642.0,0.0024786752182990313,1.1720579996716645
F4RM-WiSARD-dense,SatImage,"{""a"": 4, ""bleach"": 4, ""t"": 8}",0.7486780715396578,18929.0,0.011311208363622427,8.003881655946305
F4RM-WiSARD-dense,SatImage,"{""a"": 8, ""bleach"": 4, ""t"": 4}",0.8353032659409021,19210.0,0.004417800228111446,2.7983929544779973
F4RM-WiSARD-dense,SatImage,"{""a"": 12, ""bleach"": 4, ""t"": 4}",0.8639191290824261,28447.0,0.003825216763652861,2.1391395047816855
F4RM-WiSARD-dense,SatImage,"{""a"": 16, ""bleach"": 3, ""t"": 4}",0.864696734059098,36540.0,0.003448242018930614,1.8235552197099196
F4RM-WiSARD-dense,SatImage,"{""a"": 20, ""bleach"": 2, ""t"": 4}",0.865940902021773,47426.0,0.003626200230792165,1.6925737158935603
F4RM-WiSARD-dense,SatImage,"{""a"": 12, ""bleach"": 3, ""t"": 8}",0.8696734059097977,48785.0,0.006385750020854175,4.1979136927455984
F4RM-WiSARD-dense,SatImage,"{""a"": 8, ""bleach"": 4, ""t"": 16}",0.8737169517884915,61467.0,0.014115274976938963,10.415130822801988
F4RM-WiSARD-dense,SatImage,"{""a"": 16, ""bleach"": 2, ""t"": 8}",0.8768273716951789,63259.0,0.005861433409154415,3.540526110893275
F4RM-WiSARD-dense,SatImage,"{""a"": 24, ""bleach"": 1, ""t"": 8}",0.8808709175738725,83925.0,0.005070716398768127,2.7224793197358284
F4RM-WiSARD-dense,SatImage,"{""a"": 12, ""bleach"": 2, ""t"": 16}",0.8825816485225506,89748.0,0.011772991600446403,8.185633927479412
F4RM-WiSARD-dense,SatImage,"{""a"": 12, ""bleach"": 3, ""t"": 16}",0.8825816485225506,89748.0,0.01197723315563053,8.173477144341215
F4RM-WiSARD-dense,SatImage,"{""a"": 16, ""bleach"": 1, ""t"": 16}",0.8906687402799378,117105.0,0.010458416608162224,6.867431409796048
F4RM-WiSARD-dense,SatImage,"{""a"": 20, ""bleach"": 1, ""t"": 16}",0.893312597200622,140532.0,0.009749866998754441,6.015338260726786
F4RM-WiSARD-dense,SatImage,"{""a"": 24, ""bleach"": 1, ""t"": 16}",0.8956454121306378,158081.0,0.009324616799131036,5.355832046752399
F4RM-WiSARD-dense,SatImage,"{""a"": 32, ""bleach"": 1, ""t"": 16}",0.8965785381026439,182496.0,0.00841440842486918,4.465506838643301
F4RM-WiSARD-dense,SatImage,"{""a"": 16, ""bleach"": 1, ""t"": 32}",0.8993779160186625,222593.0,0.0198841247940436,13.683054724369274
F4RM-WiSARD-dense,SatImage,"{""a"": 20, ""bleach"": 1, ""t"": 32}",0.9018662519440124,269300.0,0.018513741600327194,12.010400466661476
F4RM-WiSARD-dense,SatImage,"{""a"": 24, ""bleach"": 1, ""t"": 32}",0.9066874027993779,302113.0,0.01848944160155952,11.175032487808268
F4RM-WiSARD-dense,SatImage,"{""a"": 28, ""bleach"": 1, ""t"": 64}",0.9068429237947123,652443.0,0.033518916578032076,19.340700934123984
F4RM-WiSARD-dense,SatImage,"{""a"": 20, ""bleach"": 1, ""t"": 128}",0.9077760497667186,1035840.0,0.08773984138388187,47.867185063949826
F4RM-WiSARD-dense,SatImage,"{""a"": 24, ""bleach"": 1, ""t"": 128}",0.9080870917573873,1175156.0,0.08240165838506072,42.654075721368585
F4RM-WiSARD-dense,SatImage,"{""a"": 28, ""bleach"": 1, ""t"": 128}",0.9102643856920686,1288463.0,0.08833669980522245,38.69692209462055
F4RM-WiSARD-dense,SatImage,"{""a"": 32, ""bleach"": 1, ""t"": 256}",0.9122861586314152,2716875.0,0.26709674161393193,82.50849535485982
F4RM-WiSARD-dense,Pendigits,"{""a"": 2, ""bleach"": 4, ""t"": 2}",0.3292405638926785,2765.0,0.005629024817608297,2.0463468012259787
F4RM-WiSARD-dense,Pendigits,"{""a"": 4, ""bleach"": 4, ""t"": 2}",0.6746703046839473,3783.0,0.0039356081979349256,1.4435992673168188
F4RM-WiSARD-dense,Pendigits,"{""a"": 4, ""bleach"": 4, ""t"": 4}",0.8049113233287859,6630.0,0.0062574418261647224,2.7174398276773624
F4RM-WiSARD-dense,Pendigits,"{""a"": 8, ""bleach"": 4, ""t"": 2}",0.862119145065939,7424.0,0.0029667333932593466,0.9979459886126163
F4RM-WiSARD-dense,Pendigits,"{""a"": 8, ""bleach"": 4, ""t"": 4}",0.9268758526603001,12265.0,0.004579191608354449,1.8486964125431846
F4RM-WiSARD-dense,Pendigits,"{""a"": 12, ""bleach"": 3, ""t"": 4}",0.9510686675761709,20424.0,0.004283349984325469,1.6646014472275712
F4RM-WiSARD-dense,Pendigits,"{""a"": 8, ""bleach"": 4, ""t"": 8}",0.957162346521146,22787.0,0.007342225383035838,3.6476012772493815
F4RM-WiSARD-dense,Pendigits,"{""a"": 12, ""bleach"": 2, ""t"": 8}",0.9714415643474308,36064.0,0.0068094748305156825,3.0871040453323726
F4RM-WiSARD-dense,Pendigits,"{""a"": 16, ""bleach"": 1, ""t"": 8}",0.9778990450204639,46997.0,0.0057521249866113065,2.481199829767595
F4RM-WiSARD-dense,Pendigits,"{""a"": 20, ""bleach"": 1, ""t"": 8}",0.9779899954524783,59647.0,0.005630033416673541,2.353368977126261
F4RM-WiSARD-dense,Pendigits,"{""a"": 12, ""bleach"": 2, ""t"": 16}",0.9795361527967257,67450.0,0.011227550194598734,5.87205174698809
F4RM-WiSARD-dense,Pendigits,"{""a"": 16, ""bleach"": 1, ""t"": 16}",0.9846293769895407,88391.0,0.01004062481224537,4.872964972925762
F4RM-WiSARD-dense,Pendigits,"{""a"": 24, ""bleach"": 1, ""t"": 16}",0.9848112778535698,120492.0,0.00893145843874663,3.851432477773293
F4RM-WiSARD-dense,Pendigits,"{""a"": 16, ""bleach"": 1, ""t"": 32}",0.9881764438381083,167607.0,0.01731709998566657,9.139703483781988
F4RM-WiSARD-dense,Pendigits,"{""a"": 16, ""bleach"": 1, ""t"": 64}",0.9883583447021375,330659.0,0.041391442017629745,19.469580709639462
F4RM-WiSARD-dense,Pendigits,"{""a"": 20, ""bleach"": 1, ""t"": 64}",0.9889040472942247,388367.0,0.03549210801720619,16.98307939282042
F4RM-WiSARD-dense,Pendigits,"{""a"": 24, ""bleach"": 1, ""t"": 128}",0.9896316507503411,855568.0,0.06194016698282212,27.274939334490124
F4RM-WiSARD-dense,Pendigits,"{""a"": 20, ""bleach"": 1, ""t"": 256}",0.9899045020463847,1501999.0,0.18290822519920766,62.82325674580235
F4RM-WiSARD-dense,EEG Eye State,"{""a"": 2, ""bleach"": 3, ""t"": 2}",0.5510680907877169,560.0,0.004029691382311284,0.41552062534313094
F4RM-WiSARD-dense,EEG Eye State,"{""a"": 2, ""bleach"": 4, ""t"": 2}",0.5510680907877169,560.0,0.00380191660951823,0.41896407865485213
F4RM-WiSARD-dense,EEG Eye State,"{""a"": 2, ""bleach"": 1, ""t"": 2}",0.5510680907877169,560.0,0.003794591571204364,0.4209334559823189
F4RM-WiSARD-dense,EEG Eye State,"{""a"": 2, ""bleach"": 2, ""t"": 2}",0.5510680907877169,560.0,0.003702108422294259,0.4105389899063174
F4RM-WiSARD-dense,EEG Eye State,"{""a"": 4, ""bleach"": 2, ""t"": 2}",0.5513351134846461,1116.0,0.0030913167633116246,0.3189668842704497
F4RM-WiSARD-dense,EEG Eye State,"{""a"": 4, ""bleach"": 4, ""t"": 2}",0.5513351134846461,1116.0,0.0031401250045746563,0.31410220038091075
F4RM-WiSARD-dense,EEG Eye State,"{""a"": 4, ""bleach"": 4, ""t"": 4}",0.557743658210948,2174.0,0.004548633610829711,0.5987261062007999
F4RM-WiSARD-dense,EEG Eye State,"{""a"": 4, ""bleach"": 4, ""t"": 8}",0.5791722296395193,4166.0,0.007462283596396446,1.1724799679336109
F4RM-WiSARD-dense,EEG Eye State,"{""a"": 8, ""bleach"": 4, ""t"": 2}",0.6029372496662215,6844.0,0.0029142747865989805,0.2977859868589684
F4RM-WiSARD-dense,EEG Eye State,"{""a"": 8, ""bleach"": 4, ""t"": 4}",0.6354472630173564,10194.0,0.003885025018826127,0.5065002018593262
F4RM-WiSARD-dense,EEG Eye State,"{""a"": 8, ""bleach"": 4, ""t"": 8}",0.677570093457944,16479.0,0.0060485997702926396,0.9393330367508336
F4RM-WiSARD-dense,EEG Eye State,"{""a"": 12, ""bleach"": 3, ""t"": 4}",0.7108811748998665,28967.0,0.0038959084078669546,0.4588478591133939
F4RM-WiSARD-dense,EEG Eye State,"{""a"": 8, ""bleach"": 4, ""t"": 16}",0.7163551401869158,29844.0,0.010073458217084408,1.7879449887367809
F4RM-WiSARD-dense,EEG Eye State,"{""a"": 12, ""bleach"": 4, ""t"": 8}",0.7558077436582109,44872.0,0.006116466573439538,0.856525240744525
F4RM-WiSARD-dense,EEG Eye State,"{""a"": 16, ""bleach"": 2, ""t"": 8}",0.7811748998664887,71856.0,0.005405183206312359,0.7140020732935742
F4RM-WiSARD-dense,EEG Eye State,"{""a"": 12, ""bleach"": 4, ""t"": 16}",0.789652870493992,76950.0,0.00941132518928498,1.5182104238367409
F4RM-WiSARD-dense,EEG Eye State,"{""a"": 20, ""bleach"": 1, ""t"": 8}",0.8017356475300399,106071.0,0.00548294996842742,0.6829884487051314
F4RM-WiSARD-dense,EEG Eye State,"{""a"": 24, ""bleach"": 1, ""t"": 8}",0.8140186915887849,127355.0,0.005226691626012326,0.6166973290529763
F4RM-WiSARD-dense,EEG Eye State,"{""a"": 16, ""bleach"": 2, ""t"": 16}",0.8251001335113486,127923.0,0.008746191998943687,1.317481654888897
F4RM-WiSARD-dense,EEG Eye State,"{""a"": 12, ""bleach"": 3, ""t"": 32}",0.826101468624833,139356.0,0.01693924979772419,3.0161854400683703
F4RM-WiSARD-dense,EEG Eye State,"{""a"": 20, ""bleach"": 1, ""t"": 16}",0.8436582109479307,182020.0,0.008869258221238852,1.2753504136942815
F4RM-WiSARD-dense,EEG Eye State,"{""a"": 24, ""bleach"": 1, ""t"": 16}",0.8598130841121494,225725.0,0.008400741801597177,1.1583222250375793
F4RM-WiSARD-dense,EEG Eye State,"{""a"": 12, ""bleach"": 3, ""t"": 64}",0.8599465954606142,269619.0,0.031915616360493004,5.807017752694311
F4RM-WiSARD-dense,EEG Eye State,"{""a"": 20, ""bleach"": 1, ""t"": 32}",0.8684913217623498,317873.0,0.014871016796678304,2.3500278414300433
F4RM-WiSARD-dense,EEG Eye State,"{""a"": 24, ""bleach"": 1, ""t"": 32}",0.8835113484646195,399575.0,0.01416907540988177,2.1181074754448135
F4RM-WiSARD-dense,EEG Eye State,"{""a"": 28, ""bleach"": 1, ""t"": 32}",0.8889853137516688,441810.0,0.01332124979235232,1.946539780963088
F4RM-WiSARD-dense,EEG Eye State,"{""a"": 20, ""bleach"": 1, ""t"": 64}",0.9046728971962615,619842.0,0.028368591633625328,4.534162225037593
F4RM-WiSARD-dense,EEG Eye State,"{""a"": 24, ""bleach"": 1, ""t"": 64}",0.9155540720961282,784532.0,0.02735071685165167,4.187708548661844
F4RM-WiSARD-dense,EEG Eye State,"{""a"": 28, ""bleach"": 1, ""t"": 64}",0.9175567423230973,878783.0,0.025599675229750575,3.803891335888822
F4RM-WiSARD-dense,EEG Eye State,"{""a"": 32, ""bleach"": 1, ""t"": 64}",0.9225634178905207,919595.0,0.024050191580317914,3.6028509966417332
F4RM-WiSARD-dense,EEG Eye State,"{""a"": 24, ""bleach"": 1, ""t"": 128}",0.9274365821094793,1501106.0,0.061838333425112066,8.43756669138786
F4RM-WiSARD-dense,EEG Eye State,"{""a"": 28, ""bleach"": 1, ""t"": 128}",0.9300400534045392,1731164.0,0.058220067014917734,7.750987443943646
F4RM-WiSARD-dense,EEG Eye State,"{""a"": 32, ""bleach"": 1, ""t"": 128}",0.9361148197596796,1821388.0,0.05552769999485463,7.340795990298483
F4RM-WiSARD-dense,EEG Eye State,"{""a"": 24, ""bleach"": 1, ""t"": 256}",0.9371829105473966,2965755.0,0.15898377499543132,17.137680762573
F4RM-WiSARD-dense,EEG Eye State,"{""a"": 28, ""bleach"": 1, ""t"": 256}",0.9375834445927905,3403844.0,0.15276416656561195,15.74023418471675
F4RM-WiSARD-dense,EEG Eye State,"{""a"": 48, ""bleach"": 1, ""t"": 256}",0.9392523364485982,3557757.0,0.13724689160007983,12.104525507486192
F4RM-WiSARD-dense,EEG Eye State,"{""a"": 32, ""bleach"": 1, ""t"": 256}",0.9427236315086782,3595480.0,0.15024129159282892,14.734510018382077
F4RM-WiSARD-dense,Magic Gamma,"{""a"": 2, ""bleach"": 4, ""t"": 2}",0.64863301787592,400.0,0.0038569333730265496,0.2910051488471301
F4RM-WiSARD-dense,Magic Gamma,"{""a"": 4, ""bleach"": 4, ""t"": 2}",0.650210304942166,776.0,0.0032633915776386856,0.2232978446556003
F4RM-WiSARD-dense,Magic Gamma,"{""a"": 4, ""bleach"": 4, ""t"": 4}",0.6579390115667718,1518.0,0.004581616423092782,0.4282312824652304
F4RM-WiSARD-dense,Magic Gamma,"{""a"": 4, ""bleach"": 4, ""t"": 8}",0.6760778128286015,2799.0,0.006858758418820799,0.797020724105926
F4RM-WiSARD-dense,Magic Gamma,"{""a"": 8, ""bleach"": 4, ""t"": 2}",0.6902208201892744,4215.0,0.0031418165657669307,0.21766566281666205
F4RM-WiSARD-dense,Magic Gamma,"{""a"": 4, ""bleach"": 4, ""t"": 16}",0.7082018927444795,5489.0,0.011716325231827796,1.541883595332848
F4RM-WiSARD-dense,Magic Gamma,"{""a"": 8, ""bleach"": 4, ""t"": 4}",0.7473711882229231,6558.0,0.003785541420802474,0.34761435761616866
F4RM-WiSARD-dense,Magic Gamma,"{""a"": 8, ""bleach"": 4, ""t"": 8}",0.7750788643533123,11313.0,0.005697841616347432,0.6325468927774615
F4RM-WiSARD-dense,Magic Gamma,"{""a"": 12, ""bleach"": 4, ""t"": 4}",0.7811251314405888,16719.0,0.003978174785152078,0.3391627276651209
F4RM-WiSARD-dense,Magic Gamma,"{""a"": 8, ""bleach"": 4, ""t"": 16}",0.7958464773922188,20767.0,0.009440416796132922,1.219280120905892
F4RM-WiSARD-dense,Magic Gamma,"{""a"": 12, ""bleach"": 4, ""t"": 8}",0.7987907465825447,27640.0,0.005582299991510808,0.5826016838567334
F4RM-WiSARD-dense,Magic Gamma,"{""a"": 8, ""bleach"": 4, ""t"": 32}",0.8150893796004206,39270.0,0.015896916994825004,2.3934301774807816
F4RM-WiSARD-dense,Magic Gamma,"{""a"": 12, ""bleach"": 4, ""t"": 16}",0.8195057833859096,47759.0,0.008875499991700054,1.1036431169104062
F4RM-WiSARD-dense,Magic Gamma,"{""a"": 8, ""bleach"": 4, ""t"": 64}",0.8344900105152471,76069.0,0.030071066389791668,4.683076964689323
F4RM-WiSARD-dense,Magic Gamma,"{""a"": 12, ""bleach"": 4, ""t"": 32}",0.838222923238696,88496.0,0.0147107585798949,2.0544382718565055
F4RM-WiSARD-dense,Magic Gamma,"{""a"": 16, ""bleach"": 4, ""t"": 32}",0.8431650893796003,142135.0,0.01374636662658304,1.791462939493084
F4RM-WiSARD-dense,Magic Gamma,"{""a"": 8, ""bleach"": 4, ""t"": 128}",0.8478969505783386,150404.0,0.06460881701204926,9.430163308829226
F4RM-WiSARD-dense,Magic Gamma,"{""a"": 12, ""bleach"": 4, ""t"": 64}",0.8500525762355415,171205.0,0.027786241821013392,4.018760997739344
F4RM-WiSARD-dense,Magic Gamma,"{""a"": 16, ""bleach"": 4, ""t"": 64}",0.8513144058885385,274289.0,0.025281016784720122,3.463492376708301
F4RM-WiSARD-dense,Magic Gamma,"{""a"": 8, ""bleach"": 4, ""t"": 256}",0.8559936908517349,297455.0,0.1585068248445168,18.948144472833842
F4RM-WiSARD-dense,Magic Gamma,"{""a"": 12, ""bleach"": 4, ""t"": 128}",0.8574132492113564,331822.0,0.05815389975905418,7.9710239845158615
F4RM-WiSARD-dense,Magic Gamma,"{""a"": 16, ""bleach"": 2, ""t"": 128}",0.8610410094637224,538148.0,0.05481168343685568,6.914186804554378
F4RM-WiSARD-dense,Magic Gamma,"{""a"": 12, ""bleach"": 2, ""t"": 256}",0.8623028391167192,659308.0,0.14520874158479274,16.0844133004887
F4RM-WiSARD-dense,Magic Gamma,"{""a"": 20, ""bleach"": 2, ""t"": 128}",0.8626182965299686,785320.0,0.05242210822179914,6.26414305614709
F4RM-WiSARD-dense,Magic Gamma,"{""a"": 24, ""bleach"": 1, ""t"": 128}",0.8635120925341745,971746.0,0.05094327519182116,5.95037025310389
F4RM-WiSARD-dense,Magic Gamma,"{""a"": 16, ""bleach"": 2, ""t"": 256}",0.8652996845425867,1052949.0,0.1383847996359691,14.225913516023478
F4RM-WiSARD-dense,Magic Gamma,"{""a"": 20, ""bleach"": 1, ""t"": 256}",0.8669295478443744,1539671.0,0.1370351916179061,12.678608033153868
F4RM-WiSARD-dense,Magic Gamma,"{""a"": 24, ""bleach"": 1, ""t"": 256}",0.8676656151419557,1904386.0,0.13280938344541937,11.767575767754991
F4RM-WiSARD-dense,Magic Gamma,"{""a"": 28, ""bleach"": 1, ""t"": 256}",0.8691903259726604,2226099.0,0.12891278315801175,11.040794791175848
F4RM-WiSARD-dense,Letter Recognition,"{""a"": 2, ""bleach"": 4, ""t"": 2}",0.09419999999999999,7939.0,0.014107558410614729,4.307822906412184
F4RM-WiSARD-dense,Letter Recognition,"{""a"": 4, ""bleach"": 4, ""t"": 2}",0.2251,12254.0,0.00890073338523507,3.322422952624038
F4RM-WiSARD-dense,Letter Recognition,"{""a"": 4, ""bleach"": 4, ""t"": 4}",0.41980000000000006,21979.0,0.015505575016140938,6.141027103876695
F4RM-WiSARD-dense,Letter Recognition,"{""a"": 8, ""bleach"": 4, ""t"": 2}",0.53025,27007.0,0.006079458212479949,2.2995833540335298
F4RM-WiSARD-dense,Letter Recognition,"{""a"": 4, ""bleach"": 4, ""t"": 8}",0.5578,41808.0,0.027947291801683604,11.841095855925232
F4RM-WiSARD-dense,Letter Recognition,"{""a"": 12, ""bleach"": 3, ""t"": 2}",0.6069,44641.0,0.005405466817319393,1.9788021047133952
F4RM-WiSARD-dense,Letter Recognition,"{""a"": 8, ""bleach"": 4, ""t"": 4}",0.69985,45989.0,0.010037208395078778,4.333683353615925
F4RM-WiSARD-dense,Letter Recognition,"{""a"": 12, ""bleach"": 2, ""t"": 4}",0.7814,75914.0,0.008822383219376206,3.767083358252421
F4RM-WiSARD-dense,Letter Recognition,"{""a"": 8, ""bleach"": 4, ""t"": 8}",0.79145,82923.0,0.01764142499305308,8.33911249646917
F4RM-WiSARD-dense,Letter Recognition,"{""a"": 16, ""bleach"": 1, ""t"": 4}",0.8082,86959.0,0.007117783254943788,2.810529200360179
F4RM-WiSARD-dense,Letter Recognition,"{""a"": 20, ""bleach"": 1, ""t"": 4}",0.8168,111494.0,0.007428700034506619,2.9380937048699707
F4RM-WiSARD-dense,Letter Recognition,"{""a"": 12, ""bleach"": 1, ""t"": 8}",0.8464,133628.0,0.014362258417531849,6.747781252488494
F4RM-WiSARD-dense,Letter Recognition,"{""a"": 16, ""bleach"": 1, ""t"": 8}",0.8756999999999999,163591.0,0.011809249804355205,5.4512791975867
F4RM-WiSARD-dense,Letter Recognition,"{""a"": 12, ""bleach"": 1, ""t"": 16}",0.9061999999999999,243244.0,0.02606762496288866,13.50029380992055
F4RM-WiSARD-dense,Letter Recognition,"{""a"": 16, ""bleach"": 1, ""t"": 16}",0.9197000000000001,299710.0,0.02150620820466429,10.656356293475255
F4RM-WiSARD-dense,Letter Recognition,"{""a"": 12, ""bleach"": 1, ""t"": 32}",0.9253500000000001,450217.0,0.0481448584003374,25.485874997684732
F4RM-WiSARD-dense,Letter Recognition,"{""a"": 16, ""bleach"": 1, ""t"": 32}",0.9381,570127.0,0.04013508360367268,21.028016711352393
F4RM-WiSARD-dense,Letter Recognition,"{""a"": 12, ""bleach"": 1, ""t"": 64}",0.9401999999999999,878028.0,0.09790494157932698,50.5890917556826
F4RM-WiSARD-dense,Letter Recognition,"{""a"": 16, ""bleach"": 1, ""t"": 64}",0.9454,1117019.0,0.08210372501052916,42.31572080170736
F4RM-WiSARD-dense,Letter Recognition,"{""a"": 20, ""bleach"": 1, ""t"": 64}",0.94695,1203925.0,0.07281319142784923,35.86693539400585
F4RM-WiSARD-dense,Letter Recognition,"{""a"": 12, ""bleach"": 1, ""t"": 128}",0.9473499999999999,1726530.0,0.23575400821864606,103.97334164590575
F4RM-WiSARD-dense,Letter Recognition,"{""a"": 16, ""bleach"": 1, ""t"": 128}",0.95185,2207753.0,0.19893409197684378,85.32240630593151
F4RM-WiSARD-dense,Letter Recognition,"{""a"": 16, ""bleach"": 1, ""t"": 256}",0.9524000000000001,4383694.0,0.4780486915959045,173.21929795434698
F4RM-WiSARD-dense,Letter Recognition,"{""a"": 20, ""bleach"": 1, ""t"": 256}",0.95335,4683767.0,0.4429066251730546,151.85992500046268
F4RM-WiSARD-cuckoo,Iris,"{""a"": 8, ""bleach"": 2, ""t"": 2}",0.8666666666666668,24.6,0.00012396660167723894,1.0275064657131832
F4RM-WiSARD-cuckoo,Iris,"{""a"": 4, ""bleach"": 2, ""t"": 2}",0.9200000000000002,25.4,0.0001423250185325742,1.4891669464608035
F4RM-WiSARD-cuckoo,Iris,"{""a"": 2, ""bleach"": 3, ""t"": 2}",0.9400000000000001,29.4,0.00018267498817294836,2.591947559267282
F4RM-WiSARD-cuckoo,Iris,"{""a"": 8, ""bleach"": 4, ""t"": 8}",0.9466666666666667,114.2,0.00019429163075983523,2.989447675645352
F4RM-WiSARD-cuckoo,Iris,"{""a"": 4, ""bleach"": 2, ""t"": 32}",0.9533333333333334,425.4,0.0007816665805876255,19.09138634800911
F4RM-WiSARD-cuckoo,Iris,"{""a"": 16, ""bleach"": 1, ""t"": 64}",0.96,821.8,0.0006142666097730398,14.74027366687854
F4RM-WiSARD-cuckoo,Iris,"{""a"": 20, ""bleach"": 1, ""t"": 128}",0.9666666666666668,1631.2,0.0010462251957505941,26.604172307997942
F4RM-WiSARD-cuckoo,Wine,"{""a"": 2, ""bleach"": 3, ""t"": 2}",0.9166666666666666,135.6,0.00037475882563740013,6.163654486752219
F4RM-WiSARD-cuckoo,Wine,"{""a"": 4, ""bleach"": 2, ""t"": 2}",0.9277777777777777,185.4,0.00027275842148810625,3.9083385167436466
F4RM-WiSARD-cuckoo,Wine,"{""a"": 2, ""bleach"": 3, ""t"": 4}",0.9833333333333332,257.8,0.0006329332245513797,12.10740625133945
F4RM-WiSARD-cuckoo,Wine,"{""a"": 4, ""bleach"": 2, ""t"": 8}",0.9888888888888889,588.2,0.0006937084021046757,13.189128367230296
F4RM-WiSARD-cuckoo,Breast Cancer,"{""a"": 2, ""bleach"": 4, ""t"": 2}",0.8649122807017544,243.4,0.0007128250319510699,3.686037094315939
F4RM-WiSARD-cuckoo,Breast Cancer,"{""a"": 4, ""bleach"": 3, ""t"": 2}",0.9228070175438596,373.8,0.0005083083640784025,2.288740340685635
F4RM-WiSARD-cuckoo,Breast Cancer,"{""a"": 2, ""bleach"": 4, ""t"": 4}",0.9298245614035089,463.8,0.001256558601744473,7.238303384694613
F4RM-WiSARD-cuckoo,Breast Cancer,"{""a"": 4, ""bleach"": 2, ""t"": 4}",0.9456140350877194,666.8,0.0008200001902878284,4.2093560312008655
F4RM-WiSARD-cuckoo,Breast Cancer,"{""a"": 8, ""bleach"": 1, ""t"": 4}",0.9578947368421054,1406.8,0.0006244334159418941,2.862792870585333
F4RM-WiSARD-cuckoo,Breast Cancer,"{""a"": 20, ""bleach"": 1, ""t"": 16}",0.9596491228070174,8315.0,0.0012666167924180627,6.906141878285429
F4RM-WiSARD-cuckoo,Breast Cancer,"{""a"": 8, ""bleach"": 1, ""t"": 32}",0.9614035087719298,9099.4,0.0038020415930077435,22.506582338297576
F4RM-WiSARD-cuckoo,Breast Cancer,"{""a"": 4, ""bleach"": 1, ""t"": 128}",0.9631578947368421,18625.8,0.021444116579368712,134.3504403178629
F4RM-WiSARD-cuckoo,Seeds,"{""a"": 2, ""bleach"": 4, ""t"": 2}",0.8571428571428571,64.2,0.00024696658365428446,3.063490813864129
F4RM-WiSARD-cuckoo,Seeds,"{""a"": 4, ""bleach"": 3, ""t"": 2}",0.8761904761904761,68.4,0.000202158628962934,1.9926616611580052
F4RM-WiSARD-cuckoo,Seeds,"{""a"": 8, ""bleach"": 2, ""t"": 4}",0.880952380952381,157.8,0.00021744160912930965,2.312700131109783
F4RM-WiSARD-cuckoo,Seeds,"{""a"": 4, ""bleach"": 3, ""t"": 8}",0.8904761904761903,229.4,0.000420200196094811,6.201180873350019
F4RM-WiSARD-cuckoo,Seeds,"{""a"": 8, ""bleach"": 2, ""t"": 8}",0.9047619047619048,275.0,0.0002962833968922496,3.936304710805416
F4RM-WiSARD-cuckoo,Seeds,"{""a"": 12, ""bleach"": 1, ""t"": 8}",0.919047619047619,319.0,0.0002666418207809329,3.2708331543420046
F4RM-WiSARD-cuckoo,Seeds,"{""a"": 24, ""bleach"": 1, ""t"": 16}",0.9285714285714286,584.8,0.00032382500357925893,4.3845242111101035
F4RM-WiSARD-cuckoo,Seeds,"{""a"": 24, ""bleach"": 2, ""t"": 64}",0.9380952380952381,2171.8,0.0009298168122768402,15.930152342965204
F4RM-WiSARD-cuckoo,Glass,"{""a"": 2, ""bleach"": 4, ""t"": 2}",0.5813953488372092,175.2,0.0004511915612965822,6.278096914811188
F4RM-WiSARD-cuckoo,Glass,"{""a"": 4, ""bleach"": 2, ""t"": 2}",0.6,200.8,0.00032627456821501257,4.053097976328329
F4RM-WiSARD-cuckoo,Glass,"{""a"": 8, ""bleach"": 2, ""t"": 2}",0.6604651162790698,269.8,0.0002570165786892176,2.720739779084228
F4RM-WiSARD-cuckoo,Glass,"{""a"": 12, ""bleach"": 1, ""t"": 4}",0.6837209302325581,343.8,0.0002654498443007469,2.954451930384303
F4RM-WiSARD-cuckoo,Glass,"{""a"": 16, ""bleach"": 1, ""t"": 4}",0.6883720930232557,393.8,0.0002822334412485361,3.1742229407956435
F4RM-WiSARD-cuckoo,Glass,"{""a"": 8, ""bleach"": 1, ""t"": 4}",0.6976744186046511,413.2,0.00034640817902982236,4.364530079413292
F4RM-WiSARD-cuckoo,Glass,"{""a"": 4, ""bleach"": 1, ""t"": 8}",0.7162790697674418,667.0,0.0008384584216400981,13.508335254046807
F4RM-WiSARD-cuckoo,Glass,"{""a"": 12, ""bleach"": 1, ""t"": 16}",0.7348837209302326,1269.2,0.0006980588193982839,11.167636812599593
F4RM-WiSARD-cuckoo,Glass,"{""a"": 8, ""bleach"": 1, ""t"": 16}",0.7395348837209302,1401.6,0.0008957332232967019,14.687986329717692
F4RM-WiSARD-cuckoo,Glass,"{""a"": 16, ""bleach"": 1, ""t"": 64}",0.7441860465116279,4386.2,0.0019668250111863016,34.9957344317159
F4RM-WiSARD-cuckoo,Glass,"{""a"": 24, ""bleach"": 1, ""t"": 128}",0.7534883720930232,7000.8,0.002959358412772417,52.96802332321572
F4RM-WiSARD-cuckoo,Haberman,"{""a"": 2, ""bleach"": 1, ""t"": 2}",0.7419354838709677,25.0,0.00017080004326999187,0.8665355703523083
F4RM-WiSARD-cuckoo,Haberman,"{""a"": 2, ""bleach"": 2, ""t"": 2}",0.7419354838709677,25.0,0.00016072478611022233,0.8038936122771233
F4RM-WiSARD-cuckoo,Haberman,"{""a"": 2, ""bleach"": 3, ""t"": 2}",0.7419354838709677,25.0,0.0001678002066910267,0.8073935825978555
F4RM-WiSARD-cuckoo,Haberman,"{""a"": 2, ""bleach"": 4, ""t"": 2}",0.7419354838709677,25.0,0.00016434174031019211,0.8108867933192562
F4RM-WiSARD-cuckoo,Haberman,"{""a"": 4, ""bleach"": 3, ""t"": 4}",0.7451612903225806,70.2,0.00017419981304556131,0.8801099724106249
F4RM-WiSARD-cuckoo,Haberman,"{""a"": 24, ""bleach"": 4, ""t"": 16}",0.7483870967741936,337.8,0.0001879832474514842,1.1548418701896743
F4RM-WiSARD-cuckoo,Ecoli,"{""a"": 8, ""bleach"": 1, ""t"": 2}",0.7588235294117647,111.6,0.0002521498128771782,1.5066149096716852
F4RM-WiSARD-cuckoo,Ecoli,"{""a"": 4, ""bleach"": 2, ""t"": 2}",0.7676470588235295,119.6,0.0003289751708507538,2.513238338424879
F4RM-WiSARD-cuckoo,Ecoli,"{""a"": 4, ""bleach"": 4, ""t"": 4}",0.7941176470588236,206.6,0.0004794914042577147,4.454164916430327
F4RM-WiSARD-cuckoo,Ecoli,"{""a"": 8, ""bleach"": 2, ""t"": 4}",0.7970588235294118,237.2,0.00039218366146087646,2.8182588079396416
F4RM-WiSARD-cuckoo,Ecoli,"{""a"": 12, ""bleach"": 2, ""t"": 4}",0.8,300.4,0.00031830016523599626,2.4285557789399346
F4RM-WiSARD-cuckoo,Ecoli,"{""a"": 4, ""bleach"": 4, ""t"": 8}",0.8205882352941176,399.4,0.0008346582064405084,8.886273580548517
F4RM-WiSARD-cuckoo,Ecoli,"{""a"": 8, ""bleach"": 3, ""t"": 8}",0.8470588235294118,406.0,0.0005738084204494953,5.2226731307147185
F4RM-WiSARD-cuckoo,Ecoli,"{""a"": 12, ""bleach"": 2, ""t"": 16}",0.8647058823529411,880.8,0.0007434665691107512,7.602576207479133
F4RM-WiSARD-cuckoo,Ecoli,"{""a"": 12, ""bleach"": 1, ""t"": 32}",0.8676470588235295,1567.0,0.0013583250110968947,14.735049883122832
F4RM-WiSARD-cuckoo,Ecoli,"{""a"": 12, ""bleach"": 1, ""t"": 256}",0.8705882352941176,12086.8,0.009038883191533387,111.03272349025835
F4RM-WiSARD-cuckoo,Ionosphere,"{""a"": 2, ""bleach"": 1, ""t"": 2}",0.352112676056338,268.2,0.0006785750156268477,6.23332985847349
F4RM-WiSARD-cuckoo,Ionosphere,"{""a"": 2, ""bleach"": 2, ""t"": 2}",0.352112676056338,268.2,0.0006784665631130338,6.223005623045102
F4RM-WiSARD-cuckoo,Ionosphere,"{""a"": 2, ""bleach"": 3, ""t"": 2}",0.352112676056338,268.2,0.0006824081530794502,6.203399643197026
F4RM-WiSARD-cuckoo,Ionosphere,"{""a"": 2, ""bleach"": 4, ""t"": 2}",0.352112676056338,268.2,0.0006802499992772937,6.246946515961432
F4RM-WiSARD-cuckoo,Ionosphere,"{""a"": 4, ""bleach"": 4, ""t"": 2}",0.7577464788732393,448.0,0.0004677254008129239,3.7338027179660926
F4RM-WiSARD-cuckoo,Ionosphere,"{""a"": 4, ""bleach"": 4, ""t"": 4}",0.8366197183098592,796.8,0.0008045582100749016,7.305400196830152
F4RM-WiSARD-cuckoo,Ionosphere,"{""a"": 8, ""bleach"": 2, ""t"": 2}",0.8422535211267604,921.8,0.0003597917966544628,2.58262505308843
F4RM-WiSARD-cuckoo,Ionosphere,"{""a"": 12, ""bleach"": 2, ""t"": 2}",0.8929577464788732,991.2,0.0003053667722269893,2.0089182136973864
F4RM-WiSARD-cuckoo,Ionosphere,"{""a"": 16, ""bleach"": 3, ""t"": 4}",0.9211267605633802,1704.4,0.00044830001424998043,3.4692484072186582
F4RM-WiSARD-cuckoo,Ionosphere,"{""a"": 32, ""bleach"": 1, ""t"": 16}",0.9380281690140844,4209.8,0.0009832915617153048,9.306219183433225
F4RM-WiSARD-cuckoo,Ionosphere,"{""a"": 28, ""bleach"": 3, ""t"": 64}",0.9464788732394366,18152.4,0.003818999812938273,39.680636960121106
F4RM-WiSARD-cuckoo,Ionosphere,"{""a"": 8, ""bleach"": 1, ""t"": 256}",0.9492957746478872,73764.6,0.027732575009576977,304.11902001835927
F4RM-WiSARD-cuckoo,Balance Scale,"{""a"": 2, ""bleach"": 4, ""t"": 2}",0.2304,49.4,0.00024892499204725026,0.7222667336463928
F4RM-WiSARD-cuckoo,Balance Scale,"{""a"": 4, ""bleach"": 4, ""t"": 2}",0.5376000000000001,76.2,0.00020327498205006123,0.46579819172620773
F4RM-WiSARD-cuckoo,Balance Scale,"{""a"": 4, ""bleach"": 4, ""t"": 4}",0.6448,122.6,0.00026003357488662003,0.8291343227028847
F4RM-WiSARD-cuckoo,Balance Scale,"{""a"": 8, ""bleach"": 2, ""t"": 2}",0.7487999999999999,132.8,0.0001762916101142764,0.3268657252192497
F4RM-WiSARD-cuckoo,Balance Scale,"{""a"": 4, ""bleach"": 4, ""t"": 8}",0.7952,248.6,0.0003636585781350732,1.607399806380272
F4RM-WiSARD-cuckoo,Balance Scale,"{""a"": 8, ""bleach"": 4, ""t"": 8}",0.8304,389.6,0.00029326679650694133,1.007731445133686
F4RM-WiSARD-cuckoo,Balance Scale,"{""a"": 8, ""bleach"": 4, ""t"": 16}",0.8688,589.8,0.0004438499920070171,1.7606640234589577
F4RM-WiSARD-cuckoo,Balance Scale,"{""a"": 12, ""bleach"": 2, ""t"": 32}",0.8736,1376.4,0.0006185081787407398,2.820667065680027
F4RM-WiSARD-cuckoo,Balance Scale,"{""a"": 4, ""bleach"": 4, ""t"": 64}",0.8880000000000001,1733.2,0.0019810668425634505,11.402865499258041
F4RM-WiSARD-cuckoo,Balance Scale,"{""a"": 8, ""bleach"": 4, ""t"": 64}",0.8944000000000001,2240.0,0.0013086414197459816,6.985600106418133
F4RM-WiSARD-cuckoo,Balance Scale,"{""a"": 4, ""bleach"": 4, ""t"": 128}",0.8976000000000001,3459.0,0.0037878585979342462,22.686399891972542
F4RM-WiSARD-cuckoo,Balance Scale,"{""a"": 8, ""bleach"": 4, ""t"": 128}",0.9024000000000001,4556.2,0.002443541586399078,13.841332867741585
F4RM-WiSARD-cuckoo,Pima Diabetes,"{""a"": 2, ""bleach"": 1, ""t"": 2}",0.6493506493506493,67.0,0.000416091550141573,0.9035715809116116
F4RM-WiSARD-cuckoo,Pima Diabetes,"{""a"": 2, ""bleach"": 2, ""t"": 2}",0.6493506493506493,67.0,0.00040519998874515294,0.8661779212196926
F4RM-WiSARD-cuckoo,Pima Diabetes,"{""a"": 2, ""bleach"": 3, ""t"": 2}",0.6493506493506493,67.0,0.0003997916122898459,0.841665994859748
F4RM-WiSARD-cuckoo,Pima Diabetes,"{""a"": 2, ""bleach"": 4, ""t"": 2}",0.6493506493506493,67.0,0.0004008418181911111,0.8772180246358567
F4RM-WiSARD-cuckoo,Pima Diabetes,"{""a"": 4, ""bleach"": 3, ""t"": 2}",0.6545454545454545,129.2,0.0003188911825418472,0.5821429809869884
F4RM-WiSARD-cuckoo,Pima Diabetes,"{""a"": 4, ""bleach"": 4, ""t"": 4}",0.6753246753246753,242.8,0.00045434997882694007,1.0547637878977634
F4RM-WiSARD-cuckoo,Pima Diabetes,"{""a"": 8, ""bleach"": 3, ""t"": 2}",0.7038961038961039,436.4,0.00027659162878990173,0.41618054224686196
F4RM-WiSARD-cuckoo,Pima Diabetes,"{""a"": 4, ""bleach"": 4, ""t"": 8}",0.7142857142857143,466.2,0.000685700005851686,2.0028143371273943
F4RM-WiSARD-cuckoo,Pima Diabetes,"{""a"": 8, ""bleach"": 4, ""t"": 8}",0.7285714285714285,1364.2,0.0005302999867126346,1.3667220769861304
F4RM-WiSARD-cuckoo,Pima Diabetes,"{""a"": 4, ""bleach"": 3, ""t"": 32}",0.7402597402597403,1796.8,0.0021860917564481496,7.468128619207578
F4RM-WiSARD-cuckoo,Pima Diabetes,"{""a"": 4, ""bleach"": 3, ""t"": 64}",0.7545454545454545,3529.4,0.0041552668437361715,15.186960052989132
F4RM-WiSARD-cuckoo,Pima Diabetes,"{""a"": 8, ""bleach"": 2, ""t"": 32}",0.7597402597402597,4791.2,0.0015304830158129334,5.062933793509162
F4RM-WiSARD-cuckoo,Pima Diabetes,"{""a"": 8, ""bleach"": 3, ""t"": 64}",0.7675324675324675,9384.2,0.0028910832013934852,9.980628436261958
F4RM-WiSARD-cuckoo,Vehicle,"{""a"": 2, ""bleach"": 4, ""t"": 2}",0.4105882352941176,277.4,0.0008137499913573265,2.888041301904356
F4RM-WiSARD-cuckoo,Vehicle,"{""a"": 4, ""bleach"": 4, ""t"": 2}",0.5694117647058823,381.4,0.0005717748077586293,1.7672058140092033
F4RM-WiSARD-cuckoo,Vehicle,"{""a"": 8, ""bleach"": 2, ""t"": 2}",0.5988235294117648,670.2,0.00046124979853630067,1.2437248712076863
F4RM-WiSARD-cuckoo,Vehicle,"{""a"": 8, ""bleach"": 4, ""t"": 2}",0.5988235294117648,670.2,0.0004670333815738559,1.2352942105601816
F4RM-WiSARD-cuckoo,Vehicle,"{""a"": 4, ""bleach"": 4, ""t"": 4}",0.6,698.0,0.0009219002211466431,3.4298034220495643
F4RM-WiSARD-cuckoo,Vehicle,"{""a"": 8, ""bleach"": 3, ""t"": 4}",0.6494117647058822,1177.8,0.0006640082225203514,2.154803780071876
F4RM-WiSARD-cuckoo,Vehicle,"{""a"": 12, ""bleach"": 2, ""t"": 4}",0.668235294117647,1507.4,0.0005580913741141558,1.665443483301822
F4RM-WiSARD-cuckoo,Vehicle,"{""a"": 8, ""bleach"": 2, ""t"": 8}",0.6964705882352942,2166.0,0.001082533411681652,4.076567231951392
F4RM-WiSARD-cuckoo,Vehicle,"{""a"": 8, ""bleach"": 3, ""t"": 8}",0.6964705882352942,2166.0,0.001093408209271729,4.143235273659229
F4RM-WiSARD-cuckoo,Vehicle,"{""a"": 4, ""bleach"": 4, ""t"": 16}",0.7058823529411764,2578.8,0.0028974418062716724,12.86171527360292
F4RM-WiSARD-cuckoo,Vehicle,"{""a"": 8, ""bleach"": 2, ""t"": 16}",0.7247058823529413,4170.0,0.002002183604054153,10.037155383649994
F4RM-WiSARD-cuckoo,Vehicle,"{""a"": 4, ""bleach"": 4, ""t"": 32}",0.7270588235294119,5006.8,0.00571606659796089,25.56093201479491
F4RM-WiSARD-cuckoo,Vehicle,"{""a"": 16, ""bleach"": 1, ""t"": 16}",0.7282352941176471,6113.2,0.0013152666157111525,5.290441434173023
F4RM-WiSARD-cuckoo,Vehicle,"{""a"": 8, ""bleach"": 1, ""t"": 32}",0.7494117647058823,7898.6,0.0036933497758582234,16.01593062172041
F4RM-WiSARD-cuckoo,Banknote,"{""a"": 2, ""bleach"": 3, ""t"": 2}",0.5941818181818183,31.6,0.00032591659110039475,0.32797015526077966
F4RM-WiSARD-cuckoo,Banknote,"{""a"": 2, ""bleach"": 4, ""t"": 2}",0.5941818181818183,31.6,0.0003287416184321046,0.3355446864258159
F4RM-WiSARD-cuckoo,Banknote,"{""a"": 2, ""bleach"": 2, ""t"": 2}",0.5941818181818183,31.6,0.00032447478733956816,0.3244844688610597
F4RM-WiSARD-cuckoo,Banknote,"{""a"": 2, ""bleach"": 1, ""t"": 2}",0.5941818181818183,31.6,0.00033624200150370596,0.338605097071691
F4RM-WiSARD-cuckoo,Banknote,"{""a"": 4, ""bleach"": 4, ""t"": 2}",0.8058181818181819,46.2,0.000287916767410934,0.23060664534568787
F4RM-WiSARD-cuckoo,Banknote,"{""a"": 8, ""bleach"": 2, ""t"": 2}",0.941090909090909,69.4,0.00026268321089446546,0.16384944319725037
F4RM-WiSARD-cuckoo,Banknote,"{""a"": 8, ""bleach"": 4, ""t"": 4}",0.9592727272727272,117.2,0.00030595003627240656,0.2711199393326586
F4RM-WiSARD-cuckoo,Banknote,"{""a"": 12, ""bleach"": 2, ""t"": 4}",0.973090909090909,197.4,0.0003328832099214196,0.2988786013288931
F4RM-WiSARD-cuckoo,Banknote,"{""a"": 16, ""bleach"": 1, ""t"": 4}",0.976,198.6,0.0002885749796405435,0.20718100396069614
F4RM-WiSARD-cuckoo,Banknote,"{""a"": 12, ""bleach"": 2, ""t"": 8}",0.9818181818181818,311.0,0.0003868585685268044,0.42948583987626154
F4RM-WiSARD-cuckoo,Banknote,"{""a"": 16, ""bleach"": 2, ""t"": 8}",0.9825454545454546,343.6,0.00036784179974347353,0.3554844720797105
F4RM-WiSARD-cuckoo,Banknote,"{""a"": 8, ""bleach"": 1, ""t"": 16}",0.989090909090909,396.6,0.0005638670176267624,0.8706661279905926
F4RM-WiSARD-cuckoo,Banknote,"{""a"": 20, ""bleach"": 1, ""t"": 8}",0.992,438.0,0.0003773416159674525,0.3997570073062723
F4RM-WiSARD-cuckoo,Banknote,"{""a"": 12, ""bleach"": 2, ""t"": 16}",0.997090909090909,568.4,0.0005408582044765353,0.7605147971348329
F4RM-WiSARD-cuckoo,Banknote,"{""a"": 24, ""bleach"": 1, ""t"": 16}",0.9985454545454544,834.6,0.0004491918021813035,0.5838487466627902
F4RM-WiSARD-cuckoo,Banknote,"{""a"": 12, ""bleach"": 1, ""t"": 32}",0.9992727272727272,1002.4,0.0008189663989469409,1.3822726905345917
F4RM-WiSARD-cuckoo,Banknote,"{""a"": 20, ""bleach"": 1, ""t"": 32}",1.0,1417.4,0.0007239332189783454,1.1484538289633663
F4RM-WiSARD-cuckoo,Yeast,"{""a"": 2, ""bleach"": 4, ""t"": 2}",0.31851851851851853,244.2,0.0009340086253359914,1.9361387298564718
F4RM-WiSARD-cuckoo,Yeast,"{""a"": 4, ""bleach"": 4, ""t"": 2}",0.32323232323232326,283.2,0.0006630666088312864,1.1715205442724805
F4RM-WiSARD-cuckoo,Yeast,"{""a"": 8, ""bleach"": 4, ""t"": 2}",0.402020202020202,527.2,0.0005123252281919122,0.741020368681813
F4RM-WiSARD-cuckoo,Yeast,"{""a"": 12, ""bleach"": 3, ""t"": 2}",0.41952861952861953,847.8,0.0005303914193063974,0.8078840771307447
F4RM-WiSARD-cuckoo,Yeast,"{""a"": 8, ""bleach"": 4, ""t"": 4}",0.46464646464646464,919.2,0.0007089584134519101,1.396014831759512
F4RM-WiSARD-cuckoo,Yeast,"{""a"": 12, ""bleach"": 4, ""t"": 4}",0.47205387205387206,1232.6,0.0006487333914265037,1.1467165548843568
F4RM-WiSARD-cuckoo,Yeast,"{""a"": 8, ""bleach"": 4, ""t"": 8}",0.5265993265993266,1697.6,0.0011078334180638194,2.7145905050163717
F4RM-WiSARD-cuckoo,Yeast,"{""a"": 8, ""bleach"": 4, ""t"": 16}",0.5515151515151515,3186.8,0.0019032918382436037,5.2324908562882575
F4RM-WiSARD-cuckoo,Yeast,"{""a"": 8, ""bleach"": 2, ""t"": 32}",0.5723905723905724,6147.0,0.0034829667769372464,10.33232249444984
F4RM-WiSARD-cuckoo,Yeast,"{""a"": 12, ""bleach"": 3, ""t"": 32}",0.5885521885521885,7102.8,0.0027441752143204214,7.881706357880273
F4RM-WiSARD-cuckoo,Yeast,"{""a"": 8, ""bleach"": 3, ""t"": 64}",0.5885521885521887,12103.2,0.006668824795633554,20.596127163756776
F4RM-WiSARD-cuckoo,Yeast,"{""a"": 12, ""bleach"": 2, ""t"": 64}",0.591919191919192,14078.8,0.005068466416560113,15.280583813811592
F4RM-WiSARD-cuckoo,Yeast,"{""a"": 12, ""bleach"": 3, ""t"": 64}",0.591919191919192,14078.8,0.005062783393077553,15.467507623587597
F4RM-WiSARD-cuckoo,Yeast,"{""a"": 8, ""bleach"": 2, ""t"": 128}",0.6040404040404039,23889.0,0.01279430859722197,40.79632385812624
F4RM-WiSARD-cuckoo,Yeast,"{""a"": 12, ""bleach"": 2, ""t"": 256}",0.6067340067340068,54288.4,0.01904420859646052,60.0871212172137
F4RM-WiSARD-cuckoo,Yeast,"{""a"": 20, ""bleach"": 1, ""t"": 256}",0.6107744107744109,63424.4,0.013486100011505187,40.93706598411305
F4RM-WiSARD-cuckoo,Steel Plates,"{""a"": 2, ""bleach"": 2, ""t"": 2}",0.6544987146529563,233.2,0.0012235499918460846,1.7022498545732474
F4RM-WiSARD-cuckoo,Steel Plates,"{""a"": 2, ""bleach"": 3, ""t"": 2}",0.6544987146529563,233.2,0.0012474499875679613,1.740788712925194
F4RM-WiSARD-cuckoo,Steel Plates,"{""a"": 2, ""bleach"": 4, ""t"": 2}",0.6544987146529563,233.2,0.0012387247756123544,1.7380467580109449
F4RM-WiSARD-cuckoo,Steel Plates,"{""a"": 4, ""bleach"": 4, ""t"": 2}",0.6632390745501285,363.2,0.0009201165987178684,1.0919666209839918
F4RM-WiSARD-cuckoo,Steel Plates,"{""a"": 4, ""bleach"": 4, ""t"": 4}",0.699228791773779,678.2,0.0015471915947273373,2.183868300773031
F4RM-WiSARD-cuckoo,Steel Plates,"{""a"": 8, ""bleach"": 4, ""t"": 2}",0.785089974293059,1039.2,0.0007966416189447046,0.8893742736017183
F4RM-WiSARD-cuckoo,Steel Plates,"{""a"": 8, ""bleach"": 4, ""t"": 4}",0.8087403598971722,1788.2,0.0012358081759884954,1.583804656538375
F4RM-WiSARD-cuckoo,Steel Plates,"{""a"": 12, ""bleach"": 2, ""t"": 2}",0.8575835475578406,1914.6,0.0007164997514337301,0.7422241097397546
F4RM-WiSARD-cuckoo,Steel Plates,"{""a"": 16, ""bleach"": 1, ""t"": 2}",0.8735218508997431,3013.4,0.0007016333984211087,0.7095110451845705
F4RM-WiSARD-cuckoo,Steel Plates,"{""a"": 12, ""bleach"": 4, ""t"": 4}",0.8760925449871465,3097.2,0.001042533223517239,1.256063204632167
F4RM-WiSARD-cuckoo,Steel Plates,"{""a"": 16, ""bleach"": 1, ""t"": 4}",0.9151670951156813,4718.6,0.0010240832110866905,1.2161738088397562
F4RM-WiSARD-cuckoo,Steel Plates,"{""a"": 12, ""bleach"": 1, ""t"": 8}",0.9213367609254499,5694.2,0.0018446165835484863,2.4438945811174833
F4RM-WiSARD-cuckoo,Steel Plates,"{""a"": 16, ""bleach"": 1, ""t"": 8}",0.9552699228791773,8194.6,0.0017298082122579217,2.223070876093481
F4RM-WiSARD-cuckoo,Steel Plates,"{""a"": 20, ""bleach"": 1, ""t"": 8}",0.9609254498714653,9792.2,0.0016103499801829457,2.011803103309211
F4RM-WiSARD-cuckoo,Steel Plates,"{""a"": 16, ""bleach"": 1, ""t"": 16}",0.9691516709511567,14599.4,0.0030023917788639665,4.219387210235191
F4RM-WiSARD-cuckoo,Steel Plates,"{""a"": 20, ""bleach"": 1, ""t"": 16}",0.9758354755784062,17727.4,0.0027519079856574537,3.8187445684846075
F4RM-WiSARD-cuckoo,Steel Plates,"{""a"": 20, ""bleach"": 1, ""t"": 32}",0.9830334190231362,33942.8,0.005154483555816114,7.450086445305831
F4RM-WiSARD-cuckoo,Steel Plates,"{""a"": 24, ""bleach"": 1, ""t"": 32}",0.9856041131105397,36157.0,0.00476042537484318,6.976628204410211
F4RM-WiSARD-cuckoo,Steel Plates,"{""a"": 16, ""bleach"": 1, ""t"": 64}",0.9886889460154242,54563.0,0.011014191806316376,16.75167101839974
F4RM-WiSARD-cuckoo,Steel Plates,"{""a"": 28, ""bleach"": 1, ""t"": 64}",0.9897172236503856,73006.2,0.00862724999897182,12.795029777870694
F4RM-WiSARD-cuckoo,Steel Plates,"{""a"": 20, ""bleach"": 1, ""t"": 128}",0.990745501285347,132570.2,0.01992331661749631,30.078771129097305
F4RM-WiSARD-cuckoo,Steel Plates,"{""a"": 28, ""bleach"": 1, ""t"": 128}",0.9912596401028277,144640.2,0.017129225190728903,25.726307379824032
F4RM-WiSARD-cuckoo,Steel Plates,"{""a"": 32, ""bleach"": 1, ""t"": 256}",0.9922879177377892,283059.2,0.03415382476523519,49.15531310504231
F4RM-WiSARD-cuckoo,Segment,"{""a"": 2, ""bleach"": 4, ""t"": 2}",0.529004329004329,409.0,0.0018580001778900623,2.526695229258243
F4RM-WiSARD-cuckoo,Segment,"{""a"": 4, ""bleach"": 4, ""t"": 2}",0.6753246753246753,516.4,0.0013238663785159587,1.6245129719795863
F4RM-WiSARD-cuckoo,Segment,"{""a"": 2, ""bleach"": 4, ""t"": 4}",0.7770562770562771,793.4,0.0032174916472285987,4.968614704519897
F4RM-WiSARD-cuckoo,Segment,"{""a"": 8, ""bleach"": 4, ""t"": 2}",0.8272727272727274,806.0,0.0009878752054646612,1.0575212183452787
F4RM-WiSARD-cuckoo,Segment,"{""a"": 4, ""bleach"": 4, ""t"": 4}",0.8419913419913418,878.0,0.002055150014348328,3.0326117253438993
F4RM-WiSARD-cuckoo,Segment,"{""a"": 12, ""bleach"": 3, ""t"": 2}",0.8571428571428571,1206.2,0.0009544498287141323,0.9993320528530714
F4RM-WiSARD-cuckoo,Segment,"{""a"": 12, ""bleach"": 4, ""t"": 2}",0.8571428571428571,1206.2,0.0011715086176991463,1.071970174048757
F4RM-WiSARD-cuckoo,Segment,"{""a"": 8, ""bleach"": 4, ""t"": 4}",0.8978354978354979,1339.0,0.0014823663514107466,1.9986472229646655
F4RM-WiSARD-cuckoo,Segment,"{""a"": 12, ""bleach"": 2, ""t"": 4}",0.9021645021645022,1912.4,0.0012873833999037742,1.6566017215257083
F4RM-WiSARD-cuckoo,Segment,"{""a"": 16, ""bleach"": 1, ""t"": 4}",0.9056277056277058,2203.6,0.0011300747748464346,1.3097229179849614
F4RM-WiSARD-cuckoo,Segment,"{""a"": 8, ""bleach"": 4, ""t"": 8}",0.9238095238095237,2345.2,0.002387541835196316,3.714881357595776
F4RM-WiSARD-cuckoo,Segment,"{""a"": 4, ""bleach"": 3, ""t"": 16}",0.9268398268398268,3124.0,0.006778550008311868,11.999621227367488
F4RM-WiSARD-cuckoo,Segment,"{""a"": 12, ""bleach"": 2, ""t"": 8}",0.938961038961039,3263.2,0.002013358427211642,2.9878246343948627
F4RM-WiSARD-cuckoo,Segment,"{""a"": 16, ""bleach"": 1, ""t"": 8}",0.9458874458874458,4140.2,0.0018027500016614794,2.470003033774497
F4RM-WiSARD-cuckoo,Segment,"{""a"": 8, ""bleach"": 1, ""t"": 16}",0.9471861471861471,4460.6,0.004302666825242341,7.50205587410243
F4RM-WiSARD-cuckoo,Segment,"{""a"": 12, ""bleach"": 1, ""t"": 16}",0.9558441558441558,6189.8,0.003438408370129764,5.842803461372336
F4RM-WiSARD-cuckoo,Segment,"{""a"": 16, ""bleach"": 1, ""t"": 16}",0.9584415584415584,7395.8,0.0029276750050485135,4.802308311419827
F4RM-WiSARD-cuckoo,Segment,"{""a"": 20, ""bleach"": 1, ""t"": 16}",0.9597402597402598,8640.4,0.0027888498269021513,4.405321228797689
F4RM-WiSARD-cuckoo,Segment,"{""a"": 12, ""bleach"": 1, ""t"": 32}",0.9645021645021645,11789.4,0.006476891785860061,11.600991731178969
F4RM-WiSARD-cuckoo,Segment,"{""a"": 12, ""bleach"": 1, ""t"": 64}",0.9662337662337663,23016.6,0.012218416226096452,22.74689742351894
F4RM-WiSARD-cuckoo,Waveform,"{""a"": 2, ""bleach"": 1, ""t"": 2}",0.338,504.8,0.0033769415924325584,1.9370086025446653
F4RM-WiSARD-cuckoo,Waveform,"{""a"": 2, ""bleach"": 2, ""t"": 2}",0.338,504.8,0.003409883612766862,1.993549824692309
F4RM-WiSARD-cuckoo,Waveform,"{""a"": 2, ""bleach"": 3, ""t"": 2}",0.338,504.8,0.0034111082321032883,1.921749976463616
F4RM-WiSARD-cuckoo,Waveform,"{""a"": 2, ""bleach"": 4, ""t"": 2}",0.338,504.8,0.003356533613987267,1.88905019313097
F4RM-WiSARD-cuckoo,Waveform,"{""a"": 4, ""bleach"": 4, ""t"": 2}",0.49720000000000003,983.4,0.0024751082062721254,1.3975498033687472
F4RM-WiSARD-cuckoo,Waveform,"{""a"": 4, ""bleach"": 4, ""t"": 4}",0.5961999999999998,1891.4,0.004202766809612513,2.69703296944499
F4RM-WiSARD-cuckoo,Waveform,"{""a"": 4, ""bleach"": 4, ""t"": 8}",0.6614000000000001,3695.4,0.007538000005297363,5.3056668024510145
F4RM-WiSARD-cuckoo,Waveform,"{""a"": 8, ""bleach"": 4, ""t"": 2}",0.7418,5142.8,0.0021571331890299916,1.0982997715473175
F4RM-WiSARD-cuckoo,Waveform,"{""a"": 8, ""bleach"": 4, ""t"": 4}",0.7794,8853.2,0.003530166600830853,2.0822582067921758
F4RM-WiSARD-cuckoo,Waveform,"{""a"": 8, ""bleach"": 4, ""t"": 8}",0.7929999999999999,15694.8,0.006112141767516732,4.076133179478347
F4RM-WiSARD-cuckoo,Waveform,"{""a"": 8, ""bleach"": 4, ""t"": 16}",0.817,28710.0,0.01197411681059748,8.057341631501913
F4RM-WiSARD-cuckoo,Waveform,"{""a"": 8, ""bleach"": 4, ""t"": 32}",0.8321999999999999,54426.8,0.02224791662301868,16.198758385144174
F4RM-WiSARD-cuckoo,Waveform,"{""a"": 8, ""bleach"": 4, ""t"": 64}",0.8382,104875.8,0.0456354666268453,32.3384250048548
F4RM-WiSARD-cuckoo,Waveform,"{""a"": 12, ""bleach"": 2, ""t"": 32}",0.8412,129661.6,0.019656341569498182,13.413424789905548
F4RM-WiSARD-cuckoo,Waveform,"{""a"": 8, ""bleach"": 3, ""t"": 128}",0.842,206411.6,0.09413573341444134,65.92694979626685
F4RM-WiSARD-cuckoo,Waveform,"{""a"": 12, ""bleach"": 2, ""t"": 128}",0.8426,487365.4,0.08579319161362946,53.60420001670718
F4RM-WiSARD-cuckoo,Waveform,"{""a"": 12, ""bleach"": 2, ""t"": 256}",0.8486,964405.2,0.21913215019740165,113.25206682085991
F4RM-WiSARD-cuckoo,SatImage,"{""a"": 2, ""bleach"": 4, ""t"": 2}",0.3097978227060653,858.2,0.005161166423931718,3.002611518305948
F4RM-WiSARD-cuckoo,SatImage,"{""a"": 4, ""bleach"": 4, ""t"": 2}",0.5541213063763608,1244.8,0.0035422079963609576,2.1264709287480934
F4RM-WiSARD-cuckoo,SatImage,"{""a"": 2, ""bleach"": 4, ""t"": 4}",0.5631415241057544,1638.8,0.009292391990311444,5.973879016883683
F4RM-WiSARD-cuckoo,SatImage,"{""a"": 4, ""bleach"": 4, ""t"": 4}",0.696267496111975,2194.6,0.0060088166268542405,4.119362390975281
F4RM-WiSARD-cuckoo,SatImage,"{""a"": 12, ""bleach"": 4, ""t"": 2}",0.7073094867807154,3713.6,0.0024786752182990313,1.1720579996716645
F4RM-WiSARD-cuckoo,SatImage,"{""a"": 4, ""bleach"": 4, ""t"": 8}",0.7486780715396578,3984.4,0.011311208363622427,8.003881655946305
F4RM-WiSARD-cuckoo,SatImage,"{""a"": 8, ""bleach"": 4, ""t"": 4}",0.8353032659409021,4043.8,0.004417800228111446,2.7983929544779973
F4RM-WiSARD-cuckoo,SatImage,"{""a"": 12, ""bleach"": 4, ""t"": 4}",0.8639191290824261,5988.2,0.003825216763652861,2.1391395047816855
F4RM-WiSARD-cuckoo,SatImage,"{""a"": 16, ""bleach"": 3, ""t"": 4}",0.864696734059098,7692.0,0.003448242018930614,1.8235552197099196
F4RM-WiSARD-cuckoo,SatImage,"{""a"": 20, ""bleach"": 2, ""t"": 4}",0.865940902021773,9983.8,0.003626200230792165,1.6925737158935603
F4RM-WiSARD-cuckoo,SatImage,"{""a"": 12, ""bleach"": 3, ""t"": 8}",0.8696734059097977,10270.0,0.006385750020854175,4.1979136927455984
F4RM-WiSARD-cuckoo,SatImage,"{""a"": 8, ""bleach"": 4, ""t"": 16}",0.8737169517884915,12939.8,0.014115274976938963,10.415130822801988
F4RM-WiSARD-cuckoo,SatImage,"{""a"": 16, ""bleach"": 2, ""t"": 8}",0.8768273716951789,13317.2,0.005861433409154415,3.540526110893275
F4RM-WiSARD-cuckoo,SatImage,"{""a"": 24, ""bleach"": 1, ""t"": 8}",0.8808709175738725,17668.0,0.005070716398768127,2.7224793197358284
F4RM-WiSARD-cuckoo,SatImage,"{""a"": 12, ""bleach"": 2, ""t"": 16}",0.8825816485225506,18893.8,0.011772991600446403,8.185633927479412
F4RM-WiSARD-cuckoo,SatImage,"{""a"": 12, ""bleach"": 3, ""t"": 16}",0.8825816485225506,18893.8,0.01197723315563053,8.173477144341215
F4RM-WiSARD-cuckoo,SatImage,"{""a"": 16, ""bleach"": 1, ""t"": 16}",0.8906687402799378,24653.4,0.010458416608162224,6.867431409796048
F4RM-WiSARD-cuckoo,SatImage,"{""a"": 20, ""bleach"": 1, ""t"": 16}",0.893312597200622,29585.2,0.009749866998754441,6.015338260726786
F4RM-WiSARD-cuckoo,SatImage,"{""a"": 24, ""bleach"": 1, ""t"": 16}",0.8956454121306378,33279.6,0.009324616799131036,5.355832046752399
F4RM-WiSARD-cuckoo,SatImage,"{""a"": 32, ""bleach"": 1, ""t"": 16}",0.8965785381026439,38420.0,0.00841440842486918,4.465506838643301
F4RM-WiSARD-cuckoo,SatImage,"{""a"": 16, ""bleach"": 1, ""t"": 32}",0.8993779160186625,46861.4,0.0198841247940436,13.683054724369274
F4RM-WiSARD-cuckoo,SatImage,"{""a"": 20, ""bleach"": 1, ""t"": 32}",0.9018662519440124,56694.2,0.018513741600327194,12.010400466661476
F4RM-WiSARD-cuckoo,SatImage,"{""a"": 24, ""bleach"": 1, ""t"": 32}",0.9066874027993779,63602.2,0.01848944160155952,11.175032487808268
F4RM-WiSARD-cuckoo,SatImage,"{""a"": 28, ""bleach"": 1, ""t"": 64}",0.9068429237947123,137356.0,0.033518916578032076,19.340700934123984
F4RM-WiSARD-cuckoo,SatImage,"{""a"": 20, ""bleach"": 1, ""t"": 128}",0.9077760497667186,218071.2,0.08773984138388187,47.867185063949826
F4RM-WiSARD-cuckoo,SatImage,"{""a"": 24, ""bleach"": 1, ""t"": 128}",0.9080870917573873,247400.8,0.08240165838506072,42.654075721368585
F4RM-WiSARD-cuckoo,SatImage,"{""a"": 28, ""bleach"": 1, ""t"": 128}",0.9102643856920686,271254.8,0.08833669980522245,38.69692209462055
F4RM-WiSARD-cuckoo,SatImage,"{""a"": 32, ""bleach"": 1, ""t"": 256}",0.9122861586314152,571973.2,0.26709674161393193,82.50849535485982
F4RM-WiSARD-cuckoo,Pendigits,"{""a"": 2, ""bleach"": 4, ""t"": 2}",0.3292405638926785,581.6,0.005629024817608297,2.0463468012259787
F4RM-WiSARD-cuckoo,Pendigits,"{""a"": 4, ""bleach"": 4, ""t"": 2}",0.6746703046839473,796.0,0.0039356081979349256,1.4435992673168188
F4RM-WiSARD-cuckoo,Pendigits,"{""a"": 4, ""bleach"": 4, ""t"": 4}",0.8049113233287859,1395.2,0.0062574418261647224,2.7174398276773624
F4RM-WiSARD-cuckoo,Pendigits,"{""a"": 8, ""bleach"": 4, ""t"": 2}",0.862119145065939,1562.4,0.0029667333932593466,0.9979459886126163
F4RM-WiSARD-cuckoo,Pendigits,"{""a"": 8, ""bleach"": 4, ""t"": 4}",0.9268758526603001,2581.4,0.004579191608354449,1.8486964125431846
F4RM-WiSARD-cuckoo,Pendigits,"{""a"": 12, ""bleach"": 3, ""t"": 4}",0.9510686675761709,4299.4,0.004283349984325469,1.6646014472275712
F4RM-WiSARD-cuckoo,Pendigits,"{""a"": 8, ""bleach"": 4, ""t"": 8}",0.957162346521146,4796.8,0.007342225383035838,3.6476012772493815
F4RM-WiSARD-cuckoo,Pendigits,"{""a"": 12, ""bleach"": 2, ""t"": 8}",0.9714415643474308,7592.0,0.0068094748305156825,3.0871040453323726
F4RM-WiSARD-cuckoo,Pendigits,"{""a"": 16, ""bleach"": 1, ""t"": 8}",0.9778990450204639,9893.6,0.0057521249866113065,2.481199829767595
F4RM-WiSARD-cuckoo,Pendigits,"{""a"": 20, ""bleach"": 1, ""t"": 8}",0.9779899954524783,12556.8,0.005630033416673541,2.353368977126261
F4RM-WiSARD-cuckoo,Pendigits,"{""a"": 12, ""bleach"": 2, ""t"": 16}",0.9795361527967257,14199.8,0.011227550194598734,5.87205174698809
F4RM-WiSARD-cuckoo,Pendigits,"{""a"": 16, ""bleach"": 1, ""t"": 16}",0.9846293769895407,18608.0,0.01004062481224537,4.872964972925762
F4RM-WiSARD-cuckoo,Pendigits,"{""a"": 24, ""bleach"": 1, ""t"": 16}",0.9848112778535698,25366.2,0.00893145843874663,3.851432477773293
F4RM-WiSARD-cuckoo,Pendigits,"{""a"": 16, ""bleach"": 1, ""t"": 32}",0.9881764438381083,35285.4,0.01731709998566657,9.139703483781988
F4RM-WiSARD-cuckoo,Pendigits,"{""a"": 16, ""bleach"": 1, ""t"": 64}",0.9883583447021375,69611.8,0.041391442017629745,19.469580709639462
F4RM-WiSARD-cuckoo,Pendigits,"{""a"": 20, ""bleach"": 1, ""t"": 64}",0.9889040472942247,81761.2,0.03549210801720619,16.98307939282042
F4RM-WiSARD-cuckoo,Pendigits,"{""a"": 24, ""bleach"": 1, ""t"": 128}",0.9896316507503411,180119.2,0.06194016698282212,27.274939334490124
F4RM-WiSARD-cuckoo,Pendigits,"{""a"": 20, ""bleach"": 1, ""t"": 256}",0.9899045020463847,316209.8,0.18290822519920766,62.82325674580235
F4RM-WiSARD-cuckoo,EEG Eye State,"{""a"": 2, ""bleach"": 3, ""t"": 2}",0.5510680907877169,117.0,0.004029691382311284,0.41552062534313094
F4RM-WiSARD-cuckoo,EEG Eye State,"{""a"": 2, ""bleach"": 4, ""t"": 2}",0.5510680907877169,117.0,0.00380191660951823,0.41896407865485213
F4RM-WiSARD-cuckoo,EEG Eye State,"{""a"": 2, ""bleach"": 1, ""t"": 2}",0.5510680907877169,117.0,0.003794591571204364,0.4209334559823189
F4RM-WiSARD-cuckoo,EEG Eye State,"{""a"": 2, ""bleach"": 2, ""t"": 2}",0.5510680907877169,117.0,0.003702108422294259,0.4105389899063174
F4RM-WiSARD-cuckoo,EEG Eye State,"{""a"": 4, ""bleach"": 2, ""t"": 2}",0.5513351134846461,234.2,0.0030913167633116246,0.3189668842704497
F4RM-WiSARD-cuckoo,EEG Eye State,"{""a"": 4, ""bleach"": 4, ""t"": 2}",0.5513351134846461,234.2,0.0031401250045746563,0.31410220038091075
F4RM-WiSARD-cuckoo,EEG Eye State,"{""a"": 4, ""bleach"": 4, ""t"": 4}",0.557743658210948,457.2,0.004548633610829711,0.5987261062007999
F4RM-WiSARD-cuckoo,EEG Eye State,"{""a"": 4, ""bleach"": 4, ""t"": 8}",0.5791722296395193,876.6,0.007462283596396446,1.1724799679336109
F4RM-WiSARD-cuckoo,EEG Eye State,"{""a"": 8, ""bleach"": 4, ""t"": 2}",0.6029372496662215,1440.4,0.0029142747865989805,0.2977859868589684
F4RM-WiSARD-cuckoo,EEG Eye State,"{""a"": 8, ""bleach"": 4, ""t"": 4}",0.6354472630173564,2145.6,0.003885025018826127,0.5065002018593262
F4RM-WiSARD-cuckoo,EEG Eye State,"{""a"": 8, ""bleach"": 4, ""t"": 8}",0.677570093457944,3468.6,0.0060485997702926396,0.9393330367508336
F4RM-WiSARD-cuckoo,EEG Eye State,"{""a"": 12, ""bleach"": 3, ""t"": 4}",0.7108811748998665,6098.0,0.0038959084078669546,0.4588478591133939
F4RM-WiSARD-cuckoo,EEG Eye State,"{""a"": 8, ""bleach"": 4, ""t"": 16}",0.7163551401869158,6282.4,0.010073458217084408,1.7879449887367809
F4RM-WiSARD-cuckoo,EEG Eye State,"{""a"": 12, ""bleach"": 4, ""t"": 8}",0.7558077436582109,9446.2,0.006116466573439538,0.856525240744525
F4RM-WiSARD-cuckoo,EEG Eye State,"{""a"": 16, ""bleach"": 2, ""t"": 8}",0.7811748998664887,15127.2,0.005405183206312359,0.7140020732935742
F4RM-WiSARD-cuckoo,EEG Eye State,"{""a"": 12, ""bleach"": 4, ""t"": 16}",0.789652870493992,16199.6,0.00941132518928498,1.5182104238367409
F4RM-WiSARD-cuckoo,EEG Eye State,"{""a"": 20, ""bleach"": 1, ""t"": 8}",0.8017356475300399,22330.2,0.00548294996842742,0.6829884487051314
F4RM-WiSARD-cuckoo,EEG Eye State,"{""a"": 24, ""bleach"": 1, ""t"": 8}",0.8140186915887849,26810.8,0.005226691626012326,0.6166973290529763
F4RM-WiSARD-cuckoo,EEG Eye State,"{""a"": 16, ""bleach"": 2, ""t"": 16}",0.8251001335113486,26930.4,0.008746191998943687,1.317481654888897
F4RM-WiSARD-cuckoo,EEG Eye State,"{""a"": 12, ""bleach"": 3, ""t"": 32}",0.826101468624833,29337.6,0.01693924979772419,3.0161854400683703
F4RM-WiSARD-cuckoo,EEG Eye State,"{""a"": 20, ""bleach"": 1, ""t"": 16}",0.8436582109479307,38319.8,0.008869258221238852,1.2753504136942815
F4RM-WiSARD-cuckoo,EEG Eye State,"{""a"": 24, ""bleach"": 1, ""t"": 16}",0.8598130841121494,47520.4,0.008400741801597177,1.1583222250375793
F4RM-WiSARD-cuckoo,EEG Eye State,"{""a"": 12, ""bleach"": 3, ""t"": 64}",0.8599465954606142,56761.4,0.031915616360493004,5.807017752694311
F4RM-WiSARD-cuckoo,EEG Eye State,"{""a"": 20, ""bleach"": 1, ""t"": 32}",0.8684913217623498,66920.2,0.014871016796678304,2.3500278414300433
F4RM-WiSARD-cuckoo,EEG Eye State,"{""a"": 24, ""bleach"": 1, ""t"": 32}",0.8835113484646195,84120.6,0.01416907540988177,2.1181074754448135
F4RM-WiSARD-cuckoo,EEG Eye State,"{""a"": 28, ""bleach"": 1, ""t"": 32}",0.8889853137516688,93012.2,0.01332124979235232,1.946539780963088
F4RM-WiSARD-cuckoo,EEG Eye State,"{""a"": 20, ""bleach"": 1, ""t"": 64}",0.9046728971962615,130492.6,0.028368591633625328,4.534162225037593
F4RM-WiSARD-cuckoo,EEG Eye State,"{""a"": 24, ""bleach"": 1, ""t"": 64}",0.9155540720961282,165164.4,0.02735071685165167,4.187708548661844
F4RM-WiSARD-cuckoo,EEG Eye State,"{""a"": 28, ""bleach"": 1, ""t"": 64}",0.9175567423230973,185006.4,0.025599675229750575,3.803891335888822
F4RM-WiSARD-cuckoo,EEG Eye State,"{""a"": 32, ""bleach"": 1, ""t"": 64}",0.9225634178905207,193598.6,0.024050191580317914,3.6028509966417332
F4RM-WiSARD-cuckoo,EEG Eye State,"{""a"": 24, ""bleach"": 1, ""t"": 128}",0.9274365821094793,316022.0,0.061838333425112066,8.43756669138786
F4RM-WiSARD-cuckoo,EEG Eye State,"{""a"": 28, ""bleach"": 1, ""t"": 128}",0.9300400534045392,364455.2,0.058220067014917734,7.750987443943646
F4RM-WiSARD-cuckoo,EEG Eye State,"{""a"": 32, ""bleach"": 1, ""t"": 128}",0.9361148197596796,383449.6,0.05552769999485463,7.340795990298483
F4RM-WiSARD-cuckoo,EEG Eye State,"{""a"": 24, ""bleach"": 1, ""t"": 256}",0.9371829105473966,624369.0,0.15898377499543132,17.137680762573
F4RM-WiSARD-cuckoo,EEG Eye State,"{""a"": 28, ""bleach"": 1, ""t"": 256}",0.9375834445927905,716598.0,0.15276416656561195,15.74023418471675
F4RM-WiSARD-cuckoo,EEG Eye State,"{""a"": 48, ""bleach"": 1, ""t"": 256}",0.9392523364485982,749001.2,0.13724689160007983,12.104525507486192
F4RM-WiSARD-cuckoo,EEG Eye State,"{""a"": 32, ""bleach"": 1, ""t"": 256}",0.9427236315086782,756942.6,0.15024129159282892,14.734510018382077
F4RM-WiSARD-cuckoo,Magic Gamma,"{""a"": 2, ""bleach"": 4, ""t"": 2}",0.64863301787592,84.0,0.0038569333730265496,0.2910051488471301
F4RM-WiSARD-cuckoo,Magic Gamma,"{""a"": 4, ""bleach"": 4, ""t"": 2}",0.650210304942166,163.0,0.0032633915776386856,0.2232978446556003
F4RM-WiSARD-cuckoo,Magic Gamma,"{""a"": 4, ""bleach"": 4, ""t"": 4}",0.6579390115667718,319.2,0.004581616423092782,0.4282312824652304
F4RM-WiSARD-cuckoo,Magic Gamma,"{""a"": 4, ""bleach"": 4, ""t"": 8}",0.6760778128286015,589.0,0.006858758418820799,0.797020724105926
F4RM-WiSARD-cuckoo,Magic Gamma,"{""a"": 8, ""bleach"": 4, ""t"": 2}",0.6902208201892744,887.0,0.0031418165657669307,0.21766566281666205
F4RM-WiSARD-cuckoo,Magic Gamma,"{""a"": 4, ""bleach"": 4, ""t"": 16}",0.7082018927444795,1155.0,0.011716325231827796,1.541883595332848
F4RM-WiSARD-cuckoo,Magic Gamma,"{""a"": 8, ""bleach"": 4, ""t"": 4}",0.7473711882229231,1380.2,0.003785541420802474,0.34761435761616866
F4RM-WiSARD-cuckoo,Magic Gamma,"{""a"": 8, ""bleach"": 4, ""t"": 8}",0.7750788643533123,2381.4,0.005697841616347432,0.6325468927774615
F4RM-WiSARD-cuckoo,Magic Gamma,"{""a"": 12, ""bleach"": 4, ""t"": 4}",0.7811251314405888,3519.2,0.003978174785152078,0.3391627276651209
F4RM-WiSARD-cuckoo,Magic Gamma,"{""a"": 8, ""bleach"": 4, ""t"": 16}",0.7958464773922188,4371.6,0.009440416796132922,1.219280120905892
F4RM-WiSARD-cuckoo,Magic Gamma,"{""a"": 12, ""bleach"": 4, ""t"": 8}",0.7987907465825447,5818.6,0.005582299991510808,0.5826016838567334
F4RM-WiSARD-cuckoo,Magic Gamma,"{""a"": 8, ""bleach"": 4, ""t"": 32}",0.8150893796004206,8267.0,0.015896916994825004,2.3934301774807816
F4RM-WiSARD-cuckoo,Magic Gamma,"{""a"": 12, ""bleach"": 4, ""t"": 16}",0.8195057833859096,10054.0,0.008875499991700054,1.1036431169104062
F4RM-WiSARD-cuckoo,Magic Gamma,"{""a"": 8, ""bleach"": 4, ""t"": 64}",0.8344900105152471,16014.2,0.030071066389791668,4.683076964689323
F4RM-WiSARD-cuckoo,Magic Gamma,"{""a"": 12, ""bleach"": 4, ""t"": 32}",0.838222923238696,18630.0,0.0147107585798949,2.0544382718565055
F4RM-WiSARD-cuckoo,Magic Gamma,"{""a"": 16, ""bleach"": 4, ""t"": 32}",0.8431650893796003,29922.6,0.01374636662658304,1.791462939493084
F4RM-WiSARD-cuckoo,Magic Gamma,"{""a"": 8, ""bleach"": 4, ""t"": 128}",0.8478969505783386,31663.6,0.06460881701204926,9.430163308829226
F4RM-WiSARD-cuckoo,Magic Gamma,"{""a"": 12, ""bleach"": 4, ""t"": 64}",0.8500525762355415,36042.8,0.027786241821013392,4.018760997739344
F4RM-WiSARD-cuckoo,Magic Gamma,"{""a"": 16, ""bleach"": 4, ""t"": 64}",0.8513144058885385,57744.4,0.025281016784720122,3.463492376708301
F4RM-WiSARD-cuckoo,Magic Gamma,"{""a"": 8, ""bleach"": 4, ""t"": 256}",0.8559936908517349,62621.6,0.1585068248445168,18.948144472833842
F4RM-WiSARD-cuckoo,Magic Gamma,"{""a"": 12, ""bleach"": 4, ""t"": 128}",0.8574132492113564,69856.8,0.05815389975905418,7.9710239845158615
F4RM-WiSARD-cuckoo,Magic Gamma,"{""a"": 16, ""bleach"": 2, ""t"": 128}",0.8610410094637224,113293.8,0.05481168343685568,6.914186804554378
F4RM-WiSARD-cuckoo,Magic Gamma,"{""a"": 12, ""bleach"": 2, ""t"": 256}",0.8623028391167192,138801.2,0.14520874158479274,16.0844133004887
F4RM-WiSARD-cuckoo,Magic Gamma,"{""a"": 20, ""bleach"": 2, ""t"": 128}",0.8626182965299686,165330.0,0.05242210822179914,6.26414305614709
F4RM-WiSARD-cuckoo,Magic Gamma,"{""a"": 24, ""bleach"": 1, ""t"": 128}",0.8635120925341745,204577.8,0.05094327519182116,5.95037025310389
F4RM-WiSARD-cuckoo,Magic Gamma,"{""a"": 16, ""bleach"": 2, ""t"": 256}",0.8652996845425867,221673.0,0.1383847996359691,14.225913516023478
F4RM-WiSARD-cuckoo,Magic Gamma,"{""a"": 20, ""bleach"": 1, ""t"": 256}",0.8669295478443744,324140.8,0.1370351916179061,12.678608033153868
F4RM-WiSARD-cuckoo,Magic Gamma,"{""a"": 24, ""bleach"": 1, ""t"": 256}",0.8676656151419557,400922.8,0.13280938344541937,11.767575767754991
F4RM-WiSARD-cuckoo,Magic Gamma,"{""a"": 28, ""bleach"": 1, ""t"": 256}",0.8691903259726604,468652.0,0.12891278315801175,11.040794791175848
F4RM-WiSARD-cuckoo,Letter Recognition,"{""a"": 2, ""bleach"": 4, ""t"": 2}",0.09419999999999999,1670.8,0.014107558410614729,4.307822906412184
F4RM-WiSARD-cuckoo,Letter Recognition,"{""a"": 4, ""bleach"": 4, ""t"": 2}",0.2251,2579.2,0.00890073338523507,3.322422952624038
F4RM-WiSARD-cuckoo,Letter Recognition,"{""a"": 4, ""bleach"": 4, ""t"": 4}",0.41980000000000006,4626.8,0.015505575016140938,6.141027103876695
F4RM-WiSARD-cuckoo,Letter Recognition,"{""a"": 8, ""bleach"": 4, ""t"": 2}",0.53025,5685.2,0.006079458212479949,2.2995833540335298
F4RM-WiSARD-cuckoo,Letter Recognition,"{""a"": 4, ""bleach"": 4, ""t"": 8}",0.5578,8801.2,0.027947291801683604,11.841095855925232
F4RM-WiSARD-cuckoo,Letter Recognition,"{""a"": 12, ""bleach"": 3, ""t"": 2}",0.6069,9397.8,0.005405466817319393,1.9788021047133952
F4RM-WiSARD-cuckoo,Letter Recognition,"{""a"": 8, ""bleach"": 4, ""t"": 4}",0.69985,9681.4,0.010037208395078778,4.333683353615925
F4RM-WiSARD-cuckoo,Letter Recognition,"{""a"": 12, ""bleach"": 2, ""t"": 4}",0.7814,15981.4,0.008822383219376206,3.767083358252421
F4RM-WiSARD-cuckoo,Letter Recognition,"{""a"": 8, ""bleach"": 4, ""t"": 8}",0.79145,17456.8,0.01764142499305308,8.33911249646917
F4RM-WiSARD-cuckoo,Letter Recognition,"{""a"": 16, ""bleach"": 1, ""t"": 4}",0.8082,18306.8,0.007117783254943788,2.810529200360179
F4RM-WiSARD-cuckoo,Letter Recognition,"{""a"": 20, ""bleach"": 1, ""t"": 4}",0.8168,23472.0,0.007428700034506619,2.9380937048699707
F4RM-WiSARD-cuckoo,Letter Recognition,"{""a"": 12, ""bleach"": 1, ""t"": 8}",0.8464,28131.6,0.014362258417531849,6.747781252488494
F4RM-WiSARD-cuckoo,Letter Recognition,"{""a"": 16, ""bleach"": 1, ""t"": 8}",0.8756999999999999,34439.6,0.011809249804355205,5.4512791975867
F4RM-WiSARD-cuckoo,Letter Recognition,"{""a"": 12, ""bleach"": 1, ""t"": 16}",0.9061999999999999,51208.8,0.02606762496288866,13.50029380992055
F4RM-WiSARD-cuckoo,Letter Recognition,"{""a"": 16, ""bleach"": 1, ""t"": 16}",0.9197000000000001,63096.4,0.02150620820466429,10.656356293475255
F4RM-WiSARD-cuckoo,Letter Recognition,"{""a"": 12, ""bleach"": 1, ""t"": 32}",0.9253500000000001,94782.0,0.0481448584003374,25.485874997684732
F4RM-WiSARD-cuckoo,Letter Recognition,"{""a"": 16, ""bleach"": 1, ""t"": 32}",0.9381,120026.4,0.04013508360367268,21.028016711352393
F4RM-WiSARD-cuckoo,Letter Recognition,"{""a"": 12, ""bleach"": 1, ""t"": 64}",0.9401999999999999,184847.4,0.09790494157932698,50.5890917556826
F4RM-WiSARD-cuckoo,Letter Recognition,"{""a"": 16, ""bleach"": 1, ""t"": 64}",0.9454,235161.4,0.08210372501052916,42.31572080170736
F4RM-WiSARD-cuckoo,Letter Recognition,"{""a"": 20, ""bleach"": 1, ""t"": 64}",0.94695,253457.4,0.07281319142784923,35.86693539400585
F4RM-WiSARD-cuckoo,Letter Recognition,"{""a"": 12, ""bleach"": 1, ""t"": 128}",0.9473499999999999,363479.4,0.23575400821864606,103.97334164590575
F4RM-WiSARD-cuckoo,Letter Recognition,"{""a"": 16, ""bleach"": 1, ""t"": 128}",0.95185,464789.4,0.19893409197684378,85.32240630593151
F4RM-WiSARD-cuckoo,Letter Recognition,"{""a"": 16, ""bleach"": 1, ""t"": 256}",0.9524000000000001,922882.4,0.4780486915959045,173.21929795434698
F4RM-WiSARD-cuckoo,Letter Recognition,"{""a"": 20, ""bleach"": 1, ""t"": 256}",0.95335,986055.8,0.4429066251730546,151.85992500046268
Random-WiSARD-dense,Iris,"{""a"": 8, ""bleach"": 2, ""t"": 2}",0.8666666666666668,118.0,0.00011979138944298028,1.0155607014894485
Random-WiSARD-dense,Iris,"{""a"": 4, ""bleach"": 2, ""t"": 2}",0.9666666666666668,121.0,0.00014353340957313777,1.5380528445045152
Random-WiSARD-dense,Wine,"{""a"": 2, ""bleach"": 4, ""t"": 2}",0.9055555555555556,643.0,0.0003601165721192956,6.094906711950898
Random-WiSARD-dense,Wine,"{""a"": 4, ""bleach"": 4, ""t"": 2}",0.9333333333333333,835.0,0.0002614415949210525,3.897456917911768
Random-WiSARD-dense,Wine,"{""a"": 2, ""bleach"": 3, ""t"": 4}",0.9722222222222221,1210.0,0.0006187336053699255,11.778938480549389
Random-WiSARD-dense,Wine,"{""a"": 2, ""bleach"": 1, ""t"": 16}",0.9777777777777779,4601.0,0.0021244916366413235,46.6138945840713
Random-WiSARD-dense,Wine,"{""a"": 2, ""bleach"": 2, ""t"": 16}",0.9777777777777779,4601.0,0.0021079497877508403,46.96179983309573
Random-WiSARD-dense,Wine,"{""a"": 2, ""bleach"": 3, ""t"": 16}",0.9777777777777779,4601.0,0.002122817002236843,46.8543950571782
Random-WiSARD-dense,Wine,"{""a"": 4, ""bleach"": 3, ""t"": 16}",0.9833333333333334,5075.0,0.0012409084476530552,26.221300423559217
Random-WiSARD-dense,Wine,"{""a"": 8, ""bleach"": 1, ""t"": 16}",0.9888888888888889,6604.0,0.0007862666388973594,15.877772562412753
Random-WiSARD-dense,Breast Cancer,"{""a"": 2, ""bleach"": 4, ""t"": 2}",0.9017543859649123,1140.0,0.0006985165644437074,3.6202489578148778
Random-WiSARD-dense,Breast Cancer,"{""a"": 4, ""bleach"": 4, ""t"": 2}",0.9456140350877191,1739.0,0.0004898833809420467,2.297298092264355
Random-WiSARD-dense,Breast Cancer,"{""a"": 8, ""bleach"": 3, ""t"": 2}",0.9508771929824562,3867.0,0.0003950000274926424,1.5996351609365982
Random-WiSARD-dense,Breast Cancer,"{""a"": 4, ""bleach"": 3, ""t"": 8}",0.9543859649122807,5902.0,0.0014780000085011125,8.593566650361344
Random-WiSARD-dense,Breast Cancer,"{""a"": 4, ""bleach"": 4, ""t"": 8}",0.9543859649122807,5902.0,0.0014872583793476223,8.55796500681001
Random-WiSARD-dense,Breast Cancer,"{""a"": 4, ""bleach"": 2, ""t"": 16}",0.956140350877193,11297.0,0.0027843749849125743,16.88735424786022
Random-WiSARD-dense,Breast Cancer,"{""a"": 4, ""bleach"": 3, ""t"": 16}",0.956140350877193,11297.0,0.002829708415083587,17.04473816381212
Random-WiSARD-dense,Breast Cancer,"{""a"": 4, ""bleach"": 2, ""t"": 64}",0.9578947368421054,43433.0,0.010667633218690752,67.20818959078507
Random-WiSARD-dense,Breast Cancer,"{""a"": 4, ""bleach"": 1, ""t"": 128}",0.9614035087719298,86208.0,0.021038200007751584,132.93735601269364
Random-WiSARD-dense,Seeds,"{""a"": 2, ""bleach"": 4, ""t"": 2}",0.8476190476190476,294.0,0.00023653358221054077,3.0045630410313606
Random-WiSARD-dense,Seeds,"{""a"": 4, ""bleach"": 4, ""t"": 2}",0.8714285714285713,330.0,0.00019486621022224426,1.9831338986044837
Random-WiSARD-dense,Seeds,"{""a"": 8, ""bleach"": 4, ""t"": 2}",0.8857142857142858,366.0,0.0001592832151800394,1.3295566618797325
Random-WiSARD-dense,Seeds,"{""a"": 12, ""bleach"": 1, ""t"": 4}",0.9047619047619048,880.0,0.00019095819443464278,1.9097235053777695
Random-WiSARD-dense,Seeds,"{""a"": 16, ""bleach"": 1, ""t"": 8}",0.9380952380952381,1620.0,0.00024226680397987366,2.962105818802402
Random-WiSARD-dense,Glass,"{""a"": 2, ""bleach"": 4, ""t"": 2}",0.5581395348837209,829.0,0.00044752522371709346,6.316092168522435
Random-WiSARD-dense,Glass,"{""a"": 4, ""bleach"": 3, ""t"": 2}",0.6418604651162791,910.0,0.0003191418014466763,3.9046516555339794
Random-WiSARD-dense,Glass,"{""a"": 16, ""bleach"": 1, ""t"": 4}",0.6558139534883722,1887.0,0.00027164982166141274,3.188762943758521
Random-WiSARD-dense,Glass,"{""a"": 8, ""bleach"": 1, ""t"": 4}",0.6883720930232557,1894.0,0.000338525022380054,4.319967377151167
Random-WiSARD-dense,Glass,"{""a"": 12, ""bleach"": 1, ""t"": 8}",0.7116279069767442,2920.0,0.0003976999782025814,5.574613744609578
Random-WiSARD-dense,Glass,"{""a"": 16, ""bleach"": 1, ""t"": 16}",0.7209302325581395,5099.0,0.0005735916085541249,8.989153104985869
Random-WiSARD-dense,Glass,"{""a"": 12, ""bleach"": 1, ""t"": 16}",0.7348837209302326,5537.0,0.0006719582015648484,10.846897981367833
Random-WiSARD-dense,Glass,"{""a"": 20, ""bleach"": 1, ""t"": 32}",0.7395348837209302,9398.0,0.000942000187933445,15.972093354130902
Random-WiSARD-dense,Glass,"{""a"": 12, ""bleach"": 1, ""t"": 32}",0.7534883720930232,10862.0,0.001237766840495169,21.720354358643988
Random-WiSARD-dense,Glass,"{""a"": 24, ""bleach"": 1, ""t"": 128}",0.7627906976744185,32109.0,0.002923258417285979,53.823260633751396
Random-WiSARD-dense,Glass,"{""a"": 20, ""bleach"": 1, ""t"": 128}",0.7674418604651163,35734.0,0.003305766824632883,60.64554394850897
Random-WiSARD-dense,Haberman,"{""a"": 2, ""bleach"": 1, ""t"": 2}",0.7419354838709677,118.0,0.00015699982177466154,0.7943576952863124
Random-WiSARD-dense,Haberman,"{""a"": 2, ""bleach"": 2, ""t"": 2}",0.7419354838709677,118.0,0.00016619183588773012,0.8520193307870819
Random-WiSARD-dense,Haberman,"{""a"": 2, ""bleach"": 3, ""t"": 2}",0.7419354838709677,118.0,0.00016109999269247054,0.7939513682598067
Random-WiSARD-dense,Haberman,"{""a"": 2, ""bleach"": 4, ""t"": 2}",0.7419354838709677,118.0,0.00017487497534602882,0.8697583971004332
Random-WiSARD-dense,Haberman,"{""a"": 4, ""bleach"": 2, ""t"": 16}",0.7483870967741936,1072.0,0.00033420820254832507,2.9309164552438647
Random-WiSARD-dense,Ecoli,"{""a"": 4, ""bleach"": 4, ""t"": 2}",0.7705882352941177,554.0,0.00034124180674552915,2.6539265972507353
Random-WiSARD-dense,Ecoli,"{""a"": 4, ""bleach"": 2, ""t"": 4}",0.8058823529411765,952.0,0.00047198319807648657,4.41997339401175
Random-WiSARD-dense,Ecoli,"{""a"": 8, ""bleach"": 4, ""t"": 8}",0.823529411764706,1789.0,0.0005129083758220077,4.913844168186188
Random-WiSARD-dense,Ecoli,"{""a"": 8, ""bleach"": 2, ""t"": 16}",0.8411764705882353,3449.0,0.0008716834243386983,9.523406419355203
Random-WiSARD-dense,Ecoli,"{""a"": 8, ""bleach"": 3, ""t"": 16}",0.8411764705882353,3449.0,0.0008932499913498759,9.76359998971662
Random-WiSARD-dense,Ecoli,"{""a"": 8, ""bleach"": 2, ""t"": 32}",0.8705882352941178,6697.0,0.0016373666003346443,19.038114217383896
Random-WiSARD-dense,Ionosphere,"{""a"": 2, ""bleach"": 4, ""t"": 2}",0.38591549295774646,1264.0,0.0006596251856535673,6.266312450695206
Random-WiSARD-dense,Ionosphere,"{""a"": 4, ""bleach"": 4, ""t"": 2}",0.808450704225352,2066.0,0.0004488666076213121,3.737907423834566
Random-WiSARD-dense,Ionosphere,"{""a"": 4, ""bleach"": 4, ""t"": 4}",0.8112676056338028,3732.0,0.0007837083889171481,7.288617042588515
Random-WiSARD-dense,Ionosphere,"{""a"": 8, ""bleach"": 2, ""t"": 2}",0.8563380281690142,4264.0,0.00035802500788122414,2.6569236069917683
Random-WiSARD-dense,Ionosphere,"{""a"": 12, ""bleach"": 3, ""t"": 2}",0.8845070422535212,4665.0,0.0002904500113800168,2.0334451183886597
Random-WiSARD-dense,Ionosphere,"{""a"": 8, ""bleach"": 1, ""t"": 4}",0.9014084507042254,6931.0,0.0005392250139266252,4.711622555910703
Random-WiSARD-dense,Ionosphere,"{""a"": 16, ""bleach"": 3, ""t"": 4}",0.904225352112676,7942.0,0.0004172832006588578,3.4097437812408935
Random-WiSARD-dense,Ionosphere,"{""a"": 24, ""bleach"": 2, ""t"": 8}",0.923943661971831,12939.0,0.0006139422301203012,5.596600026941635
Random-WiSARD-dense,Ionosphere,"{""a"": 8, ""bleach"": 1, ""t"": 16}",0.9267605633802816,21918.0,0.0018261666176840664,18.270541323532523
Random-WiSARD-dense,Ionosphere,"{""a"": 12, ""bleach"": 1, ""t"": 16}",0.9295774647887324,26372.0,0.0014719414059072733,14.481101263786707
Random-WiSARD-dense,Ionosphere,"{""a"": 32, ""bleach"": 1, ""t"": 32}",0.932394366197183,39097.0,0.0017992916284129024,18.51948450358821
Random-WiSARD-dense,Ionosphere,"{""a"": 12, ""bleach"": 1, ""t"": 32}",0.9352112676056338,50645.0,0.002750775031745434,28.44201755040968
Random-WiSARD-dense,Ionosphere,"{""a"": 8, ""bleach"": 1, ""t"": 64}",0.9492957746478872,82992.0,0.006837591994553804,71.9261719700946
Random-WiSARD-dense,Ionosphere,"{""a"": 8, ""bleach"": 1, ""t"": 128}",0.9492957746478874,165478.0,0.01345136642921716,141.86115496017982
Random-WiSARD-dense,Balance Scale,"{""a"": 2, ""bleach"": 4, ""t"": 2}",0.22399999999999998,233.0,0.0002460666000843048,0.7249984890222549
Random-WiSARD-dense,Balance Scale,"{""a"": 4, ""bleach"": 4, ""t"": 2}",0.5184,325.0,0.00019933320581912994,0.47653447836637497
Random-WiSARD-dense,Balance Scale,"{""a"": 8, ""bleach"": 2, ""t"": 2}",0.7487999999999999,634.0,0.00018106659408658742,0.32146722078323364
Random-WiSARD-dense,Balance Scale,"{""a"": 8, ""bleach"": 4, ""t"": 8}",0.8032,1411.0,0.000286216801032424,0.9824017062783241
Random-WiSARD-dense,Balance Scale,"{""a"": 8, ""bleach"": 3, ""t"": 16}",0.8288,2479.0,0.00042537518311291933,1.827465184032917
Random-WiSARD-dense,Balance Scale,"{""a"": 12, ""bleach"": 4, ""t"": 16}",0.8512000000000001,3418.0,0.00040315838996320965,1.626734435558319
Random-WiSARD-dense,Balance Scale,"{""a"": 8, ""bleach"": 4, ""t"": 32}",0.8720000000000001,4628.0,0.0006990582216531039,3.5399986431002617
Random-WiSARD-dense,Balance Scale,"{""a"": 12, ""bleach"": 3, ""t"": 32}",0.8784000000000001,6047.0,0.0006102165905758738,2.863200008869171
Random-WiSARD-dense,Balance Scale,"{""a"": 8, ""bleach"": 4, ""t"": 64}",0.8928,8975.0,0.0012757332297042012,6.937534734606743
Random-WiSARD-dense,Balance Scale,"{""a"": 4, ""bleach"": 4, ""t"": 128}",0.8944000000000001,12946.0,0.0036867330083623527,21.820668689906597
Random-WiSARD-dense,Balance Scale,"{""a"": 8, ""bleach"": 4, ""t"": 128}",0.9008,17512.0,0.002405508211813867,13.903067447245121
Random-WiSARD-dense,Pima Diabetes,"{""a"": 2, ""bleach"": 1, ""t"": 2}",0.6493506493506493,310.0,0.00040493339765816926,0.8766232481734318
Random-WiSARD-dense,Pima Diabetes,"{""a"": 2, ""bleach"": 2, ""t"": 2}",0.6493506493506493,310.0,0.0004047584254294634,0.8647181940349664
Random-WiSARD-dense,Pima Diabetes,"{""a"": 2, ""bleach"": 3, ""t"": 2}",0.6493506493506493,310.0,0.0003957417793571949,0.8687222763508945
Random-WiSARD-dense,Pima Diabetes,"{""a"": 2, ""bleach"": 4, ""t"": 2}",0.6493506493506493,310.0,0.0003952748142182827,0.8684505902037218
Random-WiSARD-dense,Pima Diabetes,"{""a"": 4, ""bleach"": 2, ""t"": 2}",0.6506493506493507,528.0,0.0003135831793770194,0.5803560813913098
Random-WiSARD-dense,Pima Diabetes,"{""a"": 4, ""bleach"": 4, ""t"": 4}",0.6597402597402597,1030.0,0.000452216574922204,1.0337650340485882
Random-WiSARD-dense,Pima Diabetes,"{""a"": 8, ""bleach"": 4, ""t"": 2}",0.6935064935064936,1681.0,0.0002682087942957878,0.41374277517006003
Random-WiSARD-dense,Pima Diabetes,"{""a"": 8, ""bleach"": 2, ""t"": 4}",0.7012987012987013,2682.0,0.0003574500093236566,0.7214830498900507
Random-WiSARD-dense,Pima Diabetes,"{""a"": 4, ""bleach"": 4, ""t"": 16}",0.7168831168831169,3832.0,0.0011666831793263554,3.8297623154017826
Random-WiSARD-dense,Pima Diabetes,"{""a"": 8, ""bleach"": 4, ""t"": 8}",0.7454545454545454,4738.0,0.0005076834000647068,1.3293845083129097
Random-WiSARD-dense,Pima Diabetes,"{""a"": 4, ""bleach"": 3, ""t"": 64}",0.7545454545454545,14567.0,0.004104966437444091,15.274947962735766
Random-WiSARD-dense,Pima Diabetes,"{""a"": 8, ""bleach"": 2, ""t"": 32}",0.7584415584415585,16364.0,0.0015078333904966711,5.050271283835173
Random-WiSARD-dense,Pima Diabetes,"{""a"": 12, ""bleach"": 2, ""t"": 32}",0.7675324675324674,24753.0,0.0012612247839570046,4.096915522082286
Random-WiSARD-dense,Vehicle,"{""a"": 2, ""bleach"": 4, ""t"": 2}",0.38588235294117645,1322.0,0.0007920834235846996,2.8786765794981926
Random-WiSARD-dense,Vehicle,"{""a"": 4, ""bleach"": 4, ""t"": 2}",0.5670588235294117,1799.0,0.000560175022110343,1.7739705029217638
Random-WiSARD-dense,Vehicle,"{""a"": 8, ""bleach"": 3, ""t"": 2}",0.6270588235294118,3148.0,0.0004605500027537346,1.2530883609810295
Random-WiSARD-dense,Vehicle,"{""a"": 8, ""bleach"": 4, ""t"": 4}",0.6447058823529411,5238.0,0.0006422000005841255,2.093579866649473
Random-WiSARD-dense,Vehicle,"{""a"": 4, ""bleach"": 4, ""t"": 8}",0.6517647058823529,6203.0,0.0015967915998771787,6.541028098367593
Random-WiSARD-dense,Vehicle,"{""a"": 12, ""bleach"": 2, ""t"": 4}",0.6576470588235294,6870.0,0.000542725226841867,1.64304010789184
Random-WiSARD-dense,Vehicle,"{""a"": 8, ""bleach"": 3, ""t"": 8}",0.7023529411764705,9924.0,0.001081033213995397,4.126421340248164
Random-WiSARD-dense,Vehicle,"{""a"": 12, ""bleach"": 1, ""t"": 8}",0.7117647058823529,12692.0,0.0008715250063687563,3.2178445390480404
Random-WiSARD-dense,Vehicle,"{""a"": 8, ""bleach"": 1, ""t"": 16}",0.7188235294117649,18389.0,0.0019000083906576038,8.049117647768819
Random-WiSARD-dense,Vehicle,"{""a"": 4, ""bleach"": 4, ""t"": 32}",0.7247058823529412,23262.0,0.005647658393718303,25.72803881348056
Random-WiSARD-dense,Vehicle,"{""a"": 8, ""bleach"": 1, ""t"": 32}",0.7341176470588235,35333.0,0.0036671582143753766,16.136274070424193
Random-WiSARD-dense,Vehicle,"{""a"": 4, ""bleach"": 2, ""t"": 64}",0.7388235294117648,45485.0,0.011105541791766881,50.99558833000414
Random-WiSARD-dense,Vehicle,"{""a"": 8, ""bleach"": 3, ""t"": 128}",0.74,136249.0,0.014250666392035783,65.39289154769742
Random-WiSARD-dense,Vehicle,"{""a"": 4, ""bleach"": 2, ""t"": 256}",0.7411764705882353,180829.0,0.04382489961571991,206.75230483688853
Random-WiSARD-dense,Vehicle,"{""a"": 8, ""bleach"": 2, ""t"": 256}",0.7482352941176471,271345.0,0.027693458436988293,126.99259760077385
Random-WiSARD-dense,Banknote,"{""a"": 2, ""bleach"": 1, ""t"": 2}",0.5563636363636364,150.0,0.0003205831861123443,0.32166527076201007
Random-WiSARD-dense,Banknote,"{""a"": 2, ""bleach"": 4, ""t"": 2}",0.5563636363636364,150.0,0.00032176696695387366,0.3231818872419271
Random-WiSARD-dense,Banknote,"{""a"": 2, ""bleach"": 3, ""t"": 2}",0.5563636363636364,150.0,0.00031693316996097567,0.322152775796977
Random-WiSARD-dense,Banknote,"{""a"": 2, ""bleach"": 2, ""t"": 2}",0.5563636363636364,150.0,0.00032427499536424875,0.3296661783348431
Random-WiSARD-dense,Banknote,"{""a"": 4, ""bleach"": 3, ""t"": 2}",0.7825454545454545,195.0,0.00028397482819855215,0.2267883921211416
Random-WiSARD-dense,Banknote,"{""a"": 8, ""bleach"": 2, ""t"": 2}",0.941090909090909,332.0,0.0002572583733126521,0.16357597302306784
Random-WiSARD-dense,Banknote,"{""a"": 12, ""bleach"": 3, ""t"": 4}",0.9636363636363636,942.0,0.00032514978665858506,0.30390757390043954
Random-WiSARD-dense,Banknote,"{""a"": 12, ""bleach"": 4, ""t"": 4}",0.9636363636363636,942.0,0.0003273999784141779,0.31657525422898203
Random-WiSARD-dense,Banknote,"{""a"": 16, ""bleach"": 1, ""t"": 4}",0.976,946.0,0.000281616416759789,0.20590915598652576
Random-WiSARD-dense,Banknote,"{""a"": 12, ""bleach"": 3, ""t"": 8}",0.9796363636363636,1334.0,0.0003768165595829487,0.4332415251569315
Random-WiSARD-dense,Banknote,"{""a"": 8, ""bleach"": 4, ""t"": 16}",0.9825454545454546,1727.0,0.0005439081927761435,0.8506662296977912
Random-WiSARD-dense,Banknote,"{""a"": 20, ""bleach"": 1, ""t"": 8}",0.9847272727272728,2013.0,0.00037020836025476457,0.39033303883942694
Random-WiSARD-dense,Banknote,"{""a"": 12, ""bleach"": 1, ""t"": 16}",0.9927272727272728,2559.0,0.0005354751832783222,0.7784241302446886
Random-WiSARD-dense,Banknote,"{""a"": 12, ""bleach"": 3, ""t"": 16}",0.9927272727272728,2559.0,0.0005310499574989081,0.7850610735741528
Random-WiSARD-dense,Banknote,"{""a"": 16, ""bleach"": 1, ""t"": 16}",0.9963636363636363,2835.0,0.0004586000228300691,0.6218800659884105
Random-WiSARD-dense,Banknote,"{""a"": 8, ""bleach"": 4, ""t"": 32}",0.997090909090909,3362.0,0.000885916594415903,1.6533039848912847
Random-WiSARD-dense,Banknote,"{""a"": 20, ""bleach"": 1, ""t"": 16}",0.9978181818181817,4050.0,0.0004958248464390635,0.6934851408004761
Random-WiSARD-dense,Banknote,"{""a"": 12, ""bleach"": 2, ""t"": 32}",0.9985454545454544,4498.0,0.0008173666195943951,1.3734239407561042
Random-WiSARD-dense,Banknote,"{""a"": 16, ""bleach"": 2, ""t"": 32}",0.9992727272727272,5300.0,0.0007147416239604354,1.1678189039230347
Random-WiSARD-dense,Banknote,"{""a"": 16, ""bleach"": 3, ""t"": 32}",0.9992727272727272,5300.0,0.0007159414002671838,1.1757578362118113
Random-WiSARD-dense,Banknote,"{""a"": 24, ""bleach"": 1, ""t"": 64}",1.0,12923.0,0.0011046664090827107,1.9673933698372408
Random-WiSARD-dense,Yeast,"{""a"": 2, ""bleach"": 2, ""t"": 2}",0.3191919191919192,1129.0,0.000927766552194953,1.9244673295002996
Random-WiSARD-dense,Yeast,"{""a"": 4, ""bleach"": 4, ""t"": 2}",0.32053872053872057,1244.0,0.0006603751797229051,1.1296020130868312
Random-WiSARD-dense,Yeast,"{""a"": 8, ""bleach"": 4, ""t"": 2}",0.367003367003367,2058.0,0.0005053082248196005,0.7432659692836531
Random-WiSARD-dense,Yeast,"{""a"": 4, ""bleach"": 4, ""t"": 4}",0.39461279461279464,2442.0,0.0009744084207341075,2.1665266900000346
Random-WiSARD-dense,Yeast,"{""a"": 8, ""bleach"": 4, ""t"": 4}",0.45387205387205387,3510.0,0.000681225024163723,1.3066781841544592
Random-WiSARD-dense,Yeast,"{""a"": 16, ""bleach"": 3, ""t"": 4}",0.4572390572390573,5846.0,0.0005342249991372227,0.8606060285760899
Random-WiSARD-dense,Yeast,"{""a"": 8, ""bleach"": 4, ""t"": 8}",0.48484848484848475,6370.0,0.0010903999907895922,2.590909691195095
Random-WiSARD-dense,Yeast,"{""a"": 12, ""bleach"": 2, ""t"": 8}",0.494949494949495,9633.0,0.0009662663796916604,2.205611429230532
Random-WiSARD-dense,Yeast,"{""a"": 8, ""bleach"": 4, ""t"": 16}",0.5178451178451178,11543.0,0.0018563001649454236,4.993630996481938
Random-WiSARD-dense,Yeast,"{""a"": 12, ""bleach"": 4, ""t"": 16}",0.5434343434343434,15391.0,0.001508300006389618,3.887037119455009
Random-WiSARD-dense,Yeast,"{""a"": 8, ""bleach"": 3, ""t"": 32}",0.5535353535353534,22544.0,0.0034190666163340213,10.04029234701937
Random-WiSARD-dense,Yeast,"{""a"": 12, ""bleach"": 2, ""t"": 32}",0.5797979797979799,29205.0,0.002703733183443546,7.6882431427838425
Random-WiSARD-dense,Yeast,"{""a"": 8, ""bleach"": 3, ""t"": 64}",0.5824915824915825,44410.0,0.006544324615970254,20.057631041917336
Random-WiSARD-dense,Yeast,"{""a"": 12, ""bleach"": 2, ""t"": 64}",0.5872053872053872,56490.0,0.005355391418561339,15.309820208786311
Random-WiSARD-dense,Yeast,"{""a"": 16, ""bleach"": 1, ""t"": 64}",0.5925925925925926,63840.0,0.00405153320170939,11.74927130968683
Random-WiSARD-dense,Yeast,"{""a"": 20, ""bleach"": 1, ""t"": 64}",0.6033670033670033,70303.0,0.0036398418014869094,10.557153641625685
Random-WiSARD-dense,Yeast,"{""a"": 20, ""bleach"": 1, ""t"": 128}",0.604040404040404,135916.0,0.006961441622115672,20.427779162848235
Random-WiSARD-dense,Yeast,"{""a"": 24, ""bleach"": 1, ""t"": 128}",0.6087542087542087,139341.0,0.006118216621689499,17.962766409873563
Random-WiSARD-dense,Yeast,"{""a"": 20, ""bleach"": 1, ""t"": 256}",0.6161616161616161,267253.0,0.013295225170440971,40.65555625403871
Random-WiSARD-dense,Steel Plates,"{""a"": 2, ""bleach"": 4, ""t"": 2}",0.6529562982005142,1104.0,0.001243533007800579,1.7398030432491804
Random-WiSARD-dense,Steel Plates,"{""a"": 2, ""bleach"": 3, ""t"": 2}",0.6529562982005142,1104.0,0.0012328001903370023,1.733697673119126
Random-WiSARD-dense,Steel Plates,"{""a"": 2, ""bleach"": 2, ""t"": 2}",0.6529562982005142,1104.0,0.0012338584056124091,1.719151204571626
Random-WiSARD-dense,Steel Plates,"{""a"": 2, ""bleach"": 1, ""t"": 2}",0.6529562982005142,1104.0,0.00128271640278399,2.1973013719855055
Random-WiSARD-dense,Steel Plates,"{""a"": 4, ""bleach"": 4, ""t"": 2}",0.6642673521850899,1700.0,0.0009190665790811181,1.1291347113665395
Random-WiSARD-dense,Steel Plates,"{""a"": 4, ""bleach"": 4, ""t"": 4}",0.6786632390745502,3200.0,0.0015129497740417718,2.1499147097601683
Random-WiSARD-dense,Steel Plates,"{""a"": 8, ""bleach"": 4, ""t"": 2}",0.7789203084832905,4748.0,0.0007736250059679151,0.8743783042486039
Random-WiSARD-dense,Steel Plates,"{""a"": 8, ""bleach"": 4, ""t"": 4}",0.8056555269922878,8372.0,0.0012049997923895717,1.539653502308924
Random-WiSARD-dense,Steel Plates,"{""a"": 12, ""bleach"": 2, ""t"": 2}",0.8385604113110541,8570.0,0.0006957916310057044,0.7359249933902893
Random-WiSARD-dense,Steel Plates,"{""a"": 16, ""bleach"": 1, ""t"": 2}",0.8688946015424165,13112.0,0.0006828002166002989,0.7067908171401539
Random-WiSARD-dense,Steel Plates,"{""a"": 12, ""bleach"": 3, ""t"": 4}",0.8812339331619536,13786.0,0.0010519333882257342,1.2876395887879604
Random-WiSARD-dense,Steel Plates,"{""a"": 16, ""bleach"": 1, ""t"": 4}",0.9053984575835476,21531.0,0.0010090745985507966,1.1909156941969168
Random-WiSARD-dense,Steel Plates,"{""a"": 16, ""bleach"": 1, ""t"": 8}",0.9223650385604113,35722.0,0.0016935920109972357,2.2102827876614723
Random-WiSARD-dense,Steel Plates,"{""a"": 20, ""bleach"": 1, ""t"": 8}",0.9383033419023136,43537.0,0.0015787664102390408,1.9694087730007184
Random-WiSARD-dense,Steel Plates,"{""a"": 16, ""bleach"": 1, ""t"": 16}",0.9388174807197943,63682.0,0.0029894249979406594,4.215874579905085
Random-WiSARD-dense,Steel Plates,"{""a"": 20, ""bleach"": 1, ""t"": 16}",0.9480719794344473,76886.0,0.002749991975724697,3.842352638092936
Random-WiSARD-dense,Steel Plates,"{""a"": 16, ""bleach"": 1, ""t"": 32}",0.959897172236504,119697.0,0.005568841402418911,8.255719796187007
Random-WiSARD-dense,Steel Plates,"{""a"": 20, ""bleach"": 1, ""t"": 32}",0.970694087403599,143160.0,0.005041708610951901,7.379305390952332
Random-WiSARD-dense,Steel Plates,"{""a"": 20, ""bleach"": 1, ""t"": 64}",0.9768637532133676,280006.0,0.010098149999976158,14.88791827763644
Random-WiSARD-dense,Steel Plates,"{""a"": 24, ""bleach"": 1, ""t"": 128}",0.9820051413881747,600530.0,0.018054824974387883,26.826735688876216
Random-WiSARD-dense,Steel Plates,"{""a"": 20, ""bleach"": 1, ""t"": 256}",0.9830334190231363,1088400.0,0.041041975189000365,60.88500412702943
Random-WiSARD-dense,Segment,"{""a"": 2, ""bleach"": 4, ""t"": 2}",0.5220779220779221,1932.0,0.0018634499981999397,2.5516047819771552
Random-WiSARD-dense,Segment,"{""a"": 4, ""bleach"": 4, ""t"": 2}",0.6363636363636364,2190.0,0.0013057247502729296,1.6359307952386477
Random-WiSARD-dense,Segment,"{""a"": 8, ""bleach"": 4, ""t"": 2}",0.767965367965368,3221.0,0.0009766579838469624,1.0270917651070144
Random-WiSARD-dense,Segment,"{""a"": 2, ""bleach"": 4, ""t"": 4}",0.7692640692640693,3758.0,0.0032319250050932167,4.903805236537735
Random-WiSARD-dense,Segment,"{""a"": 4, ""bleach"": 3, ""t"": 4}",0.8324675324675326,4087.0,0.0020480998093262313,3.0317095821941056
Random-WiSARD-dense,Segment,"{""a"": 12, ""bleach"": 3, ""t"": 2}",0.8584415584415584,5300.0,0.0009439502144232392,0.9781562570014815
Random-WiSARD-dense,Segment,"{""a"": 8, ""bleach"": 4, ""t"": 4}",0.8991341991341992,6218.0,0.0014748170506209135,2.015548963825424
Random-WiSARD-dense,Segment,"{""a"": 12, ""bleach"": 2, ""t"": 4}",0.9086580086580087,8441.0,0.0012778913602232932,1.6366337220390121
Random-WiSARD-dense,Segment,"{""a"": 8, ""bleach"": 3, ""t"": 8}",0.9294372294372295,10571.0,0.002359908213838935,3.7160173897103315
Random-WiSARD-dense,Segment,"{""a"": 12, ""bleach"": 1, ""t"": 8}",0.9398268398268398,14202.0,0.0019521668087691068,2.9265870001505716
Random-WiSARD-dense,Segment,"{""a"": 16, ""bleach"": 1, ""t"": 8}",0.9454545454545455,17083.0,0.001774633233435452,2.4968968881737617
Random-WiSARD-dense,Segment,"{""a"": 20, ""bleach"": 1, ""t"": 8}",0.9467532467532468,19379.0,0.0016723501961678267,2.179040726741929
Random-WiSARD-dense,Segment,"{""a"": 24, ""bleach"": 1, ""t"": 8}",0.9484848484848486,21882.0,0.0015745999990031123,2.06170647981621
Random-WiSARD-dense,Segment,"{""a"": 12, ""bleach"": 1, ""t"": 16}",0.9536796536796537,26559.0,0.0034178836271166802,5.809723014552228
Random-WiSARD-dense,Segment,"{""a"": 16, ""bleach"": 1, ""t"": 16}",0.9593073593073592,31071.0,0.0029493919806554913,4.57920263081918
Random-WiSARD-dense,Segment,"{""a"": 20, ""bleach"": 1, ""t"": 16}",0.9623376623376624,36163.0,0.002729483414441347,4.207502971947581
Random-WiSARD-dense,Segment,"{""a"": 24, ""bleach"": 1, ""t"": 32}",0.9627705627705627,72373.0,0.00456902498845011,7.494823005276196
Random-WiSARD-dense,Segment,"{""a"": 28, ""bleach"": 1, ""t"": 32}",0.9632034632034632,73530.0,0.004265999794006348,6.790367586062456
Random-WiSARD-dense,Segment,"{""a"": 16, ""bleach"": 1, ""t"": 64}",0.964069264069264,112336.0,0.01024964137468487,18.524783522342194
Random-WiSARD-dense,Segment,"{""a"": 20, ""bleach"": 1, ""t"": 64}",0.9653679653679653,126167.0,0.009133283351548015,15.960876563830032
Random-WiSARD-dense,Segment,"{""a"": 28, ""bleach"": 1, ""t"": 64}",0.9675324675324675,142695.0,0.007635457976721227,12.9851544864508
Random-WiSARD-dense,Segment,"{""a"": 24, ""bleach"": 1, ""t"": 128}",0.9688311688311689,269437.0,0.016705883224494754,29.403625965295806
Random-WiSARD-dense,Segment,"{""a"": 28, ""bleach"": 1, ""t"": 128}",0.9696969696969697,282577.0,0.015000866609625518,26.349422070338868
Random-WiSARD-dense,Segment,"{""a"": 28, ""bleach"": 1, ""t"": 256}",0.9701298701298701,560270.0,0.029901841818355025,52.349729457410504
Random-WiSARD-dense,Waveform,"{""a"": 2, ""bleach"": 3, ""t"": 2}",0.343,2389.0,0.003341266978532076,1.9525163806974888
Random-WiSARD-dense,Waveform,"{""a"": 2, ""bleach"": 4, ""t"": 2}",0.343,2389.0,0.0034747331868857146,1.9586252281442285
Random-WiSARD-dense,Waveform,"{""a"": 4, ""bleach"": 4, ""t"": 2}",0.479,4571.0,0.0024333497975021602,1.353075006045401
Random-WiSARD-dense,Waveform,"{""a"": 4, ""bleach"": 4, ""t"": 4}",0.5906,8835.0,0.004151024809107185,2.7172249974682927
Random-WiSARD-dense,Waveform,"{""a"": 4, ""bleach"": 4, ""t"": 8}",0.6564,17052.0,0.007555675180628896,5.227675032801926
Random-WiSARD-dense,Waveform,"{""a"": 8, ""bleach"": 4, ""t"": 2}",0.7343999999999999,23421.0,0.0021094250259920955,1.0862748371437192
Random-WiSARD-dense,Waveform,"{""a"": 8, ""bleach"": 4, ""t"": 4}",0.7654,39285.0,0.003446250013075769,2.0569165935739875
Random-WiSARD-dense,Waveform,"{""a"": 8, ""bleach"": 4, ""t"": 8}",0.7936,68202.0,0.006036291783675552,4.019566369242966
Random-WiSARD-dense,Waveform,"{""a"": 8, ""bleach"": 4, ""t"": 16}",0.8207999999999999,124613.0,0.01140439179725945,7.987358397804201
Random-WiSARD-dense,Waveform,"{""a"": 8, ""bleach"": 4, ""t"": 32}",0.835,237674.0,0.022002224973402918,16.124658612534404
Random-WiSARD-dense,Waveform,"{""a"": 8, ""bleach"": 3, ""t"": 64}",0.8404,455049.0,0.04400544995442033,32.09938339423388
Random-WiSARD-dense,Waveform,"{""a"": 8, ""bleach"": 4, ""t"": 128}",0.8485999999999999,895760.0,0.09196177502162754,63.549683382734656
Random-WiSARD-dense,SatImage,"{""a"": 2, ""bleach"": 4, ""t"": 2}",0.35769828926905134,4114.0,0.005168366571888327,3.0015292360185186
Random-WiSARD-dense,SatImage,"{""a"": 4, ""bleach"": 4, ""t"": 2}",0.5440124416796268,5937.0,0.003546033590100706,2.137914754038975
Random-WiSARD-dense,SatImage,"{""a"": 2, ""bleach"": 4, ""t"": 4}",0.5465007776049767,7787.0,0.009366416605189443,5.93177170360904
Random-WiSARD-dense,SatImage,"{""a"": 4, ""bleach"": 4, ""t"": 4}",0.7,10369.0,0.006013158615678549,4.067664845045627
Random-WiSARD-dense,SatImage,"{""a"": 12, ""bleach"": 4, ""t"": 2}",0.7116640746500777,17590.0,0.002407200005836785,1.1386535192722482
Random-WiSARD-dense,SatImage,"{""a"": 4, ""bleach"": 4, ""t"": 8}",0.7632970451010888,18756.0,0.010827616625465452,7.902047597596054
Random-WiSARD-dense,SatImage,"{""a"": 8, ""bleach"": 4, ""t"": 4}",0.8315707620528772,18998.0,0.004374674754217267,2.7545813607228675
Random-WiSARD-dense,SatImage,"{""a"": 12, ""bleach"": 4, ""t"": 4}",0.8614307931570762,27726.0,0.0038697834359481932,2.227857684308133
Random-WiSARD-dense,SatImage,"{""a"": 16, ""bleach"": 4, ""t"": 4}",0.8670295489891136,35366.0,0.003462300030514598,1.8220580064200593
Random-WiSARD-dense,SatImage,"{""a"": 20, ""bleach"": 2, ""t"": 4}",0.8695178849144636,46079.0,0.0034643166232854127,1.748924416636188
Random-WiSARD-dense,SatImage,"{""a"": 12, ""bleach"": 4, ""t"": 8}",0.8696734059097977,47856.0,0.006438592006452382,4.211074653085941
Random-WiSARD-dense,SatImage,"{""a"": 8, ""bleach"": 4, ""t"": 16}",0.8709175738724728,59563.0,0.014198158425278962,10.235238426349024
Random-WiSARD-dense,SatImage,"{""a"": 20, ""bleach"": 1, ""t"": 8}",0.8799377916018661,75518.0,0.005487591424025595,3.1782724622283625
Random-WiSARD-dense,SatImage,"{""a"": 24, ""bleach"": 1, ""t"": 8}",0.8825816485225506,82354.0,0.004991208598949015,2.6516197394133547
Random-WiSARD-dense,SatImage,"{""a"": 12, ""bleach"": 3, ""t"": 16}",0.8856920684292378,87162.0,0.01171008360106498,8.16056252099446
Random-WiSARD-dense,SatImage,"{""a"": 16, ""bleach"": 2, ""t"": 16}",0.8931570762052876,112531.0,0.010705683403648436,6.962441683574515
Random-WiSARD-dense,SatImage,"{""a"": 24, ""bleach"": 1, ""t"": 16}",0.8970451010886469,152659.0,0.009042466827668249,5.328065181994002
Random-WiSARD-dense,SatImage,"{""a"": 20, ""bleach"": 1, ""t"": 32}",0.8978227060653188,254043.0,0.0183140501845628,11.915208708095143
Random-WiSARD-dense,SatImage,"{""a"": 28, ""bleach"": 1, ""t"": 32}",0.9003110419906687,320434.0,0.016554824984632434,9.773055838875786
Random-WiSARD-dense,SatImage,"{""a"": 20, ""bleach"": 1, ""t"": 64}",0.9009331259720061,495055.0,0.036381349968723956,23.209292374255824
Random-WiSARD-dense,SatImage,"{""a"": 24, ""bleach"": 1, ""t"": 64}",0.9023328149300156,558454.0,0.033926858194172384,20.77796145575483
Random-WiSARD-dense,SatImage,"{""a"": 28, ""bleach"": 1, ""t"": 64}",0.9046656298600311,615355.0,0.03350945001002401,19.103369489457013
Random-WiSARD-dense,SatImage,"{""a"": 32, ""bleach"": 1, ""t"": 64}",0.9066874027993779,651259.0,0.030698041594587267,17.381499486672656
Random-WiSARD-dense,SatImage,"{""a"": 28, ""bleach"": 1, ""t"": 128}",0.9077760497667186,1208900.0,0.07264838318806141,38.708547078808806
Random-WiSARD-dense,SatImage,"{""a"": 28, ""bleach"": 1, ""t"": 256}",0.9087091757387247,2399496.0,0.20923504980746657,85.71445704749199
Random-WiSARD-dense,Pendigits,"{""a"": 2, ""bleach"": 4, ""t"": 2}",0.344974988631196,2775.0,0.0056193914031609895,2.0517546343886073
Random-WiSARD-dense,Pendigits,"{""a"": 4, ""bleach"": 4, ""t"": 2}",0.6659390632105502,3674.0,0.00398663361556828,1.4179361528425176
Random-WiSARD-dense,Pendigits,"{""a"": 4, ""bleach"": 4, ""t"": 4}",0.7678035470668486,6327.0,0.006375233409926295,2.6699900860072754
Random-WiSARD-dense,Pendigits,"{""a"": 8, ""bleach"": 4, ""t"": 2}",0.8582082764893133,6964.0,0.0029747502179816366,0.9814007190810436
Random-WiSARD-dense,Pendigits,"{""a"": 12, ""bleach"": 4, ""t"": 2}",0.8903137789904502,11206.0,0.0029915668070316314,0.9294452968173376
Random-WiSARD-dense,Pendigits,"{""a"": 8, ""bleach"": 4, ""t"": 4}",0.9189631650750341,11218.0,0.004439091845415533,1.8213770664438926
Random-WiSARD-dense,Pendigits,"{""a"": 12, ""bleach"": 3, ""t"": 4}",0.9469758981355161,19407.0,0.004150833352468908,1.6437432308998523
Random-WiSARD-dense,Pendigits,"{""a"": 12, ""bleach"": 3, ""t"": 8}",0.9656207366984993,33031.0,0.006595266819931567,2.967670840253988
Random-WiSARD-dense,Pendigits,"{""a"": 16, ""bleach"": 2, ""t"": 8}",0.9675306957708051,42661.0,0.005690766777843237,2.4436220968004085
Random-WiSARD-dense,Pendigits,"{""a"": 20, ""bleach"": 1, ""t"": 8}",0.9727148703956343,56215.0,0.00567079980392009,2.3244694002369086
Random-WiSARD-dense,Pendigits,"{""a"": 12, ""bleach"": 2, ""t"": 16}",0.9768076398362892,61468.0,0.011235041590407491,5.793019550250654
Random-WiSARD-dense,Pendigits,"{""a"": 16, ""bleach"": 1, ""t"": 16}",0.9816280127330603,78806.0,0.009725950192660093,4.743728126014238
Random-WiSARD-dense,Pendigits,"{""a"": 12, ""bleach"": 1, ""t"": 32}",0.982719417917235,111337.0,0.01982410838827491,10.525466115715805
Random-WiSARD-dense,Pendigits,"{""a"": 16, ""bleach"": 1, ""t"": 32}",0.9861755343337881,144951.0,0.0170689997728914,8.981680944765248
Random-WiSARD-dense,Pendigits,"{""a"": 24, ""bleach"": 1, ""t"": 32}",0.9871759890859482,208344.0,0.016120583401061594,7.468470492539566
Random-WiSARD-dense,Pendigits,"{""a"": 24, ""bleach"": 1, ""t"": 64}",0.9885402455661664,396781.0,0.032497091637924316,14.635857208214764
Random-WiSARD-dense,Pendigits,"{""a"": 28, ""bleach"": 1, ""t"": 128}",0.9887221464301955,861137.0,0.05802349161822349,24.5304078244015
Random-WiSARD-dense,Pendigits,"{""a"": 24, ""bleach"": 1, ""t"": 256}",0.9895407003183265,1541674.0,0.17580585840623825,54.47232068515043
Random-WiSARD-dense,EEG Eye State,"{""a"": 2, ""bleach"": 1, ""t"": 2}",0.5510680907877169,556.0,0.003747291979379952,0.4139408663173862
Random-WiSARD-dense,EEG Eye State,"{""a"": 2, ""bleach"": 2, ""t"": 2}",0.5510680907877169,556.0,0.003725200006738305,0.4150868422701179
Random-WiSARD-dense,EEG Eye State,"{""a"": 2, ""bleach"": 3, ""t"": 2}",0.5510680907877169,556.0,0.0038100417936220766,0.4217873833506543
Random-WiSARD-dense,EEG Eye State,"{""a"": 2, ""bleach"": 4, ""t"": 2}",0.5510680907877169,556.0,0.0037209583912044763,0.41141515897365616
Random-WiSARD-dense,EEG Eye State,"{""a"": 4, ""bleach"": 4, ""t"": 2}",0.5514018691588785,1075.0,0.0031066501745954157,0.3174955204989667
Random-WiSARD-dense,EEG Eye State,"{""a"": 4, ""bleach"": 4, ""t"": 4}",0.5591455273698265,2026.0,0.004555858415551483,0.5830580105032718
Random-WiSARD-dense,EEG Eye State,"{""a"": 4, ""bleach"": 4, ""t"": 8}",0.5662883845126835,3826.0,0.007466458599083126,1.1372244891987864
Random-WiSARD-dense,EEG Eye State,"{""a"": 8, ""bleach"": 4, ""t"": 2}",0.594392523364486,5950.0,0.002994050388224423,0.2991321691882626
Random-WiSARD-dense,EEG Eye State,"{""a"": 8, ""bleach"": 4, ""t"": 4}",0.6273030707610147,8235.0,0.003840024978853762,0.49502382711451426
Random-WiSARD-dense,EEG Eye State,"{""a"": 8, ""bleach"": 4, ""t"": 8}",0.645460614152203,13504.0,0.006035041809082031,0.9065142130785098
Random-WiSARD-dense,EEG Eye State,"{""a"": 12, ""bleach"": 4, ""t"": 2}",0.6572763684913218,17972.0,0.002978799748234451,0.29467622120336234
Random-WiSARD-dense,EEG Eye State,"{""a"": 12, ""bleach"": 4, ""t"": 4}",0.6965954606141522,22884.0,0.0038279248168691994,0.4555323149993996
Random-WiSARD-dense,EEG Eye State,"{""a"": 12, ""bleach"": 4, ""t"": 8}",0.7334445927903872,35650.0,0.0061069749994203445,0.8380451943421953
Random-WiSARD-dense,EEG Eye State,"{""a"": 12, ""bleach"": 4, ""t"": 16}",0.7625500667556742,58903.0,0.009231358440592885,1.5026312405355422
Random-WiSARD-dense,EEG Eye State,"{""a"": 16, ""bleach"": 3, ""t"": 8}",0.7626168224299066,59413.0,0.0053816084051504735,0.6927626029661644
Random-WiSARD-dense,EEG Eye State,"{""a"": 20, ""bleach"": 2, ""t"": 8}",0.7869158878504674,94243.0,0.005446616583503783,0.6661715016430505
Random-WiSARD-dense,EEG Eye State,"{""a"": 16, ""bleach"": 4, ""t"": 16}",0.7967957276368491,102725.0,0.008704533171840011,1.292111678795021
Random-WiSARD-dense,EEG Eye State,"{""a"": 24, ""bleach"": 1, ""t"": 8}",0.8062750333778371,119258.0,0.00512997480109334,0.6139881082640113
Random-WiSARD-dense,EEG Eye State,"{""a"": 20, ""bleach"": 1, ""t"": 16}",0.8229639519359144,159006.0,0.00871444980148226,1.2471017462558278
Random-WiSARD-dense,EEG Eye State,"{""a"": 16, ""bleach"": 2, ""t"": 32}",0.828437917222964,188029.0,0.015208033635281027,2.5094848297765164
Random-WiSARD-dense,EEG Eye State,"{""a"": 24, ""bleach"": 1, ""t"": 16}",0.842056074766355,202550.0,0.00822604161221534,1.1356086087834651
Random-WiSARD-dense,EEG Eye State,"{""a"": 20, ""bleach"": 1, ""t"": 32}",0.8491321762349798,279464.0,0.014889591606333852,2.325030557565063
Random-WiSARD-dense,EEG Eye State,"{""a"": 16, ""bleach"": 2, ""t"": 64}",0.8571428571428571,344982.0,0.02907202481292188,4.957062221792476
Random-WiSARD-dense,EEG Eye State,"{""a"": 24, ""bleach"": 1, ""t"": 32}",0.8684245660881175,359696.0,0.01397478322032839,2.1156430454584005
Random-WiSARD-dense,EEG Eye State,"{""a"": 28, ""bleach"": 1, ""t"": 32}",0.8769692923898532,414700.0,0.013229891611263155,1.9257176183760962
Random-WiSARD-dense,EEG Eye State,"{""a"": 32, ""bleach"": 1, ""t"": 32}",0.8803738317757009,447899.0,0.01269625818822533,1.825470162135299
Random-WiSARD-dense,EEG Eye State,"{""a"": 20, ""bleach"": 1, ""t"": 64}",0.883177570093458,517490.0,0.02789097495842725,4.472221222672567
Random-WiSARD-dense,EEG Eye State,"{""a"": 24, ""bleach"": 1, ""t"": 64}",0.895927903871829,667804.0,0.026686149998568,4.169428708636077
Random-WiSARD-dense,EEG Eye State,"{""a"": 28, ""bleach"": 1, ""t"": 64}",0.9035380507343124,773541.0,0.024820833187550306,3.8030763042939006
Random-WiSARD-dense,EEG Eye State,"{""a"": 32, ""bleach"": 1, ""t"": 64}",0.9091455273698263,847101.0,0.023759508249349894,3.571192261754213
Random-WiSARD-dense,EEG Eye State,"{""a"": 24, ""bleach"": 1, ""t"": 128}",0.9125500667556743,1291528.0,0.05695419162511826,8.358121829390903
Random-WiSARD-dense,EEG Eye State,"{""a"": 28, ""bleach"": 1, ""t"": 128}",0.9196261682242991,1504624.0,0.0542133002076298,7.622279767668215
Random-WiSARD-dense,EEG Eye State,"{""a"": 32, ""bleach"": 1, ""t"": 128}",0.924966622162884,1679155.0,0.05142934999894351,7.198409078510923
Random-WiSARD-dense,EEG Eye State,"{""a"": 24, ""bleach"": 1, ""t"": 256}",0.9255006675567422,2553250.0,0.14441145015880466,16.81984865569195
Random-WiSARD-dense,EEG Eye State,"{""a"": 28, ""bleach"": 1, ""t"": 256}",0.930841121495327,3003169.0,0.1408070831792429,15.514524964720152
Random-WiSARD-dense,EEG Eye State,"{""a"": 32, ""bleach"": 1, ""t"": 256}",0.9351134846461949,3304859.0,0.13997813297901301,14.603677031973277
Random-WiSARD-dense,EEG Eye State,"{""a"": 48, ""bleach"": 1, ""t"": 256}",0.9371161548731642,3442565.0,0.12542574137914925,12.135352665503746
Random-WiSARD-dense,Magic Gamma,"{""a"": 2, ""bleach"": 4, ""t"": 2}",0.6482649842271293,390.0,0.003910899977199733,0.28850988863911536
Random-WiSARD-dense,Magic Gamma,"{""a"": 2, ""bleach"": 3, ""t"": 2}",0.6482649842271293,390.0,0.003977883397601545,0.2936579431010534
Random-WiSARD-dense,Magic Gamma,"{""a"": 2, ""bleach"": 2, ""t"": 2}",0.6482649842271293,390.0,0.003948782989755273,0.2876818035636195
Random-WiSARD-dense,Magic Gamma,"{""a"": 2, ""bleach"": 1, ""t"": 2}",0.6482649842271293,390.0,0.003952091396786273,0.2910840199216338
Random-WiSARD-dense,Magic Gamma,"{""a"": 2, ""bleach"": 3, ""t"": 4}",0.6485804416403785,781.0,0.005498882988467813,0.5343957455509531
Random-WiSARD-dense,Magic Gamma,"{""a"": 4, ""bleach"": 4, ""t"": 4}",0.6521030494216614,1320.0,0.004534591385163367,0.41401377055484545
Random-WiSARD-dense,Magic Gamma,"{""a"": 4, ""bleach"": 4, ""t"": 8}",0.6730809674027339,2612.0,0.006877833604812622,0.7855218098734894
Random-WiSARD-dense,Magic Gamma,"{""a"": 8, ""bleach"": 4, ""t"": 2}",0.6919032597266035,3669.0,0.0031034833984449504,0.21859221738203968
Random-WiSARD-dense,Magic Gamma,"{""a"": 8, ""bleach"": 4, ""t"": 4}",0.7152471083070452,4925.0,0.003766099805943668,0.32659700349929077
Random-WiSARD-dense,Magic Gamma,"{""a"": 8, ""bleach"": 4, ""t"": 8}",0.7435856992639327,8620.0,0.005691533396020532,0.6265597298964624
Random-WiSARD-dense,Magic Gamma,"{""a"": 8, ""bleach"": 4, ""t"": 16}",0.7791272344900105,14548.0,0.009027633210644126,1.1652515190981572
Random-WiSARD-dense,Magic Gamma,"{""a"": 12, ""bleach"": 4, ""t"": 8}",0.7922712933753943,20620.0,0.005480033624917269,0.5638538286889013
Random-WiSARD-dense,Magic Gamma,"{""a"": 8, ""bleach"": 4, ""t"": 32}",0.8101472134595162,28124.0,0.01566017521545291,2.262443011493415
Random-WiSARD-dense,Magic Gamma,"{""a"": 12, ""bleach"": 4, ""t"": 16}",0.810515247108307,34601.0,0.008728241617791354,1.0527843843507025
Random-WiSARD-dense,Magic Gamma,"{""a"": 8, ""bleach"": 4, ""t"": 64}",0.8232386961093585,53450.0,0.02890189182944596,4.392396162883952
Random-WiSARD-dense,Magic Gamma,"{""a"": 12, ""bleach"": 4, ""t"": 32}",0.8339116719242903,65522.0,0.014622266590595245,2.0680555164986356
Random-WiSARD-dense,Magic Gamma,"{""a"": 8, ""bleach"": 4, ""t"": 128}",0.8398527865404837,106938.0,0.06058285823091865,8.841579015876952
Random-WiSARD-dense,Magic Gamma,"{""a"": 12, ""bleach"": 4, ""t"": 64}",0.842534174553102,119783.0,0.027389200031757356,3.892207737585097
Random-WiSARD-dense,Magic Gamma,"{""a"": 16, ""bleach"": 4, ""t"": 64}",0.8499474237644584,208585.0,0.024815424997359514,3.412552575750196
Random-WiSARD-dense,Magic Gamma,"{""a"": 8, ""bleach"": 4, ""t"": 256}",0.8521556256572029,212183.0,0.14293990000151097,17.900490741853595
Random-WiSARD-dense,Magic Gamma,"{""a"": 12, ""bleach"": 4, ""t"": 128}",0.8526813880126183,233605.0,0.05630452521145344,7.684518440874326
Random-WiSARD-dense,Magic Gamma,"{""a"": 20, ""bleach"": 2, ""t"": 64}",0.8531019978969507,317769.0,0.02420580815523863,3.0627388560500086
Random-WiSARD-dense,Magic Gamma,"{""a"": 16, ""bleach"": 2, ""t"": 128}",0.8591482649842271,410350.0,0.051796999969519676,6.764511092782381
Random-WiSARD-dense,Magic Gamma,"{""a"": 12, ""bleach"": 3, ""t"": 256}",0.8615141955835961,458854.0,0.13319447520188987,15.487296266342218
Random-WiSARD-dense,Magic Gamma,"{""a"": 16, ""bleach"": 3, ""t"": 256}",0.8666666666666666,806598.0,0.1269197333836928,13.647982332861341
Random-WiSARD-dense,Magic Gamma,"{""a"": 20, ""bleach"": 2, ""t"": 256}",0.8675078864353314,1210055.0,0.12407400023657829,12.41393049700983
Random-WiSARD-dense,Magic Gamma,"{""a"": 20, ""bleach"": 1, ""t"": 256}",0.8675078864353314,1210055.0,0.123902049777098,12.617534180499856
Random-WiSARD-dense,Magic Gamma,"{""a"": 24, ""bleach"": 1, ""t"": 256}",0.8684016824395373,1582318.0,0.12162441681139172,11.66781019953155
Random-WiSARD-dense,Letter Recognition,"{""a"": 2, ""bleach"": 4, ""t"": 2}",0.08954999999999999,7898.0,0.013874566624872386,4.249995859572664
Random-WiSARD-dense,Letter Recognition,"{""a"": 4, ""bleach"": 4, ""t"": 2}",0.21494999999999997,11721.0,0.008719141618348658,3.1715375022031367
Random-WiSARD-dense,Letter Recognition,"{""a"": 4, ""bleach"": 4, ""t"": 4}",0.39665,20690.0,0.015379699994809926,5.990712600760162
Random-WiSARD-dense,Letter Recognition,"{""a"": 8, ""bleach"": 4, ""t"": 2}",0.5121,25917.0,0.006124300207011402,2.287706302013248
Random-WiSARD-dense,Letter Recognition,"{""a"": 4, ""bleach"": 4, ""t"": 8}",0.54175,39714.0,0.028537558345124125,11.664310400374234
Random-WiSARD-dense,Letter Recognition,"{""a"": 12, ""bleach"": 3, ""t"": 2}",0.59225,41315.0,0.005371716408990324,1.978485396830365
Random-WiSARD-dense,Letter Recognition,"{""a"": 8, ""bleach"": 4, ""t"": 4}",0.6668499999999999,41457.0,0.009959116810932755,4.256883350899443
Random-WiSARD-dense,Letter Recognition,"{""a"": 12, ""bleach"": 2, ""t"": 4}",0.7565000000000001,71599.0,0.008766549988649786,3.7607062549795955
Random-WiSARD-dense,Letter Recognition,"{""a"": 8, ""bleach"": 4, ""t"": 8}",0.7696999999999999,76481.0,0.017476249812170865,8.226466702762991
Random-WiSARD-dense,Letter Recognition,"{""a"": 16, ""bleach"": 1, ""t"": 4}",0.78545,80567.0,0.007024091971106827,2.7520666946657
Random-WiSARD-dense,Letter Recognition,"{""a"": 20, ""bleach"": 1, ""t"": 4}",0.8028000000000001,108776.0,0.00733825818169862,2.885691705159843
Random-WiSARD-dense,Letter Recognition,"{""a"": 12, ""bleach"": 2, ""t"": 8}",0.83435,120261.0,0.014291991805657744,6.661620805971324
Random-WiSARD-dense,Letter Recognition,"{""a"": 16, ""bleach"": 1, ""t"": 8}",0.85975,146662.0,0.01203309977427125,5.4886500001885
Random-WiSARD-dense,Letter Recognition,"{""a"": 20, ""bleach"": 1, ""t"": 8}",0.8632,175280.0,0.011293524992652237,4.964837443549186
Random-WiSARD-dense,Letter Recognition,"{""a"": 12, ""bleach"": 2, ""t"": 16}",0.8809999999999999,206347.0,0.025902258208952846,12.984941597096622
Random-WiSARD-dense,Letter Recognition,"{""a"": 16, ""bleach"": 1, ""t"": 16}",0.90485,250107.0,0.02118379161693156,10.323247901396826
Random-WiSARD-dense,Letter Recognition,"{""a"": 20, ""bleach"": 1, ""t"": 16}",0.91225,290803.0,0.01908709143754095,9.047774993814528
Random-WiSARD-dense,Letter Recognition,"{""a"": 12, ""bleach"": 1, ""t"": 32}",0.9152000000000001,383864.0,0.04797373318579048,24.900210392661393
Random-WiSARD-dense,Letter Recognition,"{""a"": 16, ""bleach"": 1, ""t"": 32}",0.9314,476741.0,0.04000469159800559,20.3481666976586
Random-WiSARD-dense,Letter Recognition,"{""a"": 20, ""bleach"": 1, ""t"": 32}",0.93415,551011.0,0.03583114200737327,17.610193754080683
Random-WiSARD-dense,Letter Recognition,"{""a"": 16, ""bleach"": 1, ""t"": 64}",0.9398500000000001,918856.0,0.08170056680683047,40.54372914833948
Random-WiSARD-dense,Letter Recognition,"{""a"": 20, ""bleach"": 1, ""t"": 64}",0.9445,1059962.0,0.07243698320817202,35.19942290149629
Random-WiSARD-dense,Letter Recognition,"{""a"": 24, ""bleach"": 1, ""t"": 64}",0.9449,1130724.0,0.06499454998411239,30.672829202376306
Random-WiSARD-dense,Letter Recognition,"{""a"": 16, ""bleach"": 1, ""t"": 128}",0.94755,1806113.0,0.18823314162436872,82.03227915219031
Random-WiSARD-dense,Letter Recognition,"{""a"": 20, ""bleach"": 1, ""t"": 128}",0.9492499999999999,2079432.0,0.1665784165961668,70.5808833008632
Random-WiSARD-dense,Letter Recognition,"{""a"": 16, ""bleach"": 1, ""t"": 256}",0.9500500000000001,3573488.0,0.45740568297915163,166.67415209230967
Random-WiSARD-dense,Letter Recognition,"{""a"": 20, ""bleach"": 1, ""t"": 256}",0.9521,4092329.0,0.42485461658798157,143.0287416500505
Random-WiSARD-dense,Letter Recognition,"{""a"": 24, ""bleach"": 1, ""t"": 256}",0.9536,4384841.0,0.39238795863930137,126.0559750488028
Random-WiSARD-cuckoo,Iris,"{""a"": 8, ""bleach"": 2, ""t"": 2}",0.8666666666666668,24.6,0.00011979138944298028,1.0155607014894485
Random-WiSARD-cuckoo,Iris,"{""a"": 4, ""bleach"": 2, ""t"": 2}",0.9666666666666668,25.2,0.00014353340957313777,1.5380528445045152
Random-WiSARD-cuckoo,Wine,"{""a"": 2, ""bleach"": 4, ""t"": 2}",0.9055555555555556,134.6,0.0003601165721192956,6.094906711950898
Random-WiSARD-cuckoo,Wine,"{""a"": 4, ""bleach"": 4, ""t"": 2}",0.9333333333333333,175.2,0.0002614415949210525,3.897456917911768
Random-WiSARD-cuckoo,Wine,"{""a"": 2, ""bleach"": 3, ""t"": 4}",0.9722222222222221,254.2,0.0006187336053699255,11.778938480549389
Random-WiSARD-cuckoo,Wine,"{""a"": 2, ""bleach"": 1, ""t"": 16}",0.9777777777777779,968.0,0.0021244916366413235,46.6138945840713
Random-WiSARD-cuckoo,Wine,"{""a"": 2, ""bleach"": 2, ""t"": 16}",0.9777777777777779,968.0,0.0021079497877508403,46.96179983309573
Random-WiSARD-cuckoo,Wine,"{""a"": 2, ""bleach"": 3, ""t"": 16}",0.9777777777777779,968.0,0.002122817002236843,46.8543950571782
Random-WiSARD-cuckoo,Wine,"{""a"": 4, ""bleach"": 3, ""t"": 16}",0.9833333333333334,1067.8,0.0012409084476530552,26.221300423559217
Random-WiSARD-cuckoo,Wine,"{""a"": 8, ""bleach"": 1, ""t"": 16}",0.9888888888888889,1389.8,0.0007862666388973594,15.877772562412753
Random-WiSARD-cuckoo,Breast Cancer,"{""a"": 2, ""bleach"": 4, ""t"": 2}",0.9017543859649123,239.6,0.0006985165644437074,3.6202489578148778
Random-WiSARD-cuckoo,Breast Cancer,"{""a"": 4, ""bleach"": 4, ""t"": 2}",0.9456140350877191,365.6,0.0004898833809420467,2.297298092264355
Random-WiSARD-cuckoo,Breast Cancer,"{""a"": 8, ""bleach"": 3, ""t"": 2}",0.9508771929824562,813.6,0.0003950000274926424,1.5996351609365982
Random-WiSARD-cuckoo,Breast Cancer,"{""a"": 4, ""bleach"": 3, ""t"": 8}",0.9543859649122807,1242.0,0.0014780000085011125,8.593566650361344
Random-WiSARD-cuckoo,Breast Cancer,"{""a"": 4, ""bleach"": 4, ""t"": 8}",0.9543859649122807,1242.0,0.0014872583793476223,8.55796500681001
Random-WiSARD-cuckoo,Breast Cancer,"{""a"": 4, ""bleach"": 2, ""t"": 16}",0.956140350877193,2377.8,0.0027843749849125743,16.88735424786022
Random-WiSARD-cuckoo,Breast Cancer,"{""a"": 4, ""bleach"": 3, ""t"": 16}",0.956140350877193,2377.8,0.002829708415083587,17.04473816381212
Random-WiSARD-cuckoo,Breast Cancer,"{""a"": 4, ""bleach"": 2, ""t"": 64}",0.9578947368421054,9143.2,0.010667633218690752,67.20818959078507
Random-WiSARD-cuckoo,Breast Cancer,"{""a"": 4, ""bleach"": 1, ""t"": 128}",0.9614035087719298,18148.8,0.021038200007751584,132.93735601269364
Random-WiSARD-cuckoo,Seeds,"{""a"": 2, ""bleach"": 4, ""t"": 2}",0.8476190476190476,61.6,0.00023653358221054077,3.0045630410313606
Random-WiSARD-cuckoo,Seeds,"{""a"": 4, ""bleach"": 4, ""t"": 2}",0.8714285714285713,69.0,0.00019486621022224426,1.9831338986044837
Random-WiSARD-cuckoo,Seeds,"{""a"": 8, ""bleach"": 4, ""t"": 2}",0.8857142857142858,76.4,0.0001592832151800394,1.3295566618797325
Random-WiSARD-cuckoo,Seeds,"{""a"": 12, ""bleach"": 1, ""t"": 4}",0.9047619047619048,184.8,0.00019095819443464278,1.9097235053777695
Random-WiSARD-cuckoo,Seeds,"{""a"": 16, ""bleach"": 1, ""t"": 8}",0.9380952380952381,340.8,0.00024226680397987366,2.962105818802402
Random-WiSARD-cuckoo,Glass,"{""a"": 2, ""bleach"": 4, ""t"": 2}",0.5581395348837209,174.0,0.00044752522371709346,6.316092168522435
Random-WiSARD-cuckoo,Glass,"{""a"": 4, ""bleach"": 3, ""t"": 2}",0.6418604651162791,191.0,0.0003191418014466763,3.9046516555339794
Random-WiSARD-cuckoo,Glass,"{""a"": 16, ""bleach"": 1, ""t"": 4}",0.6558139534883722,396.8,0.00027164982166141274,3.188762943758521
Random-WiSARD-cuckoo,Glass,"{""a"": 8, ""bleach"": 1, ""t"": 4}",0.6883720930232557,398.0,0.000338525022380054,4.319967377151167
Random-WiSARD-cuckoo,Glass,"{""a"": 12, ""bleach"": 1, ""t"": 8}",0.7116279069767442,614.4,0.0003976999782025814,5.574613744609578
Random-WiSARD-cuckoo,Glass,"{""a"": 16, ""bleach"": 1, ""t"": 16}",0.7209302325581395,1073.0,0.0005735916085541249,8.989153104985869
Random-WiSARD-cuckoo,Glass,"{""a"": 12, ""bleach"": 1, ""t"": 16}",0.7348837209302326,1165.2,0.0006719582015648484,10.846897981367833
Random-WiSARD-cuckoo,Glass,"{""a"": 20, ""bleach"": 1, ""t"": 32}",0.7395348837209302,1978.2,0.000942000187933445,15.972093354130902
Random-WiSARD-cuckoo,Glass,"{""a"": 12, ""bleach"": 1, ""t"": 32}",0.7534883720930232,2286.0,0.001237766840495169,21.720354358643988
Random-WiSARD-cuckoo,Glass,"{""a"": 24, ""bleach"": 1, ""t"": 128}",0.7627906976744185,6759.4,0.002923258417285979,53.823260633751396
Random-WiSARD-cuckoo,Glass,"{""a"": 20, ""bleach"": 1, ""t"": 128}",0.7674418604651163,7522.4,0.003305766824632883,60.64554394850897
Random-WiSARD-cuckoo,Haberman,"{""a"": 2, ""bleach"": 1, ""t"": 2}",0.7419354838709677,24.6,0.00015699982177466154,0.7943576952863124
Random-WiSARD-cuckoo,Haberman,"{""a"": 2, ""bleach"": 2, ""t"": 2}",0.7419354838709677,24.6,0.00016619183588773012,0.8520193307870819
Random-WiSARD-cuckoo,Haberman,"{""a"": 2, ""bleach"": 3, ""t"": 2}",0.7419354838709677,24.6,0.00016109999269247054,0.7939513682598067
Random-WiSARD-cuckoo,Haberman,"{""a"": 2, ""bleach"": 4, ""t"": 2}",0.7419354838709677,24.6,0.00017487497534602882,0.8697583971004332
Random-WiSARD-cuckoo,Haberman,"{""a"": 4, ""bleach"": 2, ""t"": 16}",0.7483870967741936,225.4,0.00033420820254832507,2.9309164552438647
Random-WiSARD-cuckoo,Ecoli,"{""a"": 4, ""bleach"": 4, ""t"": 2}",0.7705882352941177,116.2,0.00034124180674552915,2.6539265972507353
Random-WiSARD-cuckoo,Ecoli,"{""a"": 4, ""bleach"": 2, ""t"": 4}",0.8058823529411765,199.8,0.00047198319807648657,4.41997339401175
Random-WiSARD-cuckoo,Ecoli,"{""a"": 8, ""bleach"": 4, ""t"": 8}",0.823529411764706,376.4,0.0005129083758220077,4.913844168186188
Random-WiSARD-cuckoo,Ecoli,"{""a"": 8, ""bleach"": 2, ""t"": 16}",0.8411764705882353,725.6,0.0008716834243386983,9.523406419355203
Random-WiSARD-cuckoo,Ecoli,"{""a"": 8, ""bleach"": 3, ""t"": 16}",0.8411764705882353,725.6,0.0008932499913498759,9.76359998971662
Random-WiSARD-cuckoo,Ecoli,"{""a"": 8, ""bleach"": 2, ""t"": 32}",0.8705882352941178,1409.4,0.0016373666003346443,19.038114217383896
Random-WiSARD-cuckoo,Ionosphere,"{""a"": 2, ""bleach"": 4, ""t"": 2}",0.38591549295774646,265.8,0.0006596251856535673,6.266312450695206
Random-WiSARD-cuckoo,Ionosphere,"{""a"": 4, ""bleach"": 4, ""t"": 2}",0.808450704225352,434.6,0.0004488666076213121,3.737907423834566
Random-WiSARD-cuckoo,Ionosphere,"{""a"": 4, ""bleach"": 4, ""t"": 4}",0.8112676056338028,785.0,0.0007837083889171481,7.288617042588515
Random-WiSARD-cuckoo,Ionosphere,"{""a"": 8, ""bleach"": 2, ""t"": 2}",0.8563380281690142,897.2,0.00035802500788122414,2.6569236069917683
Random-WiSARD-cuckoo,Ionosphere,"{""a"": 12, ""bleach"": 3, ""t"": 2}",0.8845070422535212,981.8,0.0002904500113800168,2.0334451183886597
Random-WiSARD-cuckoo,Ionosphere,"{""a"": 8, ""bleach"": 1, ""t"": 4}",0.9014084507042254,1458.8,0.0005392250139266252,4.711622555910703
Random-WiSARD-cuckoo,Ionosphere,"{""a"": 16, ""bleach"": 3, ""t"": 4}",0.904225352112676,1671.6,0.0004172832006588578,3.4097437812408935
Random-WiSARD-cuckoo,Ionosphere,"{""a"": 24, ""bleach"": 2, ""t"": 8}",0.923943661971831,2723.4,0.0006139422301203012,5.596600026941635
Random-WiSARD-cuckoo,Ionosphere,"{""a"": 8, ""bleach"": 1, ""t"": 16}",0.9267605633802816,4614.0,0.0018261666176840664,18.270541323532523
Random-WiSARD-cuckoo,Ionosphere,"{""a"": 12, ""bleach"": 1, ""t"": 16}",0.9295774647887324,5551.6,0.0014719414059072733,14.481101263786707
Random-WiSARD-cuckoo,Ionosphere,"{""a"": 32, ""bleach"": 1, ""t"": 32}",0.932394366197183,8230.6,0.0017992916284129024,18.51948450358821
Random-WiSARD-cuckoo,Ionosphere,"{""a"": 12, ""bleach"": 1, ""t"": 32}",0.9352112676056338,10661.6,0.002750775031745434,28.44201755040968
Random-WiSARD-cuckoo,Ionosphere,"{""a"": 8, ""bleach"": 1, ""t"": 64}",0.9492957746478872,17471.6,0.006837591994553804,71.9261719700946
Random-WiSARD-cuckoo,Ionosphere,"{""a"": 8, ""bleach"": 1, ""t"": 128}",0.9492957746478874,34837.2,0.01345136642921716,141.86115496017982
Random-WiSARD-cuckoo,Balance Scale,"{""a"": 2, ""bleach"": 4, ""t"": 2}",0.22399999999999998,48.6,0.0002460666000843048,0.7249984890222549
Random-WiSARD-cuckoo,Balance Scale,"{""a"": 4, ""bleach"": 4, ""t"": 2}",0.5184,68.0,0.00019933320581912994,0.47653447836637497
Random-WiSARD-cuckoo,Balance Scale,"{""a"": 8, ""bleach"": 2, ""t"": 2}",0.7487999999999999,132.8,0.00018106659408658742,0.32146722078323364
Random-WiSARD-cuckoo,Balance Scale,"{""a"": 8, ""bleach"": 4, ""t"": 8}",0.8032,296.4,0.000286216801032424,0.9824017062783241
Random-WiSARD-cuckoo,Balance Scale,"{""a"": 8, ""bleach"": 3, ""t"": 16}",0.8288,521.6,0.00042537518311291933,1.827465184032917
Random-WiSARD-cuckoo,Balance Scale,"{""a"": 12, ""bleach"": 4, ""t"": 16}",0.8512000000000001,719.0,0.00040315838996320965,1.626734435558319
Random-WiSARD-cuckoo,Balance Scale,"{""a"": 8, ""bleach"": 4, ""t"": 32}",0.8720000000000001,974.0,0.0006990582216531039,3.5399986431002617
Random-WiSARD-cuckoo,Balance Scale,"{""a"": 12, ""bleach"": 3, ""t"": 32}",0.8784000000000001,1272.6,0.0006102165905758738,2.863200008869171
Random-WiSARD-cuckoo,Balance Scale,"{""a"": 8, ""bleach"": 4, ""t"": 64}",0.8928,1889.0,0.0012757332297042012,6.937534734606743
Random-WiSARD-cuckoo,Balance Scale,"{""a"": 4, ""bleach"": 4, ""t"": 128}",0.8944000000000001,2725.2,0.0036867330083623527,21.820668689906597
Random-WiSARD-cuckoo,Balance Scale,"{""a"": 8, ""bleach"": 4, ""t"": 128}",0.9008,3686.4,0.002405508211813867,13.903067447245121
Random-WiSARD-cuckoo,Pima Diabetes,"{""a"": 2, ""bleach"": 1, ""t"": 2}",0.6493506493506493,65.0,0.00040493339765816926,0.8766232481734318
Random-WiSARD-cuckoo,Pima Diabetes,"{""a"": 2, ""bleach"": 2, ""t"": 2}",0.6493506493506493,65.0,0.0004047584254294634,0.8647181940349664
Random-WiSARD-cuckoo,Pima Diabetes,"{""a"": 2, ""bleach"": 3, ""t"": 2}",0.6493506493506493,65.0,0.0003957417793571949,0.8687222763508945
Random-WiSARD-cuckoo,Pima Diabetes,"{""a"": 2, ""bleach"": 4, ""t"": 2}",0.6493506493506493,65.0,0.0003952748142182827,0.8684505902037218
Random-WiSARD-cuckoo,Pima Diabetes,"{""a"": 4, ""bleach"": 2, ""t"": 2}",0.6506493506493507,110.6,0.0003135831793770194,0.5803560813913098
Random-WiSARD-cuckoo,Pima Diabetes,"{""a"": 4, ""bleach"": 4, ""t"": 4}",0.6597402597402597,216.2,0.000452216574922204,1.0337650340485882
Random-WiSARD-cuckoo,Pima Diabetes,"{""a"": 8, ""bleach"": 4, ""t"": 2}",0.6935064935064936,353.4,0.0002682087942957878,0.41374277517006003
Random-WiSARD-cuckoo,Pima Diabetes,"{""a"": 8, ""bleach"": 2, ""t"": 4}",0.7012987012987013,564.0,0.0003574500093236566,0.7214830498900507
Random-WiSARD-cuckoo,Pima Diabetes,"{""a"": 4, ""bleach"": 4, ""t"": 16}",0.7168831168831169,806.4,0.0011666831793263554,3.8297623154017826
Random-WiSARD-cuckoo,Pima Diabetes,"{""a"": 8, ""bleach"": 4, ""t"": 8}",0.7454545454545454,996.8,0.0005076834000647068,1.3293845083129097
Random-WiSARD-cuckoo,Pima Diabetes,"{""a"": 4, ""bleach"": 3, ""t"": 64}",0.7545454545454545,3066.2,0.004104966437444091,15.274947962735766
Random-WiSARD-cuckoo,Pima Diabetes,"{""a"": 8, ""bleach"": 2, ""t"": 32}",0.7584415584415585,3444.4,0.0015078333904966711,5.050271283835173
Random-WiSARD-cuckoo,Pima Diabetes,"{""a"": 12, ""bleach"": 2, ""t"": 32}",0.7675324675324674,5210.8,0.0012612247839570046,4.096915522082286
Random-WiSARD-cuckoo,Vehicle,"{""a"": 2, ""bleach"": 4, ""t"": 2}",0.38588235294117645,278.0,0.0007920834235846996,2.8786765794981926
Random-WiSARD-cuckoo,Vehicle,"{""a"": 4, ""bleach"": 4, ""t"": 2}",0.5670588235294117,378.4,0.000560175022110343,1.7739705029217638
Random-WiSARD-cuckoo,Vehicle,"{""a"": 8, ""bleach"": 3, ""t"": 2}",0.6270588235294118,662.2,0.0004605500027537346,1.2530883609810295
Random-WiSARD-cuckoo,Vehicle,"{""a"": 8, ""bleach"": 4, ""t"": 4}",0.6447058823529411,1102.2,0.0006422000005841255,2.093579866649473
Random-WiSARD-cuckoo,Vehicle,"{""a"": 4, ""bleach"": 4, ""t"": 8}",0.6517647058823529,1305.4,0.0015967915998771787,6.541028098367593
Random-WiSARD-cuckoo,Vehicle,"{""a"": 12, ""bleach"": 2, ""t"": 4}",0.6576470588235294,1446.0,0.000542725226841867,1.64304010789184
Random-WiSARD-cuckoo,Vehicle,"{""a"": 8, ""bleach"": 3, ""t"": 8}",0.7023529411764705,2089.0,0.001081033213995397,4.126421340248164
Random-WiSARD-cuckoo,Vehicle,"{""a"": 12, ""bleach"": 1, ""t"": 8}",0.7117647058823529,2671.6,0.0008715250063687563,3.2178445390480404
Random-WiSARD-cuckoo,Vehicle,"{""a"": 8, ""bleach"": 1, ""t"": 16}",0.7188235294117649,3870.6,0.0019000083906576038,8.049117647768819
Random-WiSARD-cuckoo,Vehicle,"{""a"": 4, ""bleach"": 4, ""t"": 32}",0.7247058823529412,4897.2,0.005647658393718303,25.72803881348056
Random-WiSARD-cuckoo,Vehicle,"{""a"": 8, ""bleach"": 1, ""t"": 32}",0.7341176470588235,7438.0,0.0036671582143753766,16.136274070424193
Random-WiSARD-cuckoo,Vehicle,"{""a"": 4, ""bleach"": 2, ""t"": 64}",0.7388235294117648,9575.2,0.011105541791766881,50.99558833000414
Random-WiSARD-cuckoo,Vehicle,"{""a"": 8, ""bleach"": 3, ""t"": 128}",0.74,28683.4,0.014250666392035783,65.39289154769742
Random-WiSARD-cuckoo,Vehicle,"{""a"": 4, ""bleach"": 2, ""t"": 256}",0.7411764705882353,38069.0,0.04382489961571991,206.75230483688853
Random-WiSARD-cuckoo,Vehicle,"{""a"": 8, ""bleach"": 2, ""t"": 256}",0.7482352941176471,57124.8,0.027693458436988293,126.99259760077385
Random-WiSARD-cuckoo,Banknote,"{""a"": 2, ""bleach"": 1, ""t"": 2}",0.5563636363636364,31.0,0.0003205831861123443,0.32166527076201007
Random-WiSARD-cuckoo,Banknote,"{""a"": 2, ""bleach"": 4, ""t"": 2}",0.5563636363636364,31.0,0.00032176696695387366,0.3231818872419271
Random-WiSARD-cuckoo,Banknote,"{""a"": 2, ""bleach"": 3, ""t"": 2}",0.5563636363636364,31.0,0.00031693316996097567,0.322152775796977
Random-WiSARD-cuckoo,Banknote,"{""a"": 2, ""bleach"": 2, ""t"": 2}",0.5563636363636364,31.0,0.00032427499536424875,0.3296661783348431
Random-WiSARD-cuckoo,Banknote,"{""a"": 4, ""bleach"": 3, ""t"": 2}",0.7825454545454545,40.8,0.00028397482819855215,0.2267883921211416
Random-WiSARD-cuckoo,Banknote,"{""a"": 8, ""bleach"": 2, ""t"": 2}",0.941090909090909,69.4,0.0002572583733126521,0.16357597302306784
Random-WiSARD-cuckoo,Banknote,"{""a"": 12, ""bleach"": 3, ""t"": 4}",0.9636363636363636,197.8,0.00032514978665858506,0.30390757390043954
Random-WiSARD-cuckoo,Banknote,"{""a"": 12, ""bleach"": 4, ""t"": 4}",0.9636363636363636,197.8,0.0003273999784141779,0.31657525422898203
Random-WiSARD-cuckoo,Banknote,"{""a"": 16, ""bleach"": 1, ""t"": 4}",0.976,198.6,0.000281616416759789,0.20590915598652576
Random-WiSARD-cuckoo,Banknote,"{""a"": 12, ""bleach"": 3, ""t"": 8}",0.9796363636363636,280.4,0.0003768165595829487,0.4332415251569315
Random-WiSARD-cuckoo,Banknote,"{""a"": 8, ""bleach"": 4, ""t"": 16}",0.9825454545454546,363.0,0.0005439081927761435,0.8506662296977912
Random-WiSARD-cuckoo,Banknote,"{""a"": 20, ""bleach"": 1, ""t"": 8}",0.9847272727272728,423.2,0.00037020836025476457,0.39033303883942694
Random-WiSARD-cuckoo,Banknote,"{""a"": 12, ""bleach"": 1, ""t"": 16}",0.9927272727272728,538.2,0.0005354751832783222,0.7784241302446886
Random-WiSARD-cuckoo,Banknote,"{""a"": 12, ""bleach"": 3, ""t"": 16}",0.9927272727272728,538.2,0.0005310499574989081,0.7850610735741528
Random-WiSARD-cuckoo,Banknote,"{""a"": 16, ""bleach"": 1, ""t"": 16}",0.9963636363636363,596.6,0.0004586000228300691,0.6218800659884105
Random-WiSARD-cuckoo,Banknote,"{""a"": 8, ""bleach"": 4, ""t"": 32}",0.997090909090909,707.4,0.000885916594415903,1.6533039848912847
Random-WiSARD-cuckoo,Banknote,"{""a"": 20, ""bleach"": 1, ""t"": 16}",0.9978181818181817,852.0,0.0004958248464390635,0.6934851408004761
Random-WiSARD-cuckoo,Banknote,"{""a"": 12, ""bleach"": 2, ""t"": 32}",0.9985454545454544,946.4,0.0008173666195943951,1.3734239407561042
Random-WiSARD-cuckoo,Banknote,"{""a"": 16, ""bleach"": 2, ""t"": 32}",0.9992727272727272,1115.4,0.0007147416239604354,1.1678189039230347
Random-WiSARD-cuckoo,Banknote,"{""a"": 16, ""bleach"": 3, ""t"": 32}",0.9992727272727272,1115.4,0.0007159414002671838,1.1757578362118113
Random-WiSARD-cuckoo,Banknote,"{""a"": 24, ""bleach"": 1, ""t"": 64}",1.0,2720.0,0.0011046664090827107,1.9673933698372408
Random-WiSARD-cuckoo,Yeast,"{""a"": 2, ""bleach"": 2, ""t"": 2}",0.3191919191919192,237.2,0.000927766552194953,1.9244673295002996
Random-WiSARD-cuckoo,Yeast,"{""a"": 4, ""bleach"": 4, ""t"": 2}",0.32053872053872057,261.6,0.0006603751797229051,1.1296020130868312
Random-WiSARD-cuckoo,Yeast,"{""a"": 8, ""bleach"": 4, ""t"": 2}",0.367003367003367,432.6,0.0005053082248196005,0.7432659692836531
Random-WiSARD-cuckoo,Yeast,"{""a"": 4, ""bleach"": 4, ""t"": 4}",0.39461279461279464,513.8,0.0009744084207341075,2.1665266900000346
Random-WiSARD-cuckoo,Yeast,"{""a"": 8, ""bleach"": 4, ""t"": 4}",0.45387205387205387,738.4,0.000681225024163723,1.3066781841544592
Random-WiSARD-cuckoo,Yeast,"{""a"": 16, ""bleach"": 3, ""t"": 4}",0.4572390572390573,1230.2,0.0005342249991372227,0.8606060285760899
Random-WiSARD-cuckoo,Yeast,"{""a"": 8, ""bleach"": 4, ""t"": 8}",0.48484848484848475,1340.6,0.0010903999907895922,2.590909691195095
Random-WiSARD-cuckoo,Yeast,"{""a"": 12, ""bleach"": 2, ""t"": 8}",0.494949494949495,2027.6,0.0009662663796916604,2.205611429230532
Random-WiSARD-cuckoo,Yeast,"{""a"": 8, ""bleach"": 4, ""t"": 16}",0.5178451178451178,2429.6,0.0018563001649454236,4.993630996481938
Random-WiSARD-cuckoo,Yeast,"{""a"": 12, ""bleach"": 4, ""t"": 16}",0.5434343434343434,3239.8,0.001508300006389618,3.887037119455009
Random-WiSARD-cuckoo,Yeast,"{""a"": 8, ""bleach"": 3, ""t"": 32}",0.5535353535353534,4745.6,0.0034190666163340213,10.04029234701937
Random-WiSARD-cuckoo,Yeast,"{""a"": 12, ""bleach"": 2, ""t"": 32}",0.5797979797979799,6147.8,0.002703733183443546,7.6882431427838425
Random-WiSARD-cuckoo,Yeast,"{""a"": 8, ""bleach"": 3, ""t"": 64}",0.5824915824915825,9348.8,0.006544324615970254,20.057631041917336
Random-WiSARD-cuckoo,Yeast,"{""a"": 12, ""bleach"": 2, ""t"": 64}",0.5872053872053872,11892.2,0.005355391418561339,15.309820208786311
Random-WiSARD-cuckoo,Yeast,"{""a"": 16, ""bleach"": 1, ""t"": 64}",0.5925925925925926,13439.4,0.00405153320170939,11.74927130968683
Random-WiSARD-cuckoo,Yeast,"{""a"": 20, ""bleach"": 1, ""t"": 64}",0.6033670033670033,14800.0,0.0036398418014869094,10.557153641625685
Random-WiSARD-cuckoo,Yeast,"{""a"": 20, ""bleach"": 1, ""t"": 128}",0.604040404040404,28613.2,0.006961441622115672,20.427779162848235
Random-WiSARD-cuckoo,Yeast,"{""a"": 24, ""bleach"": 1, ""t"": 128}",0.6087542087542087,29334.6,0.006118216621689499,17.962766409873563
Random-WiSARD-cuckoo,Yeast,"{""a"": 20, ""bleach"": 1, ""t"": 256}",0.6161616161616161,56263.4,0.013295225170440971,40.65555625403871
Random-WiSARD-cuckoo,Steel Plates,"{""a"": 2, ""bleach"": 4, ""t"": 2}",0.6529562982005142,231.8,0.001243533007800579,1.7398030432491804
Random-WiSARD-cuckoo,Steel Plates,"{""a"": 2, ""bleach"": 3, ""t"": 2}",0.6529562982005142,231.8,0.0012328001903370023,1.733697673119126
Random-WiSARD-cuckoo,Steel Plates,"{""a"": 2, ""bleach"": 2, ""t"": 2}",0.6529562982005142,231.8,0.0012338584056124091,1.719151204571626
Random-WiSARD-cuckoo,Steel Plates,"{""a"": 2, ""bleach"": 1, ""t"": 2}",0.6529562982005142,231.8,0.00128271640278399,2.1973013719855055
Random-WiSARD-cuckoo,Steel Plates,"{""a"": 4, ""bleach"": 4, ""t"": 2}",0.6642673521850899,357.4,0.0009190665790811181,1.1291347113665395
Random-WiSARD-cuckoo,Steel Plates,"{""a"": 4, ""bleach"": 4, ""t"": 4}",0.6786632390745502,673.0,0.0015129497740417718,2.1499147097601683
Random-WiSARD-cuckoo,Steel Plates,"{""a"": 8, ""bleach"": 4, ""t"": 2}",0.7789203084832905,999.0,0.0007736250059679151,0.8743783042486039
Random-WiSARD-cuckoo,Steel Plates,"{""a"": 8, ""bleach"": 4, ""t"": 4}",0.8056555269922878,1762.2,0.0012049997923895717,1.539653502308924
Random-WiSARD-cuckoo,Steel Plates,"{""a"": 12, ""bleach"": 2, ""t"": 2}",0.8385604113110541,1803.8,0.0006957916310057044,0.7359249933902893
Random-WiSARD-cuckoo,Steel Plates,"{""a"": 16, ""bleach"": 1, ""t"": 2}",0.8688946015424165,2760.0,0.0006828002166002989,0.7067908171401539
Random-WiSARD-cuckoo,Steel Plates,"{""a"": 12, ""bleach"": 3, ""t"": 4}",0.8812339331619536,2902.0,0.0010519333882257342,1.2876395887879604
Random-WiSARD-cuckoo,Steel Plates,"{""a"": 16, ""bleach"": 1, ""t"": 4}",0.9053984575835476,4532.2,0.0010090745985507966,1.1909156941969168
Random-WiSARD-cuckoo,Steel Plates,"{""a"": 16, ""bleach"": 1, ""t"": 8}",0.9223650385604113,7520.0,0.0016935920109972357,2.2102827876614723
Random-WiSARD-cuckoo,Steel Plates,"{""a"": 20, ""bleach"": 1, ""t"": 8}",0.9383033419023136,9165.2,0.0015787664102390408,1.9694087730007184
Random-WiSARD-cuckoo,Steel Plates,"{""a"": 16, ""bleach"": 1, ""t"": 16}",0.9388174807197943,13406.4,0.0029894249979406594,4.215874579905085
Random-WiSARD-cuckoo,Steel Plates,"{""a"": 20, ""bleach"": 1, ""t"": 16}",0.9480719794344473,16186.0,0.002749991975724697,3.842352638092936
Random-WiSARD-cuckoo,Steel Plates,"{""a"": 16, ""bleach"": 1, ""t"": 32}",0.959897172236504,25199.0,0.005568841402418911,8.255719796187007
Random-WiSARD-cuckoo,Steel Plates,"{""a"": 20, ""bleach"": 1, ""t"": 32}",0.970694087403599,30138.2,0.005041708610951901,7.379305390952332
Random-WiSARD-cuckoo,Steel Plates,"{""a"": 20, ""bleach"": 1, ""t"": 64}",0.9768637532133676,58948.2,0.010098149999976158,14.88791827763644
Random-WiSARD-cuckoo,Steel Plates,"{""a"": 24, ""bleach"": 1, ""t"": 128}",0.9820051413881747,126426.8,0.018054824974387883,26.826735688876216
Random-WiSARD-cuckoo,Steel Plates,"{""a"": 20, ""bleach"": 1, ""t"": 256}",0.9830334190231363,229136.2,0.041041975189000365,60.88500412702943
Random-WiSARD-cuckoo,Segment,"{""a"": 2, ""bleach"": 4, ""t"": 2}",0.5220779220779221,406.2,0.0018634499981999397,2.5516047819771552
Random-WiSARD-cuckoo,Segment,"{""a"": 4, ""bleach"": 4, ""t"": 2}",0.6363636363636364,460.6,0.0013057247502729296,1.6359307952386477
Random-WiSARD-cuckoo,Segment,"{""a"": 8, ""bleach"": 4, ""t"": 2}",0.767965367965368,677.8,0.0009766579838469624,1.0270917651070144
Random-WiSARD-cuckoo,Segment,"{""a"": 2, ""bleach"": 4, ""t"": 4}",0.7692640692640693,790.8,0.0032319250050932167,4.903805236537735
Random-WiSARD-cuckoo,Segment,"{""a"": 4, ""bleach"": 3, ""t"": 4}",0.8324675324675326,860.2,0.0020480998093262313,3.0317095821941056
Random-WiSARD-cuckoo,Segment,"{""a"": 12, ""bleach"": 3, ""t"": 2}",0.8584415584415584,1115.4,0.0009439502144232392,0.9781562570014815
Random-WiSARD-cuckoo,Segment,"{""a"": 8, ""bleach"": 4, ""t"": 4}",0.8991341991341992,1308.6,0.0014748170506209135,2.015548963825424
Random-WiSARD-cuckoo,Segment,"{""a"": 12, ""bleach"": 2, ""t"": 4}",0.9086580086580087,1776.6,0.0012778913602232932,1.6366337220390121
Random-WiSARD-cuckoo,Segment,"{""a"": 8, ""bleach"": 3, ""t"": 8}",0.9294372294372295,2225.2,0.002359908213838935,3.7160173897103315
Random-WiSARD-cuckoo,Segment,"{""a"": 12, ""bleach"": 1, ""t"": 8}",0.9398268398268398,2989.4,0.0019521668087691068,2.9265870001505716
Random-WiSARD-cuckoo,Segment,"{""a"": 16, ""bleach"": 1, ""t"": 8}",0.9454545454545455,3596.0,0.001774633233435452,2.4968968881737617
Random-WiSARD-cuckoo,Segment,"{""a"": 20, ""bleach"": 1, ""t"": 8}",0.9467532467532468,4079.4,0.0016723501961678267,2.179040726741929
Random-WiSARD-cuckoo,Segment,"{""a"": 24, ""bleach"": 1, ""t"": 8}",0.9484848484848486,4606.0,0.0015745999990031123,2.06170647981621
Random-WiSARD-cuckoo,Segment,"{""a"": 12, ""bleach"": 1, ""t"": 16}",0.9536796536796537,5591.0,0.0034178836271166802,5.809723014552228
Random-WiSARD-cuckoo,Segment,"{""a"": 16, ""bleach"": 1, ""t"": 16}",0.9593073593073592,6540.6,0.0029493919806554913,4.57920263081918
Random-WiSARD-cuckoo,Segment,"{""a"": 20, ""bleach"": 1, ""t"": 16}",0.9623376623376624,7612.8,0.002729483414441347,4.207502971947581
Random-WiSARD-cuckoo,Segment,"{""a"": 24, ""bleach"": 1, ""t"": 32}",0.9627705627705627,15235.8,0.00456902498845011,7.494823005276196
Random-WiSARD-cuckoo,Segment,"{""a"": 28, ""bleach"": 1, ""t"": 32}",0.9632034632034632,15479.6,0.004265999794006348,6.790367586062456
Random-WiSARD-cuckoo,Segment,"{""a"": 16, ""bleach"": 1, ""t"": 64}",0.964069264069264,23649.2,0.01024964137468487,18.524783522342194
Random-WiSARD-cuckoo,Segment,"{""a"": 20, ""bleach"": 1, ""t"": 64}",0.9653679653679653,26561.0,0.009133283351548015,15.960876563830032
Random-WiSARD-cuckoo,Segment,"{""a"": 28, ""bleach"": 1, ""t"": 64}",0.9675324675324675,30040.6,0.007635457976721227,12.9851544864508
Random-WiSARD-cuckoo,Segment,"{""a"": 24, ""bleach"": 1, ""t"": 128}",0.9688311688311689,56723.2,0.016705883224494754,29.403625965295806
Random-WiSARD-cuckoo,Segment,"{""a"": 28, ""bleach"": 1, ""t"": 128}",0.9696969696969697,59489.4,0.015000866609625518,26.349422070338868
Random-WiSARD-cuckoo,Segment,"{""a"": 28, ""bleach"": 1, ""t"": 256}",0.9701298701298701,117951.0,0.029901841818355025,52.349729457410504
Random-WiSARD-cuckoo,Waveform,"{""a"": 2, ""bleach"": 3, ""t"": 2}",0.343,502.6,0.003341266978532076,1.9525163806974888
Random-WiSARD-cuckoo,Waveform,"{""a"": 2, ""bleach"": 4, ""t"": 2}",0.343,502.6,0.0034747331868857146,1.9586252281442285
Random-WiSARD-cuckoo,Waveform,"{""a"": 4, ""bleach"": 4, ""t"": 2}",0.479,962.0,0.0024333497975021602,1.353075006045401
Random-WiSARD-cuckoo,Waveform,"{""a"": 4, ""bleach"": 4, ""t"": 4}",0.5906,1859.4,0.004151024809107185,2.7172249974682927
Random-WiSARD-cuckoo,Waveform,"{""a"": 4, ""bleach"": 4, ""t"": 8}",0.6564,3589.4,0.007555675180628896,5.227675032801926
Random-WiSARD-cuckoo,Waveform,"{""a"": 8, ""bleach"": 4, ""t"": 2}",0.7343999999999999,4930.2,0.0021094250259920955,1.0862748371437192
Random-WiSARD-cuckoo,Waveform,"{""a"": 8, ""bleach"": 4, ""t"": 4}",0.7654,8270.0,0.003446250013075769,2.0569165935739875
Random-WiSARD-cuckoo,Waveform,"{""a"": 8, ""bleach"": 4, ""t"": 8}",0.7936,14357.8,0.006036291783675552,4.019566369242966
Random-WiSARD-cuckoo,Waveform,"{""a"": 8, ""bleach"": 4, ""t"": 16}",0.8207999999999999,26234.0,0.01140439179725945,7.987358397804201
Random-WiSARD-cuckoo,Waveform,"{""a"": 8, ""bleach"": 4, ""t"": 32}",0.835,50036.2,0.022002224973402918,16.124658612534404
Random-WiSARD-cuckoo,Waveform,"{""a"": 8, ""bleach"": 3, ""t"": 64}",0.8404,95799.4,0.04400544995442033,32.09938339423388
Random-WiSARD-cuckoo,Waveform,"{""a"": 8, ""bleach"": 4, ""t"": 128}",0.8485999999999999,188580.6,0.09196177502162754,63.549683382734656
Random-WiSARD-cuckoo,SatImage,"{""a"": 2, ""bleach"": 4, ""t"": 2}",0.35769828926905134,865.6,0.005168366571888327,3.0015292360185186
Random-WiSARD-cuckoo,SatImage,"{""a"": 4, ""bleach"": 4, ""t"": 2}",0.5440124416796268,1249.6,0.003546033590100706,2.137914754038975
Random-WiSARD-cuckoo,SatImage,"{""a"": 2, ""bleach"": 4, ""t"": 4}",0.5465007776049767,1638.8,0.009366416605189443,5.93177170360904
Random-WiSARD-cuckoo,SatImage,"{""a"": 4, ""bleach"": 4, ""t"": 4}",0.7,2182.6,0.006013158615678549,4.067664845045627
Random-WiSARD-cuckoo,SatImage,"{""a"": 12, ""bleach"": 4, ""t"": 2}",0.7116640746500777,3702.8,0.002407200005836785,1.1386535192722482
Random-WiSARD-cuckoo,SatImage,"{""a"": 4, ""bleach"": 4, ""t"": 8}",0.7632970451010888,3948.2,0.010827616625465452,7.902047597596054
Random-WiSARD-cuckoo,SatImage,"{""a"": 8, ""bleach"": 4, ""t"": 4}",0.8315707620528772,3999.0,0.004374674754217267,2.7545813607228675
Random-WiSARD-cuckoo,SatImage,"{""a"": 12, ""bleach"": 4, ""t"": 4}",0.8614307931570762,5836.6,0.0038697834359481932,2.227857684308133
Random-WiSARD-cuckoo,SatImage,"{""a"": 16, ""bleach"": 4, ""t"": 4}",0.8670295489891136,7445.0,0.003462300030514598,1.8220580064200593
Random-WiSARD-cuckoo,SatImage,"{""a"": 20, ""bleach"": 2, ""t"": 4}",0.8695178849144636,9700.6,0.0034643166232854127,1.748924416636188
Random-WiSARD-cuckoo,SatImage,"{""a"": 12, ""bleach"": 4, ""t"": 8}",0.8696734059097977,10074.4,0.006438592006452382,4.211074653085941
Random-WiSARD-cuckoo,SatImage,"{""a"": 8, ""bleach"": 4, ""t"": 16}",0.8709175738724728,12539.0,0.014198158425278962,10.235238426349024
Random-WiSARD-cuckoo,SatImage,"{""a"": 20, ""bleach"": 1, ""t"": 8}",0.8799377916018661,15898.0,0.005487591424025595,3.1782724622283625
Random-WiSARD-cuckoo,SatImage,"{""a"": 24, ""bleach"": 1, ""t"": 8}",0.8825816485225506,17337.4,0.004991208598949015,2.6516197394133547
Random-WiSARD-cuckoo,SatImage,"{""a"": 12, ""bleach"": 3, ""t"": 16}",0.8856920684292378,18349.6,0.01171008360106498,8.16056252099446
Random-WiSARD-cuckoo,SatImage,"{""a"": 16, ""bleach"": 2, ""t"": 16}",0.8931570762052876,23690.4,0.010705683403648436,6.962441683574515
Random-WiSARD-cuckoo,SatImage,"{""a"": 24, ""bleach"": 1, ""t"": 16}",0.8970451010886469,32138.4,0.009042466827668249,5.328065181994002
Random-WiSARD-cuckoo,SatImage,"{""a"": 20, ""bleach"": 1, ""t"": 32}",0.8978227060653188,53482.4,0.0183140501845628,11.915208708095143
Random-WiSARD-cuckoo,SatImage,"{""a"": 28, ""bleach"": 1, ""t"": 32}",0.9003110419906687,67459.4,0.016554824984632434,9.773055838875786
Random-WiSARD-cuckoo,SatImage,"{""a"": 20, ""bleach"": 1, ""t"": 64}",0.9009331259720061,104221.6,0.036381349968723956,23.209292374255824
Random-WiSARD-cuckoo,SatImage,"{""a"": 24, ""bleach"": 1, ""t"": 64}",0.9023328149300156,117568.8,0.033926858194172384,20.77796145575483
Random-WiSARD-cuckoo,SatImage,"{""a"": 28, ""bleach"": 1, ""t"": 64}",0.9046656298600311,129547.8,0.03350945001002401,19.103369489457013
Random-WiSARD-cuckoo,SatImage,"{""a"": 32, ""bleach"": 1, ""t"": 64}",0.9066874027993779,137106.8,0.030698041594587267,17.381499486672656
Random-WiSARD-cuckoo,SatImage,"{""a"": 28, ""bleach"": 1, ""t"": 128}",0.9077760497667186,254505.0,0.07264838318806141,38.708547078808806
Random-WiSARD-cuckoo,SatImage,"{""a"": 28, ""bleach"": 1, ""t"": 256}",0.9087091757387247,505156.6,0.20923504980746657,85.71445704749199
Random-WiSARD-cuckoo,Pendigits,"{""a"": 2, ""bleach"": 4, ""t"": 2}",0.344974988631196,583.8,0.0056193914031609895,2.0517546343886073
Random-WiSARD-cuckoo,Pendigits,"{""a"": 4, ""bleach"": 4, ""t"": 2}",0.6659390632105502,773.0,0.00398663361556828,1.4179361528425176
Random-WiSARD-cuckoo,Pendigits,"{""a"": 4, ""bleach"": 4, ""t"": 4}",0.7678035470668486,1331.6,0.006375233409926295,2.6699900860072754
Random-WiSARD-cuckoo,Pendigits,"{""a"": 8, ""bleach"": 4, ""t"": 2}",0.8582082764893133,1465.6,0.0029747502179816366,0.9814007190810436
Random-WiSARD-cuckoo,Pendigits,"{""a"": 12, ""bleach"": 4, ""t"": 2}",0.8903137789904502,2358.6,0.0029915668070316314,0.9294452968173376
Random-WiSARD-cuckoo,Pendigits,"{""a"": 8, ""bleach"": 4, ""t"": 4}",0.9189631650750341,2361.0,0.004439091845415533,1.8213770664438926
Random-WiSARD-cuckoo,Pendigits,"{""a"": 12, ""bleach"": 3, ""t"": 4}",0.9469758981355161,4085.4,0.004150833352468908,1.6437432308998523
Random-WiSARD-cuckoo,Pendigits,"{""a"": 12, ""bleach"": 3, ""t"": 8}",0.9656207366984993,6953.4,0.006595266819931567,2.967670840253988
Random-WiSARD-cuckoo,Pendigits,"{""a"": 16, ""bleach"": 2, ""t"": 8}",0.9675306957708051,8980.6,0.005690766777843237,2.4436220968004085
Random-WiSARD-cuckoo,Pendigits,"{""a"": 20, ""bleach"": 1, ""t"": 8}",0.9727148703956343,11834.4,0.00567079980392009,2.3244694002369086
Random-WiSARD-cuckoo,Pendigits,"{""a"": 12, ""bleach"": 2, ""t"": 16}",0.9768076398362892,12940.4,0.011235041590407491,5.793019550250654
Random-WiSARD-cuckoo,Pendigits,"{""a"": 16, ""bleach"": 1, ""t"": 16}",0.9816280127330603,16590.2,0.009725950192660093,4.743728126014238
Random-WiSARD-cuckoo,Pendigits,"{""a"": 12, ""bleach"": 1, ""t"": 32}",0.982719417917235,23439.2,0.01982410838827491,10.525466115715805
Random-WiSARD-cuckoo,Pendigits,"{""a"": 16, ""bleach"": 1, ""t"": 32}",0.9861755343337881,30515.4,0.0170689997728914,8.981680944765248
Random-WiSARD-cuckoo,Pendigits,"{""a"": 24, ""bleach"": 1, ""t"": 32}",0.9871759890859482,43861.4,0.016120583401061594,7.468470492539566
Random-WiSARD-cuckoo,Pendigits,"{""a"": 24, ""bleach"": 1, ""t"": 64}",0.9885402455661664,83532.2,0.032497091637924316,14.635857208214764
Random-WiSARD-cuckoo,Pendigits,"{""a"": 28, ""bleach"": 1, ""t"": 128}",0.9887221464301955,181291.6,0.05802349161822349,24.5304078244015
Random-WiSARD-cuckoo,Pendigits,"{""a"": 24, ""bleach"": 1, ""t"": 256}",0.9895407003183265,324562.6,0.17580585840623825,54.47232068515043
Random-WiSARD-cuckoo,EEG Eye State,"{""a"": 2, ""bleach"": 1, ""t"": 2}",0.5510680907877169,116.2,0.003747291979379952,0.4139408663173862
Random-WiSARD-cuckoo,EEG Eye State,"{""a"": 2, ""bleach"": 2, ""t"": 2}",0.5510680907877169,116.2,0.003725200006738305,0.4150868422701179
Random-WiSARD-cuckoo,EEG Eye State,"{""a"": 2, ""bleach"": 3, ""t"": 2}",0.5510680907877169,116.2,0.0038100417936220766,0.4217873833506543
Random-WiSARD-cuckoo,EEG Eye State,"{""a"": 2, ""bleach"": 4, ""t"": 2}",0.5510680907877169,116.2,0.0037209583912044763,0.41141515897365616
Random-WiSARD-cuckoo,EEG Eye State,"{""a"": 4, ""bleach"": 4, ""t"": 2}",0.5514018691588785,225.8,0.0031066501745954157,0.3174955204989667
Random-WiSARD-cuckoo,EEG Eye State,"{""a"": 4, ""bleach"": 4, ""t"": 4}",0.5591455273698265,426.0,0.004555858415551483,0.5830580105032718
Random-WiSARD-cuckoo,EEG Eye State,"{""a"": 4, ""bleach"": 4, ""t"": 8}",0.5662883845126835,805.0,0.007466458599083126,1.1372244891987864
Random-WiSARD-cuckoo,EEG Eye State,"{""a"": 8, ""bleach"": 4, ""t"": 2}",0.594392523364486,1252.2,0.002994050388224423,0.2991321691882626
Random-WiSARD-cuckoo,EEG Eye State,"{""a"": 8, ""bleach"": 4, ""t"": 4}",0.6273030707610147,1733.2,0.003840024978853762,0.49502382711451426
Random-WiSARD-cuckoo,EEG Eye State,"{""a"": 8, ""bleach"": 4, ""t"": 8}",0.645460614152203,2842.4,0.006035041809082031,0.9065142130785098
Random-WiSARD-cuckoo,EEG Eye State,"{""a"": 12, ""bleach"": 4, ""t"": 2}",0.6572763684913218,3783.2,0.002978799748234451,0.29467622120336234
Random-WiSARD-cuckoo,EEG Eye State,"{""a"": 12, ""bleach"": 4, ""t"": 4}",0.6965954606141522,4817.2,0.0038279248168691994,0.4555323149993996
Random-WiSARD-cuckoo,EEG Eye State,"{""a"": 12, ""bleach"": 4, ""t"": 8}",0.7334445927903872,7505.0,0.0061069749994203445,0.8380451943421953
Random-WiSARD-cuckoo,EEG Eye State,"{""a"": 12, ""bleach"": 4, ""t"": 16}",0.7625500667556742,12400.2,0.009231358440592885,1.5026312405355422
Random-WiSARD-cuckoo,EEG Eye State,"{""a"": 16, ""bleach"": 3, ""t"": 8}",0.7626168224299066,12507.6,0.0053816084051504735,0.6927626029661644
Random-WiSARD-cuckoo,EEG Eye State,"{""a"": 20, ""bleach"": 2, ""t"": 8}",0.7869158878504674,19840.0,0.005446616583503783,0.6661715016430505
Random-WiSARD-cuckoo,EEG Eye State,"{""a"": 16, ""bleach"": 4, ""t"": 16}",0.7967957276368491,21626.0,0.008704533171840011,1.292111678795021
Random-WiSARD-cuckoo,EEG Eye State,"{""a"": 24, ""bleach"": 1, ""t"": 8}",0.8062750333778371,25106.4,0.00512997480109334,0.6139881082640113
Random-WiSARD-cuckoo,EEG Eye State,"{""a"": 20, ""bleach"": 1, ""t"": 16}",0.8229639519359144,33474.4,0.00871444980148226,1.2471017462558278
Random-WiSARD-cuckoo,EEG Eye State,"{""a"": 16, ""bleach"": 2, ""t"": 32}",0.828437917222964,39584.6,0.015208033635281027,2.5094848297765164
Random-WiSARD-cuckoo,EEG Eye State,"{""a"": 24, ""bleach"": 1, ""t"": 16}",0.842056074766355,42641.6,0.00822604161221534,1.1356086087834651
Random-WiSARD-cuckoo,EEG Eye State,"{""a"": 20, ""bleach"": 1, ""t"": 32}",0.8491321762349798,58834.0,0.014889591606333852,2.325030557565063
Random-WiSARD-cuckoo,EEG Eye State,"{""a"": 16, ""bleach"": 2, ""t"": 64}",0.8571428571428571,72627.4,0.02907202481292188,4.957062221792476
Random-WiSARD-cuckoo,EEG Eye State,"{""a"": 24, ""bleach"": 1, ""t"": 32}",0.8684245660881175,75725.2,0.01397478322032839,2.1156430454584005
Random-WiSARD-cuckoo,EEG Eye State,"{""a"": 28, ""bleach"": 1, ""t"": 32}",0.8769692923898532,87305.0,0.013229891611263155,1.9257176183760962
Random-WiSARD-cuckoo,EEG Eye State,"{""a"": 32, ""bleach"": 1, ""t"": 32}",0.8803738317757009,94294.0,0.01269625818822533,1.825470162135299
Random-WiSARD-cuckoo,EEG Eye State,"{""a"": 20, ""bleach"": 1, ""t"": 64}",0.883177570093458,108944.6,0.02789097495842725,4.472221222672567
Random-WiSARD-cuckoo,EEG Eye State,"{""a"": 24, ""bleach"": 1, ""t"": 64}",0.895927903871829,140589.8,0.026686149998568,4.169428708636077
Random-WiSARD-cuckoo,EEG Eye State,"{""a"": 28, ""bleach"": 1, ""t"": 64}",0.9035380507343124,162850.2,0.024820833187550306,3.8030763042939006
Random-WiSARD-cuckoo,EEG Eye State,"{""a"": 32, ""bleach"": 1, ""t"": 64}",0.9091455273698263,178336.6,0.023759508249349894,3.571192261754213
Random-WiSARD-cuckoo,EEG Eye State,"{""a"": 24, ""bleach"": 1, ""t"": 128}",0.9125500667556743,271900.2,0.05695419162511826,8.358121829390903
Random-WiSARD-cuckoo,EEG Eye State,"{""a"": 28, ""bleach"": 1, ""t"": 128}",0.9196261682242991,316762.6,0.0542133002076298,7.622279767668215
Random-WiSARD-cuckoo,EEG Eye State,"{""a"": 32, ""bleach"": 1, ""t"": 128}",0.924966622162884,353506.0,0.05142934999894351,7.198409078510923
Random-WiSARD-cuckoo,EEG Eye State,"{""a"": 24, ""bleach"": 1, ""t"": 256}",0.9255006675567422,537525.8,0.14441145015880466,16.81984865569195
Random-WiSARD-cuckoo,EEG Eye State,"{""a"": 28, ""bleach"": 1, ""t"": 256}",0.930841121495327,632245.6,0.1408070831792429,15.514524964720152
Random-WiSARD-cuckoo,EEG Eye State,"{""a"": 32, ""bleach"": 1, ""t"": 256}",0.9351134846461949,695759.4,0.13997813297901301,14.603677031973277
Random-WiSARD-cuckoo,EEG Eye State,"{""a"": 48, ""bleach"": 1, ""t"": 256}",0.9371161548731642,724750.2,0.12542574137914925,12.135352665503746
Random-WiSARD-cuckoo,Magic Gamma,"{""a"": 2, ""bleach"": 4, ""t"": 2}",0.6482649842271293,82.0,0.003910899977199733,0.28850988863911536
Random-WiSARD-cuckoo,Magic Gamma,"{""a"": 2, ""bleach"": 3, ""t"": 2}",0.6482649842271293,82.0,0.003977883397601545,0.2936579431010534
Random-WiSARD-cuckoo,Magic Gamma,"{""a"": 2, ""bleach"": 2, ""t"": 2}",0.6482649842271293,82.0,0.003948782989755273,0.2876818035636195
Random-WiSARD-cuckoo,Magic Gamma,"{""a"": 2, ""bleach"": 1, ""t"": 2}",0.6482649842271293,82.0,0.003952091396786273,0.2910840199216338
Random-WiSARD-cuckoo,Magic Gamma,"{""a"": 2, ""bleach"": 3, ""t"": 4}",0.6485804416403785,164.2,0.005498882988467813,0.5343957455509531
Random-WiSARD-cuckoo,Magic Gamma,"{""a"": 4, ""bleach"": 4, ""t"": 4}",0.6521030494216614,277.4,0.004534591385163367,0.41401377055484545
Random-WiSARD-cuckoo,Magic Gamma,"{""a"": 4, ""bleach"": 4, ""t"": 8}",0.6730809674027339,549.6,0.006877833604812622,0.7855218098734894
Random-WiSARD-cuckoo,Magic Gamma,"{""a"": 8, ""bleach"": 4, ""t"": 2}",0.6919032597266035,772.0,0.0031034833984449504,0.21859221738203968
Random-WiSARD-cuckoo,Magic Gamma,"{""a"": 8, ""bleach"": 4, ""t"": 4}",0.7152471083070452,1036.2,0.003766099805943668,0.32659700349929077
Random-WiSARD-cuckoo,Magic Gamma,"{""a"": 8, ""bleach"": 4, ""t"": 8}",0.7435856992639327,1814.2,0.005691533396020532,0.6265597298964624
Random-WiSARD-cuckoo,Magic Gamma,"{""a"": 8, ""bleach"": 4, ""t"": 16}",0.7791272344900105,3062.4,0.009027633210644126,1.1652515190981572
Random-WiSARD-cuckoo,Magic Gamma,"{""a"": 12, ""bleach"": 4, ""t"": 8}",0.7922712933753943,4340.6,0.005480033624917269,0.5638538286889013
Random-WiSARD-cuckoo,Magic Gamma,"{""a"": 8, ""bleach"": 4, ""t"": 32}",0.8101472134595162,5920.4,0.01566017521545291,2.262443011493415
Random-WiSARD-cuckoo,Magic Gamma,"{""a"": 12, ""bleach"": 4, ""t"": 16}",0.810515247108307,7283.8,0.008728241617791354,1.0527843843507025
Random-WiSARD-cuckoo,Magic Gamma,"{""a"": 8, ""bleach"": 4, ""t"": 64}",0.8232386961093585,11252.2,0.02890189182944596,4.392396162883952
Random-WiSARD-cuckoo,Magic Gamma,"{""a"": 12, ""bleach"": 4, ""t"": 32}",0.8339116719242903,13793.6,0.014622266590595245,2.0680555164986356
Random-WiSARD-cuckoo,Magic Gamma,"{""a"": 8, ""bleach"": 4, ""t"": 128}",0.8398527865404837,22512.8,0.06058285823091865,8.841579015876952
Random-WiSARD-cuckoo,Magic Gamma,"{""a"": 12, ""bleach"": 4, ""t"": 64}",0.842534174553102,25216.8,0.027389200031757356,3.892207737585097
Random-WiSARD-cuckoo,Magic Gamma,"{""a"": 16, ""bleach"": 4, ""t"": 64}",0.8499474237644584,43912.0,0.024815424997359514,3.412552575750196
Random-WiSARD-cuckoo,Magic Gamma,"{""a"": 8, ""bleach"": 4, ""t"": 256}",0.8521556256572029,44669.6,0.14293990000151097,17.900490741853595
Random-WiSARD-cuckoo,Magic Gamma,"{""a"": 12, ""bleach"": 4, ""t"": 128}",0.8526813880126183,49179.8,0.05630452521145344,7.684518440874326
Random-WiSARD-cuckoo,Magic Gamma,"{""a"": 20, ""bleach"": 2, ""t"": 64}",0.8531019978969507,66898.4,0.02420580815523863,3.0627388560500086
Random-WiSARD-cuckoo,Magic Gamma,"{""a"": 16, ""bleach"": 2, ""t"": 128}",0.8591482649842271,86389.0,0.051796999969519676,6.764511092782381
Random-WiSARD-cuckoo,Magic Gamma,"{""a"": 12, ""bleach"": 3, ""t"": 256}",0.8615141955835961,96600.2,0.13319447520188987,15.487296266342218
Random-WiSARD-cuckoo,Magic Gamma,"{""a"": 16, ""bleach"": 3, ""t"": 256}",0.8666666666666666,169809.8,0.1269197333836928,13.647982332861341
Random-WiSARD-cuckoo,Magic Gamma,"{""a"": 20, ""bleach"": 2, ""t"": 256}",0.8675078864353314,254748.0,0.12407400023657829,12.41393049700983
Random-WiSARD-cuckoo,Magic Gamma,"{""a"": 20, ""bleach"": 1, ""t"": 256}",0.8675078864353314,254748.0,0.123902049777098,12.617534180499856
Random-WiSARD-cuckoo,Magic Gamma,"{""a"": 24, ""bleach"": 1, ""t"": 256}",0.8684016824395373,333119.0,0.12162441681139172,11.66781019953155
Random-WiSARD-cuckoo,Letter Recognition,"{""a"": 2, ""bleach"": 4, ""t"": 2}",0.08954999999999999,1662.4,0.013874566624872386,4.249995859572664
Random-WiSARD-cuckoo,Letter Recognition,"{""a"": 4, ""bleach"": 4, ""t"": 2}",0.21494999999999997,2467.0,0.008719141618348658,3.1715375022031367
Random-WiSARD-cuckoo,Letter Recognition,"{""a"": 4, ""bleach"": 4, ""t"": 4}",0.39665,4355.4,0.015379699994809926,5.990712600760162
Random-WiSARD-cuckoo,Letter Recognition,"{""a"": 8, ""bleach"": 4, ""t"": 2}",0.5121,5456.0,0.006124300207011402,2.287706302013248
Random-WiSARD-cuckoo,Letter Recognition,"{""a"": 4, ""bleach"": 4, ""t"": 8}",0.54175,8360.4,0.028537558345124125,11.664310400374234
Random-WiSARD-cuckoo,Letter Recognition,"{""a"": 12, ""bleach"": 3, ""t"": 2}",0.59225,8697.2,0.005371716408990324,1.978485396830365
Random-WiSARD-cuckoo,Letter Recognition,"{""a"": 8, ""bleach"": 4, ""t"": 4}",0.6668499999999999,8727.2,0.009959116810932755,4.256883350899443
Random-WiSARD-cuckoo,Letter Recognition,"{""a"": 12, ""bleach"": 2, ""t"": 4}",0.7565000000000001,15073.0,0.008766549988649786,3.7607062549795955
Random-WiSARD-cuckoo,Letter Recognition,"{""a"": 8, ""bleach"": 4, ""t"": 8}",0.7696999999999999,16100.8,0.017476249812170865,8.226466702762991
Random-WiSARD-cuckoo,Letter Recognition,"{""a"": 16, ""bleach"": 1, ""t"": 4}",0.78545,16961.0,0.007024091971106827,2.7520666946657
Random-WiSARD-cuckoo,Letter Recognition,"{""a"": 20, ""bleach"": 1, ""t"": 4}",0.8028000000000001,22899.8,0.00733825818169862,2.885691705159843
Random-WiSARD-cuckoo,Letter Recognition,"{""a"": 12, ""bleach"": 2, ""t"": 8}",0.83435,25317.4,0.014291991805657744,6.661620805971324
Random-WiSARD-cuckoo,Letter Recognition,"{""a"": 16, ""bleach"": 1, ""t"": 8}",0.85975,30875.6,0.01203309977427125,5.4886500001885
Random-WiSARD-cuckoo,Letter Recognition,"{""a"": 20, ""bleach"": 1, ""t"": 8}",0.8632,36900.4,0.011293524992652237,4.964837443549186
Random-WiSARD-cuckoo,Letter Recognition,"{""a"": 12, ""bleach"": 2, ""t"": 16}",0.8809999999999999,43440.8,0.025902258208952846,12.984941597096622
Random-WiSARD-cuckoo,Letter Recognition,"{""a"": 16, ""bleach"": 1, ""t"": 16}",0.90485,52653.8,0.02118379161693156,10.323247901396826
Random-WiSARD-cuckoo,Letter Recognition,"{""a"": 20, ""bleach"": 1, ""t"": 16}",0.91225,61221.2,0.01908709143754095,9.047774993814528
Random-WiSARD-cuckoo,Letter Recognition,"{""a"": 12, ""bleach"": 1, ""t"": 32}",0.9152000000000001,80813.0,0.04797373318579048,24.900210392661393
Random-WiSARD-cuckoo,Letter Recognition,"{""a"": 16, ""bleach"": 1, ""t"": 32}",0.9314,100366.2,0.04000469159800559,20.3481666976586
Random-WiSARD-cuckoo,Letter Recognition,"{""a"": 20, ""bleach"": 1, ""t"": 32}",0.93415,116002.0,0.03583114200737327,17.610193754080683
Random-WiSARD-cuckoo,Letter Recognition,"{""a"": 16, ""bleach"": 1, ""t"": 64}",0.9398500000000001,193442.8,0.08170056680683047,40.54372914833948
Random-WiSARD-cuckoo,Letter Recognition,"{""a"": 20, ""bleach"": 1, ""t"": 64}",0.9445,223149.4,0.07243698320817202,35.19942290149629
Random-WiSARD-cuckoo,Letter Recognition,"{""a"": 24, ""bleach"": 1, ""t"": 64}",0.9449,238046.6,0.06499454998411239,30.672829202376306
Random-WiSARD-cuckoo,Letter Recognition,"{""a"": 16, ""bleach"": 1, ""t"": 128}",0.94755,380233.8,0.18823314162436872,82.03227915219031
Random-WiSARD-cuckoo,Letter Recognition,"{""a"": 20, ""bleach"": 1, ""t"": 128}",0.9492499999999999,437774.6,0.1665784165961668,70.5808833008632
Random-WiSARD-cuckoo,Letter Recognition,"{""a"": 16, ""bleach"": 1, ""t"": 256}",0.9500500000000001,752312.6,0.45740568297915163,166.67415209230967
Random-WiSARD-cuckoo,Letter Recognition,"{""a"": 20, ""bleach"": 1, ""t"": 256}",0.9521,861542.4,0.42485461658798157,143.0287416500505
Random-WiSARD-cuckoo,Letter Recognition,"{""a"": 24, ""bleach"": 1, ""t"": 256}",0.9536,923124.0,0.39238795863930137,126.0559750488028
FT-Transformer,Iris,"{""attention_dropout"": 0.0, ""batch_size"": 256, ""d_token"": 32, ""learning_rate"": 0.0001, ""n_blocks"": 2, ""n_epochs"": 30, ""n_heads"": 4}",0.7888888888888889,69548.0,0.08586559696899106,13.998144357982609
FT-Transformer,Iris,"{""attention_dropout"": 0.0, ""batch_size"": 256, ""d_token"": 64, ""learning_rate"": 0.0001, ""n_blocks"": 2, ""n_epochs"": 30, ""n_heads"": 4}",0.9,270684.0,0.16642297233920544,22.498145699501038
FT-Transformer,Wine,"{""attention_dropout"": 0.0, ""batch_size"": 256, ""d_token"": 32, ""learning_rate"": 0.0001, ""n_blocks"": 2, ""n_epochs"": 30, ""n_heads"": 4}",0.4259259259259259,71852.0,0.2092644029374545,22.470305406453985
FT-Transformer,Wine,"{""attention_dropout"": 0.0, ""batch_size"": 256, ""d_token"": 64, ""learning_rate"": 0.0001, ""n_blocks"": 2, ""n_epochs"": 30, ""n_heads"": 4}",0.7962962962962963,275292.0,0.2809302636887878,28.990351388023964
FT-Transformer,Wine,"{""attention_dropout"": 0.0, ""batch_size"": 256, ""d_token"": 64, ""learning_rate"": 0.0001, ""n_blocks"": 3, ""n_epochs"": 30, ""n_heads"": 4}",0.9074074074074074,409092.0,0.4460435836808756,45.48535259716488
FT-Transformer,Breast Cancer,"{""attention_dropout"": 0.0, ""batch_size"": 256, ""d_token"": 32, ""learning_rate"": 0.0001, ""n_blocks"": 2, ""n_epochs"": 30, ""n_heads"": 4}",0.8391812865497076,76072.0,0.9139605560339987,28.010356656618807
FT-Transformer,Breast Cancer,"{""attention_dropout"": 0.0, ""batch_size"": 256, ""d_token"": 64, ""learning_rate"": 0.0001, ""n_blocks"": 2, ""n_epochs"": 30, ""n_heads"": 4}",0.9415204678362573,283736.0,1.3441202913333352,34.24829535175398
FT-Transformer,Seeds,"{""attention_dropout"": 0.0, ""batch_size"": 256, ""d_token"": 32, ""learning_rate"": 0.0001, ""n_blocks"": 2, ""n_epochs"": 30, ""n_heads"": 4}",0.6587301587301587,70316.0,0.1878118470000724,16.190143974704874
FT-Transformer,Seeds,"{""attention_dropout"": 0.0, ""batch_size"": 256, ""d_token"": 64, ""learning_rate"": 0.0001, ""n_blocks"": 2, ""n_epochs"": 30, ""n_heads"": 4}",0.9047619047619048,272220.0,0.2172613056609407,19.18154838864529
FT-Transformer,Glass,"{""attention_dropout"": 0.0, ""batch_size"": 256, ""d_token"": 32, ""learning_rate"": 0.0001, ""n_blocks"": 2, ""n_epochs"": 30, ""n_heads"": 4}",0.3488372093023256,71224.0,0.20441649997762093,18.21866666883692
FT-Transformer,Glass,"{""attention_dropout"": 0.0, ""batch_size"": 256, ""d_token"": 64, ""learning_rate"": 0.0001, ""n_blocks"": 2, ""n_epochs"": 10, ""n_heads"": 4}",0.37209302325581395,274024.0,0.08854548633098602,23.139210222938726
FT-Transformer,Glass,"{""attention_dropout"": 0.0, ""batch_size"": 256, ""d_token"": 64, ""learning_rate"": 0.0001, ""n_blocks"": 2, ""n_epochs"": 30, ""n_heads"": 4}",0.37209302325581395,274024.0,0.2699644440241779,22.622418243351373
FT-Transformer,Glass,"{""attention_dropout"": 0.0, ""batch_size"": 256, ""d_token"": 64, ""learning_rate"": 0.0001, ""n_blocks"": 3, ""n_epochs"": 30, ""n_heads"": 4}",0.3953488372093023,407824.0,0.42203222230697673,35.74160469132801
FT-Transformer,Haberman,"{""attention_dropout"": 0.0, ""batch_size"": 256, ""d_token"": 32, ""learning_rate"": 0.0001, ""n_blocks"": 2, ""n_epochs"": 10, ""n_heads"": 4}",0.7419354838709676,69160.0,0.032964055969690285,7.702499598024353
FT-Transformer,Haberman,"{""attention_dropout"": 0.0, ""batch_size"": 256, ""d_token"": 32, ""learning_rate"": 0.0001, ""n_blocks"": 2, ""n_epochs"": 30, ""n_heads"": 4}",0.7419354838709676,69160.0,0.09791433330004413,7.117381795079157
FT-Transformer,Haberman,"{""attention_dropout"": 0.0, ""batch_size"": 256, ""d_token"": 64, ""learning_rate"": 0.0001, ""n_blocks"": 3, ""n_epochs"": 30, ""n_heads"": 4}",0.7473118279569894,403712.0,0.22154283329534033,14.716854459175499
FT-Transformer,Ecoli,"{""attention_dropout"": 0.0, ""batch_size"": 256, ""d_token"": 32, ""learning_rate"": 0.0001, ""n_blocks"": 2, ""n_epochs"": 30, ""n_heads"": 4}",0.4264705882352941,70976.0,0.28260944430561113,12.129289554614646
FT-Transformer,Ecoli,"{""attention_dropout"": 0.0, ""batch_size"": 256, ""d_token"": 64, ""learning_rate"": 0.0001, ""n_blocks"": 2, ""n_epochs"": 30, ""n_heads"": 4}",0.4901960784313726,273520.0,0.3460637223518764,18.52736721618795
FT-Transformer,Ecoli,"{""attention_dropout"": 0.0, ""batch_size"": 256, ""d_token"": 64, ""learning_rate"": 0.0001, ""n_blocks"": 3, ""n_epochs"": 30, ""n_heads"": 4}",0.573529411764706,407320.0,0.5857641946834823,29.395426299386457
FT-Transformer,Ionosphere,"{""attention_dropout"": 0.0, ""batch_size"": 256, ""d_token"": 32, ""learning_rate"": 0.0001, ""n_blocks"": 2, ""n_epochs"": 10, ""n_heads"": 4}",0.647887323943662,77096.0,0.2186536246833081,33.2323899886138
FT-Transformer,Ionosphere,"{""attention_dropout"": 0.0, ""batch_size"": 256, ""d_token"": 32, ""learning_rate"": 0.0001, ""n_blocks"": 2, ""n_epochs"": 30, ""n_heads"": 4}",0.647887323943662,77096.0,0.6536580420021588,32.812995320194766
FT-Transformer,Ionosphere,"{""attention_dropout"": 0.0, ""batch_size"": 256, ""d_token"": 64, ""learning_rate"": 0.0001, ""n_blocks"": 2, ""n_epochs"": 30, ""n_heads"": 4}",0.755868544600939,285784.0,0.9592767359766489,40.74178382474492
FT-Transformer,Ionosphere,"{""attention_dropout"": 0.0, ""batch_size"": 256, ""d_token"": 64, ""learning_rate"": 0.0001, ""n_blocks"": 3, ""n_epochs"": 30, ""n_heads"": 4}",0.7887323943661971,419584.0,1.536786235946541,66.71596215731802
FT-Transformer,Balance Scale,"{""attention_dropout"": 0.0, ""batch_size"": 256, ""d_token"": 32, ""learning_rate"": 0.0001, ""n_blocks"": 2, ""n_epochs"": 30, ""n_heads"": 4}",0.8506666666666667,69548.0,0.25576194399036467,5.739997451504071
FT-Transformer,Balance Scale,"{""attention_dropout"": 0.0, ""batch_size"": 256, ""d_token"": 64, ""learning_rate"": 0.0001, ""n_blocks"": 2, ""n_epochs"": 30, ""n_heads"": 4}",0.9066666666666667,270684.0,0.5178752220235765,13.231111690402031
FT-Transformer,Pima Diabetes,"{""attention_dropout"": 0.0, ""batch_size"": 256, ""d_token"": 32, ""learning_rate"": 0.0001, ""n_blocks"": 2, ""n_epochs"": 30, ""n_heads"": 4}",0.6666666666666666,70440.0,0.6459318196866661,12.261543555983478
FT-Transformer,Pima Diabetes,"{""attention_dropout"": 0.0, ""batch_size"": 256, ""d_token"": 64, ""learning_rate"": 0.0001, ""n_blocks"": 2, ""n_epochs"": 30, ""n_heads"": 4}",0.7489177489177489,272472.0,0.826634236300985,14.195075556958393
FT-Transformer,Pima Diabetes,"{""attention_dropout"": 0.0, ""batch_size"": 256, ""d_token"": 64, ""learning_rate"": 0.0001, ""n_blocks"": 3, ""n_epochs"": 30, ""n_heads"": 4}",0.7575757575757577,406272.0,1.3360514579884086,24.700398230320445
FT-Transformer,Vehicle,"{""attention_dropout"": 0.0, ""batch_size"": 256, ""d_token"": 32, ""learning_rate"": 0.0001, ""n_blocks"": 2, ""n_epochs"": 30, ""n_heads"": 4}",0.38823529411764707,73264.0,1.0107159859811266,17.50229036106783
FT-Transformer,Vehicle,"{""attention_dropout"": 0.0, ""batch_size"": 256, ""d_token"": 64, ""learning_rate"": 0.0001, ""n_blocks"": 2, ""n_epochs"": 30, ""n_heads"": 4}",0.5274509803921569,278112.0,1.4206858053415392,22.451470688204555
FT-Transformer,Vehicle,"{""attention_dropout"": 0.0, ""batch_size"": 256, ""d_token"": 64, ""learning_rate"": 0.0001, ""n_blocks"": 3, ""n_epochs"": 30, ""n_heads"": 4}",0.5960784313725491,411912.0,2.386696069384925,39.10432752294868
FT-Transformer,Banknote,"{""attention_dropout"": 0.0, ""batch_size"": 256, ""d_token"": 32, ""learning_rate"": 0.0001, ""n_blocks"": 2, ""n_epochs"": 30, ""n_heads"": 4}",0.9672727272727273,69416.0,0.5840599995960171,4.610151447581522
FT-Transformer,Banknote,"{""attention_dropout"": 0.0, ""batch_size"": 256, ""d_token"": 64, ""learning_rate"": 0.0001, ""n_blocks"": 2, ""n_epochs"": 30, ""n_heads"": 4}",0.9878787878787878,270424.0,1.148895930654059,9.779191406613046
FT-Transformer,Banknote,"{""attention_dropout"": 0.0, ""batch_size"": 256, ""d_token"": 64, ""learning_rate"": 0.0001, ""n_blocks"": 3, ""n_epochs"": 30, ""n_heads"": 4}",0.9987878787878787,404224.0,1.8940457776576902,16.687575897032563
FT-Transformer,Yeast,"{""attention_dropout"": 0.0, ""batch_size"": 256, ""d_token"": 32, ""learning_rate"": 0.0001, ""n_blocks"": 2, ""n_epochs"": 30, ""n_heads"": 4}",0.3041526374859708,71496.0,1.2345047920243815,9.892209967144678
FT-Transformer,Yeast,"{""attention_dropout"": 0.0, ""batch_size"": 256, ""d_token"": 64, ""learning_rate"": 0.0001, ""n_blocks"": 2, ""n_epochs"": 30, ""n_heads"": 4}",0.4927048260381594,274552.0,1.5317553473093237,11.91685415750033
FT-Transformer,Steel Plates,"{""attention_dropout"": 0.0, ""batch_size"": 256, ""d_token"": 32, ""learning_rate"": 0.0001, ""n_blocks"": 2, ""n_epochs"": 30, ""n_heads"": 4}",0.8414738646101113,76840.0,3.282871277653612,24.8376178118658
FT-Transformer,Steel Plates,"{""attention_dropout"": 0.0, ""batch_size"": 256, ""d_token"": 64, ""learning_rate"": 0.0001, ""n_blocks"": 2, ""n_epochs"": 30, ""n_heads"": 4}",1.0,285272.0,4.880660791997798,34.68716116470461
FT-Transformer,Segment,"{""attention_dropout"": 0.0, ""batch_size"": 256, ""d_token"": 32, ""learning_rate"": 0.0001, ""n_blocks"": 2, ""n_epochs"": 30, ""n_heads"": 4}",0.8225108225108224,73916.0,2.714611722001185,13.798761180189437
FT-Transformer,Segment,"{""attention_dropout"": 0.0, ""batch_size"": 256, ""d_token"": 64, ""learning_rate"": 0.0001, ""n_blocks"": 2, ""n_epochs"": 30, ""n_heads"": 4}",0.9141414141414143,279404.0,3.836864680672685,18.294372251136352
FT-Transformer,Segment,"{""attention_dropout"": 0.0, ""batch_size"": 256, ""d_token"": 64, ""learning_rate"": 0.0001, ""n_blocks"": 3, ""n_epochs"": 30, ""n_heads"": 4}",0.9235209235209235,413204.0,6.366689027675117,34.42604541254444
FT-Transformer,Waveform,"{""attention_dropout"": 0.0, ""batch_size"": 256, ""d_token"": 32, ""learning_rate"": 0.0001, ""n_blocks"": 2, ""n_epochs"": 30, ""n_heads"": 4}",0.8413333333333334,78764.0,9.82442693063058,28.426972023832302
FT-Transformer,Waveform,"{""attention_dropout"": 0.0, ""batch_size"": 256, ""d_token"": 64, ""learning_rate"": 0.0001, ""n_blocks"": 2, ""n_epochs"": 30, ""n_heads"": 4}",0.8606666666666666,289116.0,13.632108250012001,42.943110689520836
FT-Transformer,Waveform,"{""attention_dropout"": 0.0, ""batch_size"": 256, ""d_token"": 64, ""learning_rate"": 0.0001, ""n_blocks"": 3, ""n_epochs"": 30, ""n_heads"": 4}",0.8673333333333333,422916.0,21.95235513864706,64.93727765822162
FT-Transformer,SatImage,"{""attention_dropout"": 0.0, ""batch_size"": 256, ""d_token"": 32, ""learning_rate"": 0.0001, ""n_blocks"": 2, ""n_epochs"": 30, ""n_heads"": 4}",0.8499222395023329,78136.0,11.493682666992148,24.643111951067898
FT-Transformer,SatImage,"{""attention_dropout"": 0.0, ""batch_size"": 256, ""d_token"": 64, ""learning_rate"": 0.0001, ""n_blocks"": 2, ""n_epochs"": 30, ""n_heads"": 4}",0.8709175738724729,287848.0,16.769490889351193,44.18912004392658
FT-Transformer,Pendigits,"{""attention_dropout"": 0.0, ""batch_size"": 256, ""d_token"": 32, ""learning_rate"": 0.0001, ""n_blocks"": 2, ""n_epochs"": 30, ""n_heads"": 4}",0.9410338032438986,73544.0,11.49735869463378,11.463379717508337
FT-Transformer,Pendigits,"{""attention_dropout"": 0.0, ""batch_size"": 256, ""d_token"": 64, ""learning_rate"": 0.0001, ""n_blocks"": 2, ""n_epochs"": 30, ""n_heads"": 4}",0.9845384265575262,278648.0,17.35391272266861,20.871608307291762
FT-Transformer,Pendigits,"{""attention_dropout"": 0.0, ""batch_size"": 256, ""d_token"": 64, ""learning_rate"": 0.0001, ""n_blocks"": 3, ""n_epochs"": 30, ""n_heads"": 4}",0.9869637714112476,412448.0,30.167833527666517,34.33333334596443
FT-Transformer,EEG Eye State,"{""attention_dropout"": 0.0, ""batch_size"": 256, ""d_token"": 32, ""learning_rate"": 0.0001, ""n_blocks"": 2, ""n_epochs"": 30, ""n_heads"": 4}",0.5511793502447707,71976.0,15.523978375674536,11.721281250308772
FT-Transformer,EEG Eye State,"{""attention_dropout"": 0.0, ""batch_size"": 256, ""d_token"": 64, ""learning_rate"": 0.0001, ""n_blocks"": 3, ""n_epochs"": 30, ""n_heads"": 4}",0.5512906097018245,409344.0,34.66756524972152,28.688825882327194
FT-Transformer,Magic Gamma,"{""attention_dropout"": 0.0, ""batch_size"": 256, ""d_token"": 32, ""learning_rate"": 0.0001, ""n_blocks"": 2, ""n_epochs"": 30, ""n_heads"": 4}",0.853925692253768,70952.0,15.668176569355031,8.965861991594968
FT-Transformer,Magic Gamma,"{""attention_dropout"": 0.0, ""batch_size"": 256, ""d_token"": 64, ""learning_rate"": 0.0001, ""n_blocks"": 2, ""n_epochs"": 30, ""n_heads"": 4}",0.8643533123028391,273496.0,20.717032152654912,12.68050806137253
FT-Transformer,Letter Recognition,"{""attention_dropout"": 0.0, ""batch_size"": 256, ""d_token"": 32, ""learning_rate"": 0.0001, ""n_blocks"": 2, ""n_epochs"": 30, ""n_heads"": 4}",0.7179166666666666,75656.0,18.775546194636263,11.19632984045893
FT-Transformer,Letter Recognition,"{""attention_dropout"": 0.0, ""batch_size"": 256, ""d_token"": 64, ""learning_rate"": 0.0001, ""n_blocks"": 2, ""n_epochs"": 30, ""n_heads"": 4}",0.8563333333333333,282808.0,28.793183333279256,18.80450700991787
FT-Transformer,Letter Recognition,"{""attention_dropout"": 0.0, ""batch_size"": 256, ""d_token"": 64, ""learning_rate"": 0.0001, ""n_blocks"": 3, ""n_epochs"": 30, ""n_heads"": 4}",0.8930833333333333,416608.0,49.72415018066143,32.07487158942968
ULEEN,Iris,"{""batch_size"": 16, ""bits_per_input"": 3, ""decay_lr"": true, ""dropout_p"": 0.0, ""epochs"": 80, ""filter_entries"": 64, ""filter_hash_functions"": 1, ""filter_inputs"": 4, ""lr"": 0.001, ""n_submodels"": 1, ""pruning_ratio"": 0.27, ""thermometer"": ""gaussian""}",0.4000000000000001,72.0,0.33124306933799136,4.988445693420039
ULEEN,Iris,"{""batch_size"": 16, ""bits_per_input"": 3, ""decay_lr"": true, ""dropout_p"": 0.0, ""epochs"": 30, ""filter_entries"": 64, ""filter_hash_functions"": 1, ""filter_inputs"": 4, ""lr"": 0.01, ""n_submodels"": 1}",0.7111111111111111,152.0,0.2226891250271971,3.996299993660715
ULEEN,Iris,"{""batch_size"": 16, ""bits_per_input"": 3, ""decay_lr"": true, ""dropout_p"": 0.0, ""epochs"": 30, ""filter_entries"": 64, ""filter_hash_functions"": 2, ""filter_inputs"": 4, ""lr"": 0.01, ""n_submodels"": 3}",0.888888888888889,552.0,0.14346241663830975,6.563889069689644
ULEEN,Iris,"{""batch_size"": 32, ""bits_per_input"": 6, ""decay_lr"": true, ""dropout_p"": 0.0, ""epochs"": 50, ""filter_entries"": 256, ""filter_hash_functions"": 2, ""filter_inputs"": 8, ""lr"": 0.01, ""n_submodels"": 5}",0.9,2560.0,0.24307709734421223,10.675464808526966
ULEEN,Wine,"{""batch_size"": 16, ""bits_per_input"": 3, ""decay_lr"": true, ""dropout_p"": 0.0, ""epochs"": 80, ""filter_entries"": 64, ""filter_hash_functions"": 1, ""filter_inputs"": 4, ""lr"": 0.001, ""n_submodels"": 1, ""pruning_ratio"": 0.27, ""thermometer"": ""gaussian""}",0.6296296296296297,192.0,0.14087266630182663,3.4641189914610653
ULEEN,Wine,"{""batch_size"": 16, ""bits_per_input"": 3, ""decay_lr"": true, ""dropout_p"": 0.0, ""epochs"": 30, ""filter_entries"": 64, ""filter_hash_functions"": 1, ""filter_inputs"": 4, ""lr"": 0.01, ""n_submodels"": 1}",0.8703703703703703,432.0,0.06543909731165816,3.3830906937105794
ULEEN,Wine,"{""batch_size"": 16, ""bits_per_input"": 3, ""decay_lr"": true, ""dropout_p"": 0.0, ""epochs"": 30, ""filter_entries"": 64, ""filter_hash_functions"": 2, ""filter_inputs"": 4, ""lr"": 0.01, ""n_submodels"": 3}",0.9074074074074074,1392.0,0.17071193064718196,6.5806304553040755
ULEEN,Wine,"{""batch_size"": 32, ""bits_per_input"": 6, ""decay_lr"": true, ""dropout_p"": 0.0, ""epochs"": 40, ""filter_entries"": 128, ""filter_hash_functions"": 2, ""filter_inputs"": 6, ""lr"": 0.01, ""n_submodels"": 3}",0.9166666666666666,3096.0,0.15890729136299342,7.615740523087207
ULEEN,Wine,"{""batch_size"": 32, ""bits_per_input"": 6, ""decay_lr"": true, ""dropout_p"": 0.0, ""epochs"": 50, ""filter_entries"": 256, ""filter_hash_functions"": 2, ""filter_inputs"": 8, ""lr"": 0.01, ""n_submodels"": 5}",0.9537037037037037,7040.0,0.32804884703364223,11.352240107953548
ULEEN,Breast Cancer,"{""batch_size"": 16, ""bits_per_input"": 3, ""decay_lr"": true, ""dropout_p"": 0.0, ""epochs"": 80, ""filter_entries"": 64, ""filter_hash_functions"": 1, ""filter_inputs"": 4, ""lr"": 0.001, ""n_submodels"": 1, ""pruning_ratio"": 0.27, ""thermometer"": ""gaussian""}",0.9093567251461988,272.0,0.46040395833551884,2.227584717043659
ULEEN,Breast Cancer,"{""batch_size"": 16, ""bits_per_input"": 3, ""decay_lr"": true, ""dropout_p"": 0.0, ""epochs"": 30, ""filter_entries"": 64, ""filter_hash_functions"": 1, ""filter_inputs"": 4, ""lr"": 0.01, ""n_submodels"": 1}",0.9502923976608187,768.0,0.23720643032963076,1.9640551487866198
ULEEN,Breast Cancer,"{""batch_size"": 16, ""bits_per_input"": 3, ""decay_lr"": true, ""dropout_p"": 0.0, ""epochs"": 80, ""filter_entries"": 64, ""filter_hash_functions"": 2, ""filter_inputs"": 4, ""lr"": 0.001, ""n_submodels"": 3, ""pruning_ratio"": 0.27, ""thermometer"": ""gaussian""}",0.9532163742690059,816.0,1.2082171112997457,4.427874466262715
ULEEN,Breast Cancer,"{""batch_size"": 32, ""bits_per_input"": 6, ""decay_lr"": true, ""dropout_p"": 0.0, ""epochs"": 40, ""filter_entries"": 128, ""filter_hash_functions"": 2, ""filter_inputs"": 6, ""lr"": 0.01, ""n_submodels"": 3}",0.9590643274853802,5328.0,0.5884465966373682,6.779601827416329
ULEEN,Seeds,"{""batch_size"": 16, ""bits_per_input"": 3, ""decay_lr"": true, ""dropout_p"": 0.0, ""epochs"": 80, ""filter_entries"": 64, ""filter_hash_functions"": 1, ""filter_inputs"": 4, ""lr"": 0.001, ""n_submodels"": 1, ""pruning_ratio"": 0.27, ""thermometer"": ""gaussian""}",0.6428571428571429,120.0,0.14340180531144142,2.738753599779946
ULEEN,Seeds,"{""batch_size"": 16, ""bits_per_input"": 3, ""decay_lr"": true, ""dropout_p"": 0.0, ""epochs"": 30, ""filter_entries"": 64, ""filter_hash_functions"": 1, ""filter_inputs"": 4, ""lr"": 0.01, ""n_submodels"": 1}",0.873015873015873,272.0,0.08815205566740285,2.809849175964556
ULEEN,Seeds,"{""batch_size"": 16, ""bits_per_input"": 3, ""decay_lr"": true, ""dropout_p"": 0.0, ""epochs"": 30, ""filter_entries"": 64, ""filter_hash_functions"": 2, ""filter_inputs"": 4, ""lr"": 0.01, ""n_submodels"": 3}",0.8968253968253967,912.0,0.1980954580164204,5.2056829666807545
ULEEN,Seeds,"{""batch_size"": 32, ""bits_per_input"": 6, ""decay_lr"": true, ""dropout_p"": 0.0, ""epochs"": 40, ""filter_entries"": 128, ""filter_hash_functions"": 2, ""filter_inputs"": 6, ""lr"": 0.01, ""n_submodels"": 3}",0.9365079365079366,1800.0,0.17544858332257718,5.83068264411792
ULEEN,Seeds,"{""batch_size"": 32, ""bits_per_input"": 6, ""decay_lr"": true, ""dropout_p"": 0.0, ""epochs"": 40, ""filter_entries"": 128, ""filter_hash_functions"": 2, ""filter_inputs"": 4, ""lr"": 0.01, ""n_submodels"": 3}",0.9444444444444445,2304.0,0.17885108365832517,6.85648364384496
ULEEN,Glass,"{""batch_size"": 16, ""bits_per_input"": 3, ""decay_lr"": true, ""dropout_p"": 0.0, ""epochs"": 80, ""filter_entries"": 64, ""filter_hash_functions"": 1, ""filter_inputs"": 4, ""lr"": 0.001, ""n_submodels"": 1, ""pruning_ratio"": 0.27, ""thermometer"": ""gaussian""}",0.3488372093023256,288.0,0.15085801400709897,3.156985892632673
ULEEN,Glass,"{""batch_size"": 16, ""bits_per_input"": 3, ""decay_lr"": true, ""dropout_p"": 0.0, ""epochs"": 30, ""filter_entries"": 64, ""filter_hash_functions"": 1, ""filter_inputs"": 4, ""lr"": 0.01, ""n_submodels"": 1}",0.5503875968992248,480.0,0.09168452730712791,2.3643401371993757
ULEEN,Glass,"{""batch_size"": 16, ""bits_per_input"": 3, ""decay_lr"": true, ""dropout_p"": 0.0, ""epochs"": 30, ""filter_entries"": 64, ""filter_hash_functions"": 2, ""filter_inputs"": 4, ""lr"": 0.01, ""n_submodels"": 3}",0.6666666666666666,1536.0,0.2373565280189117,5.873388524145581
ULEEN,Haberman,"{""batch_size"": 16, ""bits_per_input"": 3, ""decay_lr"": true, ""dropout_p"": 0.0, ""epochs"": 80, ""filter_entries"": 64, ""filter_hash_functions"": 1, ""filter_inputs"": 4, ""lr"": 0.001, ""n_submodels"": 1, ""pruning_ratio"": 0.27, ""thermometer"": ""gaussian""}",0.6451612903225806,48.0,0.1985263613751158,1.9289887390069422
ULEEN,Haberman,"{""batch_size"": 16, ""bits_per_input"": 3, ""decay_lr"": true, ""dropout_p"": 0.0, ""epochs"": 30, ""filter_entries"": 64, ""filter_hash_functions"": 1, ""filter_inputs"": 4, ""lr"": 0.01, ""n_submodels"": 1}",0.7258064516129034,128.0,0.11107604205608368,1.8275052469263795
ULEEN,Haberman,"{""batch_size"": 16, ""bits_per_input"": 3, ""decay_lr"": true, ""dropout_p"": 0.0, ""epochs"": 30, ""filter_entries"": 64, ""filter_hash_functions"": 2, ""filter_inputs"": 4, ""lr"": 0.01, ""n_submodels"": 3}",0.7365591397849464,480.0,0.28415905532892793,3.3812692529091266
ULEEN,Haberman,"{""batch_size"": 16, ""bits_per_input"": 3, ""decay_lr"": true, ""dropout_p"": 0.0, ""epochs"": 80, ""filter_entries"": 64, ""filter_hash_functions"": 2, ""filter_inputs"": 4, ""lr"": 0.001, ""n_submodels"": 3}",0.7365591397849464,480.0,0.5348209030150125,3.7099034475382937
ULEEN,Ecoli,"{""batch_size"": 16, ""bits_per_input"": 3, ""decay_lr"": true, ""dropout_p"": 0.0, ""epochs"": 80, ""filter_entries"": 64, ""filter_hash_functions"": 1, ""filter_inputs"": 4, ""lr"": 0.001, ""n_submodels"": 1, ""pruning_ratio"": 0.27, ""thermometer"": ""gaussian""}",0.5,320.0,0.24901022230430195,2.0622940021840965
ULEEN,Ecoli,"{""batch_size"": 16, ""bits_per_input"": 3, ""decay_lr"": true, ""dropout_p"": 0.0, ""epochs"": 30, ""filter_entries"": 64, ""filter_hash_functions"": 1, ""filter_inputs"": 4, ""lr"": 0.01, ""n_submodels"": 1}",0.7254901960784315,512.0,0.13913448601185033,1.7330486455238334
ULEEN,Ecoli,"{""batch_size"": 16, ""bits_per_input"": 3, ""decay_lr"": true, ""dropout_p"": 0.0, ""epochs"": 30, ""filter_entries"": 64, ""filter_hash_functions"": 2, ""filter_inputs"": 4, ""lr"": 0.01, ""n_submodels"": 3}",0.8137254901960785,1632.0,0.3652973329881206,3.575161898362578
ULEEN,Ecoli,"{""batch_size"": 32, ""bits_per_input"": 6, ""decay_lr"": true, ""dropout_p"": 0.0, ""epochs"": 40, ""filter_entries"": 128, ""filter_hash_functions"": 2, ""filter_inputs"": 6, ""lr"": 0.01, ""n_submodels"": 3}",0.8382352941176471,3480.0,0.2793366386710356,4.101912125799001
ULEEN,Ecoli,"{""batch_size"": 32, ""bits_per_input"": 6, ""decay_lr"": true, ""dropout_p"": 0.0, ""epochs"": 50, ""filter_entries"": 256, ""filter_hash_functions"": 2, ""filter_inputs"": 12, ""lr"": 0.01, ""n_submodels"": 5}",0.9019607843137255,7040.0,0.5598502083448693,8.859275611957498
ULEEN,Ionosphere,"{""batch_size"": 16, ""bits_per_input"": 3, ""decay_lr"": true, ""dropout_p"": 0.0, ""epochs"": 80, ""filter_entries"": 64, ""filter_hash_functions"": 1, ""filter_inputs"": 4, ""lr"": 0.001, ""n_submodels"": 1, ""pruning_ratio"": 0.27, ""thermometer"": ""gaussian""}",0.7230046948356806,304.0,0.252727153012529,3.239437238151479
ULEEN,Ionosphere,"{""batch_size"": 16, ""bits_per_input"": 3, ""decay_lr"": true, ""dropout_p"": 0.0, ""epochs"": 30, ""filter_entries"": 64, ""filter_hash_functions"": 1, ""filter_inputs"": 4, ""lr"": 0.01, ""n_submodels"": 1}",0.8779342723004695,864.0,0.15272261097561568,2.5731644772447892
ULEEN,Ionosphere,"{""batch_size"": 16, ""bits_per_input"": 3, ""decay_lr"": true, ""dropout_p"": 0.0, ""epochs"": 30, ""filter_entries"": 64, ""filter_hash_functions"": 2, ""filter_inputs"": 4, ""lr"": 0.01, ""n_submodels"": 3}",0.948356807511737,2688.0,0.4027302503818646,6.778168977356292
ULEEN,Balance Scale,"{""batch_size"": 16, ""bits_per_input"": 3, ""decay_lr"": true, ""dropout_p"": 0.0, ""epochs"": 80, ""filter_entries"": 64, ""filter_hash_functions"": 1, ""filter_inputs"": 4, ""lr"": 0.001, ""n_submodels"": 1, ""pruning_ratio"": 0.27, ""thermometer"": ""gaussian""}",0.544,72.0,0.405170916308028,1.2102245042721431
ULEEN,Balance Scale,"{""batch_size"": 16, ""bits_per_input"": 3, ""decay_lr"": true, ""dropout_p"": 0.0, ""epochs"": 30, ""filter_entries"": 64, ""filter_hash_functions"": 1, ""filter_inputs"": 4, ""lr"": 0.01, ""n_submodels"": 1}",0.7626666666666667,152.0,0.22171574966826788,0.9623359267910322
ULEEN,Balance Scale,"{""batch_size"": 16, ""bits_per_input"": 3, ""decay_lr"": true, ""dropout_p"": 0.0, ""epochs"": 30, ""filter_entries"": 64, ""filter_hash_functions"": 2, ""filter_inputs"": 4, ""lr"": 0.01, ""n_submodels"": 3}",0.7946666666666666,552.0,0.5671280280221254,1.9729950775702794
ULEEN,Balance Scale,"{""batch_size"": 32, ""bits_per_input"": 6, ""decay_lr"": true, ""dropout_p"": 0.0, ""epochs"": 40, ""filter_entries"": 128, ""filter_hash_functions"": 2, ""filter_inputs"": 6, ""lr"": 0.01, ""n_submodels"": 3}",0.872,1152.0,0.3936595277239879,2.1681090195973716
ULEEN,Balance Scale,"{""batch_size"": 32, ""bits_per_input"": 6, ""decay_lr"": true, ""dropout_p"": 0.0, ""epochs"": 40, ""filter_entries"": 128, ""filter_hash_functions"": 2, ""filter_inputs"": 4, ""lr"": 0.01, ""n_submodels"": 3}",0.8773333333333334,1344.0,0.4522595970192924,2.1398852889736495
ULEEN,Balance Scale,"{""batch_size"": 32, ""bits_per_input"": 6, ""decay_lr"": true, ""dropout_p"": 0.0, ""epochs"": 50, ""filter_entries"": 256, ""filter_hash_functions"": 2, ""filter_inputs"": 8, ""lr"": 0.01, ""n_submodels"": 5}",0.88,2560.0,0.9181267773189271,3.1179975097378096
ULEEN,Pima Diabetes,"{""batch_size"": 16, ""bits_per_input"": 3, ""decay_lr"": true, ""dropout_p"": 0.0, ""epochs"": 80, ""filter_entries"": 64, ""filter_hash_functions"": 1, ""filter_inputs"": 4, ""lr"": 0.001, ""n_submodels"": 1, ""pruning_ratio"": 0.27, ""thermometer"": ""gaussian""}",0.6883116883116883,80.0,0.4896683197002858,1.243415673654446
ULEEN,Pima Diabetes,"{""batch_size"": 16, ""bits_per_input"": 3, ""decay_lr"": true, ""dropout_p"": 0.0, ""epochs"": 30, ""filter_entries"": 64, ""filter_hash_functions"": 1, ""filter_inputs"": 4, ""lr"": 0.01, ""n_submodels"": 1}",0.7142857142857143,224.0,0.2698250833200291,1.1176949374990546
ULEEN,Pima Diabetes,"{""batch_size"": 16, ""bits_per_input"": 3, ""decay_lr"": true, ""dropout_p"": 0.0, ""epochs"": 80, ""filter_entries"": 64, ""filter_hash_functions"": 2, ""filter_inputs"": 4, ""lr"": 0.001, ""n_submodels"": 3, ""pruning_ratio"": 0.27, ""thermometer"": ""gaussian""}",0.722943722943723,240.0,1.24099662535203,2.1098488014497794
ULEEN,Pima Diabetes,"{""batch_size"": 32, ""bits_per_input"": 6, ""decay_lr"": true, ""dropout_p"": 0.0, ""epochs"": 80, ""filter_entries"": 128, ""filter_hash_functions"": 2, ""filter_inputs"": 4, ""lr"": 0.001, ""n_submodels"": 3, ""pruning_ratio"": 0.27, ""thermometer"": ""gaussian""}",0.735930735930736,864.0,0.7475099166622385,2.7421540862908866
ULEEN,Pima Diabetes,"{""batch_size"": 32, ""bits_per_input"": 6, ""decay_lr"": true, ""dropout_p"": 0.0, ""epochs"": 40, ""filter_entries"": 128, ""filter_hash_functions"": 2, ""filter_inputs"": 6, ""lr"": 0.01, ""n_submodels"": 3}",0.7662337662337663,1632.0,0.5004354443323488,3.0201102820632264
ULEEN,Pima Diabetes,"{""batch_size"": 32, ""bits_per_input"": 6, ""decay_lr"": true, ""dropout_p"": 0.0, ""epochs"": 50, ""filter_entries"": 256, ""filter_hash_functions"": 2, ""filter_inputs"": 8, ""lr"": 0.01, ""n_submodels"": 5}",0.7683982683982684,3520.0,1.1717876109760255,4.635101740623449
ULEEN,Vehicle,"{""batch_size"": 16, ""bits_per_input"": 3, ""decay_lr"": true, ""dropout_p"": 0.0, ""epochs"": 80, ""filter_entries"": 64, ""filter_hash_functions"": 1, ""filter_inputs"": 4, ""lr"": 0.001, ""n_submodels"": 1, ""pruning_ratio"": 0.27, ""thermometer"": ""gaussian""}",0.503921568627451,352.0,0.620133013658536,1.270260762277187
ULEEN,Vehicle,"{""batch_size"": 16, ""bits_per_input"": 3, ""decay_lr"": true, ""dropout_p"": 0.0, ""epochs"": 30, ""filter_entries"": 64, ""filter_hash_functions"": 1, ""filter_inputs"": 4, ""lr"": 0.01, ""n_submodels"": 1}",0.5882352941176471,704.0,0.36306219435452175,1.3082511905653804
ULEEN,Vehicle,"{""batch_size"": 16, ""bits_per_input"": 3, ""decay_lr"": true, ""dropout_p"": 0.0, ""epochs"": 80, ""filter_entries"": 64, ""filter_hash_functions"": 2, ""filter_inputs"": 4, ""lr"": 0.001, ""n_submodels"": 3, ""pruning_ratio"": 0.27, ""thermometer"": ""gaussian""}",0.6333333333333333,1056.0,1.591417458296443,2.987990292775281
ULEEN,Vehicle,"{""batch_size"": 16, ""bits_per_input"": 3, ""decay_lr"": true, ""dropout_p"": 0.0, ""epochs"": 30, ""filter_entries"": 64, ""filter_hash_functions"": 2, ""filter_inputs"": 4, ""lr"": 0.01, ""n_submodels"": 3}",0.6568627450980392,2208.0,0.946342471987009,3.301633485392028
ULEEN,Vehicle,"{""batch_size"": 32, ""bits_per_input"": 6, ""decay_lr"": true, ""dropout_p"": 0.0, ""epochs"": 40, ""filter_entries"": 128, ""filter_hash_functions"": 2, ""filter_inputs"": 6, ""lr"": 0.01, ""n_submodels"": 3}",0.688235294117647,5040.0,0.862006847319814,4.17516498333391
ULEEN,Vehicle,"{""batch_size"": 32, ""bits_per_input"": 6, ""decay_lr"": true, ""dropout_p"": 0.0, ""epochs"": 40, ""filter_entries"": 128, ""filter_hash_functions"": 2, ""filter_inputs"": 4, ""lr"": 0.01, ""n_submodels"": 3}",0.715686274509804,6672.0,0.8915571803227067,6.756127364568267
ULEEN,Vehicle,"{""batch_size"": 32, ""bits_per_input"": 6, ""decay_lr"": true, ""dropout_p"": 0.0, ""epochs"": 50, ""filter_entries"": 256, ""filter_hash_functions"": 2, ""filter_inputs"": 12, ""lr"": 0.01, ""n_submodels"": 5}",0.7274509803921569,8880.0,1.680688903007346,6.23954122192135
ULEEN,Vehicle,"{""batch_size"": 32, ""bits_per_input"": 6, ""decay_lr"": true, ""dropout_p"": 0.0, ""epochs"": 50, ""filter_entries"": 256, ""filter_hash_functions"": 2, ""filter_inputs"": 8, ""lr"": 0.01, ""n_submodels"": 5}",0.7411764705882353,11840.0,1.715415444651929,6.886764758211726
ULEEN,Banknote,"{""batch_size"": 16, ""bits_per_input"": 3, ""decay_lr"": true, ""dropout_p"": 0.0, ""epochs"": 80, ""filter_entries"": 64, ""filter_hash_functions"": 1, ""filter_inputs"": 4, ""lr"": 0.001, ""n_submodels"": 1, ""pruning_ratio"": 0.27, ""thermometer"": ""gaussian""}",0.9018181818181819,48.0,0.8661275556466231,0.8243442315495374
ULEEN,Banknote,"{""batch_size"": 16, ""bits_per_input"": 3, ""decay_lr"": true, ""dropout_p"": 0.0, ""epochs"": 80, ""filter_entries"": 64, ""filter_hash_functions"": 2, ""filter_inputs"": 4, ""lr"": 0.001, ""n_submodels"": 3, ""pruning_ratio"": 0.27, ""thermometer"": ""gaussian""}",0.9139393939393939,144.0,2.1066354306725166,1.3379298263426982
ULEEN,Banknote,"{""batch_size"": 32, ""bits_per_input"": 6, ""decay_lr"": true, ""dropout_p"": 0.0, ""epochs"": 80, ""filter_entries"": 128, ""filter_hash_functions"": 2, ""filter_inputs"": 6, ""lr"": 0.001, ""n_submodels"": 3, ""pruning_ratio"": 0.27, ""thermometer"": ""gaussian""}",0.9672727272727273,288.0,1.1928800969617441,1.4896970242261887
ULEEN,Banknote,"{""batch_size"": 32, ""bits_per_input"": 6, ""decay_lr"": true, ""dropout_p"": 0.0, ""epochs"": 80, ""filter_entries"": 256, ""filter_hash_functions"": 2, ""filter_inputs"": 8, ""lr"": 0.001, ""n_submodels"": 5, ""pruning_ratio"": 0.27, ""thermometer"": ""gaussian""}",0.9842424242424243,960.0,1.8835789166623726,2.1682823584838347
ULEEN,Banknote,"{""batch_size"": 32, ""bits_per_input"": 6, ""decay_lr"": true, ""dropout_p"": 0.0, ""epochs"": 50, ""filter_entries"": 256, ""filter_hash_functions"": 2, ""filter_inputs"": 12, ""lr"": 0.01, ""n_submodels"": 5}",0.9866666666666667,2080.0,1.7165849583301072,2.763736993074417
ULEEN,Yeast,"{""batch_size"": 16, ""bits_per_input"": 3, ""decay_lr"": true, ""dropout_p"": 0.0, ""epochs"": 80, ""filter_entries"": 64, ""filter_hash_functions"": 1, ""filter_inputs"": 4, ""lr"": 0.001, ""n_submodels"": 1, ""pruning_ratio"": 0.27, ""thermometer"": ""gaussian""}",0.4377104377104377,400.0,1.042806513956748,0.8152358549595816
ULEEN,Yeast,"{""batch_size"": 16, ""bits_per_input"": 3, ""decay_lr"": true, ""dropout_p"": 0.0, ""epochs"": 30, ""filter_entries"": 64, ""filter_hash_functions"": 1, ""filter_inputs"": 4, ""lr"": 0.01, ""n_submodels"": 1}",0.4657687991021324,608.0,0.6197840829457467,0.7874107638459682
ULEEN,Yeast,"{""batch_size"": 16, ""bits_per_input"": 3, ""decay_lr"": true, ""dropout_p"": 0.0, ""epochs"": 80, ""filter_entries"": 64, ""filter_hash_functions"": 2, ""filter_inputs"": 4, ""lr"": 0.001, ""n_submodels"": 3, ""pruning_ratio"": 0.27, ""thermometer"": ""gaussian""}",0.5286195286195287,1200.0,2.7659870829666033,1.8673770204939022
ULEEN,Yeast,"{""batch_size"": 32, ""bits_per_input"": 6, ""decay_lr"": true, ""dropout_p"": 0.0, ""epochs"": 40, ""filter_entries"": 128, ""filter_hash_functions"": 2, ""filter_inputs"": 6, ""lr"": 0.01, ""n_submodels"": 3}",0.5690235690235691,4704.0,1.2502767503028736,4.093340147541696
ULEEN,Yeast,"{""batch_size"": 32, ""bits_per_input"": 6, ""decay_lr"": true, ""dropout_p"": 0.0, ""epochs"": 40, ""filter_entries"": 128, ""filter_hash_functions"": 2, ""filter_inputs"": 4, ""lr"": 0.01, ""n_submodels"": 3}",0.5780022446689114,6528.0,1.346791736354741,4.564487196580328
ULEEN,Yeast,"{""batch_size"": 32, ""bits_per_input"": 6, ""decay_lr"": true, ""dropout_p"": 0.0, ""epochs"": 50, ""filter_entries"": 256, ""filter_hash_functions"": 2, ""filter_inputs"": 12, ""lr"": 0.01, ""n_submodels"": 5}",0.5970819304152638,8320.0,2.4285920000402257,3.5384882609417407
ULEEN,Steel Plates,"{""batch_size"": 16, ""bits_per_input"": 3, ""decay_lr"": true, ""dropout_p"": 0.0, ""epochs"": 80, ""filter_entries"": 64, ""filter_hash_functions"": 1, ""filter_inputs"": 4, ""lr"": 0.001, ""n_submodels"": 1, ""pruning_ratio"": 0.27, ""thermometer"": ""gaussian""}",0.7960582690659811,304.0,1.3791054583465059,0.8448645960932218
ULEEN,Steel Plates,"{""batch_size"": 16, ""bits_per_input"": 3, ""decay_lr"": true, ""dropout_p"": 0.0, ""epochs"": 30, ""filter_entries"": 64, ""filter_hash_functions"": 1, ""filter_inputs"": 4, ""lr"": 0.01, ""n_submodels"": 1}",0.9383033419023136,832.0,0.8083242779830471,1.2910591866166652
ULEEN,Steel Plates,"{""batch_size"": 16, ""bits_per_input"": 3, ""decay_lr"": true, ""dropout_p"": 0.0, ""epochs"": 30, ""filter_entries"": 64, ""filter_hash_functions"": 2, ""filter_inputs"": 4, ""lr"": 0.01, ""n_submodels"": 3}",0.9974293059125964,2592.0,2.13194011101344,4.256391561021126
ULEEN,Steel Plates,"{""batch_size"": 32, ""bits_per_input"": 6, ""decay_lr"": true, ""dropout_p"": 0.0, ""epochs"": 40, ""filter_entries"": 128, ""filter_hash_functions"": 2, ""filter_inputs"": 6, ""lr"": 0.01, ""n_submodels"": 3}",0.9991431019708655,5832.0,1.9891786110044147,4.493252848272612
ULEEN,Steel Plates,"{""batch_size"": 32, ""bits_per_input"": 6, ""decay_lr"": true, ""dropout_p"": 0.0, ""epochs"": 40, ""filter_entries"": 128, ""filter_hash_functions"": 2, ""filter_inputs"": 4, ""lr"": 0.01, ""n_submodels"": 3}",1.0,7392.0,2.084214708340975,6.11161096891406
ULEEN,Segment,"{""batch_size"": 16, ""bits_per_input"": 3, ""decay_lr"": true, ""dropout_p"": 0.0, ""epochs"": 80, ""filter_entries"": 64, ""filter_hash_functions"": 1, ""filter_inputs"": 4, ""lr"": 0.001, ""n_submodels"": 1, ""pruning_ratio"": 0.27, ""thermometer"": ""gaussian""}",0.8152958152958153,616.0,1.7474531249996896,1.275673217017843
ULEEN,Segment,"{""batch_size"": 16, ""bits_per_input"": 3, ""decay_lr"": true, ""dropout_p"": 0.0, ""epochs"": 30, ""filter_entries"": 64, ""filter_hash_functions"": 1, ""filter_inputs"": 4, ""lr"": 0.01, ""n_submodels"": 1}",0.8304473304473304,1112.0,0.989036027652522,1.197390380607109
ULEEN,Segment,"{""batch_size"": 16, ""bits_per_input"": 3, ""decay_lr"": true, ""dropout_p"": 0.0, ""epochs"": 80, ""filter_entries"": 64, ""filter_hash_functions"": 2, ""filter_inputs"": 4, ""lr"": 0.001, ""n_submodels"": 3, ""pruning_ratio"": 0.27, ""thermometer"": ""gaussian""}",0.8607503607503607,1848.0,4.792854430347991,2.5581119616998396
ULEEN,Segment,"{""batch_size"": 16, ""bits_per_input"": 3, ""decay_lr"": true, ""dropout_p"": 0.0, ""epochs"": 30, ""filter_entries"": 64, ""filter_hash_functions"": 2, ""filter_inputs"": 4, ""lr"": 0.01, ""n_submodels"": 3}",0.880952380952381,3432.0,2.681689986027777,3.4189820161941333
ULEEN,Segment,"{""batch_size"": 32, ""bits_per_input"": 6, ""decay_lr"": true, ""dropout_p"": 0.0, ""epochs"": 80, ""filter_entries"": 128, ""filter_hash_functions"": 2, ""filter_inputs"": 6, ""lr"": 0.001, ""n_submodels"": 3, ""pruning_ratio"": 0.27, ""thermometer"": ""gaussian""}",0.9033189033189034,4704.0,3.4142250559913614,3.002735337277425
ULEEN,Segment,"{""batch_size"": 32, ""bits_per_input"": 6, ""decay_lr"": true, ""dropout_p"": 0.0, ""epochs"": 80, ""filter_entries"": 128, ""filter_hash_functions"": 2, ""filter_inputs"": 4, ""lr"": 0.001, ""n_submodels"": 3, ""pruning_ratio"": 0.27, ""thermometer"": ""gaussian""}",0.9148629148629149,7392.0,3.975079944706522,3.048941552837905
ULEEN,Segment,"{""batch_size"": 32, ""bits_per_input"": 6, ""decay_lr"": true, ""dropout_p"": 0.0, ""epochs"": 40, ""filter_entries"": 128, ""filter_hash_functions"": 2, ""filter_inputs"": 6, ""lr"": 0.01, ""n_submodels"": 3}",0.9437229437229439,8040.0,2.506415083693961,4.206078690120582
ULEEN,Segment,"{""batch_size"": 32, ""bits_per_input"": 6, ""decay_lr"": true, ""dropout_p"": 0.0, ""epochs"": 50, ""filter_entries"": 256, ""filter_hash_functions"": 2, ""filter_inputs"": 12, ""lr"": 0.01, ""n_submodels"": 5}",0.9502164502164502,14560.0,4.752663347016399,6.330417083444619
ULEEN,Waveform,"{""batch_size"": 16, ""bits_per_input"": 3, ""decay_lr"": true, ""dropout_p"": 0.0, ""epochs"": 80, ""filter_entries"": 64, ""filter_hash_functions"": 1, ""filter_inputs"": 4, ""lr"": 0.001, ""n_submodels"": 1, ""pruning_ratio"": 0.27, ""thermometer"": ""gaussian""}",0.79,528.0,3.7911775976341837,0.6078889515871803
ULEEN,Waveform,"{""batch_size"": 16, ""bits_per_input"": 3, ""decay_lr"": true, ""dropout_p"": 0.0, ""epochs"": 80, ""filter_entries"": 64, ""filter_hash_functions"": 2, ""filter_inputs"": 4, ""lr"": 0.001, ""n_submodels"": 3, ""pruning_ratio"": 0.27, ""thermometer"": ""gaussian""}",0.8333333333333334,1584.0,10.71855052766235,2.272499919248124
ULEEN,Waveform,"{""batch_size"": 32, ""bits_per_input"": 6, ""decay_lr"": true, ""dropout_p"": 0.0, ""epochs"": 80, ""filter_entries"": 128, ""filter_hash_functions"": 2, ""filter_inputs"": 4, ""lr"": 0.001, ""n_submodels"": 3, ""pruning_ratio"": 0.27, ""thermometer"": ""gaussian""}",0.8380000000000001,6336.0,9.761207124994447,3.591055671374003
ULEEN,SatImage,"{""batch_size"": 16, ""bits_per_input"": 3, ""decay_lr"": true, ""dropout_p"": 0.0, ""epochs"": 80, ""filter_entries"": 64, ""filter_hash_functions"": 1, ""filter_inputs"": 4, ""lr"": 0.001, ""n_submodels"": 1, ""pruning_ratio"": 0.27, ""thermometer"": ""gaussian""}",0.847071021254536,960.0,5.047013986312474,0.5866917916716011
ULEEN,SatImage,"{""batch_size"": 16, ""bits_per_input"": 3, ""decay_lr"": true, ""dropout_p"": 0.0, ""epochs"": 80, ""filter_entries"": 64, ""filter_hash_functions"": 2, ""filter_inputs"": 4, ""lr"": 0.001, ""n_submodels"": 3, ""pruning_ratio"": 0.27, ""thermometer"": ""gaussian""}",0.88232244686366,2880.0,14.93705054135838,2.148706050026735
ULEEN,SatImage,"{""batch_size"": 32, ""bits_per_input"": 6, ""decay_lr"": true, ""dropout_p"": 0.0, ""epochs"": 80, ""filter_entries"": 128, ""filter_hash_functions"": 2, ""filter_inputs"": 6, ""lr"": 0.001, ""n_submodels"": 3, ""pruning_ratio"": 0.27, ""thermometer"": ""gaussian""}",0.8952825298081907,7776.0,12.049750416656025,3.4616490634821617
ULEEN,SatImage,"{""batch_size"": 32, ""bits_per_input"": 6, ""decay_lr"": true, ""dropout_p"": 0.0, ""epochs"": 80, ""filter_entries"": 256, ""filter_hash_functions"": 2, ""filter_inputs"": 12, ""lr"": 0.001, ""n_submodels"": 5, ""pruning_ratio"": 0.27, ""thermometer"": ""gaussian""}",0.8994297563504406,13440.0,17.48171934702744,4.687661998130347
ULEEN,Pendigits,"{""batch_size"": 16, ""bits_per_input"": 3, ""decay_lr"": true, ""dropout_p"": 0.0, ""epochs"": 80, ""filter_entries"": 64, ""filter_hash_functions"": 1, ""filter_inputs"": 4, ""lr"": 0.001, ""n_submodels"": 1, ""pruning_ratio"": 0.27, ""thermometer"": ""gaussian""}",0.8873730483553129,720.0,8.198155444658672,0.4530783562811013
ULEEN,Pendigits,"{""batch_size"": 16, ""bits_per_input"": 3, ""decay_lr"": true, ""dropout_p"": 0.0, ""epochs"": 80, ""filter_entries"": 64, ""filter_hash_functions"": 1, ""filter_inputs"": 4, ""lr"": 0.001, ""n_submodels"": 1}",0.8946490829164772,1184.0,8.853390013643851,0.5141603833125706
ULEEN,Pendigits,"{""batch_size"": 16, ""bits_per_input"": 3, ""decay_lr"": true, ""dropout_p"": 0.0, ""epochs"": 80, ""filter_entries"": 64, ""filter_hash_functions"": 2, ""filter_inputs"": 4, ""lr"": 0.001, ""n_submodels"": 3, ""pruning_ratio"": 0.27, ""thermometer"": ""gaussian""}",0.9517962710322875,2160.0,22.517600694322027,1.2768303677021815
ULEEN,Pendigits,"{""batch_size"": 32, ""bits_per_input"": 6, ""decay_lr"": true, ""dropout_p"": 0.0, ""epochs"": 80, ""filter_entries"": 128, ""filter_hash_functions"": 2, ""filter_inputs"": 6, ""lr"": 0.001, ""n_submodels"": 3, ""pruning_ratio"": 0.27, ""thermometer"": ""gaussian""}",0.9758981355161437,5760.0,16.736391013643395,1.854049844439461
ULEEN,Pendigits,"{""batch_size"": 32, ""bits_per_input"": 6, ""decay_lr"": true, ""dropout_p"": 0.0, ""epochs"": 40, ""filter_entries"": 128, ""filter_hash_functions"": 2, ""filter_inputs"": 6, ""lr"": 0.01, ""n_submodels"": 3}",0.9857510989843868,9120.0,12.148194222012535,1.7466904593800185
ULEEN,Pendigits,"{""batch_size"": 32, ""bits_per_input"": 6, ""decay_lr"": true, ""dropout_p"": 0.0, ""epochs"": 50, ""filter_entries"": 256, ""filter_hash_functions"": 2, ""filter_inputs"": 12, ""lr"": 0.01, ""n_submodels"": 5}",0.9871153554646052,15680.0,22.764021680690348,3.027676820542679
ULEEN,Pendigits,"{""batch_size"": 32, ""bits_per_input"": 6, ""decay_lr"": true, ""dropout_p"": 0.0, ""epochs"": 50, ""filter_entries"": 256, ""filter_hash_functions"": 2, ""filter_inputs"": 8, ""lr"": 0.01, ""n_submodels"": 5}",0.9878732757313932,21760.0,23.916863277670927,2.995496604473587
ULEEN,EEG Eye State,"{""batch_size"": 16, ""bits_per_input"": 3, ""decay_lr"": true, ""dropout_p"": 0.0, ""epochs"": 80, ""filter_entries"": 64, ""filter_hash_functions"": 1, ""filter_inputs"": 4, ""lr"": 0.001, ""n_submodels"": 1, ""pruning_ratio"": 0.27, ""thermometer"": ""gaussian""}",0.5657543391188251,144.0,9.740467597303601,0.35255351802230567
ULEEN,EEG Eye State,"{""batch_size"": 16, ""bits_per_input"": 3, ""decay_lr"": true, ""dropout_p"": 0.0, ""epochs"": 80, ""filter_entries"": 64, ""filter_hash_functions"": 2, ""filter_inputs"": 4, ""lr"": 0.001, ""n_submodels"": 3, ""pruning_ratio"": 0.27, ""thermometer"": ""gaussian""}",0.6109256786826881,432.0,25.21720648595753,0.8506526369361093
ULEEN,EEG Eye State,"{""batch_size"": 32, ""bits_per_input"": 6, ""decay_lr"": true, ""dropout_p"": 0.0, ""epochs"": 80, ""filter_entries"": 128, ""filter_hash_functions"": 2, ""filter_inputs"": 6, ""lr"": 0.001, ""n_submodels"": 3, ""pruning_ratio"": 0.27, ""thermometer"": ""gaussian""}",0.62572318647085,1056.0,15.464262444370737,1.0817246295016012
ULEEN,EEG Eye State,"{""batch_size"": 32, ""bits_per_input"": 6, ""decay_lr"": true, ""dropout_p"": 0.0, ""epochs"": 80, ""filter_entries"": 256, ""filter_hash_functions"": 2, ""filter_inputs"": 12, ""lr"": 0.001, ""n_submodels"": 5, ""pruning_ratio"": 0.27, ""thermometer"": ""gaussian""}",0.6637739207832666,1920.0,24.794490249982726,1.65642145534121
ULEEN,Magic Gamma,"{""batch_size"": 16, ""bits_per_input"": 3, ""decay_lr"": true, ""dropout_p"": 0.0, ""epochs"": 80, ""filter_entries"": 64, ""filter_hash_functions"": 1, ""filter_inputs"": 4, ""lr"": 0.001, ""n_submodels"": 1, ""pruning_ratio"": 0.27, ""thermometer"": ""gaussian""}",0.7887311601822643,96.0,12.113554694379369,0.24591080072054183
ULEEN,Magic Gamma,"{""batch_size"": 16, ""bits_per_input"": 3, ""decay_lr"": true, ""dropout_p"": 0.0, ""epochs"": 80, ""filter_entries"": 64, ""filter_hash_functions"": 2, ""filter_inputs"": 4, ""lr"": 0.001, ""n_submodels"": 3, ""pruning_ratio"": 0.27, ""thermometer"": ""gaussian""}",0.8152821591307395,288.0,30.016623041670147,0.6271504550255623
ULEEN,Magic Gamma,"{""batch_size"": 32, ""bits_per_input"": 6, ""decay_lr"": true, ""dropout_p"": 0.0, ""epochs"": 80, ""filter_entries"": 128, ""filter_hash_functions"": 2, ""filter_inputs"": 6, ""lr"": 0.001, ""n_submodels"": 3, ""pruning_ratio"": 0.27, ""thermometer"": ""gaussian""}",0.8256221521205749,768.0,18.350298291343886,0.8002248548769059
ULEEN,Magic Gamma,"{""batch_size"": 32, ""bits_per_input"": 6, ""decay_lr"": true, ""dropout_p"": 0.0, ""epochs"": 80, ""filter_entries"": 128, ""filter_hash_functions"": 2, ""filter_inputs"": 4, ""lr"": 0.001, ""n_submodels"": 3, ""pruning_ratio"": 0.27, ""thermometer"": ""gaussian""}",0.8267613038906414,1056.0,18.80215833336115,0.7867996751135258
ULEEN,Magic Gamma,"{""batch_size"": 32, ""bits_per_input"": 6, ""decay_lr"": true, ""dropout_p"": 0.0, ""epochs"": 80, ""filter_entries"": 256, ""filter_hash_functions"": 2, ""filter_inputs"": 12, ""lr"": 0.001, ""n_submodels"": 5, ""pruning_ratio"": 0.27, ""thermometer"": ""gaussian""}",0.8386785839467228,1280.0,30.71769595871835,1.3355056975915627
ULEEN,Letter Recognition,"{""batch_size"": 16, ""bits_per_input"": 3, ""decay_lr"": true, ""dropout_p"": 0.0, ""epochs"": 80, ""filter_entries"": 64, ""filter_hash_functions"": 1, ""filter_inputs"": 4, ""lr"": 0.001, ""n_submodels"": 1, ""pruning_ratio"": 0.27, ""thermometer"": ""gaussian""}",0.521,1872.0,17.36567673595467,0.7347118322892735
ULEEN,Letter Recognition,"{""batch_size"": 16, ""bits_per_input"": 3, ""decay_lr"": true, ""dropout_p"": 0.0, ""epochs"": 80, ""filter_entries"": 64, ""filter_hash_functions"": 2, ""filter_inputs"": 4, ""lr"": 0.001, ""n_submodels"": 3, ""pruning_ratio"": 0.27, ""thermometer"": ""gaussian""}",0.6594166666666667,5616.0,55.32868498633616,2.5572257582098246
ULEEN,Letter Recognition,"{""batch_size"": 32, ""bits_per_input"": 6, ""decay_lr"": true, ""dropout_p"": 0.0, ""epochs"": 80, ""filter_entries"": 128, ""filter_hash_functions"": 2, ""filter_inputs"": 6, ""lr"": 0.001, ""n_submodels"": 3, ""pruning_ratio"": 0.27, ""thermometer"": ""gaussian""}",0.8234166666666667,14976.0,54.25501019433917,3.2041562468900033
ULEEN,Letter Recognition,"{""batch_size"": 32, ""bits_per_input"": 6, ""decay_lr"": true, ""dropout_p"": 0.0, ""epochs"": 80, ""filter_entries"": 256, ""filter_hash_functions"": 2, ""filter_inputs"": 12, ""lr"": 0.001, ""n_submodels"": 5, ""pruning_ratio"": 0.27, ""thermometer"": ""gaussian""}",0.8814166666666666,24960.0,73.542406652666,3.2825103359452137
ULEEN,phoneme,"{""batch_size"": 16, ""bits_per_input"": 3, ""decay_lr"": true, ""dropout_p"": 0.0, ""epochs"": 80, ""filter_entries"": 64, ""filter_hash_functions"": 1, ""filter_inputs"": 4, ""lr"": 0.001, ""n_submodels"": 1, ""pruning_ratio"": 0.27, ""thermometer"": ""gaussian""}",0.761332099907493,48.0,3.38321101362817,0.35020317009274254
ULEEN,phoneme,"{""batch_size"": 16, ""bits_per_input"": 3, ""decay_lr"": true, ""dropout_p"": 0.0, ""epochs"": 80, ""filter_entries"": 64, ""filter_hash_functions"": 2, ""filter_inputs"": 4, ""lr"": 0.001, ""n_submodels"": 3, ""pruning_ratio"": 0.27, ""thermometer"": ""gaussian""}",0.7702744372494603,144.0,8.309902513671355,0.7535846653499796
ULEEN,phoneme,"{""batch_size"": 32, ""bits_per_input"": 6, ""decay_lr"": true, ""dropout_p"": 0.0, ""epochs"": 80, ""filter_entries"": 128, ""filter_hash_functions"": 2, ""filter_inputs"": 6, ""lr"": 0.001, ""n_submodels"": 3, ""pruning_ratio"": 0.27, ""thermometer"": ""gaussian""}",0.8004933703361085,384.0,4.633694486343302,0.797409775046298
ULEEN,phoneme,"{""batch_size"": 32, ""bits_per_input"": 6, ""decay_lr"": true, ""dropout_p"": 0.0, ""epochs"": 80, ""filter_entries"": 256, ""filter_hash_functions"": 2, ""filter_inputs"": 12, ""lr"": 0.001, ""n_submodels"": 5, ""pruning_ratio"": 0.27, ""thermometer"": ""gaussian""}",0.8223866790009251,960.0,7.704074471994924,1.4280631990067725
ULEEN,australian,"{""batch_size"": 16, ""bits_per_input"": 3, ""decay_lr"": true, ""dropout_p"": 0.0, ""epochs"": 80, ""filter_entries"": 64, ""filter_hash_functions"": 1, ""filter_inputs"": 4, ""lr"": 0.001, ""n_submodels"": 1, ""pruning_ratio"": 0.27, ""thermometer"": ""gaussian""}",0.7777777777777777,144.0,0.45315751429491985,1.5074493484976499
ULEEN,australian,"{""batch_size"": 16, ""bits_per_input"": 3, ""decay_lr"": true, ""dropout_p"": 0.0, ""epochs"": 30, ""filter_entries"": 64, ""filter_hash_functions"": 1, ""filter_inputs"": 4, ""lr"": 0.01, ""n_submodels"": 1}",0.8115942028985508,384.0,0.24832877765099207,1.2671085106037954
ULEEN,australian,"{""batch_size"": 16, ""bits_per_input"": 3, ""decay_lr"": true, ""dropout_p"": 0.0, ""epochs"": 80, ""filter_entries"": 64, ""filter_hash_functions"": 2, ""filter_inputs"": 4, ""lr"": 0.001, ""n_submodels"": 3, ""pruning_ratio"": 0.27, ""thermometer"": ""gaussian""}",0.8236714975845411,432.0,1.1360163749971737,3.220309033216054
ULEEN,australian,"{""batch_size"": 16, ""bits_per_input"": 3, ""decay_lr"": true, ""dropout_p"": 0.0, ""epochs"": 30, ""filter_entries"": 64, ""filter_hash_functions"": 2, ""filter_inputs"": 4, ""lr"": 0.01, ""n_submodels"": 3}",0.852657004830918,1248.0,0.6237143469819179,4.212961392702112
ULEEN,australian,"{""batch_size"": 32, ""bits_per_input"": 6, ""decay_lr"": true, ""dropout_p"": 0.0, ""epochs"": 40, ""filter_entries"": 128, ""filter_hash_functions"": 2, ""filter_inputs"": 6, ""lr"": 0.01, ""n_submodels"": 3}",0.8623188405797101,2640.0,0.5485839580263322,4.091084955017204
ULEEN,australian,"{""batch_size"": 32, ""bits_per_input"": 6, ""decay_lr"": true, ""dropout_p"": 0.0, ""epochs"": 50, ""filter_entries"": 256, ""filter_hash_functions"": 2, ""filter_inputs"": 8, ""lr"": 0.01, ""n_submodels"": 5}",0.8647342995169082,5920.0,1.1057308616582304,6.1407004222093855
ULEEN,nomao,"{""batch_size"": 16, ""bits_per_input"": 3, ""decay_lr"": true, ""dropout_p"": 0.0, ""epochs"": 80, ""filter_entries"": 64, ""filter_hash_functions"": 1, ""filter_inputs"": 4, ""lr"": 0.001, ""n_submodels"": 1, ""pruning_ratio"": 0.27, ""thermometer"": ""gaussian""}",0.9391169785773007,1040.0,23.218755528020363,1.1835779808362583
ULEEN,nomao,"{""batch_size"": 16, ""bits_per_input"": 3, ""decay_lr"": true, ""dropout_p"": 0.0, ""epochs"": 80, ""filter_entries"": 64, ""filter_hash_functions"": 2, ""filter_inputs"": 4, ""lr"": 0.001, ""n_submodels"": 3, ""pruning_ratio"": 0.27, ""thermometer"": ""gaussian""}",0.9501426568015862,3120.0,69.80900329169042,4.2074265634417936
ULEEN,nomao,"{""batch_size"": 32, ""bits_per_input"": 6, ""decay_lr"": true, ""dropout_p"": 0.0, ""epochs"": 80, ""filter_entries"": 128, ""filter_hash_functions"": 2, ""filter_inputs"": 6, ""lr"": 0.001, ""n_submodels"": 3, ""pruning_ratio"": 0.27, ""thermometer"": ""gaussian""}",0.9565259441945937,8352.0,60.2041711389708,9.116156483082124
ULEEN,nomao,"{""batch_size"": 32, ""bits_per_input"": 6, ""decay_lr"": true, ""dropout_p"": 0.0, ""epochs"": 80, ""filter_entries"": 256, ""filter_hash_functions"": 2, ""filter_inputs"": 12, ""lr"": 0.001, ""n_submodels"": 5, ""pruning_ratio"": 0.27, ""thermometer"": ""gaussian""}",0.9609265438367426,14080.0,84.9137513890164,14.17961255507852
ULEEN,nomao,"{""batch_size"": 32, ""bits_per_input"": 6, ""decay_lr"": true, ""dropout_p"": 0.0, ""epochs"": 50, ""filter_entries"": 256, ""filter_hash_functions"": 2, ""filter_inputs"": 12, ""lr"": 0.01, ""n_submodels"": 5}",0.9638280381062914,34000.0,68.05191673637212,7.5937101979193615
ULEEN,miniboone,"{""batch_size"": 16, ""bits_per_input"": 3, ""decay_lr"": true, ""dropout_p"": 0.0, ""epochs"": 80, ""filter_entries"": 64, ""filter_hash_functions"": 1, ""filter_inputs"": 4, ""lr"": 0.001, ""n_submodels"": 1, ""pruning_ratio"": 0.27, ""thermometer"": ""gaussian""}",0.8182831661092531,448.0,20.728522014028083,3.0654288241956817
ULEEN,miniboone,"{""batch_size"": 16, ""bits_per_input"": 3, ""decay_lr"": true, ""dropout_p"": 0.0, ""epochs"": 80, ""filter_entries"": 64, ""filter_hash_functions"": 2, ""filter_inputs"": 4, ""lr"": 0.001, ""n_submodels"": 3, ""pruning_ratio"": 0.27, ""thermometer"": ""gaussian""}",0.8405797101449274,1344.0,54.27107055562859,11.549013955302717
ULEEN,miniboone,"{""batch_size"": 32, ""bits_per_input"": 6, ""decay_lr"": true, ""dropout_p"": 0.0, ""epochs"": 80, ""filter_entries"": 128, ""filter_hash_functions"": 2, ""filter_inputs"": 6, ""lr"": 0.001, ""n_submodels"": 3, ""pruning_ratio"": 0.27, ""thermometer"": ""gaussian""}",0.8631069080844194,3552.0,37.221625166634716,2.8011021292664537
ULEEN,miniboone,"{""batch_size"": 32, ""bits_per_input"": 6, ""decay_lr"": true, ""dropout_p"": 0.0, ""epochs"": 80, ""filter_entries"": 256, ""filter_hash_functions"": 2, ""filter_inputs"": 12, ""lr"": 0.001, ""n_submodels"": 5, ""pruning_ratio"": 0.27, ""thermometer"": ""gaussian""}",0.8670536526608491,6080.0,56.65937080533089,4.6684665228404825
ULEEN,miniboone,"{""batch_size"": 32, ""bits_per_input"": 6, ""decay_lr"": true, ""dropout_p"": 0.0, ""epochs"": 80, ""filter_entries"": 256, ""filter_hash_functions"": 2, ""filter_inputs"": 8, ""lr"": 0.001, ""n_submodels"": 5, ""pruning_ratio"": 0.27, ""thermometer"": ""gaussian""}",0.869334563487487,8960.0,59.173858888680115,3.834045580424725
ULEEN,christine,"{""batch_size"": 16, ""bits_per_input"": 3, ""decay_lr"": true, ""dropout_p"": 0.0, ""epochs"": 80, ""filter_entries"": 64, ""filter_hash_functions"": 1, ""filter_inputs"": 4, ""lr"": 0.001, ""n_submodels"": 1, ""pruning_ratio"": 0.27, ""thermometer"": ""gaussian""}",0.6488314883148831,14336.0,17.175676847381208,13.111393002628235
ULEEN,christine,"{""batch_size"": 16, ""bits_per_input"": 3, ""decay_lr"": true, ""dropout_p"": 0.0, ""epochs"": 30, ""filter_entries"": 64, ""filter_hash_functions"": 1, ""filter_inputs"": 4, ""lr"": 0.01, ""n_submodels"": 1}",0.6509840098400984,39296.0,10.605962083325721,9.65167619522803
ULEEN,christine,"{""batch_size"": 16, ""bits_per_input"": 3, ""decay_lr"": true, ""dropout_p"": 0.0, ""epochs"": 80, ""filter_entries"": 64, ""filter_hash_functions"": 2, ""filter_inputs"": 4, ""lr"": 0.001, ""n_submodels"": 3, ""pruning_ratio"": 0.27, ""thermometer"": ""gaussian""}",0.6903444034440346,43008.0,68.24016363930423,45.35356460186123
ULEEN,christine,"{""batch_size"": 32, ""bits_per_input"": 6, ""decay_lr"": true, ""dropout_p"": 0.0, ""epochs"": 80, ""filter_entries"": 128, ""filter_hash_functions"": 2, ""filter_inputs"": 4, ""lr"": 0.001, ""n_submodels"": 3, ""pruning_ratio"": 0.27, ""thermometer"": ""gaussian""}",0.6952644526445265,172032.0,83.68014684699786,93.65504584504293
ULEEN,christine,"{""batch_size"": 32, ""bits_per_input"": 6, ""decay_lr"": true, ""dropout_p"": 0.0, ""epochs"": 40, ""filter_entries"": 128, ""filter_hash_functions"": 2, ""filter_inputs"": 6, ""lr"": 0.01, ""n_submodels"": 3}",0.6955719557195571,275136.0,31.93586852766263,79.47935884002811
ULEEN,christine,"{""batch_size"": 32, ""bits_per_input"": 6, ""decay_lr"": true, ""dropout_p"": 0.0, ""epochs"": 50, ""filter_entries"": 256, ""filter_hash_functions"": 2, ""filter_inputs"": 12, ""lr"": 0.01, ""n_submodels"": 5}",0.7103321033210331,459040.0,72.56234822201077,103.41202796821749
ULEEN,christine,"{""batch_size"": 32, ""bits_per_input"": 6, ""decay_lr"": true, ""dropout_p"": 0.0, ""epochs"": 50, ""filter_entries"": 256, ""filter_hash_functions"": 2, ""filter_inputs"": 8, ""lr"": 0.01, ""n_submodels"": 5}",0.7167896678966789,589600.0,67.12416604169023,96.63172687952571
ULEEN,jasmine,"{""batch_size"": 16, ""bits_per_input"": 3, ""decay_lr"": true, ""dropout_p"": 0.0, ""epochs"": 80, ""filter_entries"": 64, ""filter_hash_functions"": 1, ""filter_inputs"": 4, ""lr"": 0.001, ""n_submodels"": 1, ""pruning_ratio"": 0.27, ""thermometer"": ""gaussian""}",0.6767169179229481,1264.0,2.7279124163324013,1.3235153288214916
ULEEN,jasmine,"{""batch_size"": 16, ""bits_per_input"": 3, ""decay_lr"": true, ""dropout_p"": 0.0, ""epochs"": 30, ""filter_entries"": 64, ""filter_hash_functions"": 1, ""filter_inputs"": 4, ""lr"": 0.01, ""n_submodels"": 1}",0.6979341150195421,3488.0,1.666238083310115,1.7447649183543217
ULEEN,jasmine,"{""batch_size"": 16, ""bits_per_input"": 3, ""decay_lr"": true, ""dropout_p"": 0.0, ""epochs"": 80, ""filter_entries"": 64, ""filter_hash_functions"": 2, ""filter_inputs"": 4, ""lr"": 0.001, ""n_submodels"": 3, ""pruning_ratio"": 0.27, ""thermometer"": ""gaussian""}",0.7677275265214963,3792.0,8.573148277355358,4.869671697072614
ULEEN,jasmine,"{""batch_size"": 32, ""bits_per_input"": 6, ""decay_lr"": true, ""dropout_p"": 0.0, ""epochs"": 80, ""filter_entries"": 256, ""filter_hash_functions"": 2, ""filter_inputs"": 12, ""lr"": 0.001, ""n_submodels"": 5, ""pruning_ratio"": 0.27, ""thermometer"": ""gaussian""}",0.7777777777777777,16960.0,12.521311360993423,11.426786669035453
ULEEN,jasmine,"{""batch_size"": 32, ""bits_per_input"": 6, ""decay_lr"": true, ""dropout_p"": 0.0, ""epochs"": 80, ""filter_entries"": 256, ""filter_hash_functions"": 2, ""filter_inputs"": 8, ""lr"": 0.001, ""n_submodels"": 5, ""pruning_ratio"": 0.27, ""thermometer"": ""gaussian""}",0.7828029034059186,25280.0,13.522820277954452,11.09792020989323
ULEEN,sylvine,"{""batch_size"": 16, ""bits_per_input"": 3, ""decay_lr"": true, ""dropout_p"": 0.0, ""epochs"": 80, ""filter_entries"": 64, ""filter_hash_functions"": 1, ""filter_inputs"": 4, ""lr"": 0.001, ""n_submodels"": 1, ""pruning_ratio"": 0.27, ""thermometer"": ""gaussian""}",0.823089430894309,176.0,3.2657232916681096,0.4431161257188494
ULEEN,sylvine,"{""batch_size"": 16, ""bits_per_input"": 3, ""decay_lr"": true, ""dropout_p"": 0.0, ""epochs"": 80, ""filter_entries"": 64, ""filter_hash_functions"": 2, ""filter_inputs"": 4, ""lr"": 0.001, ""n_submodels"": 3, ""pruning_ratio"": 0.27, ""thermometer"": ""gaussian""}",0.8777235772357724,528.0,8.7484222916731,1.3379131375652988
ULEEN,sylvine,"{""batch_size"": 32, ""bits_per_input"": 6, ""decay_lr"": true, ""dropout_p"": 0.0, ""epochs"": 80, ""filter_entries"": 128, ""filter_hash_functions"": 2, ""filter_inputs"": 6, ""lr"": 0.001, ""n_submodels"": 3, ""pruning_ratio"": 0.27, ""thermometer"": ""gaussian""}",0.8969105691056911,1440.0,5.798532041332995,1.6881163966486123
ULEEN,sylvine,"{""batch_size"": 32, ""bits_per_input"": 6, ""decay_lr"": true, ""dropout_p"": 0.0, ""epochs"": 80, ""filter_entries"": 128, ""filter_hash_functions"": 2, ""filter_inputs"": 4, ""lr"": 0.001, ""n_submodels"": 3, ""pruning_ratio"": 0.27, ""thermometer"": ""gaussian""}",0.9069918699186993,2112.0,6.03260915268523,1.8267888893804898
ULEEN,blood-transfusion,"{""batch_size"": 16, ""bits_per_input"": 3, ""decay_lr"": true, ""dropout_p"": 0.0, ""epochs"": 80, ""filter_entries"": 64, ""filter_hash_functions"": 1, ""filter_inputs"": 4, ""lr"": 0.001, ""n_submodels"": 1, ""pruning_ratio"": 0.27, ""thermometer"": ""gaussian""}",0.7533333333333333,48.0,0.4543259583491211,0.7797198163138496
ULEEN,blood-transfusion,"{""batch_size"": 16, ""bits_per_input"": 3, ""decay_lr"": true, ""dropout_p"": 0.0, ""epochs"": 80, ""filter_entries"": 64, ""filter_hash_functions"": 1, ""filter_inputs"": 4, ""lr"": 0.001, ""n_submodels"": 1}",0.7644444444444444,128.0,0.4185295696758355,0.9061114138199223
ULEEN,blood-transfusion,"{""batch_size"": 32, ""bits_per_input"": 6, ""decay_lr"": true, ""dropout_p"": 0.0, ""epochs"": 80, ""filter_entries"": 128, ""filter_hash_functions"": 2, ""filter_inputs"": 6, ""lr"": 0.001, ""n_submodels"": 3, ""pruning_ratio"": 0.27, ""thermometer"": ""gaussian""}",0.7666666666666666,288.0,0.5998310833238065,1.6167578804824088
ULEEN,blood-transfusion,"{""batch_size"": 32, ""bits_per_input"": 6, ""decay_lr"": true, ""dropout_p"": 0.0, ""epochs"": 40, ""filter_entries"": 128, ""filter_hash_functions"": 2, ""filter_inputs"": 6, ""lr"": 0.01, ""n_submodels"": 3}",0.7755555555555556,960.0,0.46464009703292203,2.49833127276765
ULEEN,blood-transfusion,"{""batch_size"": 32, ""bits_per_input"": 6, ""decay_lr"": true, ""dropout_p"": 0.0, ""epochs"": 50, ""filter_entries"": 256, ""filter_hash_functions"": 2, ""filter_inputs"": 8, ""lr"": 0.01, ""n_submodels"": 5}",0.7799999999999999,2080.0,0.9237841529926906,4.332406808518701
ULEEN,higgs-small,"{""batch_size"": 16, ""bits_per_input"": 3, ""decay_lr"": true, ""dropout_p"": 0.0, ""epochs"": 80, ""filter_entries"": 64, ""filter_hash_functions"": 1, ""filter_inputs"": 4, ""lr"": 0.001, ""n_submodels"": 1, ""pruning_ratio"": 0.27, ""thermometer"": ""gaussian""}",0.5990311065782764,256.0,17.18251173601796,0.2743930150771372
ULEEN,higgs-small,"{""batch_size"": 16, ""bits_per_input"": 3, ""decay_lr"": true, ""dropout_p"": 0.0, ""epochs"": 80, ""filter_entries"": 64, ""filter_hash_functions"": 2, ""filter_inputs"": 4, ""lr"": 0.001, ""n_submodels"": 3, ""pruning_ratio"": 0.27, ""thermometer"": ""gaussian""}",0.6412884582695902,768.0,43.46418473601807,0.8701668693201996
ULEEN,higgs-small,"{""batch_size"": 32, ""bits_per_input"": 6, ""decay_lr"": true, ""dropout_p"": 0.0, ""epochs"": 80, ""filter_entries"": 128, ""filter_hash_functions"": 2, ""filter_inputs"": 6, ""lr"": 0.001, ""n_submodels"": 3, ""pruning_ratio"": 0.27, ""thermometer"": ""gaussian""}",0.6454530001699813,2016.0,30.264914819349844,1.386922061713718
ULEEN,higgs-small,"{""batch_size"": 32, ""bits_per_input"": 6, ""decay_lr"": true, ""dropout_p"": 0.0, ""epochs"": 80, ""filter_entries"": 256, ""filter_hash_functions"": 2, ""filter_inputs"": 8, ""lr"": 0.001, ""n_submodels"": 5, ""pruning_ratio"": 0.27, ""thermometer"": ""gaussian""}",0.6523372429032807,5120.0,47.732384625356644,2.470461494721043
ULEEN,skin-segmentation,"{""batch_size"": 16, ""bits_per_input"": 3, ""decay_lr"": true, ""dropout_p"": 0.0, ""epochs"": 80, ""filter_entries"": 64, ""filter_hash_functions"": 1, ""filter_inputs"": 4, ""lr"": 0.001, ""n_submodels"": 1, ""pruning_ratio"": 0.27, ""thermometer"": ""gaussian""}",0.8059726869610163,48.0,14.515694444339411,0.1173771527913049
ULEEN,skin-segmentation,"{""batch_size"": 16, ""bits_per_input"": 3, ""decay_lr"": true, ""dropout_p"": 0.0, ""epochs"": 30, ""filter_entries"": 64, ""filter_hash_functions"": 1, ""filter_inputs"": 4, ""lr"": 0.01, ""n_submodels"": 1}",0.9106137272504693,128.0,8.595810597025169,0.10866443631776483
ULEEN,skin-segmentation,"{""batch_size"": 16, ""bits_per_input"": 3, ""decay_lr"": true, ""dropout_p"": 0.0, ""epochs"": 80, ""filter_entries"": 64, ""filter_hash_functions"": 2, ""filter_inputs"": 4, ""lr"": 0.001, ""n_submodels"": 3, ""pruning_ratio"": 0.27, ""thermometer"": ""gaussian""}",0.9235153295791507,144.0,35.54213861065606,0.24758138161409707
ULEEN,skin-segmentation,"{""batch_size"": 32, ""bits_per_input"": 6, ""decay_lr"": true, ""dropout_p"": 0.0, ""epochs"": 80, ""filter_entries"": 128, ""filter_hash_functions"": 2, ""filter_inputs"": 6, ""lr"": 0.001, ""n_submodels"": 3, ""pruning_ratio"": 0.27, ""thermometer"": ""gaussian""}",0.9648181397752932,288.0,19.057690791630495,0.2773838781861473
ULEEN,skin-segmentation,"{""batch_size"": 32, ""bits_per_input"": 6, ""decay_lr"": true, ""dropout_p"": 0.0, ""epochs"": 80, ""filter_entries"": 256, ""filter_hash_functions"": 2, ""filter_inputs"": 12, ""lr"": 0.001, ""n_submodels"": 5, ""pruning_ratio"": 0.27, ""thermometer"": ""gaussian""}",0.9764207404989254,640.0,32.02533281970924,0.44457167585135454
ULEEN,skin-segmentation,"{""batch_size"": 32, ""bits_per_input"": 6, ""decay_lr"": true, ""dropout_p"": 0.0, ""epochs"": 80, ""filter_entries"": 256, ""filter_hash_functions"": 2, ""filter_inputs"": 12, ""lr"": 0.001, ""n_submodels"": 5}",0.9821268260834083,2080.0,30.16505641664844,0.4435212048440349
