system,dataset,criterion,hp_id,mean_acc,mean_mem_bytes,mean_train_s,mean_infer_us_per_sample,n_seeds_aggregated
BTHOWeN,Balance Scale,best_acc,"{""addressSize"": 6, ""bitsPerInput"": 9, ""numBits"": 512, ""numHashes"": 2}",0.8496,1152.0,0.006583183188922703,2.5520002469420433,10
BTHOWeN,Balance Scale,best_mem_at_iso_acc,"{""addressSize"": 6, ""bitsPerInput"": 9, ""numBits"": 512, ""numHashes"": 2}",0.8496,1152.0,0.006583183188922703,2.5520002469420433,10
BTHOWeN,Balance Scale,best_acc_per_log_mem,"{""addressSize"": 20, ""bitsPerInput"": 3, ""numBits"": 128, ""numHashes"": 2}",0.6896,48.0,0.0032216418301686646,1.4762667939066887,10
BTHOWeN,Balance Scale,best_acc_at_small_budget,"{""addressSize"": 6, ""bitsPerInput"": 9, ""numBits"": 512, ""numHashes"": 2}",0.8496,1152.0,0.006583183188922703,2.5520002469420433,10
BTHOWeN,Balance Scale,best_acc_at_medium_budget,"{""addressSize"": 6, ""bitsPerInput"": 9, ""numBits"": 512, ""numHashes"": 2}",0.8496,1152.0,0.006583183188922703,2.5520002469420433,10
BTHOWeN,Banknote,best_acc,"{""addressSize"": 20, ""bitsPerInput"": 9, ""numBits"": 2048, ""numHashes"": 4}",0.992,1024.0,0.008173999632708729,1.5454543754458427,10
BTHOWeN,Banknote,best_mem_at_iso_acc,"{""addressSize"": 20, ""bitsPerInput"": 9, ""numBits"": 2048, ""numHashes"": 2}",0.9898181818181818,1024.0,0.007781483419239521,1.4702114699916407,10
BTHOWeN,Banknote,best_acc_per_log_mem,"{""addressSize"": 12, ""bitsPerInput"": 3, ""numBits"": 128, ""numHashes"": 2}",0.8880000000000001,32.0,0.006464783614501357,1.1445745317773386,10
BTHOWeN,Banknote,best_acc_at_small_budget,"{""addressSize"": 20, ""bitsPerInput"": 9, ""numBits"": 2048, ""numHashes"": 4}",0.992,1024.0,0.008173999632708729,1.5454543754458427,10
BTHOWeN,Banknote,best_acc_at_medium_budget,"{""addressSize"": 20, ""bitsPerInput"": 9, ""numBits"": 2048, ""numHashes"": 4}",0.992,1024.0,0.008173999632708729,1.5454543754458427,10
BTHOWeN,Breast Cancer,best_acc,"{""addressSize"": 20, ""bitsPerInput"": 9, ""numBits"": 2048, ""numHashes"": 2}",0.9596491228070174,7168.0,0.008617399982176721,5.164544155265679,10
BTHOWeN,Breast Cancer,best_mem_at_iso_acc,"{""addressSize"": 20, ""bitsPerInput"": 9, ""numBits"": 2048, ""numHashes"": 2}",0.9596491228070174,7168.0,0.008617399982176721,5.164544155265679,10
BTHOWeN,Breast Cancer,best_acc_per_log_mem,"{""addressSize"": 12, ""bitsPerInput"": 3, ""numBits"": 128, ""numHashes"": 2}",0.8912280701754385,256.0,0.006036466802470386,3.1520453232683634,10
BTHOWeN,Breast Cancer,best_acc_at_small_budget,"{""addressSize"": 20, ""bitsPerInput"": 9, ""numBits"": 2048, ""numHashes"": 2}",0.9596491228070174,7168.0,0.008617399982176721,5.164544155265679,10
BTHOWeN,Breast Cancer,best_acc_at_medium_budget,"{""addressSize"": 20, ""bitsPerInput"": 9, ""numBits"": 2048, ""numHashes"": 2}",0.9596491228070174,7168.0,0.008617399982176721,5.164544155265679,10
BTHOWeN,EEG Eye State,best_acc,"{""addressSize"": 28, ""bitsPerInput"": 9, ""numBits"": 512, ""numHashes"": 4}",0.580173564753004,640.0,0.04525567502714693,2.821208753726272,10
BTHOWeN,EEG Eye State,best_mem_at_iso_acc,"{""addressSize"": 20, ""bitsPerInput"": 3, ""numBits"": 512, ""numHashes"": 4}",0.578237650200267,384.0,0.032198524987325075,1.840256477826746,10
BTHOWeN,EEG Eye State,best_acc_per_log_mem,"{""addressSize"": 28, ""bitsPerInput"": 3, ""numBits"": 128, ""numHashes"": 4}",0.5560747663551402,64.0,0.029349608393386007,1.677739779304499,10
BTHOWeN,EEG Eye State,best_acc_at_small_budget,"{""addressSize"": 28, ""bitsPerInput"": 9, ""numBits"": 512, ""numHashes"": 4}",0.580173564753004,640.0,0.04525567502714693,2.821208753726272,10
BTHOWeN,EEG Eye State,best_acc_at_medium_budget,"{""addressSize"": 28, ""bitsPerInput"": 9, ""numBits"": 512, ""numHashes"": 4}",0.580173564753004,640.0,0.04525567502714693,2.821208753726272,10
BTHOWeN,Ecoli,best_acc,"{""addressSize"": 8, ""bitsPerInput"": 8, ""numBits"": 1024, ""numHashes"": 2}",0.8411764705882353,7168.0,0.009121125191450119,6.780020810444566,5
BTHOWeN,Ecoli,best_mem_at_iso_acc,"{""addressSize"": 8, ""bitsPerInput"": 8, ""numBits"": 1024, ""numHashes"": 2}",0.8411764705882353,7168.0,0.009121125191450119,6.780020810444566,5
BTHOWeN,Ecoli,best_acc_per_log_mem,"{""addressSize"": 20, ""bitsPerInput"": 3, ""numBits"": 128, ""numHashes"": 2}",0.7352941176470588,256.0,0.004748975206166506,4.034803372205181,10
BTHOWeN,Ecoli,best_acc_at_small_budget,"{""addressSize"": 8, ""bitsPerInput"": 8, ""numBits"": 1024, ""numHashes"": 2}",0.8411764705882353,7168.0,0.009121125191450119,6.780020810444566,5
BTHOWeN,Ecoli,best_acc_at_medium_budget,"{""addressSize"": 8, ""bitsPerInput"": 8, ""numBits"": 1024, ""numHashes"": 2}",0.8411764705882353,7168.0,0.009121125191450119,6.780020810444566,5
BTHOWeN,Glass,best_acc,"{""addressSize"": 12, ""bitsPerInput"": 9, ""numBits"": 128, ""numHashes"": 2}",0.6744186046511629,672.0,0.004347049747593701,6.3763530708329625,10
BTHOWeN,Glass,best_mem_at_iso_acc,"{""addressSize"": 12, ""bitsPerInput"": 9, ""numBits"": 128, ""numHashes"": 2}",0.6744186046511629,672.0,0.004347049747593701,6.3763530708329625,10
BTHOWeN,Glass,best_acc_per_log_mem,"{""addressSize"": 12, ""bitsPerInput"": 3, ""numBits"": 128, ""numHashes"": 2}",0.641860465116279,288.0,0.0027285249438136817,3.796320971707965,10
BTHOWeN,Glass,best_acc_at_small_budget,"{""addressSize"": 12, ""bitsPerInput"": 9, ""numBits"": 128, ""numHashes"": 2}",0.6744186046511629,672.0,0.004347049747593701,6.3763530708329625,10
BTHOWeN,Glass,best_acc_at_medium_budget,"{""addressSize"": 12, ""bitsPerInput"": 9, ""numBits"": 128, ""numHashes"": 2}",0.6744186046511629,672.0,0.004347049747593701,6.3763530708329625,10
BTHOWeN,Haberman,best_acc,"{""addressSize"": 6, ""bitsPerInput"": 3, ""numBits"": 128, ""numHashes"": 4}",0.7516129032258064,64.0,0.001677125017158687,1.36397335858595,10
BTHOWeN,Haberman,best_mem_at_iso_acc,"{""addressSize"": 28, ""bitsPerInput"": 3, ""numBits"": 128, ""numHashes"": 4}",0.7483870967741936,32.0,0.0012712666066363454,1.237899695913638,10
BTHOWeN,Haberman,best_acc_per_log_mem,"{""addressSize"": 28, ""bitsPerInput"": 3, ""numBits"": 128, ""numHashes"": 4}",0.7483870967741936,32.0,0.0012712666066363454,1.237899695913638,10
BTHOWeN,Haberman,best_acc_at_small_budget,"{""addressSize"": 6, ""bitsPerInput"": 3, ""numBits"": 128, ""numHashes"": 4}",0.7516129032258064,64.0,0.001677125017158687,1.36397335858595,10
BTHOWeN,Haberman,best_acc_at_medium_budget,"{""addressSize"": 6, ""bitsPerInput"": 3, ""numBits"": 128, ""numHashes"": 4}",0.7516129032258064,64.0,0.001677125017158687,1.36397335858595,10
BTHOWeN,Ionosphere,best_acc,"{""addressSize"": 20, ""bitsPerInput"": 3, ""numBits"": 2048, ""numHashes"": 2}",0.9183098591549296,3072.0,0.003315058397129178,3.3843914755213427,10
BTHOWeN,Ionosphere,best_mem_at_iso_acc,"{""addressSize"": 6, ""bitsPerInput"": 9, ""numBits"": 128, ""numHashes"": 2}",0.9154929577464788,1632.0,0.012982550030574202,9.760799699685943,10
BTHOWeN,Ionosphere,best_acc_per_log_mem,"{""addressSize"": 12, ""bitsPerInput"": 3, ""numBits"": 128, ""numHashes"": 4}",0.8845070422535211,288.0,0.004180658212862909,3.97840573806578,10
BTHOWeN,Ionosphere,best_acc_at_small_budget,"{""addressSize"": 20, ""bitsPerInput"": 3, ""numBits"": 2048, ""numHashes"": 2}",0.9183098591549296,3072.0,0.003315058397129178,3.3843914755213427,10
BTHOWeN,Ionosphere,best_acc_at_medium_budget,"{""addressSize"": 20, ""bitsPerInput"": 3, ""numBits"": 2048, ""numHashes"": 2}",0.9183098591549296,3072.0,0.003315058397129178,3.3843914755213427,10
BTHOWeN,Iris,best_acc,"{""addressSize"": 2, ""bitsPerInput"": 3, ""numBits"": 128, ""numHashes"": 1}",0.96,288.0,0.001393237488809973,2.329027047380805,10
BTHOWeN,Iris,best_mem_at_iso_acc,"{""addressSize"": 2, ""bitsPerInput"": 3, ""numBits"": 128, ""numHashes"": 1}",0.96,288.0,0.001393237488809973,2.329027047380805,10
BTHOWeN,Iris,best_acc_per_log_mem,"{""addressSize"": 12, ""bitsPerInput"": 3, ""numBits"": 128, ""numHashes"": 4}",0.8666666666666668,48.0,0.0007838000077754259,1.5963870100677013,10
BTHOWeN,Iris,best_acc_at_small_budget,"{""addressSize"": 2, ""bitsPerInput"": 3, ""numBits"": 128, ""numHashes"": 1}",0.96,288.0,0.001393237488809973,2.329027047380805,10
BTHOWeN,Iris,best_acc_at_medium_budget,"{""addressSize"": 2, ""bitsPerInput"": 3, ""numBits"": 128, ""numHashes"": 1}",0.96,288.0,0.001393237488809973,2.329027047380805,10
BTHOWeN,Letter Recognition,best_acc,"{""addressSize"": 20, ""bitsPerInput"": 15, ""numBits"": 2048, ""numHashes"": 4}",0.900925,79872.0,0.43172707069898025,68.58536463114433,10
BTHOWeN,Letter Recognition,best_mem_at_iso_acc,"{""addressSize"": 20, ""bitsPerInput"": 15, ""numBits"": 2048, ""numHashes"": 4}",0.900925,79872.0,0.43172707069898025,68.58536463114433,10
BTHOWeN,Letter Recognition,best_acc_per_log_mem,"{""addressSize"": 12, ""bitsPerInput"": 9, ""numBits"": 128, ""numHashes"": 2}",0.7536,4992.0,0.32583484998904166,37.98766244435683,10
BTHOWeN,Letter Recognition,best_acc_at_small_budget,"{""addressSize"": 12, ""bitsPerInput"": 9, ""numBits"": 128, ""numHashes"": 2}",0.7536,4992.0,0.32583484998904166,37.98766244435683,10
BTHOWeN,Letter Recognition,best_acc_at_medium_budget,"{""addressSize"": 20, ""bitsPerInput"": 15, ""numBits"": 2048, ""numHashes"": 4}",0.900925,79872.0,0.43172707069898025,68.58536463114433,10
BTHOWeN,Magic Gamma,best_acc,"{""addressSize"": 6, ""bitsPerInput"": 9, ""numBits"": 2048, ""numHashes"": 4}",0.7874868559411146,7680.0,0.07509795820806175,4.177333116991647,10
BTHOWeN,Magic Gamma,best_mem_at_iso_acc,"{""addressSize"": 6, ""bitsPerInput"": 9, ""numBits"": 512, ""numHashes"": 2}",0.7825972660357519,1920.0,0.07299528322182595,3.921773091749877,10
BTHOWeN,Magic Gamma,best_acc_per_log_mem,"{""addressSize"": 28, ""bitsPerInput"": 3, ""numBits"": 128, ""numHashes"": 2}",0.6698738170347003,64.0,0.03604102502577007,1.5792411619348825,10
BTHOWeN,Magic Gamma,best_acc_at_small_budget,"{""addressSize"": 6, ""bitsPerInput"": 9, ""numBits"": 2048, ""numHashes"": 4}",0.7874868559411146,7680.0,0.07509795820806175,4.177333116991647,10
BTHOWeN,Magic Gamma,best_acc_at_medium_budget,"{""addressSize"": 6, ""bitsPerInput"": 9, ""numBits"": 2048, ""numHashes"": 4}",0.7874868559411146,7680.0,0.07509795820806175,4.177333116991647,10
BTHOWeN,Pendigits,best_acc,"{""addressSize"": 20, ""bitsPerInput"": 9, ""numBits"": 2048, ""numHashes"": 4}",0.9757162346521145,20480.0,0.7353047081967816,20.038540239592827,10
BTHOWeN,Pendigits,best_mem_at_iso_acc,"{""addressSize"": 12, ""bitsPerInput"": 9, ""numBits"": 512, ""numHashes"": 2}",0.9715325147794452,7680.0,0.7989299167878926,15.244743805387145,10
BTHOWeN,Pendigits,best_acc_per_log_mem,"{""addressSize"": 12, ""bitsPerInput"": 3, ""numBits"": 128, ""numHashes"": 4}",0.8875852660300136,640.0,0.3939860915997997,8.256139069382252,10
BTHOWeN,Pendigits,best_acc_at_small_budget,"{""addressSize"": 12, ""bitsPerInput"": 9, ""numBits"": 512, ""numHashes"": 2}",0.9715325147794452,7680.0,0.7989299167878926,15.244743805387145,10
BTHOWeN,Pendigits,best_acc_at_medium_budget,"{""addressSize"": 20, ""bitsPerInput"": 9, ""numBits"": 2048, ""numHashes"": 4}",0.9757162346521145,20480.0,0.7353047081967816,20.038540239592827,10
BTHOWeN,Pima Diabetes,best_acc,"{""addressSize"": 6, ""bitsPerInput"": 9, ""numBits"": 2048, ""numHashes"": 2}",0.7337662337662337,6144.0,0.010166433174163103,3.1780841603101075,10
BTHOWeN,Pima Diabetes,best_mem_at_iso_acc,"{""addressSize"": 6, ""bitsPerInput"": 9, ""numBits"": 2048, ""numHashes"": 2}",0.7337662337662337,6144.0,0.010166433174163103,3.1780841603101075,10
BTHOWeN,Pima Diabetes,best_acc_per_log_mem,"{""addressSize"": 28, ""bitsPerInput"": 3, ""numBits"": 128, ""numHashes"": 4}",0.6441558441558441,32.0,0.003704258403740823,1.5907467330818053,10
BTHOWeN,Pima Diabetes,best_acc_at_small_budget,"{""addressSize"": 6, ""bitsPerInput"": 9, ""numBits"": 2048, ""numHashes"": 2}",0.7337662337662337,6144.0,0.010166433174163103,3.1780841603101075,10
BTHOWeN,Pima Diabetes,best_acc_at_medium_budget,"{""addressSize"": 6, ""bitsPerInput"": 9, ""numBits"": 2048, ""numHashes"": 2}",0.7337662337662337,6144.0,0.010166433174163103,3.1780841603101075,10
BTHOWeN,SatImage,best_acc,"{""addressSize"": 20, ""bitsPerInput"": 9, ""numBits"": 2048, ""numHashes"": 2}",0.8796267496111975,26112.0,0.3921266498276964,15.20491837021282,10
BTHOWeN,SatImage,best_mem_at_iso_acc,"{""addressSize"": 28, ""bitsPerInput"": 9, ""numBits"": 2048, ""numHashes"": 2}",0.8755832037325039,18432.0,0.32105122520588336,13.87695704397063,10
BTHOWeN,SatImage,best_acc_per_log_mem,"{""addressSize"": 12, ""bitsPerInput"": 3, ""numBits"": 128, ""numHashes"": 4}",0.8363919129082426,864.0,0.2561102166073397,8.540960665340325,10
BTHOWeN,SatImage,best_acc_at_small_budget,"{""addressSize"": 6, ""bitsPerInput"": 9, ""numBits"": 128, ""numHashes"": 2}",0.8650077760497668,5184.0,0.8198140751803293,26.92441027292846,10
BTHOWeN,SatImage,best_acc_at_medium_budget,"{""addressSize"": 20, ""bitsPerInput"": 9, ""numBits"": 2048, ""numHashes"": 2}",0.8796267496111975,26112.0,0.3921266498276964,15.20491837021282,10
BTHOWeN,Seeds,best_acc,"{""addressSize"": 12, ""bitsPerInput"": 9, ""numBits"": 2048, ""numHashes"": 2}",0.9095238095238095,4608.0,0.002184491604566574,3.131746780127287,10
BTHOWeN,Seeds,best_mem_at_iso_acc,"{""addressSize"": 12, ""bitsPerInput"": 3, ""numBits"": 512, ""numHashes"": 2}",0.9047619047619048,384.0,0.001478575193323195,1.8654762589860532,10
BTHOWeN,Seeds,best_acc_per_log_mem,"{""addressSize"": 12, ""bitsPerInput"": 3, ""numBits"": 128, ""numHashes"": 4}",0.8523809523809524,96.0,0.0013858997961506247,1.9162666008231184,10
BTHOWeN,Seeds,best_acc_at_small_budget,"{""addressSize"": 12, ""bitsPerInput"": 9, ""numBits"": 2048, ""numHashes"": 2}",0.9095238095238095,4608.0,0.002184491604566574,3.131746780127287,10
BTHOWeN,Seeds,best_acc_at_medium_budget,"{""addressSize"": 12, ""bitsPerInput"": 9, ""numBits"": 2048, ""numHashes"": 2}",0.9095238095238095,4608.0,0.002184491604566574,3.131746780127287,10
BTHOWeN,Segment,best_acc,"{""addressSize"": 28, ""bitsPerInput"": 9, ""numBits"": 2048, ""numHashes"": 2}",0.9415584415584416,12544.0,0.08082415859680622,9.913672289903804,10
BTHOWeN,Segment,best_mem_at_iso_acc,"{""addressSize"": 28, ""bitsPerInput"": 9, ""numBits"": 512, ""numHashes"": 2}",0.9385281385281384,3136.0,0.07927770842798054,9.3114541166208,10
BTHOWeN,Segment,best_acc_per_log_mem,"{""addressSize"": 20, ""bitsPerInput"": 3, ""numBits"": 128, ""numHashes"": 4}",0.7943722943722944,336.0,0.04952404138166457,5.111706017786677,10
BTHOWeN,Segment,best_acc_at_small_budget,"{""addressSize"": 28, ""bitsPerInput"": 9, ""numBits"": 512, ""numHashes"": 2}",0.9385281385281384,3136.0,0.07927770842798054,9.3114541166208,10
BTHOWeN,Segment,best_acc_at_medium_budget,"{""addressSize"": 28, ""bitsPerInput"": 9, ""numBits"": 2048, ""numHashes"": 2}",0.9415584415584416,12544.0,0.08082415859680622,9.913672289903804,10
BTHOWeN,Steel Plates,best_acc,"{""addressSize"": 20, ""bitsPerInput"": 9, ""numBits"": 2048, ""numHashes"": 2}",0.8910025706940875,7680.0,0.03681708343792707,5.4687444733546755,10
BTHOWeN,Steel Plates,best_mem_at_iso_acc,"{""addressSize"": 20, ""bitsPerInput"": 9, ""numBits"": 2048, ""numHashes"": 2}",0.8910025706940875,7680.0,0.03681708343792707,5.4687444733546755,10
BTHOWeN,Steel Plates,best_acc_per_log_mem,"{""addressSize"": 20, ""bitsPerInput"": 3, ""numBits"": 128, ""numHashes"": 2}",0.7131105398457583,160.0,0.019575508194975555,2.909040588473753,10
BTHOWeN,Steel Plates,best_acc_at_small_budget,"{""addressSize"": 20, ""bitsPerInput"": 9, ""numBits"": 2048, ""numHashes"": 2}",0.8910025706940875,7680.0,0.03681708343792707,5.4687444733546755,10
BTHOWeN,Steel Plates,best_acc_at_medium_budget,"{""addressSize"": 20, ""bitsPerInput"": 9, ""numBits"": 2048, ""numHashes"": 2}",0.8910025706940875,7680.0,0.03681708343792707,5.4687444733546755,10
BTHOWeN,Vehicle,best_acc,"{""addressSize"": 16, ""bitsPerInput"": 8, ""numBits"": 1024, ""numHashes"": 2}",0.6905882352941177,4608.0,0.018032217025756837,6.59352812149069,5
BTHOWeN,Vehicle,best_mem_at_iso_acc,"{""addressSize"": 16, ""bitsPerInput"": 8, ""numBits"": 1024, ""numHashes"": 2}",0.6905882352941177,4608.0,0.018032217025756837,6.59352812149069,5
BTHOWeN,Vehicle,best_acc_per_log_mem,"{""addressSize"": 6, ""bitsPerInput"": 3, ""numBits"": 128, ""numHashes"": 2}",0.6341176470588236,576.0,0.01609226658474654,4.492206088102916,10
BTHOWeN,Vehicle,best_acc_at_small_budget,"{""addressSize"": 16, ""bitsPerInput"": 8, ""numBits"": 1024, ""numHashes"": 2}",0.6905882352941177,4608.0,0.018032217025756837,6.59352812149069,5
BTHOWeN,Vehicle,best_acc_at_medium_budget,"{""addressSize"": 16, ""bitsPerInput"": 8, ""numBits"": 1024, ""numHashes"": 2}",0.6905882352941177,4608.0,0.018032217025756837,6.59352812149069,5
BTHOWeN,Waveform,best_acc,"{""addressSize"": 6, ""bitsPerInput"": 9, ""numBits"": 512, ""numHashes"": 2}",0.8154,11520.0,0.3541666999924928,16.3978585973382,10
BTHOWeN,Waveform,best_mem_at_iso_acc,"{""addressSize"": 6, ""bitsPerInput"": 9, ""numBits"": 128, ""numHashes"": 4}",0.8106,2880.0,0.3872132581891492,17.64742478262633,10
BTHOWeN,Waveform,best_acc_per_log_mem,"{""addressSize"": 6, ""bitsPerInput"": 3, ""numBits"": 128, ""numHashes"": 4}",0.7644,960.0,0.15590588317718357,7.1541504468768835,10
BTHOWeN,Waveform,best_acc_at_small_budget,"{""addressSize"": 6, ""bitsPerInput"": 9, ""numBits"": 128, ""numHashes"": 4}",0.8106,2880.0,0.3872132581891492,17.64742478262633,10
BTHOWeN,Waveform,best_acc_at_medium_budget,"{""addressSize"": 6, ""bitsPerInput"": 9, ""numBits"": 512, ""numHashes"": 2}",0.8154,11520.0,0.3541666999924928,16.3978585973382,10
BTHOWeN,Wine,best_acc,"{""addressSize"": 4, ""bitsPerInput"": 8, ""numBits"": 256, ""numHashes"": 2}",0.9666666666666666,2496.0,0.004222183604724705,6.470371994914279,5
BTHOWeN,Wine,best_mem_at_iso_acc,"{""addressSize"": 4, ""bitsPerInput"": 8, ""numBits"": 256, ""numHashes"": 2}",0.9666666666666666,2496.0,0.004222183604724705,6.470371994914279,5
BTHOWeN,Wine,best_acc_per_log_mem,"{""addressSize"": 6, ""bitsPerInput"": 3, ""numBits"": 128, ""numHashes"": 2}",0.9444444444444444,336.0,0.0019453665940091015,3.118983780344327,10
BTHOWeN,Wine,best_acc_at_small_budget,"{""addressSize"": 4, ""bitsPerInput"": 8, ""numBits"": 256, ""numHashes"": 2}",0.9666666666666666,2496.0,0.004222183604724705,6.470371994914279,5
BTHOWeN,Wine,best_acc_at_medium_budget,"{""addressSize"": 4, ""bitsPerInput"": 8, ""numBits"": 256, ""numHashes"": 2}",0.9666666666666666,2496.0,0.004222183604724705,6.470371994914279,5
BTHOWeN,Yeast,best_acc,"{""addressSize"": 6, ""bitsPerInput"": 9, ""numBits"": 2048, ""numHashes"": 2}",0.5252525252525253,30720.0,0.07816014999989421,12.592844404781909,10
BTHOWeN,Yeast,best_mem_at_iso_acc,"{""addressSize"": 6, ""bitsPerInput"": 9, ""numBits"": 2048, ""numHashes"": 2}",0.5252525252525253,30720.0,0.07816014999989421,12.592844404781909,10
BTHOWeN,Yeast,best_acc_per_log_mem,"{""addressSize"": 12, ""bitsPerInput"": 9, ""numBits"": 128, ""numHashes"": 4}",0.49696969696969695,960.0,0.05247654998674989,10.335016117653863,10
BTHOWeN,Yeast,best_acc_at_small_budget,"{""addressSize"": 20, ""bitsPerInput"": 9, ""numBits"": 2048, ""numHashes"": 2}",0.5124579124579125,10240.0,0.040932074980810286,8.327357693628631,10
BTHOWeN,Yeast,best_acc_at_medium_budget,"{""addressSize"": 6, ""bitsPerInput"": 9, ""numBits"": 2048, ""numHashes"": 2}",0.5252525252525253,30720.0,0.07816014999989421,12.592844404781909,10
BTHOWeN,australian,best_acc,"{""addressSize"": 6, ""bitsPerInput"": 9, ""numBits"": 512, ""numHashes"": 2}",0.8565217391304347,2688.0,0.013649158226326109,5.055797131111225,10
BTHOWeN,australian,best_mem_at_iso_acc,"{""addressSize"": 12, ""bitsPerInput"": 9, ""numBits"": 512, ""numHashes"": 2}",0.8521739130434783,1408.0,0.009338416811078786,4.057847874482041,10
BTHOWeN,australian,best_acc_per_log_mem,"{""addressSize"": 6, ""bitsPerInput"": 3, ""numBits"": 128, ""numHashes"": 2}",0.8434782608695652,224.0,0.006625383417122066,2.43894941429945,10
BTHOWeN,australian,best_acc_at_small_budget,"{""addressSize"": 6, ""bitsPerInput"": 9, ""numBits"": 512, ""numHashes"": 2}",0.8565217391304347,2688.0,0.013649158226326109,5.055797131111225,10
BTHOWeN,australian,best_acc_at_medium_budget,"{""addressSize"": 6, ""bitsPerInput"": 9, ""numBits"": 512, ""numHashes"": 2}",0.8565217391304347,2688.0,0.013649158226326109,5.055797131111225,10
BTHOWeN,blood-transfusion,best_acc,"{""addressSize"": 6, ""bitsPerInput"": 9, ""numBits"": 512, ""numHashes"": 2}",0.7746666666666666,768.0,0.0065862915711477395,1.9365001159409683,5
BTHOWeN,blood-transfusion,best_mem_at_iso_acc,"{""addressSize"": 6, ""bitsPerInput"": 3, ""numBits"": 128, ""numHashes"": 4}",0.7706666666666667,64.0,0.0045549585716798905,1.296057365834713,5
BTHOWeN,blood-transfusion,best_acc_per_log_mem,"{""addressSize"": 28, ""bitsPerInput"": 3, ""numBits"": 128, ""numHashes"": 4}",0.7666666666666667,32.0,0.0041434417711570855,1.2233895249664783,5
BTHOWeN,blood-transfusion,best_acc_at_small_budget,"{""addressSize"": 6, ""bitsPerInput"": 9, ""numBits"": 512, ""numHashes"": 2}",0.7746666666666666,768.0,0.0065862915711477395,1.9365001159409683,5
BTHOWeN,blood-transfusion,best_acc_at_medium_budget,"{""addressSize"": 6, ""bitsPerInput"": 9, ""numBits"": 512, ""numHashes"": 2}",0.7746666666666666,768.0,0.0065862915711477395,1.9365001159409683,5
BTHOWeN,christine,best_acc,"{""addressSize"": 12, ""bitsPerInput"": 9, ""numBits"": 2048, ""numHashes"": 4}",0.6750922509225092,628224.0,9.135640783584677,607.5147064480024,10
BTHOWeN,christine,best_mem_at_iso_acc,"{""addressSize"": 12, ""bitsPerInput"": 9, ""numBits"": 2048, ""numHashes"": 2}",0.6739852398523986,628224.0,7.71775378359016,496.20731106557196,10
BTHOWeN,christine,best_acc_per_log_mem,"{""addressSize"": 12, ""bitsPerInput"": 3, ""numBits"": 128, ""numHashes"": 4}",0.6549815498154982,13088.0,2.5684696833835914,163.17243229879608,10
BTHOWeN,christine,best_acc_at_small_budget,"{""addressSize"": 20, ""bitsPerInput"": 3, ""numBits"": 128, ""numHashes"": 4}",0.546309963099631,7872.0,1.9463784579886123,141.38277987365325,5
BTHOWeN,christine,best_acc_at_medium_budget,"{""addressSize"": 12, ""bitsPerInput"": 9, ""numBits"": 128, ""numHashes"": 4}",0.6654981549815498,39264.0,6.89172022480052,427.8957487016957,10
BTHOWeN,higgs-small,best_acc,"{""addressSize"": 6, ""bitsPerInput"": 3, ""numBits"": 2048, ""numHashes"": 4}",0.5567975522692504,7168.0,0.262951916619204,4.008993289629562,5
BTHOWeN,higgs-small,best_mem_at_iso_acc,"{""addressSize"": 6, ""bitsPerInput"": 9, ""numBits"": 128, ""numHashes"": 2}",0.5564813870474248,1344.0,0.486792483413592,8.11384285433044,5
BTHOWeN,higgs-small,best_acc_per_log_mem,"{""addressSize"": 28, ""bitsPerInput"": 3, ""numBits"": 128, ""numHashes"": 2}",0.5278735339112698,96.0,0.17242567481007426,2.765135142870517,5
BTHOWeN,higgs-small,best_acc_at_small_budget,"{""addressSize"": 6, ""bitsPerInput"": 3, ""numBits"": 2048, ""numHashes"": 4}",0.5567975522692504,7168.0,0.262951916619204,4.008993289629562,5
BTHOWeN,higgs-small,best_acc_at_medium_budget,"{""addressSize"": 6, ""bitsPerInput"": 3, ""numBits"": 2048, ""numHashes"": 4}",0.5567975522692504,7168.0,0.262951916619204,4.008993289629562,5
BTHOWeN,jasmine,best_acc,"{""addressSize"": 12, ""bitsPerInput"": 9, ""numBits"": 2048, ""numHashes"": 4}",0.7701842546063652,55296.0,0.33302509197965263,31.708305782733653,5
BTHOWeN,jasmine,best_mem_at_iso_acc,"{""addressSize"": 20, ""bitsPerInput"": 9, ""numBits"": 128, ""numHashes"": 4}",0.7661641541038525,2080.0,0.23491553363855927,26.54429082095723,5
BTHOWeN,jasmine,best_acc_per_log_mem,"{""addressSize"": 28, ""bitsPerInput"": 3, ""numBits"": 128, ""numHashes"": 2}",0.7303182579564489,512.0,0.07449318319559098,7.966150049201308,5
BTHOWeN,jasmine,best_acc_at_small_budget,"{""addressSize"": 6, ""bitsPerInput"": 3, ""numBits"": 512, ""numHashes"": 2}",0.7695142378559464,9216.0,0.21951248317491262,15.421789272109567,5
BTHOWeN,jasmine,best_acc_at_medium_budget,"{""addressSize"": 12, ""bitsPerInput"": 9, ""numBits"": 2048, ""numHashes"": 4}",0.7701842546063652,55296.0,0.33302509197965263,31.708305782733653,5
BTHOWeN,miniboone,best_acc,"{""addressSize"": 20, ""bitsPerInput"": 9, ""numBits"": 512, ""numHashes"": 2}",0.8392957367470111,2944.0,0.463604875234887,6.61303675021222,10
BTHOWeN,miniboone,best_mem_at_iso_acc,"{""addressSize"": 20, ""bitsPerInput"": 9, ""numBits"": 128, ""numHashes"": 4}",0.8350824587706146,736.0,0.48737250820267947,7.383363134786673,10
BTHOWeN,miniboone,best_acc_per_log_mem,"{""addressSize"": 28, ""bitsPerInput"": 3, ""numBits"": 128, ""numHashes"": 2}",0.7720139930034982,192.0,0.2841858833562583,3.2934981204200717,10
BTHOWeN,miniboone,best_acc_at_small_budget,"{""addressSize"": 20, ""bitsPerInput"": 9, ""numBits"": 512, ""numHashes"": 2}",0.8392957367470111,2944.0,0.463604875234887,6.61303675021222,10
BTHOWeN,miniboone,best_acc_at_medium_budget,"{""addressSize"": 20, ""bitsPerInput"": 9, ""numBits"": 512, ""numHashes"": 2}",0.8392957367470111,2944.0,0.463604875234887,6.61303675021222,10
BTHOWeN,nomao,best_acc,"{""addressSize"": 20, ""bitsPerInput"": 9, ""numBits"": 2048, ""numHashes"": 4}",0.9426954881764109,27648.0,0.6834288999903947,25.476755399511497,10
BTHOWeN,nomao,best_mem_at_iso_acc,"{""addressSize"": 28, ""bitsPerInput"": 9, ""numBits"": 2048, ""numHashes"": 2}",0.9402292180472944,19456.0,0.4989739751908928,16.75640379794641,10
BTHOWeN,nomao,best_acc_per_log_mem,"{""addressSize"": 20, ""bitsPerInput"": 3, ""numBits"": 128, ""numHashes"": 2}",0.8833599303641375,576.0,0.30687863344792277,7.571096308572612,10
BTHOWeN,nomao,best_acc_at_small_budget,"{""addressSize"": 28, ""bitsPerInput"": 3, ""numBits"": 2048, ""numHashes"": 2}",0.9321630639779487,6656.0,0.27730271660257133,6.956228551729254,10
BTHOWeN,nomao,best_acc_at_medium_budget,"{""addressSize"": 20, ""bitsPerInput"": 9, ""numBits"": 2048, ""numHashes"": 4}",0.9426954881764109,27648.0,0.6834288999903947,25.476755399511497,10
BTHOWeN,phoneme,best_acc,"{""addressSize"": 20, ""bitsPerInput"": 9, ""numBits"": 2048, ""numHashes"": 4}",0.7972247918593894,1536.0,0.044502608175389466,1.9690486887654255,10
BTHOWeN,phoneme,best_mem_at_iso_acc,"{""addressSize"": 28, ""bitsPerInput"": 9, ""numBits"": 2048, ""numHashes"": 4}",0.7927844588344126,1024.0,0.04107948341406882,1.8041089838792836,10
BTHOWeN,phoneme,best_acc_per_log_mem,"{""addressSize"": 28, ""bitsPerInput"": 3, ""numBits"": 128, ""numHashes"": 2}",0.727104532839963,32.0,0.03157593340147287,1.2667896613740566,10
BTHOWeN,phoneme,best_acc_at_small_budget,"{""addressSize"": 20, ""bitsPerInput"": 9, ""numBits"": 2048, ""numHashes"": 4}",0.7972247918593894,1536.0,0.044502608175389466,1.9690486887654255,10
BTHOWeN,phoneme,best_acc_at_medium_budget,"{""addressSize"": 20, ""bitsPerInput"": 9, ""numBits"": 2048, ""numHashes"": 4}",0.7972247918593894,1536.0,0.044502608175389466,1.9690486887654255,10
BTHOWeN,skin-segmentation,best_acc,"{""addressSize"": 12, ""bitsPerInput"": 9, ""numBits"": 128, ""numHashes"": 4}",0.9805965885905493,96.0,0.11890989160165191,1.5759414389611233,5
BTHOWeN,skin-segmentation,best_mem_at_iso_acc,"{""addressSize"": 12, ""bitsPerInput"": 9, ""numBits"": 128, ""numHashes"": 4}",0.9805965885905493,96.0,0.11890989160165191,1.5759414389611233,5
BTHOWeN,skin-segmentation,best_acc_per_log_mem,"{""addressSize"": 12, ""bitsPerInput"": 3, ""numBits"": 128, ""numHashes"": 4}",0.941455153839876,32.0,0.09861569995991885,1.1364757648093728,5
BTHOWeN,skin-segmentation,best_acc_at_small_budget,"{""addressSize"": 12, ""bitsPerInput"": 9, ""numBits"": 128, ""numHashes"": 4}",0.9805965885905493,96.0,0.11890989160165191,1.5759414389611233,5
BTHOWeN,skin-segmentation,best_acc_at_medium_budget,"{""addressSize"": 12, ""bitsPerInput"": 9, ""numBits"": 128, ""numHashes"": 4}",0.9805965885905493,96.0,0.11890989160165191,1.5759414389611233,5
BTHOWeN,sylvine,best_acc,"{""addressSize"": 6, ""bitsPerInput"": 9, ""numBits"": 512, ""numHashes"": 2}",0.8364878048780489,3840.0,0.15606205814983695,6.322569168377213,5
BTHOWeN,sylvine,best_mem_at_iso_acc,"{""addressSize"": 6, ""bitsPerInput"": 9, ""numBits"": 512, ""numHashes"": 2}",0.8364878048780489,3840.0,0.15606205814983695,6.322569168377213,5
BTHOWeN,sylvine,best_acc_per_log_mem,"{""addressSize"": 6, ""bitsPerInput"": 3, ""numBits"": 128, ""numHashes"": 4}",0.7414634146341463,320.0,0.07208278321195394,3.0414144304103967,5
BTHOWeN,sylvine,best_acc_at_small_budget,"{""addressSize"": 6, ""bitsPerInput"": 9, ""numBits"": 512, ""numHashes"": 2}",0.8364878048780489,3840.0,0.15606205814983695,6.322569168377213,5
BTHOWeN,sylvine,best_acc_at_medium_budget,"{""addressSize"": 6, ""bitsPerInput"": 9, ""numBits"": 512, ""numHashes"": 2}",0.8364878048780489,3840.0,0.15606205814983695,6.322569168377213,5
CatBoost,Balance Scale,best_acc,"{""depth"": 4, ""iterations"": 100, ""l2_leaf_reg"": 3, ""learning_rate"": 0.1}",0.9173333333333334,64560.0,0.01202884727778534,2.149000143011411,3
CatBoost,Balance Scale,best_mem_at_iso_acc,"{""depth"": 4, ""iterations"": 100, ""l2_leaf_reg"": 3, ""learning_rate"": 0.1}",0.9173333333333334,64560.0,0.01202884727778534,2.149000143011411,3
CatBoost,Balance Scale,best_acc_per_log_mem,"{""depth"": 4, ""iterations"": 100, ""l2_leaf_reg"": 3, ""learning_rate"": 0.1}",0.9173333333333334,64560.0,0.01202884727778534,2.149000143011411,3
CatBoost,Balance Scale,best_acc_at_medium_budget,"{""depth"": 4, ""iterations"": 100, ""l2_leaf_reg"": 3, ""learning_rate"": 0.1}",0.9173333333333334,64560.0,0.01202884727778534,2.149000143011411,3
CatBoost,Banknote,best_acc,"{""depth"": 4, ""iterations"": 500, ""l2_leaf_reg"": 3, ""learning_rate"": 0.1}",0.9975757575757576,172645.33333333334,0.16345069468176612,1.4223237380836948,3
CatBoost,Banknote,best_mem_at_iso_acc,"{""depth"": 4, ""iterations"": 100, ""l2_leaf_reg"": 3, ""learning_rate"": 0.1}",0.9963636363636365,40288.0,0.023817763625023265,0.9296968522848506,3
CatBoost,Banknote,best_acc_per_log_mem,"{""depth"": 4, ""iterations"": 100, ""l2_leaf_reg"": 3, ""learning_rate"": 0.1}",0.9963636363636365,40288.0,0.023817763625023265,0.9296968522848506,3
CatBoost,Banknote,best_acc_at_medium_budget,"{""depth"": 4, ""iterations"": 100, ""l2_leaf_reg"": 3, ""learning_rate"": 0.1}",0.9963636363636365,40288.0,0.023817763625023265,0.9296968522848506,3
CatBoost,Breast Cancer,best_acc,"{""depth"": 10, ""iterations"": 500, ""l2_leaf_reg"": 3, ""learning_rate"": 0.3}",0.9754385964912281,8262470.4,18.50646433320362,5.223829781211782,5
CatBoost,Breast Cancer,best_mem_at_iso_acc,"{""depth"": 4, ""iterations"": 100, ""l2_leaf_reg"": 3, ""learning_rate"": 0.3}",0.9754385964912281,40836.8,0.12126099180895836,2.618494500781883,5
CatBoost,Breast Cancer,best_acc_per_log_mem,"{""depth"": 4, ""iterations"": 100, ""l2_leaf_reg"": 3, ""learning_rate"": 0.3}",0.9754385964912281,40836.8,0.12126099180895836,2.618494500781883,5
CatBoost,Breast Cancer,best_acc_at_medium_budget,"{""depth"": 4, ""iterations"": 100, ""l2_leaf_reg"": 3, ""learning_rate"": 0.3}",0.9754385964912281,40836.8,0.12126099180895836,2.618494500781883,5
CatBoost,EEG Eye State,best_acc,"{""depth"": 8, ""iterations"": 500, ""l2_leaf_reg"": 3, ""learning_rate"": 0.1}",0.9561637739207832,2112482.6666666665,3.807190458949966,0.4245290393030506,3
CatBoost,EEG Eye State,best_mem_at_iso_acc,"{""depth"": 8, ""iterations"": 500, ""l2_leaf_reg"": 3, ""learning_rate"": 0.1}",0.9561637739207832,2112482.6666666665,3.807190458949966,0.4245290393030506,3
CatBoost,EEG Eye State,best_acc_per_log_mem,"{""depth"": 4, ""iterations"": 100, ""l2_leaf_reg"": 3, ""learning_rate"": 0.1}",0.8093012906097018,40874.666666666664,0.12597348599229008,0.2872394192690286,3
CatBoost,EEG Eye State,best_acc_at_medium_budget,"{""depth"": 4, ""iterations"": 100, ""l2_leaf_reg"": 3, ""learning_rate"": 0.1}",0.8093012906097018,40874.666666666664,0.12597348599229008,0.2872394192690286,3
CatBoost,Ecoli,best_acc,"{""depth"": 8, ""iterations"": 100, ""l2_leaf_reg"": 3, ""learning_rate"": 0.1}",0.9117647058823529,1741648.0,0.3529166526471575,4.04473051757497,3
CatBoost,Ecoli,best_mem_at_iso_acc,"{""depth"": 4, ""iterations"": 500, ""l2_leaf_reg"": 3, ""learning_rate"": 0.1}",0.9068627450980392,620176.0,0.17564566670140871,3.768789111727885,3
CatBoost,Ecoli,best_acc_per_log_mem,"{""depth"": 4, ""iterations"": 100, ""l2_leaf_reg"": 3, ""learning_rate"": 0.1}",0.9019607843137255,129192.0,0.036679569321374096,3.5902793409631535,3
CatBoost,Glass,best_acc,"{""depth"": 4, ""iterations"": 100, ""l2_leaf_reg"": 3, ""learning_rate"": 0.3}",0.8093023255813954,104486.4,0.051979983178898695,4.65872080260238,5
CatBoost,Glass,best_mem_at_iso_acc,"{""depth"": 4, ""iterations"": 100, ""l2_leaf_reg"": 3, ""learning_rate"": 0.3}",0.8093023255813954,104486.4,0.051979983178898695,4.65872080260238,5
CatBoost,Glass,best_acc_per_log_mem,"{""depth"": 4, ""iterations"": 100, ""l2_leaf_reg"": 3, ""learning_rate"": 0.3}",0.8093023255813954,104486.4,0.051979983178898695,4.65872080260238,5
CatBoost,Haberman,best_acc,"{""depth"": 4, ""iterations"": 100, ""l2_leaf_reg"": 1, ""learning_rate"": 0.03}",0.7548387096774193,39131.2,0.00652713340241462,3.388168049916145,5
CatBoost,Haberman,best_mem_at_iso_acc,"{""depth"": 4, ""iterations"": 100, ""l2_leaf_reg"": 1, ""learning_rate"": 0.03}",0.7548387096774193,39131.2,0.00652713340241462,3.388168049916145,5
CatBoost,Haberman,best_acc_per_log_mem,"{""depth"": 4, ""iterations"": 100, ""l2_leaf_reg"": 1, ""learning_rate"": 0.03}",0.7548387096774193,39131.2,0.00652713340241462,3.388168049916145,5
CatBoost,Haberman,best_acc_at_medium_budget,"{""depth"": 4, ""iterations"": 100, ""l2_leaf_reg"": 1, ""learning_rate"": 0.03}",0.7548387096774193,39131.2,0.00652713340241462,3.388168049916145,5
CatBoost,Ionosphere,best_acc,"{""depth"": 4, ""iterations"": 100, ""l2_leaf_reg"": 3, ""learning_rate"": 0.1}",0.9530516431924884,41229.333333333336,0.1118340416578576,4.046948018872961,3
CatBoost,Ionosphere,best_mem_at_iso_acc,"{""depth"": 4, ""iterations"": 100, ""l2_leaf_reg"": 3, ""learning_rate"": 0.1}",0.9530516431924884,41229.333333333336,0.1118340416578576,4.046948018872961,3
CatBoost,Ionosphere,best_acc_per_log_mem,"{""depth"": 4, ""iterations"": 100, ""l2_leaf_reg"": 3, ""learning_rate"": 0.1}",0.9530516431924884,41229.333333333336,0.1118340416578576,4.046948018872961,3
CatBoost,Ionosphere,best_acc_at_medium_budget,"{""depth"": 4, ""iterations"": 100, ""l2_leaf_reg"": 3, ""learning_rate"": 0.1}",0.9530516431924884,41229.333333333336,0.1118340416578576,4.046948018872961,3
CatBoost,Iris,best_acc,"{""depth"": 4, ""iterations"": 100, ""l2_leaf_reg"": 3, ""learning_rate"": 0.1}",0.9555555555555556,65120.0,0.03193144395481795,6.7004662317534285,3
CatBoost,Iris,best_mem_at_iso_acc,"{""depth"": 4, ""iterations"": 100, ""l2_leaf_reg"": 1, ""learning_rate"": 0.03}",0.9533333333333334,64795.2,0.008804791420698167,9.381120714048544,5
CatBoost,Iris,best_acc_per_log_mem,"{""depth"": 4, ""iterations"": 100, ""l2_leaf_reg"": 3, ""learning_rate"": 0.1}",0.9555555555555556,65120.0,0.03193144395481795,6.7004662317534285,3
CatBoost,Iris,best_acc_at_medium_budget,"{""depth"": 4, ""iterations"": 100, ""l2_leaf_reg"": 3, ""learning_rate"": 0.1}",0.9555555555555556,65120.0,0.03193144395481795,6.7004662317534285,3
CatBoost,Letter Recognition,best_acc,"{""depth"": 8, ""iterations"": 500, ""l2_leaf_reg"": 3, ""learning_rate"": 0.1}",0.9645833333333332,27700168.0,32.10454013866062,1.0119165817741305,3
CatBoost,Letter Recognition,best_mem_at_iso_acc,"{""depth"": 8, ""iterations"": 500, ""l2_leaf_reg"": 3, ""learning_rate"": 0.1}",0.9645833333333332,27700168.0,32.10454013866062,1.0119165817741305,3
CatBoost,Letter Recognition,best_acc_per_log_mem,"{""depth"": 4, ""iterations"": 100, ""l2_leaf_reg"": 3, ""learning_rate"": 0.1}",0.8528333333333333,360672.0,2.196281694651892,0.39197574369609356,3
CatBoost,Magic Gamma,best_acc,"{""depth"": 8, ""iterations"": 500, ""l2_leaf_reg"": 3, ""learning_rate"": 0.1}",0.8864353312302838,2113229.3333333335,3.25932013860438,0.40348606940477705,3
CatBoost,Magic Gamma,best_mem_at_iso_acc,"{""depth"": 4, ""iterations"": 500, ""l2_leaf_reg"": 3, ""learning_rate"": 0.1}",0.8862600771118121,174338.66666666666,1.1055825276610751,0.3366630830104429,3
CatBoost,Magic Gamma,best_acc_per_log_mem,"{""depth"": 4, ""iterations"": 100, ""l2_leaf_reg"": 3, ""learning_rate"": 0.1}",0.8675955134945671,40770.666666666664,0.12286752734022836,0.2502811188155722,3
CatBoost,Magic Gamma,best_acc_at_medium_budget,"{""depth"": 4, ""iterations"": 100, ""l2_leaf_reg"": 3, ""learning_rate"": 0.1}",0.8675955134945671,40770.666666666664,0.12286752734022836,0.2502811188155722,3
CatBoost,Pendigits,best_acc,"{""depth"": 8, ""iterations"": 500, ""l2_leaf_reg"": 3, ""learning_rate"": 0.1}",0.9910565408519023,11329128.0,14.994596388617841,0.876698959762804,3
CatBoost,Pendigits,best_mem_at_iso_acc,"{""depth"": 4, ""iterations"": 500, ""l2_leaf_reg"": 3, ""learning_rate"": 0.1}",0.9889343641048961,751712.0,2.80904061102774,0.664121405699677,3
CatBoost,Pendigits,best_acc_per_log_mem,"{""depth"": 4, ""iterations"": 100, ""l2_leaf_reg"": 3, ""learning_rate"": 0.1}",0.9777171441564348,156533.33333333334,0.5858456946443766,0.37421054920139,3
CatBoost,Pima Diabetes,best_acc,"{""depth"": 4, ""iterations"": 100, ""l2_leaf_reg"": 3, ""learning_rate"": 0.1}",0.7662337662337663,40357.333333333336,0.021527486310030024,1.7154568733720037,3
CatBoost,Pima Diabetes,best_mem_at_iso_acc,"{""depth"": 4, ""iterations"": 100, ""l2_leaf_reg"": 3, ""learning_rate"": 0.1}",0.7662337662337663,40357.333333333336,0.021527486310030024,1.7154568733720037,3
CatBoost,Pima Diabetes,best_acc_per_log_mem,"{""depth"": 4, ""iterations"": 100, ""l2_leaf_reg"": 3, ""learning_rate"": 0.1}",0.7662337662337663,40357.333333333336,0.021527486310030024,1.7154568733720037,3
CatBoost,Pima Diabetes,best_acc_at_medium_budget,"{""depth"": 4, ""iterations"": 100, ""l2_leaf_reg"": 3, ""learning_rate"": 0.1}",0.7662337662337663,40357.333333333336,0.021527486310030024,1.7154568733720037,3
CatBoost,SatImage,best_acc,"{""depth"": 8, ""iterations"": 500, ""l2_leaf_reg"": 3, ""learning_rate"": 0.1}",0.9212026956972524,7233554.666666667,13.657880708381223,1.066949472223356,3
CatBoost,SatImage,best_mem_at_iso_acc,"{""depth"": 4, ""iterations"": 500, ""l2_leaf_reg"": 3, ""learning_rate"": 0.1}",0.9165370658372214,496274.6666666667,1.9420788753777742,0.7083981265079765,3
CatBoost,SatImage,best_acc_per_log_mem,"{""depth"": 4, ""iterations"": 100, ""l2_leaf_reg"": 3, ""learning_rate"": 0.1}",0.8939865215137376,105736.0,0.3937044440147777,0.5642928862862169,3
CatBoost,Seeds,best_acc,"{""depth"": 8, ""iterations"": 500, ""l2_leaf_reg"": 3, ""learning_rate"": 0.1}",0.9523809523809524,4085610.6666666665,2.016780055632504,8.544642552142106,3
CatBoost,Seeds,best_mem_at_iso_acc,"{""depth"": 8, ""iterations"": 500, ""l2_leaf_reg"": 3, ""learning_rate"": 0.1}",0.9523809523809524,4085610.6666666665,2.016780055632504,8.544642552142106,3
CatBoost,Seeds,best_acc_per_log_mem,"{""depth"": 4, ""iterations"": 100, ""l2_leaf_reg"": 3, ""learning_rate"": 0.1}",0.9365079365079364,66325.33333333333,0.03905593103263527,5.730809385163917,3
CatBoost,Seeds,best_acc_at_medium_budget,"{""depth"": 4, ""iterations"": 100, ""l2_leaf_reg"": 3, ""learning_rate"": 0.1}",0.9365079365079364,66325.33333333333,0.03905593103263527,5.730809385163917,3
CatBoost,Segment,best_acc,"{""depth"": 8, ""iterations"": 500, ""l2_leaf_reg"": 3, ""learning_rate"": 0.1}",0.9812409812409811,8257994.666666667,18.193154777982272,2.1748441643744147,3
CatBoost,Segment,best_mem_at_iso_acc,"{""depth"": 4, ""iterations"": 500, ""l2_leaf_reg"": 3, ""learning_rate"": 0.1}",0.9797979797979798,559944.0,1.6596594166864331,1.55053533543799,3
CatBoost,Segment,best_acc_per_log_mem,"{""depth"": 4, ""iterations"": 100, ""l2_leaf_reg"": 3, ""learning_rate"": 0.1}",0.9704184704184704,118170.66666666667,0.32664744400729734,1.0392315145501325,3
CatBoost,Steel Plates,best_acc,"{""depth"": 4, ""iterations"": 100, ""l2_leaf_reg"": 3, ""learning_rate"": 0.1}",1.0,40440.0,0.11231470802643646,1.192446430983866,3
CatBoost,Steel Plates,best_mem_at_iso_acc,"{""depth"": 4, ""iterations"": 100, ""l2_leaf_reg"": 3, ""learning_rate"": 0.1}",1.0,40440.0,0.11231470802643646,1.192446430983866,3
CatBoost,Steel Plates,best_acc_per_log_mem,"{""depth"": 4, ""iterations"": 100, ""l2_leaf_reg"": 3, ""learning_rate"": 0.1}",1.0,40440.0,0.11231470802643646,1.192446430983866,3
CatBoost,Steel Plates,best_acc_at_medium_budget,"{""depth"": 4, ""iterations"": 100, ""l2_leaf_reg"": 3, ""learning_rate"": 0.1}",1.0,40440.0,0.11231470802643646,1.192446430983866,3
CatBoost,Vehicle,best_acc,"{""depth"": 4, ""iterations"": 500, ""l2_leaf_reg"": 3, ""learning_rate"": 0.1}",0.7647058823529411,366501.3333333333,0.3412104860180989,2.597384474368072,3
CatBoost,Vehicle,best_mem_at_iso_acc,"{""depth"": 4, ""iterations"": 500, ""l2_leaf_reg"": 3, ""learning_rate"": 0.1}",0.7647058823529411,366501.3333333333,0.3412104860180989,2.597384474368072,3
CatBoost,Vehicle,best_acc_per_log_mem,"{""depth"": 4, ""iterations"": 100, ""l2_leaf_reg"": 3, ""learning_rate"": 0.1}",0.7411764705882353,79354.66666666667,0.0694452776806429,1.9668275033872502,3
CatBoost,Vehicle,best_acc_at_medium_budget,"{""depth"": 4, ""iterations"": 100, ""l2_leaf_reg"": 3, ""learning_rate"": 0.1}",0.7411764705882353,79354.66666666667,0.0694452776806429,1.9668275033872502,3
CatBoost,Waveform,best_acc,"{""depth"": 4, ""iterations"": 500, ""l2_leaf_reg"": 3, ""learning_rate"": 0.1}",0.8613333333333334,306344.0,2.0333171943202615,0.6807363436867794,3
CatBoost,Waveform,best_mem_at_iso_acc,"{""depth"": 4, ""iterations"": 500, ""l2_leaf_reg"": 3, ""learning_rate"": 0.1}",0.8613333333333334,306344.0,2.0333171943202615,0.6807363436867794,3
CatBoost,Waveform,best_acc_per_log_mem,"{""depth"": 4, ""iterations"": 100, ""l2_leaf_reg"": 3, ""learning_rate"": 0.1}",0.8556666666666667,67594.66666666667,0.42131534696090966,0.6236943105856577,3
CatBoost,Waveform,best_acc_at_medium_budget,"{""depth"": 4, ""iterations"": 100, ""l2_leaf_reg"": 3, ""learning_rate"": 0.1}",0.8556666666666667,67594.66666666667,0.42131534696090966,0.6236943105856577,3
CatBoost,Wine,best_acc,"{""depth"": 4, ""iterations"": 100, ""l2_leaf_reg"": 3, ""learning_rate"": 0.1}",0.9907407407407408,66426.66666666667,0.04289125034119934,5.551693633336711,3
CatBoost,Wine,best_mem_at_iso_acc,"{""depth"": 4, ""iterations"": 100, ""l2_leaf_reg"": 3, ""learning_rate"": 0.1}",0.9907407407407408,66426.66666666667,0.04289125034119934,5.551693633336711,3
CatBoost,Wine,best_acc_per_log_mem,"{""depth"": 4, ""iterations"": 100, ""l2_leaf_reg"": 3, ""learning_rate"": 0.1}",0.9907407407407408,66426.66666666667,0.04289125034119934,5.551693633336711,3
CatBoost,Wine,best_acc_at_medium_budget,"{""depth"": 4, ""iterations"": 100, ""l2_leaf_reg"": 3, ""learning_rate"": 0.1}",0.9907407407407408,66426.66666666667,0.04289125034119934,5.551693633336711,3
CatBoost,Yeast,best_acc,"{""depth"": 4, ""iterations"": 100, ""l2_leaf_reg"": 3, ""learning_rate"": 0.1}",0.6464646464646465,155178.66666666666,0.08214727769761036,1.3525994425570522,3
CatBoost,Yeast,best_mem_at_iso_acc,"{""depth"": 4, ""iterations"": 100, ""l2_leaf_reg"": 3, ""learning_rate"": 0.1}",0.6464646464646465,155178.66666666666,0.08214727769761036,1.3525994425570522,3
CatBoost,Yeast,best_acc_per_log_mem,"{""depth"": 4, ""iterations"": 100, ""l2_leaf_reg"": 3, ""learning_rate"": 0.1}",0.6464646464646465,155178.66666666666,0.08214727769761036,1.3525994425570522,3
DT,Balance Scale,best_acc,"{""ccp_alpha"": 0.0, ""criterion"": ""gini"", ""max_depth"": 4, ""min_samples_leaf"": 1, ""min_samples_split"": 10}",0.7792,3861.8,0.00033974158577620983,0.25486573576927185,5
DT,Balance Scale,best_mem_at_iso_acc,"{""ccp_alpha"": 0.001, ""criterion"": ""gini"", ""max_depth"": 4, ""min_samples_leaf"": 1, ""min_samples_split"": 10}",0.7792,3791.4,0.00034315818920731543,0.26746727526187897,5
DT,Balance Scale,best_acc_per_log_mem,"{""ccp_alpha"": 0.001, ""criterion"": ""gini"", ""max_depth"": 4, ""min_samples_leaf"": 1, ""min_samples_split"": 10}",0.7792,3791.4,0.00034315818920731543,0.26746727526187897,5
DT,Balance Scale,best_acc_at_small_budget,"{""ccp_alpha"": 0.0, ""criterion"": ""gini"", ""max_depth"": 4, ""min_samples_leaf"": 1, ""min_samples_split"": 10}",0.7792,3861.8,0.00033974158577620983,0.25486573576927185,5
DT,Balance Scale,best_acc_at_medium_budget,"{""ccp_alpha"": 0.0, ""criterion"": ""gini"", ""max_depth"": 4, ""min_samples_leaf"": 1, ""min_samples_split"": 10}",0.7792,3861.8,0.00033974158577620983,0.25486573576927185,5
DT,Banknote,best_acc,"{""ccp_alpha"": 0.0, ""criterion"": ""entropy"", ""max_depth"": 16, ""min_samples_leaf"": 1, ""min_samples_split"": 2}",0.9854545454545454,4416.0,0.0011682080337777733,0.13127194886857813,5
DT,Banknote,best_mem_at_iso_acc,"{""ccp_alpha"": 0.001, ""criterion"": ""gini"", ""max_depth"": null, ""min_samples_leaf"": 5, ""min_samples_split"": 10}",0.9818181818181818,3612.0,0.0011961836135014892,0.13287856497547842,5
DT,Banknote,best_acc_per_log_mem,"{""ccp_alpha"": 0.01, ""criterion"": ""entropy"", ""max_depth"": null, ""min_samples_leaf"": 5, ""min_samples_split"": 50}",0.9723636363636363,2655.0,0.001172525412403047,0.1427272165363485,5
DT,Banknote,best_acc_at_small_budget,"{""ccp_alpha"": 0.0, ""criterion"": ""entropy"", ""max_depth"": 16, ""min_samples_leaf"": 1, ""min_samples_split"": 2}",0.9854545454545454,4416.0,0.0011682080337777733,0.13127194886857813,5
DT,Banknote,best_acc_at_medium_budget,"{""ccp_alpha"": 0.0, ""criterion"": ""entropy"", ""max_depth"": 16, ""min_samples_leaf"": 1, ""min_samples_split"": 2}",0.9854545454545454,4416.0,0.0011682080337777733,0.13127194886857813,5
DT,Breast Cancer,best_acc,"{""ccp_alpha"": 0.0, ""criterion"": ""gini"", ""max_depth"": 4, ""min_samples_leaf"": 5, ""min_samples_split"": 10}",0.9438596491228071,3006.0,0.002472733031027019,0.285305564798284,5
DT,Breast Cancer,best_mem_at_iso_acc,"{""ccp_alpha"": 0.01, ""criterion"": ""entropy"", ""max_depth"": null, ""min_samples_leaf"": 20, ""min_samples_split"": 10}",0.9403508771929825,2237.0,0.002410417050123215,0.29210503654260384,5
DT,Breast Cancer,best_acc_per_log_mem,"{""ccp_alpha"": 0.1, ""criterion"": ""gini"", ""max_depth"": null, ""min_samples_leaf"": 1, ""min_samples_split"": 10}",0.9017543859649123,1559.0,0.0029381414176896216,0.27258933538146185,5
DT,Breast Cancer,best_acc_at_small_budget,"{""ccp_alpha"": 0.0, ""criterion"": ""gini"", ""max_depth"": 4, ""min_samples_leaf"": 5, ""min_samples_split"": 10}",0.9438596491228071,3006.0,0.002472733031027019,0.285305564798284,5
DT,Breast Cancer,best_acc_at_medium_budget,"{""ccp_alpha"": 0.0, ""criterion"": ""gini"", ""max_depth"": 4, ""min_samples_leaf"": 5, ""min_samples_split"": 10}",0.9438596491228071,3006.0,0.002472733031027019,0.285305564798284,5
DT,EEG Eye State,best_acc,"{""ccp_alpha"": 0.0, ""criterion"": ""entropy"", ""max_depth"": 32, ""min_samples_leaf"": 1, ""min_samples_split"": 2}",0.8411882510013351,167340.0,0.06989370859228075,0.0995048617096108,5
DT,EEG Eye State,best_mem_at_iso_acc,"{""ccp_alpha"": 0.0, ""criterion"": ""entropy"", ""max_depth"": null, ""min_samples_leaf"": 1, ""min_samples_split"": 2}",0.8411882510013351,167339.0,0.07055254997685552,0.10332382049098192,5
DT,EEG Eye State,best_acc_per_log_mem,"{""ccp_alpha"": 0.01, ""criterion"": ""entropy"", ""max_depth"": null, ""min_samples_leaf"": 1, ""min_samples_split"": 10}",0.6824432576769025,2590.4,0.07031977502629161,0.0487316324585708,5
DT,EEG Eye State,best_acc_at_small_budget,"{""ccp_alpha"": 0.001, ""criterion"": ""gini"", ""max_depth"": 8, ""min_samples_leaf"": 1, ""min_samples_split"": 2}",0.7654873164218958,9341.0,0.041679091798141596,0.0686610107607294,5
DT,EEG Eye State,best_acc_at_medium_budget,"{""ccp_alpha"": 0.0, ""criterion"": ""entropy"", ""max_depth"": 32, ""min_samples_leaf"": 5, ""min_samples_split"": 50}",0.8195594125500667,57571.0,0.06186014178674668,0.08496321247858263,5
DT,Ecoli,best_acc,"{""ccp_alpha"": 0.0, ""criterion"": ""gini"", ""max_depth"": 16, ""min_samples_leaf"": 5, ""min_samples_split"": 10}",0.8352941176470589,6398.6,0.0004349999828264117,0.46727911788312826,5
DT,Ecoli,best_mem_at_iso_acc,"{""ccp_alpha"": 0.01, ""criterion"": ""gini"", ""max_depth"": 4, ""min_samples_leaf"": 1, ""min_samples_split"": 2}",0.8352941176470589,3377.8,0.00041441698558628557,0.44497942058917356,5
DT,Ecoli,best_acc_per_log_mem,"{""ccp_alpha"": 0.01, ""criterion"": ""gini"", ""max_depth"": 4, ""min_samples_leaf"": 1, ""min_samples_split"": 2}",0.8352941176470589,3377.8,0.00041441698558628557,0.44497942058917356,5
DT,Ecoli,best_acc_at_small_budget,"{""ccp_alpha"": 0.0, ""criterion"": ""gini"", ""max_depth"": 16, ""min_samples_leaf"": 5, ""min_samples_split"": 10}",0.8352941176470589,6398.6,0.0004349999828264117,0.46727911788312826,5
DT,Ecoli,best_acc_at_medium_budget,"{""ccp_alpha"": 0.0, ""criterion"": ""gini"", ""max_depth"": 16, ""min_samples_leaf"": 5, ""min_samples_split"": 10}",0.8352941176470589,6398.6,0.0004349999828264117,0.46727911788312826,5
DT,Glass,best_acc,"{""ccp_alpha"": 0.0, ""criterion"": ""entropy"", ""max_depth"": 16, ""min_samples_leaf"": 1, ""min_samples_split"": 10}",0.7162790697674419,6773.6,0.0006364251719787716,0.7465113560820734,5
DT,Glass,best_mem_at_iso_acc,"{""ccp_alpha"": 0.0, ""criterion"": ""entropy"", ""max_depth"": 8, ""min_samples_leaf"": 1, ""min_samples_split"": 10}",0.7162790697674419,6684.0,0.0006157750263810158,0.7048471246001332,5
DT,Glass,best_acc_per_log_mem,"{""ccp_alpha"": 0.01, ""criterion"": ""gini"", ""max_depth"": null, ""min_samples_leaf"": 1, ""min_samples_split"": 50}",0.6744186046511628,3230.4,0.000439558201469481,0.6815911335654037,5
DT,Glass,best_acc_at_small_budget,"{""ccp_alpha"": 0.0, ""criterion"": ""entropy"", ""max_depth"": 16, ""min_samples_leaf"": 1, ""min_samples_split"": 10}",0.7162790697674419,6773.6,0.0006364251719787716,0.7465113560820734,5
DT,Glass,best_acc_at_medium_budget,"{""ccp_alpha"": 0.0, ""criterion"": ""entropy"", ""max_depth"": 16, ""min_samples_leaf"": 1, ""min_samples_split"": 10}",0.7162790697674419,6773.6,0.0006364251719787716,0.7465113560820734,5
DT,Haberman,best_acc,"{""ccp_alpha"": 0.0, ""criterion"": ""gini"", ""max_depth"": 4, ""min_samples_leaf"": 1, ""min_samples_split"": 10}",0.7612903225806452,2781.0,0.00027100020088255405,0.4602126747129425,5
DT,Haberman,best_mem_at_iso_acc,"{""ccp_alpha"": 0.001, ""criterion"": ""gini"", ""max_depth"": 4, ""min_samples_leaf"": 1, ""min_samples_split"": 10}",0.7612903225806452,2717.0,0.00028347517363727095,0.47539999227850666,5
DT,Haberman,best_acc_per_log_mem,"{""ccp_alpha"": 0.1, ""criterion"": ""gini"", ""max_depth"": null, ""min_samples_leaf"": 1, ""min_samples_split"": 10}",0.7419354838709677,1238.0,0.00035749180242419245,0.48898002733626666,5
DT,Haberman,best_acc_at_small_budget,"{""ccp_alpha"": 0.0, ""criterion"": ""gini"", ""max_depth"": 4, ""min_samples_leaf"": 1, ""min_samples_split"": 10}",0.7612903225806452,2781.0,0.00027100020088255405,0.4602126747129425,5
DT,Haberman,best_acc_at_medium_budget,"{""ccp_alpha"": 0.0, ""criterion"": ""gini"", ""max_depth"": 4, ""min_samples_leaf"": 1, ""min_samples_split"": 10}",0.7612903225806452,2781.0,0.00027100020088255405,0.4602126747129425,5
DT,Ionosphere,best_acc,"{""ccp_alpha"": 0.01, ""criterion"": ""gini"", ""max_depth"": 16, ""min_samples_leaf"": 1, ""min_samples_split"": 50}",0.9014084507042254,1818.0,0.002648158394731581,0.45457756487836304,5
DT,Ionosphere,best_mem_at_iso_acc,"{""ccp_alpha"": 0.01, ""criterion"": ""gini"", ""max_depth"": null, ""min_samples_leaf"": 1, ""min_samples_split"": 50}",0.9014084507042254,1817.0,0.002649808186106384,0.4362705176774885,5
DT,Ionosphere,best_acc_per_log_mem,"{""ccp_alpha"": 0.1, ""criterion"": ""entropy"", ""max_depth"": null, ""min_samples_leaf"": 1, ""min_samples_split"": 10}",0.895774647887324,1564.0,0.002020800160244107,0.46196879005767927,5
DT,Ionosphere,best_acc_at_small_budget,"{""ccp_alpha"": 0.01, ""criterion"": ""gini"", ""max_depth"": 16, ""min_samples_leaf"": 1, ""min_samples_split"": 50}",0.9014084507042254,1818.0,0.002648158394731581,0.45457756487836304,5
DT,Ionosphere,best_acc_at_medium_budget,"{""ccp_alpha"": 0.01, ""criterion"": ""gini"", ""max_depth"": 16, ""min_samples_leaf"": 1, ""min_samples_split"": 50}",0.9014084507042254,1818.0,0.002648158394731581,0.45457756487836304,5
DT,Iris,best_acc,"{""ccp_alpha"": 0.0, ""criterion"": ""entropy"", ""max_depth"": 16, ""min_samples_leaf"": 1, ""min_samples_split"": 10}",0.9666666666666668,2309.4,0.00026228323113173244,0.9163795039057732,5
DT,Iris,best_mem_at_iso_acc,"{""ccp_alpha"": 0.01, ""criterion"": ""gini"", ""max_depth"": null, ""min_samples_leaf"": 1, ""min_samples_split"": 10}",0.9666666666666666,2022.0,0.0002645167987793684,0.9416602551937103,5
DT,Iris,best_acc_per_log_mem,"{""ccp_alpha"": 0.01, ""criterion"": ""gini"", ""max_depth"": null, ""min_samples_leaf"": 1, ""min_samples_split"": 10}",0.9666666666666666,2022.0,0.0002645167987793684,0.9416602551937103,5
DT,Iris,best_acc_at_small_budget,"{""ccp_alpha"": 0.0, ""criterion"": ""entropy"", ""max_depth"": 16, ""min_samples_leaf"": 1, ""min_samples_split"": 10}",0.9666666666666668,2309.4,0.00026228323113173244,0.9163795039057732,5
DT,Iris,best_acc_at_medium_budget,"{""ccp_alpha"": 0.0, ""criterion"": ""entropy"", ""max_depth"": 16, ""min_samples_leaf"": 1, ""min_samples_split"": 10}",0.9666666666666668,2309.4,0.00026228323113173244,0.9163795039057732,5
DT,Letter Recognition,best_acc,"{""ccp_alpha"": 0.0, ""criterion"": ""entropy"", ""max_depth"": 32, ""min_samples_leaf"": 1, ""min_samples_split"": 2}",0.8851666666666667,996714.3333333334,0.03836052771657705,0.10001032690828045,3
DT,Letter Recognition,best_mem_at_iso_acc,"{""ccp_alpha"": 0.0, ""criterion"": ""entropy"", ""max_depth"": 16, ""min_samples_leaf"": 1, ""min_samples_split"": 2}",0.8845833333333334,971871.6666666666,0.038157402615373336,0.0892465856547157,3
DT,Letter Recognition,best_acc_per_log_mem,"{""ccp_alpha"": 0.001, ""criterion"": ""entropy"", ""max_depth"": null, ""min_samples_leaf"": 1, ""min_samples_split"": 2}",0.8360833333333333,268291.3333333333,0.041523138604437314,0.09003465917582314,3
DT,Letter Recognition,best_acc_at_medium_budget,"{""ccp_alpha"": 0.001, ""criterion"": ""gini"", ""max_depth"": 32, ""min_samples_leaf"": 1, ""min_samples_split"": 2}",0.7195,80243.66666666667,0.043172194700067244,0.07513893069699407,3
DT,Magic Gamma,best_acc,"{""ccp_alpha"": 0.0, ""criterion"": ""gini"", ""max_depth"": null, ""min_samples_leaf"": 20, ""min_samples_split"": 2}",0.8442691903259727,63936.8,0.1047892082016915,0.08385693096212032,5
DT,Magic Gamma,best_mem_at_iso_acc,"{""ccp_alpha"": 0.001, ""criterion"": ""gini"", ""max_depth"": null, ""min_samples_leaf"": 1, ""min_samples_split"": 10}",0.8426393270241851,6140.0,0.13116734977811575,0.04947423488371756,5
DT,Magic Gamma,best_acc_per_log_mem,"{""ccp_alpha"": 0.01, ""criterion"": ""gini"", ""max_depth"": null, ""min_samples_leaf"": 1, ""min_samples_split"": 10}",0.7961093585699264,1785.0,0.13196216661017388,0.03976735152249331,5
DT,Magic Gamma,best_acc_at_small_budget,"{""ccp_alpha"": 0.001, ""criterion"": ""gini"", ""max_depth"": null, ""min_samples_leaf"": 1, ""min_samples_split"": 10}",0.8426393270241851,6140.0,0.13116734977811575,0.04947423488371756,5
DT,Magic Gamma,best_acc_at_medium_budget,"{""ccp_alpha"": 0.0, ""criterion"": ""gini"", ""max_depth"": null, ""min_samples_leaf"": 20, ""min_samples_split"": 2}",0.8442691903259727,63936.8,0.1047892082016915,0.08385693096212032,5
DT,Pendigits,best_acc,"{""ccp_alpha"": 0.0, ""criterion"": ""entropy"", ""max_depth"": 16, ""min_samples_leaf"": 1, ""min_samples_split"": 2}",0.9628922237380628,76696.8,0.029802474961616098,0.06629522761102155,5
DT,Pendigits,best_mem_at_iso_acc,"{""ccp_alpha"": 0.0, ""criterion"": ""entropy"", ""max_depth"": null, ""min_samples_leaf"": 1, ""min_samples_split"": 2}",0.9628922237380628,76695.8,0.029839966422878207,0.07062665050872188,5
DT,Pendigits,best_acc_per_log_mem,"{""ccp_alpha"": 0.01, ""criterion"": ""entropy"", ""max_depth"": null, ""min_samples_leaf"": 20, ""min_samples_split"": 10}",0.8954070031832652,11538.2,0.026279566367156802,0.0545549726942931,5
DT,Pendigits,best_acc_at_small_budget,"{""ccp_alpha"": 0.01, ""criterion"": ""gini"", ""max_depth"": 16, ""min_samples_leaf"": 1, ""min_samples_split"": 10}",0.8277398817644384,6352.2,0.031205524783581497,0.05308105625134265,5
DT,Pendigits,best_acc_at_medium_budget,"{""ccp_alpha"": 0.0, ""criterion"": ""entropy"", ""max_depth"": 16, ""min_samples_leaf"": 1, ""min_samples_split"": 2}",0.9628922237380628,76696.8,0.029802474961616098,0.06629522761102155,5
DT,Pima Diabetes,best_acc,"{""ccp_alpha"": 0.01, ""criterion"": ""entropy"", ""max_depth"": 16, ""min_samples_leaf"": 20, ""min_samples_split"": 10}",0.7701298701298701,2864.4,0.0010490251937881113,0.2268416045064276,5
DT,Pima Diabetes,best_mem_at_iso_acc,"{""ccp_alpha"": 0.01, ""criterion"": ""entropy"", ""max_depth"": null, ""min_samples_leaf"": 20, ""min_samples_split"": 50}",0.7701298701298701,2734.8,0.0010098584229126573,0.2199142881028064,5
DT,Pima Diabetes,best_acc_per_log_mem,"{""ccp_alpha"": 0.01, ""criterion"": ""gini"", ""max_depth"": null, ""min_samples_leaf"": 1, ""min_samples_split"": 10}",0.7623376623376623,2090.0,0.0014027667930349708,0.21239234642548993,5
DT,Pima Diabetes,best_acc_at_small_budget,"{""ccp_alpha"": 0.01, ""criterion"": ""entropy"", ""max_depth"": 16, ""min_samples_leaf"": 20, ""min_samples_split"": 10}",0.7701298701298701,2864.4,0.0010490251937881113,0.2268416045064276,5
DT,Pima Diabetes,best_acc_at_medium_budget,"{""ccp_alpha"": 0.01, ""criterion"": ""entropy"", ""max_depth"": 16, ""min_samples_leaf"": 20, ""min_samples_split"": 10}",0.7701298701298701,2864.4,0.0010490251937881113,0.2268416045064276,5
DT,SatImage,best_acc,"{""ccp_alpha"": 0.001, ""criterion"": ""gini"", ""max_depth"": 16, ""min_samples_leaf"": 1, ""min_samples_split"": 10}",0.8682737169517886,15384.2,0.04171633343212307,0.08916531937141811,5
DT,SatImage,best_mem_at_iso_acc,"{""ccp_alpha"": 0.001, ""criterion"": ""gini"", ""max_depth"": 8, ""min_samples_leaf"": 5, ""min_samples_split"": 10}",0.8668740279937792,12158.6,0.0277163248276338,0.07926373457185588,5
DT,SatImage,best_acc_per_log_mem,"{""ccp_alpha"": 0.1, ""criterion"": ""entropy"", ""max_depth"": null, ""min_samples_leaf"": 1, ""min_samples_split"": 10}",0.7726283048211509,2215.0,0.035393291618674994,0.07273202029116231,5
DT,SatImage,best_acc_at_small_budget,"{""ccp_alpha"": 0.001, ""criterion"": ""gini"", ""max_depth"": 8, ""min_samples_leaf"": 20, ""min_samples_split"": 10}",0.8581648522550545,9515.4,0.025825950200669467,0.07204527852254373,5
DT,SatImage,best_acc_at_medium_budget,"{""ccp_alpha"": 0.001, ""criterion"": ""gini"", ""max_depth"": 16, ""min_samples_leaf"": 1, ""min_samples_split"": 10}",0.8682737169517886,15384.2,0.04171633343212307,0.08916531937141811,5
DT,Seeds,best_acc,"{""ccp_alpha"": 0.01, ""criterion"": ""gini"", ""max_depth"": 16, ""min_samples_leaf"": 1, ""min_samples_split"": 2}",0.9285714285714285,2348.2,0.00039745839312672616,0.6978194938883895,5
DT,Seeds,best_mem_at_iso_acc,"{""ccp_alpha"": 0.01, ""criterion"": ""gini"", ""max_depth"": null, ""min_samples_leaf"": 1, ""min_samples_split"": 10}",0.9238095238095237,2171.2,0.0004027749877423048,0.707347256441911,5
DT,Seeds,best_acc_per_log_mem,"{""ccp_alpha"": 0.01, ""criterion"": ""gini"", ""max_depth"": null, ""min_samples_leaf"": 5, ""min_samples_split"": 10}",0.9142857142857143,1957.6,0.0003548084059730172,0.6739998103252478,5
DT,Seeds,best_acc_at_small_budget,"{""ccp_alpha"": 0.01, ""criterion"": ""gini"", ""max_depth"": 16, ""min_samples_leaf"": 1, ""min_samples_split"": 2}",0.9285714285714285,2348.2,0.00039745839312672616,0.6978194938883895,5
DT,Seeds,best_acc_at_medium_budget,"{""ccp_alpha"": 0.01, ""criterion"": ""gini"", ""max_depth"": 16, ""min_samples_leaf"": 1, ""min_samples_split"": 2}",0.9285714285714285,2348.2,0.00039745839312672616,0.6978194938883895,5
DT,Segment,best_acc,"{""ccp_alpha"": 0.0, ""criterion"": ""entropy"", ""max_depth"": 16, ""min_samples_leaf"": 1, ""min_samples_split"": 2}",0.9675324675324675,14780.0,0.007591483392752707,0.1248018110566067,5
DT,Segment,best_mem_at_iso_acc,"{""ccp_alpha"": 0.0, ""criterion"": ""entropy"", ""max_depth"": 8, ""min_samples_leaf"": 1, ""min_samples_split"": 10}",0.9632034632034632,8684.0,0.007315016561187803,0.12023812885601799,5
DT,Segment,best_acc_per_log_mem,"{""ccp_alpha"": 0.01, ""criterion"": ""gini"", ""max_depth"": null, ""min_samples_leaf"": 1, ""min_samples_split"": 10}",0.9212121212121211,3784.0,0.008114183600991965,0.11403369616507453,5
DT,Segment,best_acc_at_small_budget,"{""ccp_alpha"": 0.0, ""criterion"": ""entropy"", ""max_depth"": 8, ""min_samples_leaf"": 1, ""min_samples_split"": 2}",0.9662337662337663,9932.0,0.007382849790155887,0.12696577534402087,5
DT,Segment,best_acc_at_medium_budget,"{""ccp_alpha"": 0.0, ""criterion"": ""entropy"", ""max_depth"": 16, ""min_samples_leaf"": 1, ""min_samples_split"": 2}",0.9675324675324675,14780.0,0.007591483392752707,0.1248018110566067,5
DT,Steel Plates,best_acc,"{""ccp_alpha"": 0.0, ""criterion"": ""entropy"", ""max_depth"": 16, ""min_samples_leaf"": 1, ""min_samples_split"": 10}",1.0,2205.0,0.006245274981483817,0.11510231261618034,5
DT,Steel Plates,best_mem_at_iso_acc,"{""ccp_alpha"": 0.0, ""criterion"": ""gini"", ""max_depth"": null, ""min_samples_leaf"": 1, ""min_samples_split"": 10}",1.0,2201.0,0.0056227832334116105,0.152870435698633,5
DT,Steel Plates,best_acc_per_log_mem,"{""ccp_alpha"": 0.0, ""criterion"": ""gini"", ""max_depth"": null, ""min_samples_leaf"": 1, ""min_samples_split"": 10}",1.0,2201.0,0.0056227832334116105,0.152870435698633,5
DT,Steel Plates,best_acc_at_small_budget,"{""ccp_alpha"": 0.0, ""criterion"": ""entropy"", ""max_depth"": 16, ""min_samples_leaf"": 1, ""min_samples_split"": 10}",1.0,2205.0,0.006245274981483817,0.11510231261618034,5
DT,Steel Plates,best_acc_at_medium_budget,"{""ccp_alpha"": 0.0, ""criterion"": ""entropy"", ""max_depth"": 16, ""min_samples_leaf"": 1, ""min_samples_split"": 10}",1.0,2205.0,0.006245274981483817,0.11510231261618034,5
DT,Vehicle,best_acc,"{""ccp_alpha"": 0.01, ""criterion"": ""entropy"", ""max_depth"": 8, ""min_samples_leaf"": 1, ""min_samples_split"": 2}",0.7235294117647059,7156.8,0.00257490798830986,0.22470458027194526,5
DT,Vehicle,best_mem_at_iso_acc,"{""ccp_alpha"": 0.01, ""criterion"": ""entropy"", ""max_depth"": 8, ""min_samples_leaf"": 5, ""min_samples_split"": 10}",0.72,6350.4,0.0023111247923225165,0.24122583186801744,5
DT,Vehicle,best_acc_per_log_mem,"{""ccp_alpha"": 0.01, ""criterion"": ""entropy"", ""max_depth"": 4, ""min_samples_leaf"": 5, ""min_samples_split"": 10}",0.691764705882353,3700.8,0.0015318416291847825,0.23382236523663297,5
DT,Vehicle,best_acc_at_small_budget,"{""ccp_alpha"": 0.01, ""criterion"": ""entropy"", ""max_depth"": 8, ""min_samples_leaf"": 1, ""min_samples_split"": 2}",0.7235294117647059,7156.8,0.00257490798830986,0.22470458027194526,5
DT,Vehicle,best_acc_at_medium_budget,"{""ccp_alpha"": 0.01, ""criterion"": ""entropy"", ""max_depth"": 8, ""min_samples_leaf"": 1, ""min_samples_split"": 2}",0.7235294117647059,7156.8,0.00257490798830986,0.22470458027194526,5
DT,Waveform,best_acc,"{""ccp_alpha"": 0.0, ""criterion"": ""entropy"", ""max_depth"": 16, ""min_samples_leaf"": 20, ""min_samples_split"": 50}",0.7727999999999999,18543.2,0.05288870858494192,0.13637482188642025,5
DT,Waveform,best_mem_at_iso_acc,"{""ccp_alpha"": 0.001, ""criterion"": ""gini"", ""max_depth"": 8, ""min_samples_leaf"": 5, ""min_samples_split"": 10}",0.7726,16217.0,0.05296480860561133,0.09863355662673712,5
DT,Waveform,best_acc_per_log_mem,"{""ccp_alpha"": 0.01, ""criterion"": ""gini"", ""max_depth"": null, ""min_samples_leaf"": 1, ""min_samples_split"": 10}",0.7172,2488.0,0.08518985819537192,0.1254501985386014,5
DT,Waveform,best_acc_at_small_budget,"{""ccp_alpha"": 0.01, ""criterion"": ""entropy"", ""max_depth"": 16, ""min_samples_leaf"": 1, ""min_samples_split"": 10}",0.7455999999999999,4111.2,0.06713343320880086,0.10701681021600962,5
DT,Waveform,best_acc_at_medium_budget,"{""ccp_alpha"": 0.0, ""criterion"": ""entropy"", ""max_depth"": 16, ""min_samples_leaf"": 20, ""min_samples_split"": 50}",0.7727999999999999,18543.2,0.05288870858494192,0.13637482188642025,5
DT,Wine,best_acc,"{""ccp_alpha"": 0.0, ""criterion"": ""gini"", ""max_depth"": 16, ""min_samples_leaf"": 1, ""min_samples_split"": 2}",0.9388888888888889,2765.2,0.00043023338075727225,0.793510763388541,5
DT,Wine,best_mem_at_iso_acc,"{""ccp_alpha"": 0.0, ""criterion"": ""gini"", ""max_depth"": null, ""min_samples_leaf"": 1, ""min_samples_split"": 2}",0.9388888888888889,2764.2,0.0005026247818022966,0.9750009566131566,5
DT,Wine,best_acc_per_log_mem,"{""ccp_alpha"": 0.01, ""criterion"": ""gini"", ""max_depth"": null, ""min_samples_leaf"": 5, ""min_samples_split"": 10}",0.9111111111111111,2162.8,0.00041920836083590983,0.8317169785085652,5
DT,Wine,best_acc_at_small_budget,"{""ccp_alpha"": 0.0, ""criterion"": ""gini"", ""max_depth"": 16, ""min_samples_leaf"": 1, ""min_samples_split"": 2}",0.9388888888888889,2765.2,0.00043023338075727225,0.793510763388541,5
DT,Wine,best_acc_at_medium_budget,"{""ccp_alpha"": 0.0, ""criterion"": ""gini"", ""max_depth"": 16, ""min_samples_leaf"": 1, ""min_samples_split"": 2}",0.9388888888888889,2765.2,0.00043023338075727225,0.793510763388541,5
DT,Yeast,best_acc,"{""ccp_alpha"": 0.0, ""criterion"": ""entropy"", ""max_depth"": 16, ""min_samples_leaf"": 20, ""min_samples_split"": 10}",0.593939393939394,14384.0,0.001615341822616756,0.14753129508860585,5
DT,Yeast,best_mem_at_iso_acc,"{""ccp_alpha"": 0.01, ""criterion"": ""entropy"", ""max_depth"": 8, ""min_samples_leaf"": 20, ""min_samples_split"": 50}",0.5898989898989899,7011.2,0.0014889998361468314,0.1426773641245935,5
DT,Yeast,best_acc_per_log_mem,"{""ccp_alpha"": 0.01, ""criterion"": ""gini"", ""max_depth"": null, ""min_samples_leaf"": 20, ""min_samples_split"": 10}",0.5555555555555556,2917.6,0.0014484331710264086,0.12612271339002282,5
DT,Yeast,best_acc_at_small_budget,"{""ccp_alpha"": 0.0, ""criterion"": ""entropy"", ""max_depth"": 8, ""min_samples_leaf"": 20, ""min_samples_split"": 50}",0.593939393939394,10121.6,0.0015166165539994836,0.15847331621630825,5
DT,Yeast,best_acc_at_medium_budget,"{""ccp_alpha"": 0.0, ""criterion"": ""entropy"", ""max_depth"": 16, ""min_samples_leaf"": 20, ""min_samples_split"": 10}",0.593939393939394,14384.0,0.001615341822616756,0.14753129508860585,5
DWN,Balance Scale,best_acc,"{""batch_size"": 32, ""bits_per_input"": 6, ""epochs"": 15, ""lr"": 0.01, ""n"": 6, ""num_luts_l1"": 1000, ""num_luts_l2"": 500, ""scheduler_gamma"": 0.1, ""scheduler_step"": 8, ""tau"": 3.3333333333333335}",0.8213333333333334,47936.0,0.8277674443476523,20.240333241720993,3
DWN,Balance Scale,best_mem_at_iso_acc,"{""batch_size"": 32, ""bits_per_input"": 6, ""epochs"": 15, ""lr"": 0.01, ""n"": 6, ""num_luts_l1"": 1000, ""num_luts_l2"": 500, ""scheduler_gamma"": 0.1, ""scheduler_step"": 8, ""tau"": 3.3333333333333335}",0.8213333333333334,47936.0,0.8277674443476523,20.240333241720993,3
DWN,Balance Scale,best_acc_per_log_mem,"{""batch_size"": 32, ""bits_per_input"": 2, ""epochs"": 10, ""lr"": 0.01, ""n"": 4, ""num_luts_l1"": 200, ""num_luts_l2"": 100, ""scheduler_gamma"": 0.1, ""scheduler_step"": 8, ""tau"": 3.3333333333333335}",0.7679999999999999,5382.0,0.33323252794798464,6.253226970632871,3
DWN,Balance Scale,best_acc_at_small_budget,"{""batch_size"": 32, ""bits_per_input"": 2, ""epochs"": 10, ""lr"": 0.01, ""n"": 4, ""num_luts_l1"": 200, ""num_luts_l2"": 100, ""scheduler_gamma"": 0.1, ""scheduler_step"": 8, ""tau"": 3.3333333333333335}",0.7679999999999999,5382.0,0.33323252794798464,6.253226970632871,3
DWN,Balance Scale,best_acc_at_medium_budget,"{""batch_size"": 32, ""bits_per_input"": 6, ""epochs"": 15, ""lr"": 0.01, ""n"": 6, ""num_luts_l1"": 1000, ""num_luts_l2"": 500, ""scheduler_gamma"": 0.1, ""scheduler_step"": 8, ""tau"": 3.3333333333333335}",0.8213333333333334,47936.0,0.8277674443476523,20.240333241720993,3
DWN,Banknote,best_acc,"{""batch_size"": 32, ""bits_per_input"": 6, ""epochs"": 15, ""lr"": 0.01, ""n"": 6, ""num_luts_l1"": 1000, ""num_luts_l2"": 500, ""scheduler_gamma"": 0.1, ""scheduler_step"": 8, ""tau"": 3.3333333333333335}",0.9927272727272727,48000.0,1.7514088470488787,12.611263064724028,3
DWN,Banknote,best_mem_at_iso_acc,"{""batch_size"": 32, ""bits_per_input"": 6, ""epochs"": 15, ""lr"": 0.01, ""n"": 6, ""num_luts_l1"": 1000, ""num_luts_l2"": 500, ""scheduler_gamma"": 0.1, ""scheduler_step"": 8, ""tau"": 3.3333333333333335}",0.9927272727272727,48000.0,1.7514088470488787,12.611263064724028,3
DWN,Banknote,best_acc_per_log_mem,"{""batch_size"": 32, ""bits_per_input"": 2, ""epochs"": 10, ""lr"": 0.01, ""n"": 4, ""num_luts_l1"": 200, ""num_luts_l2"": 100, ""scheduler_gamma"": 0.1, ""scheduler_step"": 8, ""tau"": 3.3333333333333335}",0.9466666666666667,5400.0,0.5143284583076214,3.9883831403020658,3
DWN,Banknote,best_acc_at_small_budget,"{""batch_size"": 32, ""bits_per_input"": 2, ""epochs"": 10, ""lr"": 0.01, ""n"": 4, ""num_luts_l1"": 200, ""num_luts_l2"": 100, ""scheduler_gamma"": 0.1, ""scheduler_step"": 8, ""tau"": 3.3333333333333335}",0.9466666666666667,5400.0,0.5143284583076214,3.9883831403020658,3
DWN,Banknote,best_acc_at_medium_budget,"{""batch_size"": 32, ""bits_per_input"": 6, ""epochs"": 15, ""lr"": 0.01, ""n"": 6, ""num_luts_l1"": 1000, ""num_luts_l2"": 500, ""scheduler_gamma"": 0.1, ""scheduler_step"": 8, ""tau"": 3.3333333333333335}",0.9927272727272727,48000.0,1.7514088470488787,12.611263064724028,3
DWN,Breast Cancer,best_acc,"{""batch_size"": 32, ""bits_per_input"": 3, ""epochs"": 15, ""lr"": 0.01, ""n"": 6, ""num_luts_l1"": 500, ""num_luts_l2"": 250, ""scheduler_gamma"": 0.1, ""scheduler_step"": 8, ""tau"": 3.3333333333333335}",0.9649122807017543,24000.0,0.5405600553300852,13.222224868790448,6
DWN,Breast Cancer,best_mem_at_iso_acc,"{""batch_size"": 32, ""bits_per_input"": 3, ""epochs"": 15, ""lr"": 0.01, ""n"": 6, ""num_luts_l1"": 500, ""num_luts_l2"": 250, ""scheduler_gamma"": 0.1, ""scheduler_step"": 8, ""tau"": 3.3333333333333335}",0.9649122807017543,24000.0,0.5405600553300852,13.222224868790448,6
DWN,Breast Cancer,best_acc_per_log_mem,"{""batch_size"": 32, ""bits_per_input"": 2, ""epochs"": 10, ""lr"": 0.01, ""n"": 4, ""num_luts_l1"": 200, ""num_luts_l2"": 100, ""scheduler_gamma"": 0.1, ""scheduler_step"": 8, ""tau"": 3.3333333333333335}",0.935672514619883,5400.0,0.1881710276550924,7.25925712143643,6
DWN,Breast Cancer,best_acc_at_small_budget,"{""batch_size"": 32, ""bits_per_input"": 2, ""epochs"": 10, ""lr"": 0.01, ""n"": 4, ""num_luts_l1"": 200, ""num_luts_l2"": 100, ""scheduler_gamma"": 0.1, ""scheduler_step"": 8, ""tau"": 3.3333333333333335}",0.935672514619883,5400.0,0.1881710276550924,7.25925712143643,6
DWN,Breast Cancer,best_acc_at_medium_budget,"{""batch_size"": 32, ""bits_per_input"": 3, ""epochs"": 15, ""lr"": 0.01, ""n"": 6, ""num_luts_l1"": 500, ""num_luts_l2"": 250, ""scheduler_gamma"": 0.1, ""scheduler_step"": 8, ""tau"": 3.3333333333333335}",0.9649122807017543,24000.0,0.5405600553300852,13.222224868790448,6
DWN,EEG Eye State,best_acc,"{""batch_size"": 32, ""bits_per_input"": 6, ""epochs"": 20, ""lr"": 0.01, ""n"": 6, ""num_luts_l1"": 2000, ""num_luts_l2"": 1000, ""scheduler_gamma"": 0.1, ""scheduler_step"": 8, ""tau"": 3.3333333333333335}",0.8854027592345349,96000.0,38.162583902672246,38.03545471770307,3
DWN,EEG Eye State,best_mem_at_iso_acc,"{""batch_size"": 32, ""bits_per_input"": 6, ""epochs"": 20, ""lr"": 0.01, ""n"": 6, ""num_luts_l1"": 2000, ""num_luts_l2"": 1000, ""scheduler_gamma"": 0.1, ""scheduler_step"": 8, ""tau"": 3.3333333333333335}",0.8854027592345349,96000.0,38.162583902672246,38.03545471770307,3
DWN,EEG Eye State,best_acc_per_log_mem,"{""batch_size"": 32, ""bits_per_input"": 2, ""epochs"": 10, ""lr"": 0.01, ""n"": 4, ""num_luts_l1"": 200, ""num_luts_l2"": 100, ""scheduler_gamma"": 0.1, ""scheduler_step"": 8, ""tau"": 3.3333333333333335}",0.7997329773030707,5400.0,3.7790898053208366,1.1548544732007413,3
DWN,EEG Eye State,best_acc_at_small_budget,"{""batch_size"": 32, ""bits_per_input"": 2, ""epochs"": 10, ""lr"": 0.01, ""n"": 4, ""num_luts_l1"": 200, ""num_luts_l2"": 100, ""scheduler_gamma"": 0.1, ""scheduler_step"": 8, ""tau"": 3.3333333333333335}",0.7997329773030707,5400.0,3.7790898053208366,1.1548544732007413,3
DWN,EEG Eye State,best_acc_at_medium_budget,"{""batch_size"": 32, ""bits_per_input"": 6, ""epochs"": 20, ""lr"": 0.01, ""n"": 6, ""num_luts_l1"": 2000, ""num_luts_l2"": 1000, ""scheduler_gamma"": 0.1, ""scheduler_step"": 8, ""tau"": 3.3333333333333335}",0.8854027592345349,96000.0,38.162583902672246,38.03545471770307,3
DWN,Ecoli,best_acc,"{""batch_size"": 32, ""bits_per_input"": 6, ""epochs"": 15, ""lr"": 0.01, ""n"": 6, ""num_luts_l1"": 1000, ""num_luts_l2"": 500, ""scheduler_gamma"": 0.1, ""scheduler_step"": 8, ""tau"": 3.3333333333333335}",0.8676470588235294,47872.0,0.44313411104182404,30.961598717041458,6
DWN,Ecoli,best_mem_at_iso_acc,"{""batch_size"": 32, ""bits_per_input"": 6, ""epochs"": 15, ""lr"": 0.01, ""n"": 6, ""num_luts_l1"": 1000, ""num_luts_l2"": 500, ""scheduler_gamma"": 0.1, ""scheduler_step"": 8, ""tau"": 3.3333333333333335}",0.8676470588235294,47872.0,0.44313411104182404,30.961598717041458,6
DWN,Ecoli,best_acc_per_log_mem,"{""batch_size"": 32, ""bits_per_input"": 2, ""epochs"": 10, ""lr"": 0.01, ""n"": 4, ""num_luts_l1"": 200, ""num_luts_l2"": 100, ""scheduler_gamma"": 0.1, ""scheduler_step"": 8, ""tau"": 3.3333333333333335}",0.8186274509803922,5328.0,0.08491805564456929,9.00163671330494,6
DWN,Ecoli,best_acc_at_small_budget,"{""batch_size"": 32, ""bits_per_input"": 2, ""epochs"": 10, ""lr"": 0.01, ""n"": 4, ""num_luts_l1"": 200, ""num_luts_l2"": 100, ""scheduler_gamma"": 0.1, ""scheduler_step"": 8, ""tau"": 3.3333333333333335}",0.8186274509803922,5328.0,0.08491805564456929,9.00163671330494,6
DWN,Ecoli,best_acc_at_medium_budget,"{""batch_size"": 32, ""bits_per_input"": 6, ""epochs"": 15, ""lr"": 0.01, ""n"": 6, ""num_luts_l1"": 1000, ""num_luts_l2"": 500, ""scheduler_gamma"": 0.1, ""scheduler_step"": 8, ""tau"": 3.3333333333333335}",0.8676470588235294,47872.0,0.44313411104182404,30.961598717041458,6
DWN,Glass,best_acc,"{""batch_size"": 32, ""bits_per_input"": 6, ""epochs"": 20, ""lr"": 0.01, ""n"": 6, ""num_luts_l1"": 2000, ""num_luts_l2"": 1000, ""scheduler_gamma"": 0.1, ""scheduler_step"": 8, ""tau"": 3.3333333333333335}",0.7286821705426357,95872.0,0.6564549586813276,71.00710771660242,6
DWN,Glass,best_mem_at_iso_acc,"{""batch_size"": 32, ""bits_per_input"": 6, ""epochs"": 20, ""lr"": 0.01, ""n"": 6, ""num_luts_l1"": 2000, ""num_luts_l2"": 1000, ""scheduler_gamma"": 0.1, ""scheduler_step"": 8, ""tau"": 3.3333333333333335}",0.7286821705426357,95872.0,0.6564549586813276,71.00710771660242,6
DWN,Glass,best_acc_per_log_mem,"{""batch_size"": 32, ""bits_per_input"": 2, ""epochs"": 10, ""lr"": 0.01, ""n"": 4, ""num_luts_l1"": 200, ""num_luts_l2"": 100, ""scheduler_gamma"": 0.1, ""scheduler_step"": 8, ""tau"": 3.3333333333333335}",0.6201550387596899,5328.0,0.05724868034788718,13.594317986348338,6
DWN,Glass,best_acc_at_small_budget,"{""batch_size"": 32, ""bits_per_input"": 2, ""epochs"": 10, ""lr"": 0.01, ""n"": 4, ""num_luts_l1"": 200, ""num_luts_l2"": 100, ""scheduler_gamma"": 0.1, ""scheduler_step"": 8, ""tau"": 3.3333333333333335}",0.6201550387596899,5328.0,0.05724868034788718,13.594317986348338,6
DWN,Glass,best_acc_at_medium_budget,"{""batch_size"": 32, ""bits_per_input"": 6, ""epochs"": 20, ""lr"": 0.01, ""n"": 6, ""num_luts_l1"": 2000, ""num_luts_l2"": 1000, ""scheduler_gamma"": 0.1, ""scheduler_step"": 8, ""tau"": 3.3333333333333335}",0.7286821705426357,95872.0,0.6564549586813276,71.00710771660242,6
DWN,Haberman,best_acc,"{""batch_size"": 32, ""bits_per_input"": 2, ""epochs"": 10, ""lr"": 0.01, ""n"": 4, ""num_luts_l1"": 200, ""num_luts_l2"": 100, ""scheduler_gamma"": 0.1, ""scheduler_step"": 8, ""tau"": 3.3333333333333335}",0.6989247311827956,5400.0,0.07483425030174355,8.797042712729464,6
DWN,Haberman,best_mem_at_iso_acc,"{""batch_size"": 32, ""bits_per_input"": 2, ""epochs"": 10, ""lr"": 0.01, ""n"": 4, ""num_luts_l1"": 200, ""num_luts_l2"": 100, ""scheduler_gamma"": 0.1, ""scheduler_step"": 8, ""tau"": 3.3333333333333335}",0.6989247311827956,5400.0,0.07483425030174355,8.797042712729464,6
DWN,Haberman,best_acc_per_log_mem,"{""batch_size"": 32, ""bits_per_input"": 2, ""epochs"": 10, ""lr"": 0.01, ""n"": 4, ""num_luts_l1"": 200, ""num_luts_l2"": 100, ""scheduler_gamma"": 0.1, ""scheduler_step"": 8, ""tau"": 3.3333333333333335}",0.6989247311827956,5400.0,0.07483425030174355,8.797042712729464,6
DWN,Haberman,best_acc_at_small_budget,"{""batch_size"": 32, ""bits_per_input"": 2, ""epochs"": 10, ""lr"": 0.01, ""n"": 4, ""num_luts_l1"": 200, ""num_luts_l2"": 100, ""scheduler_gamma"": 0.1, ""scheduler_step"": 8, ""tau"": 3.3333333333333335}",0.6989247311827956,5400.0,0.07483425030174355,8.797042712729464,6
DWN,Haberman,best_acc_at_medium_budget,"{""batch_size"": 32, ""bits_per_input"": 2, ""epochs"": 10, ""lr"": 0.01, ""n"": 4, ""num_luts_l1"": 200, ""num_luts_l2"": 100, ""scheduler_gamma"": 0.1, ""scheduler_step"": 8, ""tau"": 3.3333333333333335}",0.6989247311827956,5400.0,0.07483425030174355,8.797042712729464,6
DWN,Ionosphere,best_acc,"{""batch_size"": 32, ""bits_per_input"": 6, ""epochs"": 15, ""lr"": 0.01, ""n"": 6, ""num_luts_l1"": 1000, ""num_luts_l2"": 500, ""scheduler_gamma"": 0.1, ""scheduler_step"": 8, ""tau"": 3.3333333333333335}",0.9107981220657276,48000.0,0.5856522363222515,31.457948301669575,6
DWN,Ionosphere,best_mem_at_iso_acc,"{""batch_size"": 32, ""bits_per_input"": 6, ""epochs"": 15, ""lr"": 0.01, ""n"": 6, ""num_luts_l1"": 1000, ""num_luts_l2"": 500, ""scheduler_gamma"": 0.1, ""scheduler_step"": 8, ""tau"": 3.3333333333333335}",0.9107981220657276,48000.0,0.5856522363222515,31.457948301669575,6
DWN,Ionosphere,best_acc_per_log_mem,"{""batch_size"": 32, ""bits_per_input"": 2, ""epochs"": 10, ""lr"": 0.01, ""n"": 4, ""num_luts_l1"": 200, ""num_luts_l2"": 100, ""scheduler_gamma"": 0.1, ""scheduler_step"": 8, ""tau"": 3.3333333333333335}",0.9014084507042254,5400.0,0.11156408333530028,9.22104667330012,6
DWN,Ionosphere,best_acc_at_small_budget,"{""batch_size"": 32, ""bits_per_input"": 2, ""epochs"": 10, ""lr"": 0.01, ""n"": 4, ""num_luts_l1"": 200, ""num_luts_l2"": 100, ""scheduler_gamma"": 0.1, ""scheduler_step"": 8, ""tau"": 3.3333333333333335}",0.9014084507042254,5400.0,0.11156408333530028,9.22104667330012,6
DWN,Ionosphere,best_acc_at_medium_budget,"{""batch_size"": 32, ""bits_per_input"": 6, ""epochs"": 15, ""lr"": 0.01, ""n"": 6, ""num_luts_l1"": 1000, ""num_luts_l2"": 500, ""scheduler_gamma"": 0.1, ""scheduler_step"": 8, ""tau"": 3.3333333333333335}",0.9107981220657276,48000.0,0.5856522363222515,31.457948301669575,6
DWN,Iris,best_acc,"{""batch_size"": 32, ""bits_per_input"": 2, ""epochs"": 10, ""lr"": 0.01, ""n"": 4, ""num_luts_l1"": 200, ""num_luts_l2"": 100, ""scheduler_gamma"": 0.1, ""scheduler_step"": 8, ""tau"": 3.3333333333333335}",0.9555555555555556,5382.0,0.3524283056613058,13.387035061087873,6
DWN,Iris,best_mem_at_iso_acc,"{""batch_size"": 32, ""bits_per_input"": 2, ""epochs"": 10, ""lr"": 0.01, ""n"": 4, ""num_luts_l1"": 200, ""num_luts_l2"": 100, ""scheduler_gamma"": 0.1, ""scheduler_step"": 8, ""tau"": 3.3333333333333335}",0.9555555555555556,5382.0,0.3524283056613058,13.387035061087873,6
DWN,Iris,best_acc_per_log_mem,"{""batch_size"": 32, ""bits_per_input"": 2, ""epochs"": 10, ""lr"": 0.01, ""n"": 4, ""num_luts_l1"": 200, ""num_luts_l2"": 100, ""scheduler_gamma"": 0.1, ""scheduler_step"": 8, ""tau"": 3.3333333333333335}",0.9555555555555556,5382.0,0.3524283056613058,13.387035061087873,6
DWN,Iris,best_acc_at_small_budget,"{""batch_size"": 32, ""bits_per_input"": 2, ""epochs"": 10, ""lr"": 0.01, ""n"": 4, ""num_luts_l1"": 200, ""num_luts_l2"": 100, ""scheduler_gamma"": 0.1, ""scheduler_step"": 8, ""tau"": 3.3333333333333335}",0.9555555555555556,5382.0,0.3524283056613058,13.387035061087873,6
DWN,Iris,best_acc_at_medium_budget,"{""batch_size"": 32, ""bits_per_input"": 2, ""epochs"": 10, ""lr"": 0.01, ""n"": 4, ""num_luts_l1"": 200, ""num_luts_l2"": 100, ""scheduler_gamma"": 0.1, ""scheduler_step"": 8, ""tau"": 3.3333333333333335}",0.9555555555555556,5382.0,0.3524283056613058,13.387035061087873,6
DWN,Letter Recognition,best_acc,"{""batch_size"": 32, ""bits_per_input"": 6, ""epochs"": 20, ""lr"": 0.01, ""n"": 6, ""num_luts_l1"": 2000, ""num_luts_l2"": 1000, ""scheduler_gamma"": 0.1, ""scheduler_step"": 8, ""tau"": 3.3333333333333335}",0.9398333333333332,95616.0,52.08610034668042,36.85146875795908,3
DWN,Letter Recognition,best_mem_at_iso_acc,"{""batch_size"": 32, ""bits_per_input"": 6, ""epochs"": 20, ""lr"": 0.01, ""n"": 6, ""num_luts_l1"": 2000, ""num_luts_l2"": 1000, ""scheduler_gamma"": 0.1, ""scheduler_step"": 8, ""tau"": 3.3333333333333335}",0.9398333333333332,95616.0,52.08610034668042,36.85146875795908,3
DWN,Letter Recognition,best_acc_per_log_mem,"{""batch_size"": 32, ""bits_per_input"": 6, ""epochs"": 20, ""lr"": 0.01, ""n"": 6, ""num_luts_l1"": 2000, ""num_luts_l2"": 1000, ""scheduler_gamma"": 0.1, ""scheduler_step"": 8, ""tau"": 3.3333333333333335}",0.9398333333333332,95616.0,52.08610034668042,36.85146875795908,3
DWN,Letter Recognition,best_acc_at_small_budget,"{""batch_size"": 32, ""bits_per_input"": 2, ""epochs"": 10, ""lr"": 0.01, ""n"": 4, ""num_luts_l1"": 200, ""num_luts_l2"": 100, ""scheduler_gamma"": 0.1, ""scheduler_step"": 8, ""tau"": 3.3333333333333335}",0.47625,5004.0,4.9302458056481555,1.354475748181964,3
DWN,Letter Recognition,best_acc_at_medium_budget,"{""batch_size"": 32, ""bits_per_input"": 6, ""epochs"": 20, ""lr"": 0.01, ""n"": 6, ""num_luts_l1"": 2000, ""num_luts_l2"": 1000, ""scheduler_gamma"": 0.1, ""scheduler_step"": 8, ""tau"": 3.3333333333333335}",0.9398333333333332,95616.0,52.08610034668042,36.85146875795908,3
DWN,Magic Gamma,best_acc,"{""batch_size"": 32, ""bits_per_input"": 6, ""epochs"": 20, ""lr"": 0.01, ""n"": 6, ""num_luts_l1"": 2000, ""num_luts_l2"": 1000, ""scheduler_gamma"": 0.1, ""scheduler_step"": 8, ""tau"": 3.3333333333333335}",0.8214160532772521,96000.0,46.597127652649455,34.09128550391434,3
DWN,Magic Gamma,best_mem_at_iso_acc,"{""batch_size"": 32, ""bits_per_input"": 6, ""epochs"": 15, ""lr"": 0.01, ""n"": 6, ""num_luts_l1"": 1000, ""num_luts_l2"": 500, ""scheduler_gamma"": 0.1, ""scheduler_step"": 8, ""tau"": 3.3333333333333335}",0.816508937960042,48000.0,22.009618138312362,12.170011216423338,3
DWN,Magic Gamma,best_acc_per_log_mem,"{""batch_size"": 32, ""bits_per_input"": 2, ""epochs"": 10, ""lr"": 0.01, ""n"": 4, ""num_luts_l1"": 200, ""num_luts_l2"": 100, ""scheduler_gamma"": 0.1, ""scheduler_step"": 8, ""tau"": 3.3333333333333335}",0.806869961444094,5400.0,4.706303472359044,1.067290212903557,3
DWN,Magic Gamma,best_acc_at_small_budget,"{""batch_size"": 32, ""bits_per_input"": 2, ""epochs"": 10, ""lr"": 0.01, ""n"": 4, ""num_luts_l1"": 200, ""num_luts_l2"": 100, ""scheduler_gamma"": 0.1, ""scheduler_step"": 8, ""tau"": 3.3333333333333335}",0.806869961444094,5400.0,4.706303472359044,1.067290212903557,3
DWN,Magic Gamma,best_acc_at_medium_budget,"{""batch_size"": 32, ""bits_per_input"": 6, ""epochs"": 20, ""lr"": 0.01, ""n"": 6, ""num_luts_l1"": 2000, ""num_luts_l2"": 1000, ""scheduler_gamma"": 0.1, ""scheduler_step"": 8, ""tau"": 3.3333333333333335}",0.8214160532772521,96000.0,46.597127652649455,34.09128550391434,3
DWN,Pendigits,best_acc,"{""batch_size"": 32, ""bits_per_input"": 6, ""epochs"": 20, ""lr"": 0.01, ""n"": 6, ""num_luts_l1"": 2000, ""num_luts_l2"": 1000, ""scheduler_gamma"": 0.1, ""scheduler_step"": 8, ""tau"": 3.3333333333333335}",0.9886311959981811,96000.0,28.64765411064339,27.65757783770796,3
DWN,Pendigits,best_mem_at_iso_acc,"{""batch_size"": 32, ""bits_per_input"": 6, ""epochs"": 15, ""lr"": 0.01, ""n"": 6, ""num_luts_l1"": 1000, ""num_luts_l2"": 500, ""scheduler_gamma"": 0.1, ""scheduler_step"": 8, ""tau"": 3.3333333333333335}",0.9884796119448235,48000.0,13.312868236020828,9.11058042900335,3
DWN,Pendigits,best_acc_per_log_mem,"{""batch_size"": 32, ""bits_per_input"": 2, ""epochs"": 10, ""lr"": 0.01, ""n"": 4, ""num_luts_l1"": 200, ""num_luts_l2"": 100, ""scheduler_gamma"": 0.1, ""scheduler_step"": 8, ""tau"": 3.3333333333333335}",0.9173866909201153,5400.0,2.832128041967129,1.3332889400218153,3
DWN,Pendigits,best_acc_at_small_budget,"{""batch_size"": 32, ""bits_per_input"": 2, ""epochs"": 10, ""lr"": 0.01, ""n"": 4, ""num_luts_l1"": 200, ""num_luts_l2"": 100, ""scheduler_gamma"": 0.1, ""scheduler_step"": 8, ""tau"": 3.3333333333333335}",0.9173866909201153,5400.0,2.832128041967129,1.3332889400218153,3
DWN,Pendigits,best_acc_at_medium_budget,"{""batch_size"": 32, ""bits_per_input"": 6, ""epochs"": 20, ""lr"": 0.01, ""n"": 6, ""num_luts_l1"": 2000, ""num_luts_l2"": 1000, ""scheduler_gamma"": 0.1, ""scheduler_step"": 8, ""tau"": 3.3333333333333335}",0.9886311959981811,96000.0,28.64765411064339,27.65757783770796,3
DWN,Pima Diabetes,best_acc,"{""batch_size"": 32, ""bits_per_input"": 2, ""epochs"": 10, ""lr"": 0.01, ""n"": 6, ""num_luts_l1"": 500, ""num_luts_l2"": 250, ""scheduler_gamma"": 0.1, ""scheduler_step"": 8, ""tau"": 3.3333333333333335}",0.7164502164502164,24000.0,0.45912550036640215,11.715188308002112,3
DWN,Pima Diabetes,best_mem_at_iso_acc,"{""batch_size"": 32, ""bits_per_input"": 2, ""epochs"": 10, ""lr"": 0.01, ""n"": 6, ""num_luts_l1"": 500, ""num_luts_l2"": 250, ""scheduler_gamma"": 0.1, ""scheduler_step"": 8, ""tau"": 3.3333333333333335}",0.7164502164502164,24000.0,0.45912550036640215,11.715188308002112,3
DWN,Pima Diabetes,best_acc_per_log_mem,"{""batch_size"": 32, ""bits_per_input"": 2, ""epochs"": 10, ""lr"": 0.01, ""n"": 4, ""num_luts_l1"": 200, ""num_luts_l2"": 100, ""scheduler_gamma"": 0.1, ""scheduler_step"": 8, ""tau"": 3.3333333333333335}",0.6969696969696969,5400.0,0.20017055534602454,5.3739154538002625,3
DWN,Pima Diabetes,best_acc_at_small_budget,"{""batch_size"": 32, ""bits_per_input"": 2, ""epochs"": 10, ""lr"": 0.01, ""n"": 4, ""num_luts_l1"": 200, ""num_luts_l2"": 100, ""scheduler_gamma"": 0.1, ""scheduler_step"": 8, ""tau"": 3.3333333333333335}",0.6969696969696969,5400.0,0.20017055534602454,5.3739154538002625,3
DWN,Pima Diabetes,best_acc_at_medium_budget,"{""batch_size"": 32, ""bits_per_input"": 2, ""epochs"": 10, ""lr"": 0.01, ""n"": 6, ""num_luts_l1"": 500, ""num_luts_l2"": 250, ""scheduler_gamma"": 0.1, ""scheduler_step"": 8, ""tau"": 3.3333333333333335}",0.7164502164502164,24000.0,0.45912550036640215,11.715188308002112,3
DWN,SatImage,best_acc,"{""batch_size"": 32, ""bits_per_input"": 6, ""epochs"": 15, ""lr"": 0.01, ""n"": 6, ""num_luts_l1"": 1000, ""num_luts_l2"": 500, ""scheduler_gamma"": 0.1, ""scheduler_step"": 8, ""tau"": 3.3333333333333335}",0.9061689994815967,47936.0,9.10739687535291,8.221239737727949,3
DWN,SatImage,best_mem_at_iso_acc,"{""batch_size"": 32, ""bits_per_input"": 6, ""epochs"": 15, ""lr"": 0.01, ""n"": 6, ""num_luts_l1"": 1000, ""num_luts_l2"": 500, ""scheduler_gamma"": 0.1, ""scheduler_step"": 8, ""tau"": 3.3333333333333335}",0.9061689994815967,47936.0,9.10739687535291,8.221239737727949,3
DWN,SatImage,best_acc_per_log_mem,"{""batch_size"": 32, ""bits_per_input"": 2, ""epochs"": 10, ""lr"": 0.01, ""n"": 4, ""num_luts_l1"": 200, ""num_luts_l2"": 100, ""scheduler_gamma"": 0.1, ""scheduler_step"": 8, ""tau"": 3.3333333333333335}",0.8639191290824261,5328.0,1.9693458057008684,1.6623896128073634,3
DWN,SatImage,best_acc_at_small_budget,"{""batch_size"": 32, ""bits_per_input"": 2, ""epochs"": 10, ""lr"": 0.01, ""n"": 4, ""num_luts_l1"": 200, ""num_luts_l2"": 100, ""scheduler_gamma"": 0.1, ""scheduler_step"": 8, ""tau"": 3.3333333333333335}",0.8639191290824261,5328.0,1.9693458057008684,1.6623896128073634,3
DWN,SatImage,best_acc_at_medium_budget,"{""batch_size"": 32, ""bits_per_input"": 6, ""epochs"": 15, ""lr"": 0.01, ""n"": 6, ""num_luts_l1"": 1000, ""num_luts_l2"": 500, ""scheduler_gamma"": 0.1, ""scheduler_step"": 8, ""tau"": 3.3333333333333335}",0.9061689994815967,47936.0,9.10739687535291,8.221239737727949,3
DWN,Seeds,best_acc,"{""batch_size"": 32, ""bits_per_input"": 2, ""epochs"": 10, ""lr"": 0.01, ""n"": 4, ""num_luts_l1"": 200, ""num_luts_l2"": 100, ""scheduler_gamma"": 0.1, ""scheduler_step"": 8, ""tau"": 3.3333333333333335}",0.9206349206349206,5382.0,0.055966985683577754,13.260911810137921,6
DWN,Seeds,best_mem_at_iso_acc,"{""batch_size"": 32, ""bits_per_input"": 2, ""epochs"": 10, ""lr"": 0.01, ""n"": 4, ""num_luts_l1"": 200, ""num_luts_l2"": 100, ""scheduler_gamma"": 0.1, ""scheduler_step"": 8, ""tau"": 3.3333333333333335}",0.9206349206349206,5382.0,0.055966985683577754,13.260911810137921,6
DWN,Seeds,best_acc_per_log_mem,"{""batch_size"": 32, ""bits_per_input"": 2, ""epochs"": 10, ""lr"": 0.01, ""n"": 4, ""num_luts_l1"": 200, ""num_luts_l2"": 100, ""scheduler_gamma"": 0.1, ""scheduler_step"": 8, ""tau"": 3.3333333333333335}",0.9206349206349206,5382.0,0.055966985683577754,13.260911810137921,6
DWN,Seeds,best_acc_at_small_budget,"{""batch_size"": 32, ""bits_per_input"": 2, ""epochs"": 10, ""lr"": 0.01, ""n"": 4, ""num_luts_l1"": 200, ""num_luts_l2"": 100, ""scheduler_gamma"": 0.1, ""scheduler_step"": 8, ""tau"": 3.3333333333333335}",0.9206349206349206,5382.0,0.055966985683577754,13.260911810137921,6
DWN,Seeds,best_acc_at_medium_budget,"{""batch_size"": 32, ""bits_per_input"": 2, ""epochs"": 10, ""lr"": 0.01, ""n"": 4, ""num_luts_l1"": 200, ""num_luts_l2"": 100, ""scheduler_gamma"": 0.1, ""scheduler_step"": 8, ""tau"": 3.3333333333333335}",0.9206349206349206,5382.0,0.055966985683577754,13.260911810137921,6
DWN,Segment,best_acc,"{""batch_size"": 32, ""bits_per_input"": 6, ""epochs"": 15, ""lr"": 0.01, ""n"": 6, ""num_luts_l1"": 1000, ""num_luts_l2"": 500, ""scheduler_gamma"": 0.1, ""scheduler_step"": 8, ""tau"": 3.3333333333333335}",0.9747474747474748,47904.0,2.942737555325342,7.698562787106586,3
DWN,Segment,best_mem_at_iso_acc,"{""batch_size"": 32, ""bits_per_input"": 6, ""epochs"": 15, ""lr"": 0.01, ""n"": 6, ""num_luts_l1"": 1000, ""num_luts_l2"": 500, ""scheduler_gamma"": 0.1, ""scheduler_step"": 8, ""tau"": 3.3333333333333335}",0.9747474747474748,47904.0,2.942737555325342,7.698562787106586,3
DWN,Segment,best_acc_per_log_mem,"{""batch_size"": 32, ""bits_per_input"": 2, ""epochs"": 10, ""lr"": 0.01, ""n"": 4, ""num_luts_l1"": 200, ""num_luts_l2"": 100, ""scheduler_gamma"": 0.1, ""scheduler_step"": 8, ""tau"": 3.3333333333333335}",0.9285714285714285,5364.0,0.7863773610442877,3.1298997578134524,3
DWN,Segment,best_acc_at_small_budget,"{""batch_size"": 32, ""bits_per_input"": 2, ""epochs"": 10, ""lr"": 0.01, ""n"": 4, ""num_luts_l1"": 200, ""num_luts_l2"": 100, ""scheduler_gamma"": 0.1, ""scheduler_step"": 8, ""tau"": 3.3333333333333335}",0.9285714285714285,5364.0,0.7863773610442877,3.1298997578134524,3
DWN,Segment,best_acc_at_medium_budget,"{""batch_size"": 32, ""bits_per_input"": 6, ""epochs"": 15, ""lr"": 0.01, ""n"": 6, ""num_luts_l1"": 1000, ""num_luts_l2"": 500, ""scheduler_gamma"": 0.1, ""scheduler_step"": 8, ""tau"": 3.3333333333333335}",0.9747474747474748,47904.0,2.942737555325342,7.698562787106586,3
DWN,Steel Plates,best_acc,"{""batch_size"": 32, ""bits_per_input"": 2, ""epochs"": 10, ""lr"": 0.01, ""n"": 4, ""num_luts_l1"": 200, ""num_luts_l2"": 100, ""scheduler_gamma"": 0.1, ""scheduler_step"": 8, ""tau"": 3.3333333333333335}",1.0,5400.0,0.6492651666825017,3.4592974485690617,3
DWN,Steel Plates,best_mem_at_iso_acc,"{""batch_size"": 32, ""bits_per_input"": 2, ""epochs"": 10, ""lr"": 0.01, ""n"": 4, ""num_luts_l1"": 200, ""num_luts_l2"": 100, ""scheduler_gamma"": 0.1, ""scheduler_step"": 8, ""tau"": 3.3333333333333335}",1.0,5400.0,0.6492651666825017,3.4592974485690617,3
DWN,Steel Plates,best_acc_per_log_mem,"{""batch_size"": 32, ""bits_per_input"": 2, ""epochs"": 10, ""lr"": 0.01, ""n"": 4, ""num_luts_l1"": 200, ""num_luts_l2"": 100, ""scheduler_gamma"": 0.1, ""scheduler_step"": 8, ""tau"": 3.3333333333333335}",1.0,5400.0,0.6492651666825017,3.4592974485690617,3
DWN,Steel Plates,best_acc_at_small_budget,"{""batch_size"": 32, ""bits_per_input"": 2, ""epochs"": 10, ""lr"": 0.01, ""n"": 4, ""num_luts_l1"": 200, ""num_luts_l2"": 100, ""scheduler_gamma"": 0.1, ""scheduler_step"": 8, ""tau"": 3.3333333333333335}",1.0,5400.0,0.6492651666825017,3.4592974485690617,3
DWN,Steel Plates,best_acc_at_medium_budget,"{""batch_size"": 32, ""bits_per_input"": 2, ""epochs"": 10, ""lr"": 0.01, ""n"": 4, ""num_luts_l1"": 200, ""num_luts_l2"": 100, ""scheduler_gamma"": 0.1, ""scheduler_step"": 8, ""tau"": 3.3333333333333335}",1.0,5400.0,0.6492651666825017,3.4592974485690617,3
DWN,Vehicle,best_acc,"{""batch_size"": 32, ""bits_per_input"": 6, ""epochs"": 20, ""lr"": 0.01, ""n"": 6, ""num_luts_l1"": 2000, ""num_luts_l2"": 1000, ""scheduler_gamma"": 0.1, ""scheduler_step"": 8, ""tau"": 3.3333333333333335}",0.7450980392156863,96000.0,2.8283844579709694,34.91527830049688,3
DWN,Vehicle,best_mem_at_iso_acc,"{""batch_size"": 32, ""bits_per_input"": 6, ""epochs"": 20, ""lr"": 0.01, ""n"": 6, ""num_luts_l1"": 2000, ""num_luts_l2"": 1000, ""scheduler_gamma"": 0.1, ""scheduler_step"": 8, ""tau"": 3.3333333333333335}",0.7450980392156863,96000.0,2.8283844579709694,34.91527830049688,3
DWN,Vehicle,best_acc_per_log_mem,"{""batch_size"": 32, ""bits_per_input"": 2, ""epochs"": 10, ""lr"": 0.01, ""n"": 4, ""num_luts_l1"": 200, ""num_luts_l2"": 100, ""scheduler_gamma"": 0.1, ""scheduler_step"": 8, ""tau"": 3.3333333333333335}",0.688235294117647,5400.0,0.23033055531171462,5.4730394599484455,3
DWN,Vehicle,best_acc_at_small_budget,"{""batch_size"": 32, ""bits_per_input"": 2, ""epochs"": 10, ""lr"": 0.01, ""n"": 4, ""num_luts_l1"": 200, ""num_luts_l2"": 100, ""scheduler_gamma"": 0.1, ""scheduler_step"": 8, ""tau"": 3.3333333333333335}",0.688235294117647,5400.0,0.23033055531171462,5.4730394599484455,3
DWN,Vehicle,best_acc_at_medium_budget,"{""batch_size"": 32, ""bits_per_input"": 6, ""epochs"": 20, ""lr"": 0.01, ""n"": 6, ""num_luts_l1"": 2000, ""num_luts_l2"": 1000, ""scheduler_gamma"": 0.1, ""scheduler_step"": 8, ""tau"": 3.3333333333333335}",0.7450980392156863,96000.0,2.8283844579709694,34.91527830049688,3
DWN,Waveform,best_acc,"{""batch_size"": 32, ""bits_per_input"": 6, ""epochs"": 15, ""lr"": 0.01, ""n"": 6, ""num_luts_l1"": 1000, ""num_luts_l2"": 500, ""scheduler_gamma"": 0.1, ""scheduler_step"": 8, ""tau"": 3.3333333333333335}",0.8286666666666666,47936.0,7.224697888673593,10.373069633108875,3
DWN,Waveform,best_mem_at_iso_acc,"{""batch_size"": 32, ""bits_per_input"": 6, ""epochs"": 15, ""lr"": 0.01, ""n"": 6, ""num_luts_l1"": 1000, ""num_luts_l2"": 500, ""scheduler_gamma"": 0.1, ""scheduler_step"": 8, ""tau"": 3.3333333333333335}",0.8286666666666666,47936.0,7.224697888673593,10.373069633108875,3
DWN,Waveform,best_acc_per_log_mem,"{""batch_size"": 32, ""bits_per_input"": 2, ""epochs"": 10, ""lr"": 0.01, ""n"": 4, ""num_luts_l1"": 200, ""num_luts_l2"": 100, ""scheduler_gamma"": 0.1, ""scheduler_step"": 8, ""tau"": 3.3333333333333335}",0.8163333333333332,5382.0,1.5392735000156488,1.9799166669448216,3
DWN,Waveform,best_acc_at_small_budget,"{""batch_size"": 32, ""bits_per_input"": 2, ""epochs"": 10, ""lr"": 0.01, ""n"": 4, ""num_luts_l1"": 200, ""num_luts_l2"": 100, ""scheduler_gamma"": 0.1, ""scheduler_step"": 8, ""tau"": 3.3333333333333335}",0.8163333333333332,5382.0,1.5392735000156488,1.9799166669448216,3
DWN,Waveform,best_acc_at_medium_budget,"{""batch_size"": 32, ""bits_per_input"": 6, ""epochs"": 15, ""lr"": 0.01, ""n"": 6, ""num_luts_l1"": 1000, ""num_luts_l2"": 500, ""scheduler_gamma"": 0.1, ""scheduler_step"": 8, ""tau"": 3.3333333333333335}",0.8286666666666666,47936.0,7.224697888673593,10.373069633108875,3
DWN,Wine,best_acc,"{""batch_size"": 32, ""bits_per_input"": 6, ""epochs"": 20, ""lr"": 0.01, ""n"": 6, ""num_luts_l1"": 2000, ""num_luts_l2"": 1000, ""scheduler_gamma"": 0.1, ""scheduler_step"": 8, ""tau"": 3.3333333333333335}",0.9722222222222222,95968.0,0.5730214583454654,85.68132438489961,6
DWN,Wine,best_mem_at_iso_acc,"{""batch_size"": 32, ""bits_per_input"": 6, ""epochs"": 20, ""lr"": 0.01, ""n"": 6, ""num_luts_l1"": 2000, ""num_luts_l2"": 1000, ""scheduler_gamma"": 0.1, ""scheduler_step"": 8, ""tau"": 3.3333333333333335}",0.9722222222222222,95968.0,0.5730214583454654,85.68132438489961,6
DWN,Wine,best_acc_per_log_mem,"{""batch_size"": 32, ""bits_per_input"": 2, ""epochs"": 10, ""lr"": 0.01, ""n"": 4, ""num_luts_l1"": 200, ""num_luts_l2"": 100, ""scheduler_gamma"": 0.1, ""scheduler_step"": 8, ""tau"": 3.3333333333333335}",0.9537037037037037,5382.0,0.050222360994666815,13.559415324211672,6
DWN,Wine,best_acc_at_small_budget,"{""batch_size"": 32, ""bits_per_input"": 2, ""epochs"": 10, ""lr"": 0.01, ""n"": 4, ""num_luts_l1"": 200, ""num_luts_l2"": 100, ""scheduler_gamma"": 0.1, ""scheduler_step"": 8, ""tau"": 3.3333333333333335}",0.9537037037037037,5382.0,0.050222360994666815,13.559415324211672,6
DWN,Wine,best_acc_at_medium_budget,"{""batch_size"": 32, ""bits_per_input"": 6, ""epochs"": 20, ""lr"": 0.01, ""n"": 6, ""num_luts_l1"": 2000, ""num_luts_l2"": 1000, ""scheduler_gamma"": 0.1, ""scheduler_step"": 8, ""tau"": 3.3333333333333335}",0.9722222222222222,95968.0,0.5730214583454654,85.68132438489961,6
DWN,Yeast,best_acc,"{""batch_size"": 32, ""bits_per_input"": 6, ""epochs"": 15, ""lr"": 0.01, ""n"": 6, ""num_luts_l1"": 1000, ""num_luts_l2"": 500, ""scheduler_gamma"": 0.1, ""scheduler_step"": 8, ""tau"": 3.3333333333333335}",0.5757575757575757,48000.0,2.0355221670276173,12.115458957850933,3
DWN,Yeast,best_mem_at_iso_acc,"{""batch_size"": 32, ""bits_per_input"": 6, ""epochs"": 15, ""lr"": 0.01, ""n"": 6, ""num_luts_l1"": 1000, ""num_luts_l2"": 500, ""scheduler_gamma"": 0.1, ""scheduler_step"": 8, ""tau"": 3.3333333333333335}",0.5757575757575757,48000.0,2.0355221670276173,12.115458957850933,3
DWN,Yeast,best_acc_per_log_mem,"{""batch_size"": 32, ""bits_per_input"": 2, ""epochs"": 10, ""lr"": 0.01, ""n"": 4, ""num_luts_l1"": 200, ""num_luts_l2"": 100, ""scheduler_gamma"": 0.1, ""scheduler_step"": 8, ""tau"": 3.3333333333333335}",0.494949494949495,5400.0,0.372040610993281,3.549989728898847,3
DWN,Yeast,best_acc_at_small_budget,"{""batch_size"": 32, ""bits_per_input"": 2, ""epochs"": 10, ""lr"": 0.01, ""n"": 4, ""num_luts_l1"": 200, ""num_luts_l2"": 100, ""scheduler_gamma"": 0.1, ""scheduler_step"": 8, ""tau"": 3.3333333333333335}",0.494949494949495,5400.0,0.372040610993281,3.549989728898847,3
DWN,Yeast,best_acc_at_medium_budget,"{""batch_size"": 32, ""bits_per_input"": 6, ""epochs"": 15, ""lr"": 0.01, ""n"": 6, ""num_luts_l1"": 1000, ""num_luts_l2"": 500, ""scheduler_gamma"": 0.1, ""scheduler_step"": 8, ""tau"": 3.3333333333333335}",0.5757575757575757,48000.0,2.0355221670276173,12.115458957850933,3
DWN,australian,best_acc,"{""batch_size"": 32, ""bits_per_input"": 200, ""layer_sizes"": [12000, 12000, 12000], ""lr_schedule"": [[0.01, 30], [0.001, 30], [0.0001, 15]], ""n"": 6, ""tau"": 33.333333333333336}",0.8623333333333333,1152000.0,456.0,,6
DWN,australian,best_mem_at_iso_acc,"{""batch_size"": 32, ""bits_per_input"": 200, ""layer_sizes"": [12000, 12000, 12000], ""lr_schedule"": [[0.01, 30], [0.001, 30], [0.0001, 15]], ""n"": 6, ""tau"": 33.333333333333336}",0.8623333333333333,1152000.0,456.0,,6
DWN,australian,best_acc_per_log_mem,"{""batch_size"": 32, ""bits_per_input"": 2, ""epochs"": 10, ""lr"": 0.01, ""n"": 4, ""num_luts_l1"": 200, ""num_luts_l2"": 100, ""scheduler_gamma"": 0.1, ""scheduler_step"": 8, ""tau"": 3.3333333333333335}",0.8429951690821257,5400.0,0.18321365300410739,5.836753514347877,3
DWN,australian,best_acc_at_small_budget,"{""batch_size"": 32, ""bits_per_input"": 2, ""epochs"": 10, ""lr"": 0.01, ""n"": 4, ""num_luts_l1"": 200, ""num_luts_l2"": 100, ""scheduler_gamma"": 0.1, ""scheduler_step"": 8, ""tau"": 3.3333333333333335}",0.8429951690821257,5400.0,0.18321365300410739,5.836753514347877,3
DWN,australian,best_acc_at_medium_budget,"{""batch_size"": 32, ""bits_per_input"": 2, ""epochs"": 10, ""lr"": 0.01, ""n"": 6, ""num_luts_l1"": 500, ""num_luts_l2"": 250, ""scheduler_gamma"": 0.1, ""scheduler_step"": 8, ""tau"": 3.3333333333333335}",0.852657004830918,24000.0,0.3665667356690392,10.517714905062158,3
DWN,blood-transfusion,best_acc,"{""batch_size"": 32, ""bits_per_input"": 2, ""epochs"": 10, ""lr"": 0.01, ""n"": 6, ""num_luts_l1"": 500, ""num_luts_l2"": 250, ""scheduler_gamma"": 0.1, ""scheduler_step"": 8, ""tau"": 3.3333333333333335}",0.7711111111111112,24000.0,0.36362144428615767,11.449262448069122,3
DWN,blood-transfusion,best_mem_at_iso_acc,"{""batch_size"": 32, ""bits_per_input"": 2, ""epochs"": 10, ""lr"": 0.01, ""n"": 6, ""num_luts_l1"": 500, ""num_luts_l2"": 250, ""scheduler_gamma"": 0.1, ""scheduler_step"": 8, ""tau"": 3.3333333333333335}",0.7711111111111112,24000.0,0.36362144428615767,11.449262448069122,3
DWN,blood-transfusion,best_acc_per_log_mem,"{""batch_size"": 32, ""bits_per_input"": 2, ""epochs"": 10, ""lr"": 0.01, ""n"": 4, ""num_luts_l1"": 200, ""num_luts_l2"": 100, ""scheduler_gamma"": 0.1, ""scheduler_step"": 8, ""tau"": 3.3333333333333335}",0.7533333333333333,5400.0,0.1957258606562391,5.4167599106828375,3
DWN,blood-transfusion,best_acc_at_small_budget,"{""batch_size"": 32, ""bits_per_input"": 2, ""epochs"": 10, ""lr"": 0.01, ""n"": 4, ""num_luts_l1"": 200, ""num_luts_l2"": 100, ""scheduler_gamma"": 0.1, ""scheduler_step"": 8, ""tau"": 3.3333333333333335}",0.7533333333333333,5400.0,0.1957258606562391,5.4167599106828375,3
DWN,blood-transfusion,best_acc_at_medium_budget,"{""batch_size"": 32, ""bits_per_input"": 2, ""epochs"": 10, ""lr"": 0.01, ""n"": 6, ""num_luts_l1"": 500, ""num_luts_l2"": 250, ""scheduler_gamma"": 0.1, ""scheduler_step"": 8, ""tau"": 3.3333333333333335}",0.7711111111111112,24000.0,0.36362144428615767,11.449262448069122,3
DWN,christine,best_acc,"{""batch_size"": 32, ""bits_per_input"": 2, ""epochs"": 10, ""lr"": 0.01, ""n"": 4, ""num_luts_l1"": 200, ""num_luts_l2"": 100, ""scheduler_gamma"": 0.1, ""scheduler_step"": 8, ""tau"": 3.3333333333333335}",0.6961869618696186,5400.0,5.154457888992813,4.24654025992271,3
DWN,christine,best_mem_at_iso_acc,"{""batch_size"": 32, ""bits_per_input"": 2, ""epochs"": 10, ""lr"": 0.01, ""n"": 4, ""num_luts_l1"": 200, ""num_luts_l2"": 100, ""scheduler_gamma"": 0.1, ""scheduler_step"": 8, ""tau"": 3.3333333333333335}",0.6961869618696186,5400.0,5.154457888992813,4.24654025992271,3
DWN,christine,best_acc_per_log_mem,"{""batch_size"": 32, ""bits_per_input"": 2, ""epochs"": 10, ""lr"": 0.01, ""n"": 4, ""num_luts_l1"": 200, ""num_luts_l2"": 100, ""scheduler_gamma"": 0.1, ""scheduler_step"": 8, ""tau"": 3.3333333333333335}",0.6961869618696186,5400.0,5.154457888992813,4.24654025992271,3
DWN,christine,best_acc_at_small_budget,"{""batch_size"": 32, ""bits_per_input"": 2, ""epochs"": 10, ""lr"": 0.01, ""n"": 4, ""num_luts_l1"": 200, ""num_luts_l2"": 100, ""scheduler_gamma"": 0.1, ""scheduler_step"": 8, ""tau"": 3.3333333333333335}",0.6961869618696186,5400.0,5.154457888992813,4.24654025992271,3
DWN,christine,best_acc_at_medium_budget,"{""batch_size"": 32, ""bits_per_input"": 2, ""epochs"": 10, ""lr"": 0.01, ""n"": 4, ""num_luts_l1"": 200, ""num_luts_l2"": 100, ""scheduler_gamma"": 0.1, ""scheduler_step"": 8, ""tau"": 3.3333333333333335}",0.6961869618696186,5400.0,5.154457888992813,4.24654025992271,3
DWN,higgs-small,best_acc,"{""batch_size"": 64, ""bits_per_input"": 2, ""epochs"": 50, ""lr"": 0.01, ""n"": 4, ""num_luts_l1"": 200, ""num_luts_l2"": 100, ""scheduler_gamma"": 0.1, ""scheduler_step"": 8, ""tau"": 3.3333333333333335}",0.6386537480877102,5400.0,16.39159688865766,3.1279342861843875,3
DWN,higgs-small,best_mem_at_iso_acc,"{""batch_size"": 32, ""bits_per_input"": 2, ""epochs"": 10, ""lr"": 0.01, ""n"": 4, ""num_luts_l1"": 200, ""num_luts_l2"": 100, ""scheduler_gamma"": 0.1, ""scheduler_step"": 8, ""tau"": 3.3333333333333335}",0.6379738228794832,5400.0,8.848168611022023,1.4130609385769282,3
DWN,higgs-small,best_acc_per_log_mem,"{""batch_size"": 64, ""bits_per_input"": 2, ""epochs"": 50, ""lr"": 0.01, ""n"": 4, ""num_luts_l1"": 200, ""num_luts_l2"": 100, ""scheduler_gamma"": 0.1, ""scheduler_step"": 8, ""tau"": 3.3333333333333335}",0.6386537480877102,5400.0,16.39159688865766,3.1279342861843875,3
DWN,higgs-small,best_acc_at_small_budget,"{""batch_size"": 64, ""bits_per_input"": 2, ""epochs"": 50, ""lr"": 0.01, ""n"": 4, ""num_luts_l1"": 200, ""num_luts_l2"": 100, ""scheduler_gamma"": 0.1, ""scheduler_step"": 8, ""tau"": 3.3333333333333335}",0.6386537480877102,5400.0,16.39159688865766,3.1279342861843875,3
DWN,higgs-small,best_acc_at_medium_budget,"{""batch_size"": 64, ""bits_per_input"": 2, ""epochs"": 50, ""lr"": 0.01, ""n"": 4, ""num_luts_l1"": 200, ""num_luts_l2"": 100, ""scheduler_gamma"": 0.1, ""scheduler_step"": 8, ""tau"": 3.3333333333333335}",0.6386537480877102,5400.0,16.39159688865766,3.1279342861843875,3
DWN,jasmine,best_acc,"{""batch_size"": 32, ""bits_per_input"": 2, ""epochs"": 10, ""lr"": 0.01, ""n"": 4, ""num_luts_l1"": 200, ""num_luts_l2"": 100, ""scheduler_gamma"": 0.1, ""scheduler_step"": 8, ""tau"": 3.3333333333333335}",0.7733109994416528,5400.0,1.1338974443109084,2.9210402801349997,3
DWN,jasmine,best_mem_at_iso_acc,"{""batch_size"": 32, ""bits_per_input"": 2, ""epochs"": 10, ""lr"": 0.01, ""n"": 4, ""num_luts_l1"": 200, ""num_luts_l2"": 100, ""scheduler_gamma"": 0.1, ""scheduler_step"": 8, ""tau"": 3.3333333333333335}",0.7733109994416528,5400.0,1.1338974443109084,2.9210402801349997,3
DWN,jasmine,best_acc_per_log_mem,"{""batch_size"": 32, ""bits_per_input"": 2, ""epochs"": 10, ""lr"": 0.01, ""n"": 4, ""num_luts_l1"": 200, ""num_luts_l2"": 100, ""scheduler_gamma"": 0.1, ""scheduler_step"": 8, ""tau"": 3.3333333333333335}",0.7733109994416528,5400.0,1.1338974443109084,2.9210402801349997,3
DWN,jasmine,best_acc_at_small_budget,"{""batch_size"": 32, ""bits_per_input"": 2, ""epochs"": 10, ""lr"": 0.01, ""n"": 4, ""num_luts_l1"": 200, ""num_luts_l2"": 100, ""scheduler_gamma"": 0.1, ""scheduler_step"": 8, ""tau"": 3.3333333333333335}",0.7733109994416528,5400.0,1.1338974443109084,2.9210402801349997,3
DWN,jasmine,best_acc_at_medium_budget,"{""batch_size"": 32, ""bits_per_input"": 2, ""epochs"": 10, ""lr"": 0.01, ""n"": 4, ""num_luts_l1"": 200, ""num_luts_l2"": 100, ""scheduler_gamma"": 0.1, ""scheduler_step"": 8, ""tau"": 3.3333333333333335}",0.7733109994416528,5400.0,1.1338974443109084,2.9210402801349997,3
DWN,miniboone,best_acc,"{""batch_size"": 32, ""bits_per_input"": 6, ""epochs"": 20, ""lr"": 0.01, ""n"": 6, ""num_luts_l1"": 2000, ""num_luts_l2"": 1000, ""scheduler_gamma"": 0.1, ""scheduler_step"": 8, ""tau"": 3.3333333333333335}",0.9223337049424005,96000.0,96.90510349965189,100.73761785649857,3
DWN,miniboone,best_mem_at_iso_acc,"{""batch_size"": 32, ""bits_per_input"": 2, ""epochs"": 10, ""lr"": 0.01, ""n"": 4, ""num_luts_l1"": 200, ""num_luts_l2"": 100, ""scheduler_gamma"": 0.1, ""scheduler_step"": 8, ""tau"": 3.3333333333333335}",0.9177718832891246,5400.0,7.80848044436425,1.6692497718136796,3
DWN,miniboone,best_acc_per_log_mem,"{""batch_size"": 32, ""bits_per_input"": 2, ""epochs"": 10, ""lr"": 0.01, ""n"": 4, ""num_luts_l1"": 200, ""num_luts_l2"": 100, ""scheduler_gamma"": 0.1, ""scheduler_step"": 8, ""tau"": 3.3333333333333335}",0.9177718832891246,5400.0,7.80848044436425,1.6692497718136796,3
DWN,miniboone,best_acc_at_small_budget,"{""batch_size"": 32, ""bits_per_input"": 2, ""epochs"": 10, ""lr"": 0.01, ""n"": 4, ""num_luts_l1"": 200, ""num_luts_l2"": 100, ""scheduler_gamma"": 0.1, ""scheduler_step"": 8, ""tau"": 3.3333333333333335}",0.9177718832891246,5400.0,7.80848044436425,1.6692497718136796,3
DWN,miniboone,best_acc_at_medium_budget,"{""batch_size"": 32, ""bits_per_input"": 6, ""epochs"": 20, ""lr"": 0.01, ""n"": 6, ""num_luts_l1"": 2000, ""num_luts_l2"": 1000, ""scheduler_gamma"": 0.1, ""scheduler_step"": 8, ""tau"": 3.3333333333333335}",0.9223337049424005,96000.0,96.90510349965189,100.73761785649857,3
DWN,nomao,best_acc,"{""batch_size"": 32, ""bits_per_input"": 6, ""epochs"": 20, ""lr"": 0.01, ""n"": 6, ""num_luts_l1"": 2000, ""num_luts_l2"": 1000, ""scheduler_gamma"": 0.1, ""scheduler_step"": 8, ""tau"": 3.3333333333333335}",0.9578316166158904,96000.0,142.01321141701192,64.36241472667699,3
DWN,nomao,best_mem_at_iso_acc,"{""batch_size"": 32, ""bits_per_input"": 6, ""epochs"": 15, ""lr"": 0.01, ""n"": 6, ""num_luts_l1"": 1000, ""num_luts_l2"": 500, ""scheduler_gamma"": 0.1, ""scheduler_step"": 8, ""tau"": 3.3333333333333335}",0.9551719135354708,48000.0,57.869653111323714,11.169223653131779,3
DWN,nomao,best_acc_per_log_mem,"{""batch_size"": 32, ""bits_per_input"": 2, ""epochs"": 10, ""lr"": 0.01, ""n"": 4, ""num_luts_l1"": 200, ""num_luts_l2"": 100, ""scheduler_gamma"": 0.1, ""scheduler_step"": 8, ""tau"": 3.3333333333333335}",0.9472895207698632,5400.0,8.484666763960073,1.237829828959936,3
DWN,nomao,best_acc_at_small_budget,"{""batch_size"": 32, ""bits_per_input"": 2, ""epochs"": 10, ""lr"": 0.01, ""n"": 4, ""num_luts_l1"": 200, ""num_luts_l2"": 100, ""scheduler_gamma"": 0.1, ""scheduler_step"": 8, ""tau"": 3.3333333333333335}",0.9472895207698632,5400.0,8.484666763960073,1.237829828959936,3
DWN,nomao,best_acc_at_medium_budget,"{""batch_size"": 32, ""bits_per_input"": 6, ""epochs"": 20, ""lr"": 0.01, ""n"": 6, ""num_luts_l1"": 2000, ""num_luts_l2"": 1000, ""scheduler_gamma"": 0.1, ""scheduler_step"": 8, ""tau"": 3.3333333333333335}",0.9578316166158904,96000.0,142.01321141701192,64.36241472667699,3
DWN,phoneme,best_acc,"{""batch_size"": 32, ""bits_per_input"": 200, ""layer_sizes"": [21000, 21000, 21000], ""lr_schedule"": [[0.01, 30], [0.001, 30], [0.0001, 15]], ""n"": 6, ""tau"": 33.333333333333336}",0.9010027443724945,2016042.5,2329.7715059999996,1430.5132590699511,6
DWN,phoneme,best_mem_at_iso_acc,"{""batch_size"": 32, ""bits_per_input"": 200, ""layer_sizes"": [21000, 21000, 21000], ""lr_schedule"": [[0.01, 30], [0.001, 30], [0.0001, 15]], ""n"": 6, ""tau"": 33.333333333333336}",0.9010027443724945,2016042.5,2329.7715059999996,1430.5132590699511,6
DWN,phoneme,best_acc_per_log_mem,"{""batch_size"": 32, ""bits_per_input"": 2, ""epochs"": 10, ""lr"": 0.01, ""n"": 4, ""num_luts_l1"": 200, ""num_luts_l2"": 100, ""scheduler_gamma"": 0.1, ""scheduler_step"": 8, ""tau"": 3.3333333333333335}",0.8023435090965156,5400.0,1.2772348613555853,1.999974377726722,3
DWN,phoneme,best_acc_at_small_budget,"{""batch_size"": 32, ""bits_per_input"": 2, ""epochs"": 10, ""lr"": 0.01, ""n"": 4, ""num_luts_l1"": 200, ""num_luts_l2"": 100, ""scheduler_gamma"": 0.1, ""scheduler_step"": 8, ""tau"": 3.3333333333333335}",0.8023435090965156,5400.0,1.2772348613555853,1.999974377726722,3
DWN,phoneme,best_acc_at_medium_budget,"{""batch_size"": 64, ""bits_per_input"": 6, ""epochs"": 50, ""lr"": 0.01, ""n"": 6, ""num_luts_l1"": 2000, ""num_luts_l2"": 1000, ""scheduler_gamma"": 0.1, ""scheduler_step"": 8, ""tau"": 3.3333333333333335}",0.8516805427073697,96000.0,24.575511277653277,46.36423308069172,3
DWN,skin-segmentation,best_acc,"{""batch_size"": 32, ""bits_per_input"": 6, ""epochs"": 20, ""lr"": 0.01, ""n"": 6, ""num_luts_l1"": 2000, ""num_luts_l2"": 1000, ""scheduler_gamma"": 0.1, ""scheduler_step"": 8, ""tau"": 3.3333333333333335}",0.9857517886776028,96000.0,60.0941393613272,82.78897117710541,3
DWN,skin-segmentation,best_mem_at_iso_acc,"{""batch_size"": 32, ""bits_per_input"": 6, ""epochs"": 20, ""lr"": 0.01, ""n"": 6, ""num_luts_l1"": 2000, ""num_luts_l2"": 1000, ""scheduler_gamma"": 0.1, ""scheduler_step"": 8, ""tau"": 3.3333333333333335}",0.9857517886776028,96000.0,60.0941393613272,82.78897117710541,3
DWN,skin-segmentation,best_acc_per_log_mem,"{""batch_size"": 32, ""bits_per_input"": 2, ""epochs"": 10, ""lr"": 0.01, ""n"": 4, ""num_luts_l1"": 200, ""num_luts_l2"": 100, ""scheduler_gamma"": 0.1, ""scheduler_step"": 8, ""tau"": 3.3333333333333335}",0.936682173073261,5400.0,5.915835722349584,1.7243087334699894,3
DWN,skin-segmentation,best_acc_at_small_budget,"{""batch_size"": 32, ""bits_per_input"": 2, ""epochs"": 10, ""lr"": 0.01, ""n"": 4, ""num_luts_l1"": 200, ""num_luts_l2"": 100, ""scheduler_gamma"": 0.1, ""scheduler_step"": 8, ""tau"": 3.3333333333333335}",0.936682173073261,5400.0,5.915835722349584,1.7243087334699894,3
DWN,skin-segmentation,best_acc_at_medium_budget,"{""batch_size"": 32, ""bits_per_input"": 6, ""epochs"": 20, ""lr"": 0.01, ""n"": 6, ""num_luts_l1"": 2000, ""num_luts_l2"": 1000, ""scheduler_gamma"": 0.1, ""scheduler_step"": 8, ""tau"": 3.3333333333333335}",0.9857517886776028,96000.0,60.0941393613272,82.78897117710541,3
DWN,sylvine,best_acc,"{""batch_size"": 32, ""bits_per_input"": 6, ""epochs"": 15, ""lr"": 0.01, ""n"": 6, ""num_luts_l1"": 1000, ""num_luts_l2"": 500, ""scheduler_gamma"": 0.1, ""scheduler_step"": 8, ""tau"": 3.3333333333333335}",0.9300813008130081,48000.0,7.234515277591224,5.9051762478865255,3
DWN,sylvine,best_mem_at_iso_acc,"{""batch_size"": 32, ""bits_per_input"": 6, ""epochs"": 15, ""lr"": 0.01, ""n"": 6, ""num_luts_l1"": 1000, ""num_luts_l2"": 500, ""scheduler_gamma"": 0.1, ""scheduler_step"": 8, ""tau"": 3.3333333333333335}",0.9300813008130081,48000.0,7.234515277591224,5.9051762478865255,3
DWN,sylvine,best_acc_per_log_mem,"{""batch_size"": 32, ""bits_per_input"": 2, ""epochs"": 10, ""lr"": 0.01, ""n"": 4, ""num_luts_l1"": 200, ""num_luts_l2"": 100, ""scheduler_gamma"": 0.1, ""scheduler_step"": 8, ""tau"": 3.3333333333333335}",0.8878048780487805,5400.0,1.4224353610382725,4.461504049538597,3
DWN,sylvine,best_acc_at_small_budget,"{""batch_size"": 32, ""bits_per_input"": 2, ""epochs"": 10, ""lr"": 0.01, ""n"": 4, ""num_luts_l1"": 200, ""num_luts_l2"": 100, ""scheduler_gamma"": 0.1, ""scheduler_step"": 8, ""tau"": 3.3333333333333335}",0.8878048780487805,5400.0,1.4224353610382725,4.461504049538597,3
DWN,sylvine,best_acc_at_medium_budget,"{""batch_size"": 32, ""bits_per_input"": 6, ""epochs"": 15, ""lr"": 0.01, ""n"": 6, ""num_luts_l1"": 1000, ""num_luts_l2"": 500, ""scheduler_gamma"": 0.1, ""scheduler_step"": 8, ""tau"": 3.3333333333333335}",0.9300813008130081,48000.0,7.234515277591224,5.9051762478865255,3
F4RM-WiSARD-cuckoo,Balance Scale,best_acc,"{""a"": 8, ""bleach"": 4, ""t"": 128}",0.9024000000000001,4556.2,0.002443541586399078,13.841332867741585,5
F4RM-WiSARD-cuckoo,Balance Scale,best_mem_at_iso_acc,"{""a"": 4, ""bleach"": 4, ""t"": 128}",0.8976000000000001,3459.0,0.0037878585979342462,22.686399891972542,5
F4RM-WiSARD-cuckoo,Balance Scale,best_acc_per_log_mem,"{""a"": 8, ""bleach"": 2, ""t"": 2}",0.7487999999999999,132.8,0.0001762916101142764,0.3268657252192497,5
F4RM-WiSARD-cuckoo,Balance Scale,best_acc_at_small_budget,"{""a"": 8, ""bleach"": 4, ""t"": 128}",0.9024000000000001,4556.2,0.002443541586399078,13.841332867741585,5
F4RM-WiSARD-cuckoo,Balance Scale,best_acc_at_medium_budget,"{""a"": 8, ""bleach"": 4, ""t"": 128}",0.9024000000000001,4556.2,0.002443541586399078,13.841332867741585,5
F4RM-WiSARD-cuckoo,Banknote,best_acc,"{""a"": 16, ""bleach"": 1, ""t"": 128}",1.0,4451.6,0.002277883212082088,4.68830264766108,5
F4RM-WiSARD-cuckoo,Banknote,best_mem_at_iso_acc,"{""a"": 12, ""bleach"": 2, ""t"": 16}",0.997090909090909,568.4,0.0005408582044765353,0.7605147971348329,5
F4RM-WiSARD-cuckoo,Banknote,best_acc_per_log_mem,"{""a"": 8, ""bleach"": 2, ""t"": 2}",0.941090909090909,69.4,0.00026268321089446546,0.16384944319725037,5
F4RM-WiSARD-cuckoo,Banknote,best_acc_at_small_budget,"{""a"": 16, ""bleach"": 1, ""t"": 128}",1.0,4451.6,0.002277883212082088,4.68830264766108,5
F4RM-WiSARD-cuckoo,Banknote,best_acc_at_medium_budget,"{""a"": 16, ""bleach"": 1, ""t"": 128}",1.0,4451.6,0.002277883212082088,4.68830264766108,5
F4RM-WiSARD-cuckoo,Breast Cancer,best_acc,"{""a"": 4, ""bleach"": 1, ""t"": 128}",0.9631578947368421,18625.8,0.021444116579368712,134.35044031786293,5
F4RM-WiSARD-cuckoo,Breast Cancer,best_mem_at_iso_acc,"{""a"": 20, ""bleach"": 1, ""t"": 16}",0.9596491228070174,8315.0,0.0012666167924180627,6.906141878285429,5
F4RM-WiSARD-cuckoo,Breast Cancer,best_acc_per_log_mem,"{""a"": 2, ""bleach"": 4, ""t"": 2}",0.8649122807017544,243.4,0.0007128250319510699,3.686037094315939,5
F4RM-WiSARD-cuckoo,Breast Cancer,best_acc_at_small_budget,"{""a"": 8, ""bleach"": 1, ""t"": 32}",0.9614035087719298,9099.4,0.0038020415930077435,22.506582338297576,5
F4RM-WiSARD-cuckoo,Breast Cancer,best_acc_at_medium_budget,"{""a"": 4, ""bleach"": 1, ""t"": 128}",0.9631578947368421,18625.8,0.021444116579368712,134.35044031786293,5
F4RM-WiSARD-cuckoo,EEG Eye State,best_acc,"{""a"": 32, ""bleach"": 1, ""t"": 256}",0.9427236315086782,756942.6,0.15024129159282892,14.734510018382077,5
F4RM-WiSARD-cuckoo,EEG Eye State,best_mem_at_iso_acc,"{""a"": 48, ""bleach"": 1, ""t"": 256}",0.9392523364485982,749001.2,0.13724689160007983,12.104525507486192,5
F4RM-WiSARD-cuckoo,EEG Eye State,best_acc_per_log_mem,"{""a"": 2, ""bleach"": 1, ""t"": 2}",0.5510680907877169,117.0,0.003794591571204364,0.4209334559823189,5
F4RM-WiSARD-cuckoo,EEG Eye State,best_acc_at_small_budget,"{""a"": 12, ""bleach"": 4, ""t"": 8}",0.7558077436582109,9446.2,0.006116466573439538,0.856525240744525,5
F4RM-WiSARD-cuckoo,EEG Eye State,best_acc_at_medium_budget,"{""a"": 28, ""bleach"": 1, ""t"": 32}",0.8889853137516688,93012.2,0.01332124979235232,1.946539780963088,5
F4RM-WiSARD-cuckoo,Ecoli,best_acc,"{""a"": 12, ""bleach"": 1, ""t"": 256}",0.8705882352941176,12086.8,0.009038883191533387,111.03272349025835,5
F4RM-WiSARD-cuckoo,Ecoli,best_mem_at_iso_acc,"{""a"": 12, ""bleach"": 1, ""t"": 32}",0.8676470588235293,1567.0,0.0013583250110968947,14.73504988312283,5
F4RM-WiSARD-cuckoo,Ecoli,best_acc_per_log_mem,"{""a"": 8, ""bleach"": 1, ""t"": 2}",0.7588235294117647,111.6,0.0002521498128771782,1.5066149096716852,5
F4RM-WiSARD-cuckoo,Ecoli,best_acc_at_small_budget,"{""a"": 12, ""bleach"": 1, ""t"": 32}",0.8676470588235293,1567.0,0.0013583250110968947,14.73504988312283,5
F4RM-WiSARD-cuckoo,Ecoli,best_acc_at_medium_budget,"{""a"": 12, ""bleach"": 1, ""t"": 256}",0.8705882352941176,12086.8,0.009038883191533387,111.03272349025835,5
F4RM-WiSARD-cuckoo,Glass,best_acc,"{""a"": 20, ""bleach"": 1, ""t"": 256}",0.7534883720930232,15626.6,0.006571491388604045,120.42926581099975,5
F4RM-WiSARD-cuckoo,Glass,best_mem_at_iso_acc,"{""a"": 24, ""bleach"": 1, ""t"": 128}",0.7534883720930232,7000.8,0.002959358412772417,52.96802332321572,5
F4RM-WiSARD-cuckoo,Glass,best_acc_per_log_mem,"{""a"": 8, ""bleach"": 2, ""t"": 2}",0.6604651162790698,269.8,0.0002570165786892176,2.720739779084228,5
F4RM-WiSARD-cuckoo,Glass,best_acc_at_small_budget,"{""a"": 24, ""bleach"": 1, ""t"": 128}",0.7534883720930232,7000.8,0.002959358412772417,52.96802332321572,5
F4RM-WiSARD-cuckoo,Glass,best_acc_at_medium_budget,"{""a"": 20, ""bleach"": 1, ""t"": 256}",0.7534883720930232,15626.6,0.006571491388604045,120.42926581099975,5
F4RM-WiSARD-cuckoo,Haberman,best_acc,"{""a"": 24, ""bleach"": 4, ""t"": 16}",0.7483870967741936,337.8,0.0001879832474514842,1.1548418701896743,5
F4RM-WiSARD-cuckoo,Haberman,best_mem_at_iso_acc,"{""a"": 4, ""bleach"": 3, ""t"": 4}",0.7451612903225806,70.2,0.00017419981304556131,0.8801099724106252,5
F4RM-WiSARD-cuckoo,Haberman,best_acc_per_log_mem,"{""a"": 2, ""bleach"": 1, ""t"": 2}",0.7419354838709677,25.0,0.00017080004326999187,0.8665355703523081,5
F4RM-WiSARD-cuckoo,Haberman,best_acc_at_small_budget,"{""a"": 24, ""bleach"": 4, ""t"": 16}",0.7483870967741936,337.8,0.0001879832474514842,1.1548418701896743,5
F4RM-WiSARD-cuckoo,Haberman,best_acc_at_medium_budget,"{""a"": 24, ""bleach"": 4, ""t"": 16}",0.7483870967741936,337.8,0.0001879832474514842,1.1548418701896743,5
F4RM-WiSARD-cuckoo,Ionosphere,best_acc,"{""a"": 8, ""bleach"": 1, ""t"": 256}",0.9492957746478872,73764.6,0.027732575009576977,304.1190200183593,5
F4RM-WiSARD-cuckoo,Ionosphere,best_mem_at_iso_acc,"{""a"": 28, ""bleach"": 3, ""t"": 64}",0.9464788732394366,18152.4,0.003818999812938273,39.680636960121106,5
F4RM-WiSARD-cuckoo,Ionosphere,best_acc_per_log_mem,"{""a"": 12, ""bleach"": 2, ""t"": 2}",0.8929577464788732,991.2,0.0003053667722269893,2.0089182136973864,5
F4RM-WiSARD-cuckoo,Ionosphere,best_acc_at_small_budget,"{""a"": 28, ""bleach"": 2, ""t"": 16}",0.9380281690140844,4696.0,0.0010622916044667364,10.019253519639163,5
F4RM-WiSARD-cuckoo,Ionosphere,best_acc_at_medium_budget,"{""a"": 8, ""bleach"": 1, ""t"": 256}",0.9492957746478872,73764.6,0.027732575009576977,304.1190200183593,5
F4RM-WiSARD-cuckoo,Iris,best_acc,"{""a"": 12, ""bleach"": 1, ""t"": 128}",0.9666666666666668,1672.0,0.0013496249914169312,34.559438936412334,5
F4RM-WiSARD-cuckoo,Iris,best_mem_at_iso_acc,"{""a"": 20, ""bleach"": 1, ""t"": 128}",0.9666666666666668,1631.2,0.0010462251957505941,26.604172307997942,5
F4RM-WiSARD-cuckoo,Iris,best_acc_per_log_mem,"{""a"": 4, ""bleach"": 2, ""t"": 2}",0.9199999999999999,25.4,0.0001423250185325742,1.4891669464608035,5
F4RM-WiSARD-cuckoo,Iris,best_acc_at_small_budget,"{""a"": 12, ""bleach"": 1, ""t"": 128}",0.9666666666666668,1672.0,0.0013496249914169312,34.559438936412334,5
F4RM-WiSARD-cuckoo,Iris,best_acc_at_medium_budget,"{""a"": 12, ""bleach"": 1, ""t"": 128}",0.9666666666666668,1672.0,0.0013496249914169312,34.559438936412334,5
F4RM-WiSARD-cuckoo,Letter Recognition,best_acc,"{""a"": 20, ""bleach"": 1, ""t"": 256}",0.95335,986055.8,0.4429066251730546,151.85992500046268,5
F4RM-WiSARD-cuckoo,Letter Recognition,best_mem_at_iso_acc,"{""a"": 16, ""bleach"": 1, ""t"": 128}",0.95185,464789.4,0.19893409197684378,85.32240630593151,5
F4RM-WiSARD-cuckoo,Letter Recognition,best_acc_per_log_mem,"{""a"": 16, ""bleach"": 1, ""t"": 8}",0.8756999999999999,34439.6,0.011809249804355205,5.4512791975867,5
F4RM-WiSARD-cuckoo,Letter Recognition,best_acc_at_small_budget,"{""a"": 8, ""bleach"": 4, ""t"": 4}",0.69985,9681.4,0.010037208395078778,4.333683353615925,5
F4RM-WiSARD-cuckoo,Letter Recognition,best_acc_at_medium_budget,"{""a"": 12, ""bleach"": 1, ""t"": 32}",0.9253500000000001,94782.0,0.0481448584003374,25.485874997684732,5
F4RM-WiSARD-cuckoo,Magic Gamma,best_acc,"{""a"": 28, ""bleach"": 1, ""t"": 256}",0.8691903259726603,468652.0,0.12891278315801175,11.04079479117585,5
F4RM-WiSARD-cuckoo,Magic Gamma,best_mem_at_iso_acc,"{""a"": 16, ""bleach"": 2, ""t"": 256}",0.8652996845425868,221673.0,0.1383847996359691,14.225913516023478,5
F4RM-WiSARD-cuckoo,Magic Gamma,best_acc_per_log_mem,"{""a"": 2, ""bleach"": 4, ""t"": 2}",0.64863301787592,84.0,0.0038569333730265496,0.2910051488471301,5
F4RM-WiSARD-cuckoo,Magic Gamma,best_acc_at_small_budget,"{""a"": 12, ""bleach"": 4, ""t"": 16}",0.8195057833859096,10054.0,0.008875499991700054,1.1036431169104062,5
F4RM-WiSARD-cuckoo,Magic Gamma,best_acc_at_medium_budget,"{""a"": 12, ""bleach"": 4, ""t"": 128}",0.8574132492113564,69856.8,0.05815389975905418,7.9710239845158615,5
F4RM-WiSARD-cuckoo,Pendigits,best_acc,"{""a"": 20, ""bleach"": 1, ""t"": 256}",0.9899045020463847,316209.8,0.18290822519920766,62.82325674580235,5
F4RM-WiSARD-cuckoo,Pendigits,best_mem_at_iso_acc,"{""a"": 16, ""bleach"": 1, ""t"": 32}",0.9881764438381083,35285.4,0.01731709998566657,9.139703483781986,5
F4RM-WiSARD-cuckoo,Pendigits,best_acc_per_log_mem,"{""a"": 8, ""bleach"": 4, ""t"": 4}",0.9268758526603001,2581.4,0.004579191608354449,1.8486964125431846,5
F4RM-WiSARD-cuckoo,Pendigits,best_acc_at_small_budget,"{""a"": 16, ""bleach"": 1, ""t"": 8}",0.9778990450204639,9893.6,0.0057521249866113065,2.481199829767595,5
F4RM-WiSARD-cuckoo,Pendigits,best_acc_at_medium_budget,"{""a"": 20, ""bleach"": 1, ""t"": 64}",0.9889040472942247,81761.2,0.03549210801720619,16.98307939282042,5
F4RM-WiSARD-cuckoo,Pima Diabetes,best_acc,"{""a"": 8, ""bleach"": 3, ""t"": 64}",0.7675324675324675,9384.2,0.0028910832013934852,9.980628436261958,5
F4RM-WiSARD-cuckoo,Pima Diabetes,best_mem_at_iso_acc,"{""a"": 8, ""bleach"": 3, ""t"": 64}",0.7675324675324675,9384.2,0.0028910832013934852,9.980628436261958,5
F4RM-WiSARD-cuckoo,Pima Diabetes,best_acc_per_log_mem,"{""a"": 2, ""bleach"": 1, ""t"": 2}",0.6493506493506493,67.0,0.000416091550141573,0.9035715809116116,5
F4RM-WiSARD-cuckoo,Pima Diabetes,best_acc_at_small_budget,"{""a"": 8, ""bleach"": 3, ""t"": 64}",0.7675324675324675,9384.2,0.0028910832013934852,9.980628436261958,5
F4RM-WiSARD-cuckoo,Pima Diabetes,best_acc_at_medium_budget,"{""a"": 8, ""bleach"": 3, ""t"": 64}",0.7675324675324675,9384.2,0.0028910832013934852,9.980628436261958,5
F4RM-WiSARD-cuckoo,SatImage,best_acc,"{""a"": 32, ""bleach"": 1, ""t"": 256}",0.9122861586314153,571973.2,0.26709674161393193,82.50849535485982,5
F4RM-WiSARD-cuckoo,SatImage,best_mem_at_iso_acc,"{""a"": 20, ""bleach"": 1, ""t"": 128}",0.9077760497667186,218071.2,0.08773984138388187,47.867185063949826,5
F4RM-WiSARD-cuckoo,SatImage,best_acc_per_log_mem,"{""a"": 8, ""bleach"": 4, ""t"": 4}",0.8353032659409021,4043.8,0.004417800228111446,2.798392954477997,5
F4RM-WiSARD-cuckoo,SatImage,best_acc_at_small_budget,"{""a"": 20, ""bleach"": 2, ""t"": 4}",0.865940902021773,9983.8,0.003626200230792165,1.6925737158935603,5
F4RM-WiSARD-cuckoo,SatImage,best_acc_at_medium_budget,"{""a"": 24, ""bleach"": 1, ""t"": 32}",0.906687402799378,63602.2,0.01848944160155952,11.175032487808268,5
F4RM-WiSARD-cuckoo,Seeds,best_acc,"{""a"": 24, ""bleach"": 2, ""t"": 64}",0.9380952380952381,2171.8,0.0009298168122768402,15.930152342965204,5
F4RM-WiSARD-cuckoo,Seeds,best_mem_at_iso_acc,"{""a"": 24, ""bleach"": 2, ""t"": 64}",0.9380952380952381,2171.8,0.0009298168122768402,15.930152342965204,5
F4RM-WiSARD-cuckoo,Seeds,best_acc_per_log_mem,"{""a"": 4, ""bleach"": 3, ""t"": 2}",0.8761904761904763,68.4,0.000202158628962934,1.9926616611580055,5
F4RM-WiSARD-cuckoo,Seeds,best_acc_at_small_budget,"{""a"": 24, ""bleach"": 2, ""t"": 64}",0.9380952380952381,2171.8,0.0009298168122768402,15.930152342965204,5
F4RM-WiSARD-cuckoo,Seeds,best_acc_at_medium_budget,"{""a"": 24, ""bleach"": 2, ""t"": 64}",0.9380952380952381,2171.8,0.0009298168122768402,15.930152342965204,5
F4RM-WiSARD-cuckoo,Segment,best_acc,"{""a"": 12, ""bleach"": 1, ""t"": 64}",0.9662337662337663,23016.6,0.012218416226096452,22.74689742351894,5
F4RM-WiSARD-cuckoo,Segment,best_mem_at_iso_acc,"{""a"": 12, ""bleach"": 1, ""t"": 32}",0.9645021645021645,11789.4,0.006476891785860061,11.600991731178969,5
F4RM-WiSARD-cuckoo,Segment,best_acc_per_log_mem,"{""a"": 8, ""bleach"": 4, ""t"": 4}",0.8978354978354979,1339.0,0.0014823663514107466,1.9986472229646655,5
F4RM-WiSARD-cuckoo,Segment,best_acc_at_small_budget,"{""a"": 20, ""bleach"": 1, ""t"": 16}",0.9597402597402598,8640.4,0.0027888498269021513,4.405321228797689,5
F4RM-WiSARD-cuckoo,Segment,best_acc_at_medium_budget,"{""a"": 12, ""bleach"": 1, ""t"": 64}",0.9662337662337663,23016.6,0.012218416226096452,22.74689742351894,5
F4RM-WiSARD-cuckoo,Steel Plates,best_acc,"{""a"": 32, ""bleach"": 1, ""t"": 256}",0.9922879177377892,283059.2,0.03415382476523519,49.15531310504231,5
F4RM-WiSARD-cuckoo,Steel Plates,best_mem_at_iso_acc,"{""a"": 16, ""bleach"": 1, ""t"": 64}",0.9886889460154242,54563.0,0.011014191806316376,16.75167101839974,5
F4RM-WiSARD-cuckoo,Steel Plates,best_acc_per_log_mem,"{""a"": 2, ""bleach"": 2, ""t"": 2}",0.6544987146529563,233.2,0.0012235499918460846,1.7022498545732474,5
F4RM-WiSARD-cuckoo,Steel Plates,best_acc_at_small_budget,"{""a"": 20, ""bleach"": 1, ""t"": 8}",0.9609254498714653,9792.2,0.0016103499801829457,2.011803103309211,5
F4RM-WiSARD-cuckoo,Steel Plates,best_acc_at_medium_budget,"{""a"": 28, ""bleach"": 1, ""t"": 64}",0.9897172236503856,73006.2,0.00862724999897182,12.795029777870692,5
F4RM-WiSARD-cuckoo,Vehicle,best_acc,"{""a"": 8, ""bleach"": 1, ""t"": 32}",0.7494117647058823,7898.6,0.0036933497758582234,16.01593062172041,5
F4RM-WiSARD-cuckoo,Vehicle,best_mem_at_iso_acc,"{""a"": 8, ""bleach"": 1, ""t"": 32}",0.7494117647058823,7898.6,0.0036933497758582234,16.01593062172041,5
F4RM-WiSARD-cuckoo,Vehicle,best_acc_per_log_mem,"{""a"": 4, ""bleach"": 4, ""t"": 2}",0.5694117647058824,381.4,0.0005717748077586293,1.7672058140092037,5
F4RM-WiSARD-cuckoo,Vehicle,best_acc_at_small_budget,"{""a"": 8, ""bleach"": 1, ""t"": 32}",0.7494117647058823,7898.6,0.0036933497758582234,16.01593062172041,5
F4RM-WiSARD-cuckoo,Vehicle,best_acc_at_medium_budget,"{""a"": 8, ""bleach"": 1, ""t"": 32}",0.7494117647058823,7898.6,0.0036933497758582234,16.01593062172041,5
F4RM-WiSARD-cuckoo,Waveform,best_acc,"{""a"": 12, ""bleach"": 2, ""t"": 256}",0.8486,964405.2,0.21913215019740165,113.25206682085991,5
F4RM-WiSARD-cuckoo,Waveform,best_mem_at_iso_acc,"{""a"": 12, ""bleach"": 1, ""t"": 256}",0.8478,964405.2,0.23092008316889406,115.686025028117,5
F4RM-WiSARD-cuckoo,Waveform,best_acc_per_log_mem,"{""a"": 8, ""bleach"": 4, ""t"": 2}",0.7418,5142.8,0.0021571331890299916,1.0982997715473175,5
F4RM-WiSARD-cuckoo,Waveform,best_acc_at_small_budget,"{""a"": 8, ""bleach"": 4, ""t"": 4}",0.7794000000000001,8853.2,0.003530166600830853,2.0822582067921758,5
F4RM-WiSARD-cuckoo,Waveform,best_acc_at_medium_budget,"{""a"": 8, ""bleach"": 4, ""t"": 32}",0.8321999999999999,54426.8,0.02224791662301868,16.198758385144174,5
F4RM-WiSARD-cuckoo,Wine,best_acc,"{""a"": 2, ""bleach"": 3, ""t"": 128}",0.9888888888888889,7650.6,0.016304083191789685,360.496983759933,5
F4RM-WiSARD-cuckoo,Wine,best_mem_at_iso_acc,"{""a"": 4, ""bleach"": 2, ""t"": 8}",0.9888888888888889,588.2,0.0006937084021046757,13.189128367230296,5
F4RM-WiSARD-cuckoo,Wine,best_acc_per_log_mem,"{""a"": 2, ""bleach"": 3, ""t"": 2}",0.9166666666666666,135.6,0.00037475882563740013,6.163654486752219,5
F4RM-WiSARD-cuckoo,Wine,best_acc_at_small_budget,"{""a"": 2, ""bleach"": 3, ""t"": 128}",0.9888888888888889,7650.6,0.016304083191789685,360.496983759933,5
F4RM-WiSARD-cuckoo,Wine,best_acc_at_medium_budget,"{""a"": 2, ""bleach"": 3, ""t"": 128}",0.9888888888888889,7650.6,0.016304083191789685,360.496983759933,5
F4RM-WiSARD-cuckoo,Yeast,best_acc,"{""a"": 20, ""bleach"": 1, ""t"": 256}",0.6107744107744107,63424.4,0.013486100011505187,40.93706598411305,5
F4RM-WiSARD-cuckoo,Yeast,best_mem_at_iso_acc,"{""a"": 12, ""bleach"": 2, ""t"": 256}",0.6067340067340068,54288.4,0.01904420859646052,60.0871212172137,5
F4RM-WiSARD-cuckoo,Yeast,best_acc_per_log_mem,"{""a"": 8, ""bleach"": 4, ""t"": 8}",0.5265993265993266,1697.6,0.0011078334180638194,2.714590505016372,5
F4RM-WiSARD-cuckoo,Yeast,best_acc_at_small_budget,"{""a"": 12, ""bleach"": 3, ""t"": 32}",0.5885521885521886,7102.8,0.0027441752143204214,7.881706357880273,5
F4RM-WiSARD-cuckoo,Yeast,best_acc_at_medium_budget,"{""a"": 20, ""bleach"": 1, ""t"": 256}",0.6107744107744107,63424.4,0.013486100011505187,40.93706598411305,5
F4RM-WiSARD-dense,Balance Scale,best_acc,"{""a"": 8, ""bleach"": 4, ""t"": 128}",0.9024000000000001,21644.0,0.002443541586399078,13.841332867741585,5
F4RM-WiSARD-dense,Balance Scale,best_mem_at_iso_acc,"{""a"": 4, ""bleach"": 4, ""t"": 128}",0.8976000000000001,16433.0,0.0037878585979342462,22.686399891972542,5
F4RM-WiSARD-dense,Balance Scale,best_acc_per_log_mem,"{""a"": 8, ""bleach"": 2, ""t"": 2}",0.7487999999999999,634.0,0.0001762916101142764,0.3268657252192497,5
F4RM-WiSARD-dense,Balance Scale,best_acc_at_small_budget,"{""a"": 4, ""bleach"": 4, ""t"": 64}",0.8880000000000001,8236.0,0.0019810668425634505,11.402865499258041,5
F4RM-WiSARD-dense,Balance Scale,best_acc_at_medium_budget,"{""a"": 8, ""bleach"": 4, ""t"": 128}",0.9024000000000001,21644.0,0.002443541586399078,13.841332867741585,5
F4RM-WiSARD-dense,Banknote,best_acc,"{""a"": 16, ""bleach"": 1, ""t"": 128}",1.0,21147.0,0.002277883212082088,4.68830264766108,5
F4RM-WiSARD-dense,Banknote,best_mem_at_iso_acc,"{""a"": 12, ""bleach"": 2, ""t"": 16}",0.997090909090909,2702.0,0.0005408582044765353,0.7605147971348329,5
F4RM-WiSARD-dense,Banknote,best_acc_per_log_mem,"{""a"": 8, ""bleach"": 2, ""t"": 2}",0.941090909090909,332.0,0.00026268321089446546,0.16384944319725037,5
F4RM-WiSARD-dense,Banknote,best_acc_at_small_budget,"{""a"": 20, ""bleach"": 1, ""t"": 32}",1.0,6736.0,0.0007239332189783454,1.1484538289633666,5
F4RM-WiSARD-dense,Banknote,best_acc_at_medium_budget,"{""a"": 16, ""bleach"": 1, ""t"": 128}",1.0,21147.0,0.002277883212082088,4.68830264766108,5
F4RM-WiSARD-dense,Breast Cancer,best_acc,"{""a"": 4, ""bleach"": 1, ""t"": 128}",0.9631578947368421,88474.0,0.021444116579368712,134.35044031786293,5
F4RM-WiSARD-dense,Breast Cancer,best_mem_at_iso_acc,"{""a"": 20, ""bleach"": 1, ""t"": 16}",0.9596491228070174,39499.0,0.0012666167924180627,6.906141878285429,5
F4RM-WiSARD-dense,Breast Cancer,best_acc_per_log_mem,"{""a"": 4, ""bleach"": 3, ""t"": 2}",0.9228070175438596,1778.0,0.0005083083640784025,2.288740340685635,5
F4RM-WiSARD-dense,Breast Cancer,best_acc_at_small_budget,"{""a"": 8, ""bleach"": 1, ""t"": 4}",0.9578947368421054,6685.0,0.0006244334159418941,2.862792870585333,5
F4RM-WiSARD-dense,Breast Cancer,best_acc_at_medium_budget,"{""a"": 4, ""bleach"": 1, ""t"": 128}",0.9631578947368421,88474.0,0.021444116579368712,134.35044031786293,5
F4RM-WiSARD-dense,EEG Eye State,best_acc,"{""a"": 32, ""bleach"": 1, ""t"": 256}",0.9427236315086782,3595480.0,0.15024129159282892,14.734510018382077,5
F4RM-WiSARD-dense,EEG Eye State,best_mem_at_iso_acc,"{""a"": 48, ""bleach"": 1, ""t"": 256}",0.9392523364485982,3557757.0,0.13724689160007983,12.104525507486192,5
F4RM-WiSARD-dense,EEG Eye State,best_acc_per_log_mem,"{""a"": 2, ""bleach"": 1, ""t"": 2}",0.5510680907877169,560.0,0.003794591571204364,0.4209334559823189,5
F4RM-WiSARD-dense,EEG Eye State,best_acc_at_small_budget,"{""a"": 8, ""bleach"": 4, ""t"": 4}",0.6354472630173564,10194.0,0.003885025018826127,0.5065002018593262,5
F4RM-WiSARD-dense,EEG Eye State,best_acc_at_medium_budget,"{""a"": 12, ""bleach"": 4, ""t"": 16}",0.789652870493992,76950.0,0.00941132518928498,1.5182104238367407,5
F4RM-WiSARD-dense,Ecoli,best_acc,"{""a"": 12, ""bleach"": 1, ""t"": 256}",0.8705882352941176,57413.0,0.009038883191533387,111.03272349025835,5
F4RM-WiSARD-dense,Ecoli,best_mem_at_iso_acc,"{""a"": 12, ""bleach"": 1, ""t"": 32}",0.8676470588235293,7445.0,0.0013583250110968947,14.73504988312283,5
F4RM-WiSARD-dense,Ecoli,best_acc_per_log_mem,"{""a"": 4, ""bleach"": 2, ""t"": 2}",0.7676470588235295,571.0,0.0003289751708507538,2.513238338424879,5
F4RM-WiSARD-dense,Ecoli,best_acc_at_small_budget,"{""a"": 12, ""bleach"": 1, ""t"": 32}",0.8676470588235293,7445.0,0.0013583250110968947,14.73504988312283,5
F4RM-WiSARD-dense,Ecoli,best_acc_at_medium_budget,"{""a"": 12, ""bleach"": 1, ""t"": 256}",0.8705882352941176,57413.0,0.009038883191533387,111.03272349025835,5
F4RM-WiSARD-dense,Glass,best_acc,"{""a"": 20, ""bleach"": 1, ""t"": 256}",0.7534883720930232,74229.0,0.006571491388604045,120.42926581099975,5
F4RM-WiSARD-dense,Glass,best_mem_at_iso_acc,"{""a"": 24, ""bleach"": 1, ""t"": 128}",0.7534883720930232,33256.0,0.002959358412772417,52.96802332321572,5
F4RM-WiSARD-dense,Glass,best_acc_per_log_mem,"{""a"": 12, ""bleach"": 1, ""t"": 4}",0.6837209302325581,1634.0,0.0002654498443007469,2.954451930384303,5
F4RM-WiSARD-dense,Glass,best_acc_at_small_budget,"{""a"": 8, ""bleach"": 1, ""t"": 16}",0.7395348837209302,6661.0,0.0008957332232967019,14.687986329717692,5
F4RM-WiSARD-dense,Glass,best_acc_at_medium_budget,"{""a"": 20, ""bleach"": 1, ""t"": 256}",0.7534883720930232,74229.0,0.006571491388604045,120.42926581099975,5
F4RM-WiSARD-dense,Haberman,best_acc,"{""a"": 24, ""bleach"": 4, ""t"": 16}",0.7483870967741936,1607.0,0.0001879832474514842,1.1548418701896743,5
F4RM-WiSARD-dense,Haberman,best_mem_at_iso_acc,"{""a"": 4, ""bleach"": 3, ""t"": 4}",0.7451612903225806,336.0,0.00017419981304556131,0.8801099724106252,5
F4RM-WiSARD-dense,Haberman,best_acc_per_log_mem,"{""a"": 2, ""bleach"": 1, ""t"": 2}",0.7419354838709677,120.0,0.00017080004326999187,0.8665355703523081,5
F4RM-WiSARD-dense,Haberman,best_acc_at_small_budget,"{""a"": 24, ""bleach"": 4, ""t"": 16}",0.7483870967741936,1607.0,0.0001879832474514842,1.1548418701896743,5
F4RM-WiSARD-dense,Haberman,best_acc_at_medium_budget,"{""a"": 24, ""bleach"": 4, ""t"": 16}",0.7483870967741936,1607.0,0.0001879832474514842,1.1548418701896743,5
F4RM-WiSARD-dense,Ionosphere,best_acc,"{""a"": 8, ""bleach"": 1, ""t"": 256}",0.9492957746478872,350384.0,0.027732575009576977,304.1190200183593,5
F4RM-WiSARD-dense,Ionosphere,best_mem_at_iso_acc,"{""a"": 28, ""bleach"": 3, ""t"": 64}",0.9464788732394366,86226.0,0.003818999812938273,39.680636960121106,5
F4RM-WiSARD-dense,Ionosphere,best_acc_per_log_mem,"{""a"": 12, ""bleach"": 2, ""t"": 2}",0.8929577464788732,4711.0,0.0003053667722269893,2.0089182136973864,5
F4RM-WiSARD-dense,Ionosphere,best_acc_at_small_budget,"{""a"": 16, ""bleach"": 3, ""t"": 4}",0.9211267605633802,8099.0,0.00044830001424998043,3.4692484072186582,5
F4RM-WiSARD-dense,Ionosphere,best_acc_at_medium_budget,"{""a"": 28, ""bleach"": 3, ""t"": 64}",0.9464788732394366,86226.0,0.003818999812938273,39.680636960121106,5
F4RM-WiSARD-dense,Iris,best_acc,"{""a"": 12, ""bleach"": 1, ""t"": 128}",0.9666666666666668,7943.0,0.0013496249914169312,34.559438936412334,5
F4RM-WiSARD-dense,Iris,best_mem_at_iso_acc,"{""a"": 20, ""bleach"": 1, ""t"": 128}",0.9666666666666668,7751.0,0.0010462251957505941,26.604172307997942,5
F4RM-WiSARD-dense,Iris,best_acc_per_log_mem,"{""a"": 4, ""bleach"": 2, ""t"": 2}",0.9199999999999999,122.0,0.0001423250185325742,1.4891669464608035,5
F4RM-WiSARD-dense,Iris,best_acc_at_small_budget,"{""a"": 12, ""bleach"": 1, ""t"": 128}",0.9666666666666668,7943.0,0.0013496249914169312,34.559438936412334,5
F4RM-WiSARD-dense,Iris,best_acc_at_medium_budget,"{""a"": 12, ""bleach"": 1, ""t"": 128}",0.9666666666666668,7943.0,0.0013496249914169312,34.559438936412334,5
F4RM-WiSARD-dense,Letter Recognition,best_acc,"{""a"": 20, ""bleach"": 1, ""t"": 256}",0.95335,4683767.0,0.4429066251730546,151.85992500046268,5
F4RM-WiSARD-dense,Letter Recognition,best_mem_at_iso_acc,"{""a"": 16, ""bleach"": 1, ""t"": 128}",0.95185,2207753.0,0.19893409197684378,85.32240630593151,5
F4RM-WiSARD-dense,Letter Recognition,best_acc_per_log_mem,"{""a"": 12, ""bleach"": 1, ""t"": 16}",0.9061999999999999,243244.0,0.02606762496288866,13.50029380992055,5
F4RM-WiSARD-dense,Letter Recognition,best_acc_at_small_budget,"{""a"": 2, ""bleach"": 4, ""t"": 2}",0.09419999999999999,7939.0,0.014107558410614729,4.307822906412184,5
F4RM-WiSARD-dense,Letter Recognition,best_acc_at_medium_budget,"{""a"": 16, ""bleach"": 1, ""t"": 4}",0.8082,86959.0,0.007117783254943788,2.810529200360179,5
F4RM-WiSARD-dense,Magic Gamma,best_acc,"{""a"": 28, ""bleach"": 1, ""t"": 256}",0.8691903259726603,2226099.0,0.12891278315801175,11.04079479117585,5
F4RM-WiSARD-dense,Magic Gamma,best_mem_at_iso_acc,"{""a"": 16, ""bleach"": 2, ""t"": 256}",0.8652996845425868,1052949.0,0.1383847996359691,14.225913516023478,5
F4RM-WiSARD-dense,Magic Gamma,best_acc_per_log_mem,"{""a"": 2, ""bleach"": 4, ""t"": 2}",0.64863301787592,400.0,0.0038569333730265496,0.2910051488471301,5
F4RM-WiSARD-dense,Magic Gamma,best_acc_at_small_budget,"{""a"": 8, ""bleach"": 4, ""t"": 4}",0.7473711882229233,6558.0,0.003785541420802474,0.3476143576161687,5
F4RM-WiSARD-dense,Magic Gamma,best_acc_at_medium_budget,"{""a"": 12, ""bleach"": 4, ""t"": 32}",0.8382229232386962,88496.0,0.0147107585798949,2.0544382718565055,5
F4RM-WiSARD-dense,Pendigits,best_acc,"{""a"": 20, ""bleach"": 1, ""t"": 256}",0.9899045020463847,1501999.0,0.18290822519920766,62.82325674580235,5
F4RM-WiSARD-dense,Pendigits,best_mem_at_iso_acc,"{""a"": 16, ""bleach"": 1, ""t"": 32}",0.9881764438381083,167607.0,0.01731709998566657,9.139703483781986,5
F4RM-WiSARD-dense,Pendigits,best_acc_per_log_mem,"{""a"": 8, ""bleach"": 4, ""t"": 4}",0.9268758526603001,12265.0,0.004579191608354449,1.8486964125431846,5
F4RM-WiSARD-dense,Pendigits,best_acc_at_small_budget,"{""a"": 8, ""bleach"": 4, ""t"": 2}",0.862119145065939,7424.0,0.0029667333932593466,0.9979459886126163,5
F4RM-WiSARD-dense,Pendigits,best_acc_at_medium_budget,"{""a"": 16, ""bleach"": 1, ""t"": 16}",0.9846293769895407,88391.0,0.01004062481224537,4.872964972925761,5
F4RM-WiSARD-dense,Pima Diabetes,best_acc,"{""a"": 8, ""bleach"": 3, ""t"": 64}",0.7675324675324675,44577.0,0.0028910832013934852,9.980628436261958,5
F4RM-WiSARD-dense,Pima Diabetes,best_mem_at_iso_acc,"{""a"": 8, ""bleach"": 3, ""t"": 64}",0.7675324675324675,44577.0,0.0028910832013934852,9.980628436261958,5
F4RM-WiSARD-dense,Pima Diabetes,best_acc_per_log_mem,"{""a"": 2, ""bleach"": 1, ""t"": 2}",0.6493506493506493,320.0,0.000416091550141573,0.9035715809116116,5
F4RM-WiSARD-dense,Pima Diabetes,best_acc_at_small_budget,"{""a"": 4, ""bleach"": 3, ""t"": 32}",0.7402597402597403,8538.0,0.0021860917564481496,7.468128619207578,5
F4RM-WiSARD-dense,Pima Diabetes,best_acc_at_medium_budget,"{""a"": 8, ""bleach"": 3, ""t"": 64}",0.7675324675324675,44577.0,0.0028910832013934852,9.980628436261958,5
F4RM-WiSARD-dense,SatImage,best_acc,"{""a"": 32, ""bleach"": 1, ""t"": 256}",0.9122861586314153,2716875.0,0.26709674161393193,82.50849535485982,5
F4RM-WiSARD-dense,SatImage,best_mem_at_iso_acc,"{""a"": 20, ""bleach"": 1, ""t"": 128}",0.9077760497667186,1035840.0,0.08773984138388187,47.867185063949826,5
F4RM-WiSARD-dense,SatImage,best_acc_per_log_mem,"{""a"": 8, ""bleach"": 4, ""t"": 4}",0.8353032659409021,19210.0,0.004417800228111446,2.798392954477997,5
F4RM-WiSARD-dense,SatImage,best_acc_at_small_budget,"{""a"": 2, ""bleach"": 4, ""t"": 4}",0.5631415241057542,7787.0,0.009292391990311444,5.973879016883683,5
F4RM-WiSARD-dense,SatImage,best_acc_at_medium_budget,"{""a"": 12, ""bleach"": 2, ""t"": 16}",0.8825816485225506,89748.0,0.011772991600446403,8.18563392747941,5
F4RM-WiSARD-dense,Seeds,best_acc,"{""a"": 24, ""bleach"": 2, ""t"": 64}",0.9380952380952381,10320.0,0.0009298168122768402,15.930152342965204,5
F4RM-WiSARD-dense,Seeds,best_mem_at_iso_acc,"{""a"": 24, ""bleach"": 2, ""t"": 64}",0.9380952380952381,10320.0,0.0009298168122768402,15.930152342965204,5
F4RM-WiSARD-dense,Seeds,best_acc_per_log_mem,"{""a"": 4, ""bleach"": 3, ""t"": 2}",0.8761904761904763,327.0,0.000202158628962934,1.9926616611580055,5
F4RM-WiSARD-dense,Seeds,best_acc_at_small_budget,"{""a"": 24, ""bleach"": 1, ""t"": 16}",0.9285714285714285,2780.0,0.00032382500357925893,4.3845242111101035,5
F4RM-WiSARD-dense,Seeds,best_acc_at_medium_budget,"{""a"": 24, ""bleach"": 2, ""t"": 64}",0.9380952380952381,10320.0,0.0009298168122768402,15.930152342965204,5
F4RM-WiSARD-dense,Segment,best_acc,"{""a"": 12, ""bleach"": 1, ""t"": 64}",0.9662337662337663,109331.0,0.012218416226096452,22.74689742351894,5
F4RM-WiSARD-dense,Segment,best_mem_at_iso_acc,"{""a"": 12, ""bleach"": 1, ""t"": 32}",0.9645021645021645,56002.0,0.006476891785860061,11.600991731178969,5
F4RM-WiSARD-dense,Segment,best_acc_per_log_mem,"{""a"": 8, ""bleach"": 4, ""t"": 4}",0.8978354978354979,6363.0,0.0014823663514107466,1.9986472229646655,5
F4RM-WiSARD-dense,Segment,best_acc_at_small_budget,"{""a"": 12, ""bleach"": 2, ""t"": 4}",0.9021645021645022,9085.0,0.0012873833999037742,1.6566017215257083,5
F4RM-WiSARD-dense,Segment,best_acc_at_medium_budget,"{""a"": 12, ""bleach"": 1, ""t"": 32}",0.9645021645021645,56002.0,0.006476891785860061,11.600991731178969,5
F4RM-WiSARD-dense,Steel Plates,best_acc,"{""a"": 32, ""bleach"": 1, ""t"": 256}",0.9922879177377892,1344534.0,0.03415382476523519,49.15531310504231,5
F4RM-WiSARD-dense,Steel Plates,best_mem_at_iso_acc,"{""a"": 16, ""bleach"": 1, ""t"": 64}",0.9886889460154242,259176.0,0.011014191806316376,16.75167101839974,5
F4RM-WiSARD-dense,Steel Plates,best_acc_per_log_mem,"{""a"": 12, ""bleach"": 2, ""t"": 2}",0.8575835475578406,9096.0,0.0007164997514337301,0.7422241097397546,5
F4RM-WiSARD-dense,Steel Plates,best_acc_at_small_budget,"{""a"": 12, ""bleach"": 2, ""t"": 2}",0.8575835475578406,9096.0,0.0007164997514337301,0.7422241097397546,5
F4RM-WiSARD-dense,Steel Plates,best_acc_at_medium_budget,"{""a"": 20, ""bleach"": 1, ""t"": 16}",0.9758354755784062,84207.0,0.0027519079856574537,3.8187445684846075,5
F4RM-WiSARD-dense,Vehicle,best_acc,"{""a"": 8, ""bleach"": 1, ""t"": 32}",0.7494117647058823,37521.0,0.0036933497758582234,16.01593062172041,5
F4RM-WiSARD-dense,Vehicle,best_mem_at_iso_acc,"{""a"": 8, ""bleach"": 1, ""t"": 32}",0.7494117647058823,37521.0,0.0036933497758582234,16.01593062172041,5
F4RM-WiSARD-dense,Vehicle,best_acc_per_log_mem,"{""a"": 4, ""bleach"": 4, ""t"": 2}",0.5694117647058824,1814.0,0.0005717748077586293,1.7672058140092037,5
F4RM-WiSARD-dense,Vehicle,best_acc_at_small_budget,"{""a"": 12, ""bleach"": 2, ""t"": 4}",0.668235294117647,7162.0,0.0005580913741141558,1.665443483301822,5
F4RM-WiSARD-dense,Vehicle,best_acc_at_medium_budget,"{""a"": 8, ""bleach"": 1, ""t"": 32}",0.7494117647058823,37521.0,0.0036933497758582234,16.01593062172041,5
F4RM-WiSARD-dense,Waveform,best_acc,"{""a"": 12, ""bleach"": 2, ""t"": 256}",0.8486,4580928.0,0.21913215019740165,113.25206682085991,5
F4RM-WiSARD-dense,Waveform,best_mem_at_iso_acc,"{""a"": 12, ""bleach"": 1, ""t"": 256}",0.8478,4580928.0,0.23092008316889406,115.686025028117,5
F4RM-WiSARD-dense,Waveform,best_acc_per_log_mem,"{""a"": 8, ""bleach"": 4, ""t"": 2}",0.7418,24431.0,0.0021571331890299916,1.0982997715473175,5
F4RM-WiSARD-dense,Waveform,best_acc_at_small_budget,"{""a"": 4, ""bleach"": 4, ""t"": 4}",0.5962,8987.0,0.004202766809612513,2.69703296944499,5
F4RM-WiSARD-dense,Waveform,best_acc_at_medium_budget,"{""a"": 8, ""bleach"": 4, ""t"": 8}",0.7929999999999999,74553.0,0.006112141767516732,4.076133179478347,5
F4RM-WiSARD-dense,Wine,best_acc,"{""a"": 2, ""bleach"": 3, ""t"": 128}",0.9888888888888889,36343.0,0.016304083191789685,360.496983759933,5
F4RM-WiSARD-dense,Wine,best_mem_at_iso_acc,"{""a"": 4, ""bleach"": 2, ""t"": 8}",0.9888888888888889,2795.0,0.0006937084021046757,13.189128367230296,5
F4RM-WiSARD-dense,Wine,best_acc_per_log_mem,"{""a"": 2, ""bleach"": 3, ""t"": 2}",0.9166666666666666,648.0,0.00037475882563740013,6.163654486752219,5
F4RM-WiSARD-dense,Wine,best_acc_at_small_budget,"{""a"": 4, ""bleach"": 2, ""t"": 8}",0.9888888888888889,2795.0,0.0006937084021046757,13.189128367230296,5
F4RM-WiSARD-dense,Wine,best_acc_at_medium_budget,"{""a"": 2, ""bleach"": 3, ""t"": 128}",0.9888888888888889,36343.0,0.016304083191789685,360.496983759933,5
F4RM-WiSARD-dense,Yeast,best_acc,"{""a"": 20, ""bleach"": 1, ""t"": 256}",0.6107744107744107,301268.0,0.013486100011505187,40.93706598411305,5
F4RM-WiSARD-dense,Yeast,best_mem_at_iso_acc,"{""a"": 12, ""bleach"": 2, ""t"": 256}",0.6067340067340068,257872.0,0.01904420859646052,60.0871212172137,5
F4RM-WiSARD-dense,Yeast,best_acc_per_log_mem,"{""a"": 8, ""bleach"": 4, ""t"": 8}",0.5265993265993266,8066.0,0.0011078334180638194,2.714590505016372,5
F4RM-WiSARD-dense,Yeast,best_acc_at_small_budget,"{""a"": 8, ""bleach"": 4, ""t"": 8}",0.5265993265993266,8066.0,0.0011078334180638194,2.714590505016372,5
F4RM-WiSARD-dense,Yeast,best_acc_at_medium_budget,"{""a"": 12, ""bleach"": 2, ""t"": 64}",0.591919191919192,66876.0,0.005068466416560113,15.280583813811592,5
F4RMS,Balance Scale,best_acc,"{""K"": 50, ""a"": 4, ""bleach"": 2, ""t"": 64}",0.9072000000000001,412513.0,0.09751334977336228,559.3251310288906,5
F4RMS,Balance Scale,best_mem_at_iso_acc,"{""K"": 25, ""a"": 4, ""bleach"": 2, ""t"": 32}",0.9056000000000001,103614.0,0.025681241787970065,138.86099979281425,5
F4RMS,Balance Scale,best_acc_per_log_mem,"{""K"": 5, ""a"": 4, ""bleach"": 2, ""t"": 8}",0.8512000000000001,5929.0,0.0018273501889780163,7.257332839071751,5
F4RMS,Balance Scale,best_acc_at_small_budget,"{""K"": 5, ""a"": 8, ""bleach"": 2, ""t"": 8}",0.8656,8856.0,0.0013887831941246987,4.464600048959255,5
F4RMS,Balance Scale,best_acc_at_medium_budget,"{""K"": 5, ""a"": 8, ""bleach"": 2, ""t"": 64}",0.9008,54886.0,0.006361916405148804,33.91220010817051,5
F4RMS,Banknote,best_acc,"{""K"": 10, ""a"": 32, ""bleach"": 1, ""t"": 32}",1.0,75857.0,0.00651301636826247,9.092786857350307,5
F4RMS,Banknote,best_mem_at_iso_acc,"{""K"": 5, ""a"": 4, ""bleach"": 1, ""t"": 16}",0.9956363636363637,6856.0,0.0035335166146978738,6.292546167969704,5
F4RMS,Banknote,best_acc_per_log_mem,"{""K"": 5, ""a"": 4, ""bleach"": 2, ""t"": 4}",0.9418181818181818,1911.0,0.0016719417879357934,1.7189083790237252,5
F4RMS,Banknote,best_acc_at_small_budget,"{""K"": 5, ""a"": 8, ""bleach"": 1, ""t"": 16}",0.9992727272727272,9537.0,0.002707216632552445,4.158151251348582,5
F4RMS,Banknote,best_acc_at_medium_budget,"{""K"": 10, ""a"": 32, ""bleach"": 1, ""t"": 32}",1.0,75857.0,0.00651301636826247,9.092786857350307,5
F4RMS,Breast Cancer,best_acc,"{""K"": 50, ""a"": 4, ""bleach"": 1, ""t"": 16}",0.9666666666666666,578436.0,0.14573899181559682,841.7499229197571,5
F4RMS,Breast Cancer,best_mem_at_iso_acc,"{""K"": 50, ""a"": 4, ""bleach"": 1, ""t"": 16}",0.9666666666666666,578436.0,0.14573899181559682,841.7499229197571,5
F4RMS,Breast Cancer,best_acc_per_log_mem,"{""K"": 5, ""a"": 4, ""bleach"": 2, ""t"": 4}",0.9526315789473683,15949.0,0.0040712583577260375,21.5676913381015,5
F4RMS,Breast Cancer,best_acc_at_medium_budget,"{""K"": 25, ""a"": 4, ""bleach"": 1, ""t"": 4}",0.9596491228070174,79426.0,0.02002550819888711,105.10358097554561,5
F4RMS,EEG Eye State,best_acc,"{""K"": 50, ""a"": 32, ""bleach"": 1, ""t"": 64}",0.9491544281263907,46280683.333333336,1.347609138659512,193.6843570179427,3
F4RMS,EEG Eye State,best_mem_at_iso_acc,"{""K"": 10, ""a"": 32, ""bleach"": 1, ""t"": 64}",0.9458166444147752,9271241.666666666,0.27815422202305246,38.60278050305382,3
F4RMS,EEG Eye State,best_acc_per_log_mem,"{""K"": 10, ""a"": 16, ""bleach"": 1, ""t"": 16}",0.9078771695594124,1270938.3333333333,0.10262158299641062,13.850406977452892,3
F4RMS,Ecoli,best_acc,"{""K"": 25, ""a"": 8, ""bleach"": 1, ""t"": 64}",0.8764705882352942,359190.0,0.07865514978766441,923.3240202507552,5
F4RMS,Ecoli,best_mem_at_iso_acc,"{""K"": 10, ""a"": 8, ""bleach"": 1, ""t"": 64}",0.8735294117647058,143643.0,0.031207875185646116,365.7791647128761,5
F4RMS,Ecoli,best_acc_per_log_mem,"{""K"": 5, ""a"": 4, ""bleach"": 2, ""t"": 4}",0.8235294117647058,4929.0,0.0022891998291015626,21.371323108563526,5
F4RMS,Ecoli,best_acc_at_small_budget,"{""K"": 10, ""a"": 4, ""bleach"": 2, ""t"": 4}",0.8411764705882353,9901.0,0.004599191597662866,42.8674033815589,5
F4RMS,Ecoli,best_acc_at_medium_budget,"{""K"": 5, ""a"": 8, ""bleach"": 1, ""t"": 64}",0.8705882352941176,72081.0,0.01582888336852193,186.93652065635166,5
F4RMS,Glass,best_acc,"{""K"": 100, ""a"": 32, ""bleach"": 1, ""t"": 64}",0.7674418604651163,1362462.0,0.12987935822457075,2269.8226742186516,5
F4RMS,Glass,best_mem_at_iso_acc,"{""K"": 25, ""a"": 32, ""bleach"": 1, ""t"": 64}",0.7674418604651162,340677.0,0.032396358391270044,563.9862366627123,5
F4RMS,Glass,best_acc_per_log_mem,"{""K"": 5, ""a"": 16, ""bleach"": 1, ""t"": 4}",0.7116279069767442,9559.0,0.0013218999840319157,15.036623145258705,5
F4RMS,Glass,best_acc_at_small_budget,"{""K"": 5, ""a"": 16, ""bleach"": 1, ""t"": 4}",0.7116279069767442,9559.0,0.0013218999840319157,15.036623145258705,5
F4RMS,Glass,best_acc_at_medium_budget,"{""K"": 5, ""a"": 16, ""bleach"": 1, ""t"": 32}",0.7534883720930232,52671.0,0.005038933432660997,87.06802740519824,5
F4RMS,Haberman,best_acc,"{""K"": 10, ""a"": 4, ""bleach"": 2, ""t"": 4}",0.7419354838709677,3324.0,0.0015915165888145566,7.636019314128545,5
F4RMS,Haberman,best_mem_at_iso_acc,"{""K"": 5, ""a"": 4, ""bleach"": 2, ""t"": 4}",0.7387096774193548,1656.0,0.000807283609174192,3.9514773825724276,5
F4RMS,Haberman,best_acc_per_log_mem,"{""K"": 5, ""a"": 4, ""bleach"": 2, ""t"": 4}",0.7387096774193548,1656.0,0.000807283609174192,3.9514773825724276,5
F4RMS,Haberman,best_acc_at_small_budget,"{""K"": 10, ""a"": 4, ""bleach"": 2, ""t"": 4}",0.7419354838709677,3324.0,0.0015915165888145566,7.636019314128545,5
F4RMS,Haberman,best_acc_at_medium_budget,"{""K"": 10, ""a"": 4, ""bleach"": 2, ""t"": 4}",0.7419354838709677,3324.0,0.0015915165888145566,7.636019314128545,5
F4RMS,Ionosphere,best_acc,"{""K"": 25, ""a"": 8, ""bleach"": 1, ""t"": 8}",0.952112676056338,317202.0,0.024378049978986384,224.9592702022531,5
F4RMS,Ionosphere,best_mem_at_iso_acc,"{""K"": 10, ""a"": 8, ""bleach"": 1, ""t"": 8}",0.9492957746478872,126973.0,0.009676708397455514,90.18943651618672,5
F4RMS,Ionosphere,best_acc_per_log_mem,"{""K"": 5, ""a"": 8, ""bleach"": 1, ""t"": 4}",0.9267605633802816,35935.0,0.0027030666125938295,23.225467638965224,5
F4RMS,Ionosphere,best_acc_at_medium_budget,"{""K"": 5, ""a"": 8, ""bleach"": 1, ""t"": 8}",0.9436619718309858,63630.0,0.0048377750208601356,45.269129889636815,5
F4RMS,Iris,best_acc,"{""K"": 100, ""a"": 4, ""bleach"": 2, ""t"": 8}",0.9800000000000001,51819.0,0.025001016398891806,454.64665396139026,5
F4RMS,Iris,best_mem_at_iso_acc,"{""K"": 25, ""a"": 4, ""bleach"": 2, ""t"": 8}",0.9800000000000001,12961.0,0.006314199999906123,117.07640175397198,5
F4RMS,Iris,best_acc_per_log_mem,"{""K"": 5, ""a"": 8, ""bleach"": 2, ""t"": 4}",0.9466666666666667,1431.0,0.000698658381588757,7.70972032720844,5
F4RMS,Iris,best_acc_at_small_budget,"{""K"": 10, ""a"": 4, ""bleach"": 2, ""t"": 8}",0.9733333333333334,5213.0,0.0025265001924708484,44.85250683501363,5
F4RMS,Iris,best_acc_at_medium_budget,"{""K"": 100, ""a"": 4, ""bleach"": 2, ""t"": 8}",0.9800000000000001,51819.0,0.025001016398891806,454.64665396139026,5
F4RMS,Letter Recognition,best_acc,"{""K"": 50, ""a"": 32, ""bleach"": 1, ""t"": 64}",0.9539166666666666,63287388.333333336,3.251904263665589,1390.0039547588676,3
F4RMS,Letter Recognition,best_mem_at_iso_acc,"{""K"": 10, ""a"": 16, ""bleach"": 1, ""t"": 16}",0.9490833333333333,2994003.3333333335,0.24448641665124646,119.33888883019488,3
F4RMS,Letter Recognition,best_acc_per_log_mem,"{""K"": 10, ""a"": 8, ""bleach"": 1, ""t"": 16}",0.93275,1551405.0,0.3698619166777159,183.3757395700862,3
F4RMS,Magic Gamma,best_acc,"{""K"": 50, ""a"": 16, ""bleach"": 1, ""t"": 64}",0.8769716088328076,13703301.666666666,1.3814187496900558,186.99466929171342,3
F4RMS,Magic Gamma,best_mem_at_iso_acc,"{""K"": 50, ""a"": 16, ""bleach"": 1, ""t"": 64}",0.8769716088328076,13703301.666666666,1.3814187496900558,186.99466929171342,3
F4RMS,Magic Gamma,best_acc_per_log_mem,"{""K"": 10, ""a"": 8, ""bleach"": 1, ""t"": 16}",0.8394672274798457,204711.66666666666,0.10877538903150707,12.628826503441145,3
F4RMS,Pendigits,best_acc,"{""K"": 10, ""a"": 32, ""bleach"": 1, ""t"": 64}",0.989389116264969,5059085.0,0.30886113868715864,118.29020768461605,3
F4RMS,Pendigits,best_mem_at_iso_acc,"{""K"": 10, ""a"": 8, ""bleach"": 1, ""t"": 16}",0.9865090192511747,434211.6666666667,0.1345862360127891,69.85644354546103,3
F4RMS,Pendigits,best_acc_per_log_mem,"{""K"": 10, ""a"": 8, ""bleach"": 1, ""t"": 16}",0.9865090192511747,434211.6666666667,0.1345862360127891,69.85644354546103,3
F4RMS,Pima Diabetes,best_acc,"{""K"": 100, ""a"": 8, ""bleach"": 2, ""t"": 8}",0.764935064935065,642109.0,0.05040820001158863,125.96228444198896,5
F4RMS,Pima Diabetes,best_mem_at_iso_acc,"{""K"": 10, ""a"": 8, ""bleach"": 2, ""t"": 8}",0.7610389610389611,64346.0,0.005098608625121415,12.88300891128647,5
F4RMS,Pima Diabetes,best_acc_per_log_mem,"{""K"": 5, ""a"": 4, ""bleach"": 2, ""t"": 4}",0.6935064935064934,5830.0,0.0021468084072694183,4.968289799939889,5
F4RMS,Pima Diabetes,best_acc_at_small_budget,"{""K"": 5, ""a"": 4, ""bleach"": 2, ""t"": 4}",0.6935064935064934,5830.0,0.0021468084072694183,4.968289799939889,5
F4RMS,Pima Diabetes,best_acc_at_medium_budget,"{""K"": 10, ""a"": 4, ""bleach"": 2, ""t"": 32}",0.7610389610389611,85822.0,0.021249550185166298,74.03982854629685,5
F4RMS,SatImage,best_acc,"{""K"": 10, ""a"": 32, ""bleach"": 1, ""t"": 64}",0.9180922757905651,6909791.666666667,0.36886195834570873,184.93476781961272,3
F4RMS,SatImage,best_mem_at_iso_acc,"{""K"": 10, ""a"": 32, ""bleach"": 1, ""t"": 64}",0.9180922757905651,6909791.666666667,0.36886195834570873,184.93476781961272,3
F4RMS,SatImage,best_acc_per_log_mem,"{""K"": 10, ""a"": 8, ""bleach"": 1, ""t"": 16}",0.8973561430793158,618306.6666666666,0.1561538336876159,108.7891718371737,3
F4RMS,Seeds,best_acc,"{""K"": 5, ""a"": 32, ""bleach"": 2, ""t"": 32}",0.9333333333333333,23040.0,0.002152449986897409,33.31429546787625,5
F4RMS,Seeds,best_mem_at_iso_acc,"{""K"": 5, ""a"": 32, ""bleach"": 2, ""t"": 32}",0.9333333333333333,23040.0,0.002152449986897409,33.31429546787625,5
F4RMS,Seeds,best_acc_per_log_mem,"{""K"": 5, ""a"": 4, ""bleach"": 2, ""t"": 4}",0.8761904761904763,2850.0,0.001266550226137042,15.551979941803785,5
F4RMS,Seeds,best_acc_at_small_budget,"{""K"": 5, ""a"": 16, ""bleach"": 1, ""t"": 8}",0.9238095238095237,8079.0,0.0011639333562925458,13.62281840383297,5
F4RMS,Seeds,best_acc_at_medium_budget,"{""K"": 5, ""a"": 32, ""bleach"": 2, ""t"": 32}",0.9333333333333333,23040.0,0.002152449986897409,33.31429546787625,5
F4RMS,Segment,best_acc,"{""K"": 25, ""a"": 4, ""bleach"": 1, ""t"": 64}",0.9636363636363636,1446270.0,0.6299407334066928,1161.7687228942104,5
F4RMS,Segment,best_mem_at_iso_acc,"{""K"": 5, ""a"": 4, ""bleach"": 1, ""t"": 64}",0.9593073593073592,288061.0,0.12345795859582723,229.36729785837073,5
F4RMS,Segment,best_acc_per_log_mem,"{""K"": 5, ""a"": 4, ""bleach"": 2, ""t"": 4}",0.9021645021645022,20512.0,0.00997680020518601,14.916360146442662,5
F4RMS,Segment,best_acc_at_medium_budget,"{""K"": 10, ""a"": 4, ""bleach"": 2, ""t"": 8}",0.9458874458874458,77502.0,0.03505339159164578,58.17873377223939,5
F4RMS,Steel Plates,best_acc,"{""K"": 100, ""a"": 32, ""bleach"": 1, ""t"": 32}",0.9948586118251928,17107741.0,0.4278780251741409,598.1673090898248,5
F4RMS,Steel Plates,best_mem_at_iso_acc,"{""K"": 5, ""a"": 32, ""bleach"": 1, ""t"": 32}",0.9912596401028277,855622.0,0.02100402561482042,29.755355359311277,5
F4RMS,Steel Plates,best_acc_per_log_mem,"{""K"": 5, ""a"": 8, ""bleach"": 2, ""t"": 4}",0.8889460154241645,42362.0,0.006019041570834815,7.5304421660871,5
F4RMS,Steel Plates,best_acc_at_medium_budget,"{""K"": 10, ""a"": 8, ""bleach"": 2, ""t"": 4}",0.9043701799485862,84385.0,0.011942224809899926,14.925513603272046,5
F4RMS,Vehicle,best_acc,"{""K"": 25, ""a"": 4, ""bleach"": 1, ""t"": 64}",0.7552941176470588,1178228.0,0.285929633397609,1283.8225495344136,5
F4RMS,Vehicle,best_mem_at_iso_acc,"{""K"": 5, ""a"": 4, ""bleach"": 1, ""t"": 64}",0.7517647058823529,235906.0,0.05630468337330967,256.44225301221013,5
F4RMS,Vehicle,best_acc_per_log_mem,"{""K"": 5, ""a"": 4, ""bleach"": 2, ""t"": 4}",0.6705882352941177,16538.0,0.004406933393329382,16.26308829359272,5
F4RMS,Vehicle,best_acc_at_medium_budget,"{""K"": 5, ""a"": 16, ""bleach"": 2, ""t"": 8}",0.7270588235294118,76235.0,0.003678050357848406,12.682844638167058,5
F4RMS,Waveform,best_acc,"{""K"": 50, ""a"": 8, ""bleach"": 1, ""t"": 64}",0.8496666666666667,24931100.0,2.5316384446729594,1795.672972376148,3
F4RMS,Waveform,best_mem_at_iso_acc,"{""K"": 10, ""a"": 16, ""bleach"": 1, ""t"": 16}",0.8486666666666666,4842691.666666667,0.1057943746758004,61.39000000742575,3
F4RMS,Waveform,best_acc_per_log_mem,"{""K"": 10, ""a"": 8, ""bleach"": 1, ""t"": 16}",0.84,1361695.0,0.130906180672658,86.4651253214106,3
F4RMS,Wine,best_acc,"{""K"": 10, ""a"": 8, ""bleach"": 1, ""t"": 64}",0.9833333333333334,274566.0,0.028569583408534528,613.4263841280093,5
F4RMS,Wine,best_mem_at_iso_acc,"{""K"": 5, ""a"": 4, ""bleach"": 2, ""t"": 4}",0.9833333333333332,7289.0,0.001930708158761263,32.24722200280262,5
F4RMS,Wine,best_acc_per_log_mem,"{""K"": 5, ""a"": 4, ""bleach"": 2, ""t"": 4}",0.9833333333333332,7289.0,0.001930708158761263,32.24722200280262,5
F4RMS,Wine,best_acc_at_small_budget,"{""K"": 5, ""a"": 4, ""bleach"": 2, ""t"": 4}",0.9833333333333332,7289.0,0.001930708158761263,32.24722200280262,5
F4RMS,Wine,best_acc_at_medium_budget,"{""K"": 10, ""a"": 8, ""bleach"": 1, ""t"": 8}",0.9833333333333334,38231.0,0.0043548165820539,77.9972224134124,5
F4RMS,Yeast,best_acc,"{""K"": 100, ""a"": 16, ""bleach"": 1, ""t"": 64}",0.6161616161616161,7483777.0,0.4083697084337473,1225.9466324302584,5
F4RMS,Yeast,best_mem_at_iso_acc,"{""K"": 10, ""a"": 8, ""bleach"": 2, ""t"": 16}",0.6114478114478115,151707.0,0.01826707480940968,50.83117306370426,5
F4RMS,Yeast,best_acc_per_log_mem,"{""K"": 5, ""a"": 16, ""bleach"": 2, ""t"": 8}",0.5784511784511784,55418.0,0.0036776250461116435,7.814814976294234,5
F4RMS,Yeast,best_acc_at_medium_budget,"{""K"": 5, ""a"": 16, ""bleach"": 1, ""t"": 16}",0.5952861952861953,100891.0,0.006134408409707248,15.373457213769658,5
FT-Transformer,Balance Scale,best_acc,"{""attention_dropout"": 0.0, ""batch_size"": 256, ""d_token"": 64, ""learning_rate"": 0.0001, ""n_blocks"": 2, ""n_epochs"": 30, ""n_heads"": 4}",0.9066666666666667,270684.0,0.5178752220235765,13.231111690402031,3
FT-Transformer,Balance Scale,best_mem_at_iso_acc,"{""attention_dropout"": 0.0, ""batch_size"": 256, ""d_token"": 64, ""learning_rate"": 0.0001, ""n_blocks"": 2, ""n_epochs"": 30, ""n_heads"": 4}",0.9066666666666667,270684.0,0.5178752220235765,13.231111690402031,3
FT-Transformer,Balance Scale,best_acc_per_log_mem,"{""attention_dropout"": 0.0, ""batch_size"": 256, ""d_token"": 32, ""learning_rate"": 0.0001, ""n_blocks"": 2, ""n_epochs"": 30, ""n_heads"": 4}",0.8506666666666667,69548.0,0.25576194399036467,5.739997451504071,3
FT-Transformer,Balance Scale,best_acc_at_medium_budget,"{""attention_dropout"": 0.0, ""batch_size"": 256, ""d_token"": 32, ""learning_rate"": 0.0001, ""n_blocks"": 2, ""n_epochs"": 30, ""n_heads"": 4}",0.8506666666666667,69548.0,0.25576194399036467,5.739997451504071,3
FT-Transformer,Banknote,best_acc,"{""attention_dropout"": 0.0, ""batch_size"": 256, ""d_token"": 64, ""learning_rate"": 0.0001, ""n_blocks"": 3, ""n_epochs"": 30, ""n_heads"": 4}",0.9987878787878787,404224.0,1.8940457776576902,16.687575897032563,3
FT-Transformer,Banknote,best_mem_at_iso_acc,"{""attention_dropout"": 0.0, ""batch_size"": 256, ""d_token"": 64, ""learning_rate"": 0.0001, ""n_blocks"": 3, ""n_epochs"": 30, ""n_heads"": 4}",0.9987878787878787,404224.0,1.8940457776576902,16.687575897032563,3
FT-Transformer,Banknote,best_acc_per_log_mem,"{""attention_dropout"": 0.0, ""batch_size"": 256, ""d_token"": 32, ""learning_rate"": 0.0001, ""n_blocks"": 2, ""n_epochs"": 30, ""n_heads"": 4}",0.9672727272727273,69416.0,0.5840599995960171,4.610151447581522,3
FT-Transformer,Banknote,best_acc_at_medium_budget,"{""attention_dropout"": 0.0, ""batch_size"": 256, ""d_token"": 32, ""learning_rate"": 0.0001, ""n_blocks"": 2, ""n_epochs"": 30, ""n_heads"": 4}",0.9672727272727273,69416.0,0.5840599995960171,4.610151447581522,3
FT-Transformer,Breast Cancer,best_acc,"{""attention_dropout"": 0.0, ""batch_size"": 256, ""d_token"": 64, ""learning_rate"": 0.0001, ""n_blocks"": 2, ""n_epochs"": 30, ""n_heads"": 4}",0.9415204678362573,283736.0,1.3441202913333352,34.24829535175398,3
FT-Transformer,Breast Cancer,best_mem_at_iso_acc,"{""attention_dropout"": 0.0, ""batch_size"": 256, ""d_token"": 64, ""learning_rate"": 0.0001, ""n_blocks"": 2, ""n_epochs"": 30, ""n_heads"": 4}",0.9415204678362573,283736.0,1.3441202913333352,34.24829535175398,3
FT-Transformer,Breast Cancer,best_acc_per_log_mem,"{""attention_dropout"": 0.0, ""batch_size"": 256, ""d_token"": 64, ""learning_rate"": 0.0001, ""n_blocks"": 2, ""n_epochs"": 30, ""n_heads"": 4}",0.9415204678362573,283736.0,1.3441202913333352,34.24829535175398,3
FT-Transformer,Breast Cancer,best_acc_at_medium_budget,"{""attention_dropout"": 0.0, ""batch_size"": 256, ""d_token"": 32, ""learning_rate"": 0.0001, ""n_blocks"": 2, ""n_epochs"": 30, ""n_heads"": 4}",0.8391812865497076,76072.0,0.9139605560339987,28.01035665661881,3
FT-Transformer,EEG Eye State,best_acc,"{""attention_dropout"": 0.0, ""batch_size"": 256, ""d_token"": 64, ""learning_rate"": 0.0001, ""n_blocks"": 3, ""n_epochs"": 30, ""n_heads"": 4}",0.5512906097018245,409344.0,34.66756524972152,28.688825882327194,3
FT-Transformer,EEG Eye State,best_mem_at_iso_acc,"{""attention_dropout"": 0.0, ""batch_size"": 256, ""d_token"": 32, ""learning_rate"": 0.0001, ""n_blocks"": 2, ""n_epochs"": 30, ""n_heads"": 4}",0.5511793502447707,71976.0,15.523978375674536,11.721281250308772,3
FT-Transformer,EEG Eye State,best_acc_per_log_mem,"{""attention_dropout"": 0.0, ""batch_size"": 256, ""d_token"": 32, ""learning_rate"": 0.0001, ""n_blocks"": 2, ""n_epochs"": 30, ""n_heads"": 4}",0.5511793502447707,71976.0,15.523978375674536,11.721281250308772,3
FT-Transformer,EEG Eye State,best_acc_at_medium_budget,"{""attention_dropout"": 0.0, ""batch_size"": 256, ""d_token"": 32, ""learning_rate"": 0.0001, ""n_blocks"": 2, ""n_epochs"": 30, ""n_heads"": 4}",0.5511793502447707,71976.0,15.523978375674536,11.721281250308772,3
FT-Transformer,Ecoli,best_acc,"{""attention_dropout"": 0.0, ""batch_size"": 256, ""d_token"": 64, ""learning_rate"": 0.0001, ""n_blocks"": 3, ""n_epochs"": 30, ""n_heads"": 4}",0.573529411764706,407320.0,0.5857641946834823,29.395426299386457,3
FT-Transformer,Ecoli,best_mem_at_iso_acc,"{""attention_dropout"": 0.0, ""batch_size"": 256, ""d_token"": 64, ""learning_rate"": 0.0001, ""n_blocks"": 3, ""n_epochs"": 30, ""n_heads"": 4}",0.573529411764706,407320.0,0.5857641946834823,29.395426299386457,3
FT-Transformer,Ecoli,best_acc_per_log_mem,"{""attention_dropout"": 0.0, ""batch_size"": 256, ""d_token"": 64, ""learning_rate"": 0.0001, ""n_blocks"": 3, ""n_epochs"": 30, ""n_heads"": 4}",0.573529411764706,407320.0,0.5857641946834823,29.395426299386457,3
FT-Transformer,Ecoli,best_acc_at_medium_budget,"{""attention_dropout"": 0.0, ""batch_size"": 256, ""d_token"": 32, ""learning_rate"": 0.0001, ""n_blocks"": 2, ""n_epochs"": 30, ""n_heads"": 4}",0.4264705882352941,70976.0,0.28260944430561113,12.129289554614646,3
FT-Transformer,Glass,best_acc,"{""attention_dropout"": 0.0, ""batch_size"": 256, ""d_token"": 64, ""learning_rate"": 0.0001, ""n_blocks"": 3, ""n_epochs"": 30, ""n_heads"": 4}",0.3953488372093023,407824.0,0.42203222230697673,35.74160469132801,3
FT-Transformer,Glass,best_mem_at_iso_acc,"{""attention_dropout"": 0.0, ""batch_size"": 256, ""d_token"": 64, ""learning_rate"": 0.0001, ""n_blocks"": 3, ""n_epochs"": 30, ""n_heads"": 4}",0.3953488372093023,407824.0,0.42203222230697673,35.74160469132801,3
FT-Transformer,Glass,best_acc_per_log_mem,"{""attention_dropout"": 0.0, ""batch_size"": 256, ""d_token"": 32, ""learning_rate"": 0.0001, ""n_blocks"": 2, ""n_epochs"": 30, ""n_heads"": 4}",0.3488372093023256,71224.0,0.20441649997762093,18.21866666883692,3
FT-Transformer,Glass,best_acc_at_medium_budget,"{""attention_dropout"": 0.0, ""batch_size"": 256, ""d_token"": 32, ""learning_rate"": 0.0001, ""n_blocks"": 2, ""n_epochs"": 30, ""n_heads"": 4}",0.3488372093023256,71224.0,0.20441649997762093,18.21866666883692,3
FT-Transformer,Haberman,best_acc,"{""attention_dropout"": 0.0, ""batch_size"": 256, ""d_token"": 64, ""learning_rate"": 0.0001, ""n_blocks"": 3, ""n_epochs"": 30, ""n_heads"": 4}",0.7473118279569894,403712.0,0.22154283329534033,14.716854459175499,3
FT-Transformer,Haberman,best_mem_at_iso_acc,"{""attention_dropout"": 0.0, ""batch_size"": 256, ""d_token"": 64, ""learning_rate"": 0.0001, ""n_blocks"": 3, ""n_epochs"": 30, ""n_heads"": 4}",0.7473118279569894,403712.0,0.22154283329534033,14.716854459175499,3
FT-Transformer,Haberman,best_acc_per_log_mem,"{""attention_dropout"": 0.0, ""batch_size"": 256, ""d_token"": 32, ""learning_rate"": 0.0001, ""n_blocks"": 2, ""n_epochs"": 10, ""n_heads"": 4}",0.7419354838709676,69160.0,0.032964055969690285,7.702499598024353,3
FT-Transformer,Haberman,best_acc_at_medium_budget,"{""attention_dropout"": 0.0, ""batch_size"": 256, ""d_token"": 32, ""learning_rate"": 0.0001, ""n_blocks"": 2, ""n_epochs"": 10, ""n_heads"": 4}",0.7419354838709676,69160.0,0.032964055969690285,7.702499598024353,3
FT-Transformer,Ionosphere,best_acc,"{""attention_dropout"": 0.0, ""batch_size"": 256, ""d_token"": 64, ""learning_rate"": 0.0001, ""n_blocks"": 3, ""n_epochs"": 30, ""n_heads"": 4}",0.7887323943661971,419584.0,1.536786235946541,66.715962157318,3
FT-Transformer,Ionosphere,best_mem_at_iso_acc,"{""attention_dropout"": 0.0, ""batch_size"": 256, ""d_token"": 64, ""learning_rate"": 0.0001, ""n_blocks"": 3, ""n_epochs"": 30, ""n_heads"": 4}",0.7887323943661971,419584.0,1.536786235946541,66.715962157318,3
FT-Transformer,Ionosphere,best_acc_per_log_mem,"{""attention_dropout"": 0.0, ""batch_size"": 256, ""d_token"": 64, ""learning_rate"": 0.0001, ""n_blocks"": 3, ""n_epochs"": 30, ""n_heads"": 4}",0.7887323943661971,419584.0,1.536786235946541,66.715962157318,3
FT-Transformer,Ionosphere,best_acc_at_medium_budget,"{""attention_dropout"": 0.0, ""batch_size"": 256, ""d_token"": 32, ""learning_rate"": 0.0001, ""n_blocks"": 2, ""n_epochs"": 10, ""n_heads"": 4}",0.647887323943662,77096.0,0.2186536246833081,33.2323899886138,3
FT-Transformer,Iris,best_acc,"{""attention_dropout"": 0.0, ""batch_size"": 256, ""d_token"": 64, ""learning_rate"": 0.0001, ""n_blocks"": 2, ""n_epochs"": 30, ""n_heads"": 4}",0.9,270684.0,0.16642297233920544,22.498145699501038,3
FT-Transformer,Iris,best_mem_at_iso_acc,"{""attention_dropout"": 0.0, ""batch_size"": 256, ""d_token"": 64, ""learning_rate"": 0.0001, ""n_blocks"": 2, ""n_epochs"": 30, ""n_heads"": 4}",0.9,270684.0,0.16642297233920544,22.498145699501038,3
FT-Transformer,Iris,best_acc_per_log_mem,"{""attention_dropout"": 0.0, ""batch_size"": 256, ""d_token"": 64, ""learning_rate"": 0.0001, ""n_blocks"": 2, ""n_epochs"": 30, ""n_heads"": 4}",0.9,270684.0,0.16642297233920544,22.498145699501038,3
FT-Transformer,Iris,best_acc_at_medium_budget,"{""attention_dropout"": 0.0, ""batch_size"": 256, ""d_token"": 32, ""learning_rate"": 0.0001, ""n_blocks"": 2, ""n_epochs"": 30, ""n_heads"": 4}",0.7888888888888889,69548.0,0.08586559696899106,13.998144357982609,3
FT-Transformer,Letter Recognition,best_acc,"{""attention_dropout"": 0.0, ""batch_size"": 256, ""d_token"": 64, ""learning_rate"": 0.0001, ""n_blocks"": 3, ""n_epochs"": 30, ""n_heads"": 4}",0.8930833333333332,416608.0,49.72415018066143,32.07487158942968,3
FT-Transformer,Letter Recognition,best_mem_at_iso_acc,"{""attention_dropout"": 0.0, ""batch_size"": 256, ""d_token"": 64, ""learning_rate"": 0.0001, ""n_blocks"": 3, ""n_epochs"": 30, ""n_heads"": 4}",0.8930833333333332,416608.0,49.72415018066143,32.07487158942968,3
FT-Transformer,Letter Recognition,best_acc_per_log_mem,"{""attention_dropout"": 0.0, ""batch_size"": 256, ""d_token"": 64, ""learning_rate"": 0.0001, ""n_blocks"": 3, ""n_epochs"": 30, ""n_heads"": 4}",0.8930833333333332,416608.0,49.72415018066143,32.07487158942968,3
FT-Transformer,Letter Recognition,best_acc_at_medium_budget,"{""attention_dropout"": 0.0, ""batch_size"": 256, ""d_token"": 32, ""learning_rate"": 0.0001, ""n_blocks"": 2, ""n_epochs"": 30, ""n_heads"": 4}",0.7179166666666666,75656.0,18.775546194636263,11.19632984045893,3
FT-Transformer,Magic Gamma,best_acc,"{""attention_dropout"": 0.0, ""batch_size"": 256, ""d_token"": 64, ""learning_rate"": 0.0001, ""n_blocks"": 2, ""n_epochs"": 30, ""n_heads"": 4}",0.8643533123028391,273496.0,20.717032152654912,12.68050806137253,3
FT-Transformer,Magic Gamma,best_mem_at_iso_acc,"{""attention_dropout"": 0.0, ""batch_size"": 256, ""d_token"": 64, ""learning_rate"": 0.0001, ""n_blocks"": 2, ""n_epochs"": 30, ""n_heads"": 4}",0.8643533123028391,273496.0,20.717032152654912,12.68050806137253,3
FT-Transformer,Magic Gamma,best_acc_per_log_mem,"{""attention_dropout"": 0.0, ""batch_size"": 256, ""d_token"": 32, ""learning_rate"": 0.0001, ""n_blocks"": 2, ""n_epochs"": 30, ""n_heads"": 4}",0.853925692253768,70952.0,15.668176569355031,8.965861991594966,3
FT-Transformer,Magic Gamma,best_acc_at_medium_budget,"{""attention_dropout"": 0.0, ""batch_size"": 256, ""d_token"": 32, ""learning_rate"": 0.0001, ""n_blocks"": 2, ""n_epochs"": 30, ""n_heads"": 4}",0.853925692253768,70952.0,15.668176569355031,8.965861991594966,3
FT-Transformer,Pendigits,best_acc,"{""attention_dropout"": 0.0, ""batch_size"": 256, ""d_token"": 64, ""learning_rate"": 0.0001, ""n_blocks"": 3, ""n_epochs"": 30, ""n_heads"": 4}",0.9869637714112476,412448.0,30.167833527666517,34.33333334596443,3
FT-Transformer,Pendigits,best_mem_at_iso_acc,"{""attention_dropout"": 0.0, ""batch_size"": 256, ""d_token"": 64, ""learning_rate"": 0.0001, ""n_blocks"": 2, ""n_epochs"": 30, ""n_heads"": 4}",0.9845384265575262,278648.0,17.35391272266861,20.871608307291762,3
FT-Transformer,Pendigits,best_acc_per_log_mem,"{""attention_dropout"": 0.0, ""batch_size"": 256, ""d_token"": 32, ""learning_rate"": 0.0001, ""n_blocks"": 2, ""n_epochs"": 30, ""n_heads"": 4}",0.9410338032438986,73544.0,11.49735869463378,11.463379717508337,3
FT-Transformer,Pendigits,best_acc_at_medium_budget,"{""attention_dropout"": 0.0, ""batch_size"": 256, ""d_token"": 32, ""learning_rate"": 0.0001, ""n_blocks"": 2, ""n_epochs"": 30, ""n_heads"": 4}",0.9410338032438986,73544.0,11.49735869463378,11.463379717508337,3
FT-Transformer,Pima Diabetes,best_acc,"{""attention_dropout"": 0.0, ""batch_size"": 256, ""d_token"": 64, ""learning_rate"": 0.0001, ""n_blocks"": 3, ""n_epochs"": 30, ""n_heads"": 4}",0.7575757575757577,406272.0,1.3360514579884086,24.700398230320445,3
FT-Transformer,Pima Diabetes,best_mem_at_iso_acc,"{""attention_dropout"": 0.0, ""batch_size"": 256, ""d_token"": 64, ""learning_rate"": 0.0001, ""n_blocks"": 3, ""n_epochs"": 30, ""n_heads"": 4}",0.7575757575757577,406272.0,1.3360514579884086,24.700398230320445,3
FT-Transformer,Pima Diabetes,best_acc_per_log_mem,"{""attention_dropout"": 0.0, ""batch_size"": 256, ""d_token"": 64, ""learning_rate"": 0.0001, ""n_blocks"": 2, ""n_epochs"": 30, ""n_heads"": 4}",0.7489177489177489,272472.0,0.826634236300985,14.195075556958393,3
FT-Transformer,Pima Diabetes,best_acc_at_medium_budget,"{""attention_dropout"": 0.0, ""batch_size"": 256, ""d_token"": 32, ""learning_rate"": 0.0001, ""n_blocks"": 2, ""n_epochs"": 30, ""n_heads"": 4}",0.6666666666666666,70440.0,0.6459318196866661,12.261543555983474,3
FT-Transformer,SatImage,best_acc,"{""attention_dropout"": 0.0, ""batch_size"": 256, ""d_token"": 64, ""learning_rate"": 0.0001, ""n_blocks"": 2, ""n_epochs"": 30, ""n_heads"": 4}",0.8709175738724729,287848.0,16.769490889351193,44.18912004392658,3
FT-Transformer,SatImage,best_mem_at_iso_acc,"{""attention_dropout"": 0.0, ""batch_size"": 256, ""d_token"": 64, ""learning_rate"": 0.0001, ""n_blocks"": 2, ""n_epochs"": 30, ""n_heads"": 4}",0.8709175738724729,287848.0,16.769490889351193,44.18912004392658,3
FT-Transformer,SatImage,best_acc_per_log_mem,"{""attention_dropout"": 0.0, ""batch_size"": 256, ""d_token"": 32, ""learning_rate"": 0.0001, ""n_blocks"": 2, ""n_epochs"": 30, ""n_heads"": 4}",0.8499222395023328,78136.0,11.493682666992148,24.643111951067898,3
FT-Transformer,SatImage,best_acc_at_medium_budget,"{""attention_dropout"": 0.0, ""batch_size"": 256, ""d_token"": 32, ""learning_rate"": 0.0001, ""n_blocks"": 2, ""n_epochs"": 30, ""n_heads"": 4}",0.8499222395023328,78136.0,11.493682666992148,24.643111951067898,3
FT-Transformer,Seeds,best_acc,"{""attention_dropout"": 0.0, ""batch_size"": 256, ""d_token"": 64, ""learning_rate"": 0.0001, ""n_blocks"": 2, ""n_epochs"": 30, ""n_heads"": 4}",0.9047619047619048,272220.0,0.2172613056609407,19.18154838864529,3
FT-Transformer,Seeds,best_mem_at_iso_acc,"{""attention_dropout"": 0.0, ""batch_size"": 256, ""d_token"": 64, ""learning_rate"": 0.0001, ""n_blocks"": 2, ""n_epochs"": 30, ""n_heads"": 4}",0.9047619047619048,272220.0,0.2172613056609407,19.18154838864529,3
FT-Transformer,Seeds,best_acc_per_log_mem,"{""attention_dropout"": 0.0, ""batch_size"": 256, ""d_token"": 64, ""learning_rate"": 0.0001, ""n_blocks"": 2, ""n_epochs"": 30, ""n_heads"": 4}",0.9047619047619048,272220.0,0.2172613056609407,19.18154838864529,3
FT-Transformer,Seeds,best_acc_at_medium_budget,"{""attention_dropout"": 0.0, ""batch_size"": 256, ""d_token"": 32, ""learning_rate"": 0.0001, ""n_blocks"": 2, ""n_epochs"": 30, ""n_heads"": 4}",0.6587301587301587,70316.0,0.1878118470000724,16.190143974704874,3
FT-Transformer,Segment,best_acc,"{""attention_dropout"": 0.0, ""batch_size"": 256, ""d_token"": 64, ""learning_rate"": 0.0001, ""n_blocks"": 3, ""n_epochs"": 30, ""n_heads"": 4}",0.9235209235209235,413204.0,6.366689027675117,34.42604541254443,3
FT-Transformer,Segment,best_mem_at_iso_acc,"{""attention_dropout"": 0.0, ""batch_size"": 256, ""d_token"": 64, ""learning_rate"": 0.0001, ""n_blocks"": 3, ""n_epochs"": 30, ""n_heads"": 4}",0.9235209235209235,413204.0,6.366689027675117,34.42604541254443,3
FT-Transformer,Segment,best_acc_per_log_mem,"{""attention_dropout"": 0.0, ""batch_size"": 256, ""d_token"": 32, ""learning_rate"": 0.0001, ""n_blocks"": 2, ""n_epochs"": 30, ""n_heads"": 4}",0.8225108225108224,73916.0,2.714611722001185,13.798761180189437,3
FT-Transformer,Segment,best_acc_at_medium_budget,"{""attention_dropout"": 0.0, ""batch_size"": 256, ""d_token"": 32, ""learning_rate"": 0.0001, ""n_blocks"": 2, ""n_epochs"": 30, ""n_heads"": 4}",0.8225108225108224,73916.0,2.714611722001185,13.798761180189437,3
FT-Transformer,Steel Plates,best_acc,"{""attention_dropout"": 0.0, ""batch_size"": 256, ""d_token"": 64, ""learning_rate"": 0.0001, ""n_blocks"": 2, ""n_epochs"": 30, ""n_heads"": 4}",1.0,285272.0,4.880660791997798,34.68716116470461,3
FT-Transformer,Steel Plates,best_mem_at_iso_acc,"{""attention_dropout"": 0.0, ""batch_size"": 256, ""d_token"": 64, ""learning_rate"": 0.0001, ""n_blocks"": 2, ""n_epochs"": 30, ""n_heads"": 4}",1.0,285272.0,4.880660791997798,34.68716116470461,3
FT-Transformer,Steel Plates,best_acc_per_log_mem,"{""attention_dropout"": 0.0, ""batch_size"": 256, ""d_token"": 64, ""learning_rate"": 0.0001, ""n_blocks"": 2, ""n_epochs"": 30, ""n_heads"": 4}",1.0,285272.0,4.880660791997798,34.68716116470461,3
FT-Transformer,Steel Plates,best_acc_at_medium_budget,"{""attention_dropout"": 0.0, ""batch_size"": 256, ""d_token"": 32, ""learning_rate"": 0.0001, ""n_blocks"": 2, ""n_epochs"": 30, ""n_heads"": 4}",0.8414738646101113,76840.0,3.282871277653612,24.8376178118658,3
FT-Transformer,Vehicle,best_acc,"{""attention_dropout"": 0.0, ""batch_size"": 256, ""d_token"": 64, ""learning_rate"": 0.0001, ""n_blocks"": 3, ""n_epochs"": 30, ""n_heads"": 4}",0.596078431372549,411912.0,2.386696069384925,39.10432752294867,3
FT-Transformer,Vehicle,best_mem_at_iso_acc,"{""attention_dropout"": 0.0, ""batch_size"": 256, ""d_token"": 64, ""learning_rate"": 0.0001, ""n_blocks"": 3, ""n_epochs"": 30, ""n_heads"": 4}",0.596078431372549,411912.0,2.386696069384925,39.10432752294867,3
FT-Transformer,Vehicle,best_acc_per_log_mem,"{""attention_dropout"": 0.0, ""batch_size"": 256, ""d_token"": 64, ""learning_rate"": 0.0001, ""n_blocks"": 3, ""n_epochs"": 30, ""n_heads"": 4}",0.596078431372549,411912.0,2.386696069384925,39.10432752294867,3
FT-Transformer,Vehicle,best_acc_at_medium_budget,"{""attention_dropout"": 0.0, ""batch_size"": 256, ""d_token"": 32, ""learning_rate"": 0.0001, ""n_blocks"": 2, ""n_epochs"": 30, ""n_heads"": 4}",0.38823529411764707,73264.0,1.0107159859811266,17.50229036106783,3
FT-Transformer,Waveform,best_acc,"{""attention_dropout"": 0.0, ""batch_size"": 256, ""d_token"": 64, ""learning_rate"": 0.0001, ""n_blocks"": 3, ""n_epochs"": 30, ""n_heads"": 4}",0.8673333333333333,422916.0,21.95235513864706,64.93727765822162,3
FT-Transformer,Waveform,best_mem_at_iso_acc,"{""attention_dropout"": 0.0, ""batch_size"": 256, ""d_token"": 64, ""learning_rate"": 0.0001, ""n_blocks"": 3, ""n_epochs"": 30, ""n_heads"": 4}",0.8673333333333333,422916.0,21.95235513864706,64.93727765822162,3
FT-Transformer,Waveform,best_acc_per_log_mem,"{""attention_dropout"": 0.0, ""batch_size"": 256, ""d_token"": 32, ""learning_rate"": 0.0001, ""n_blocks"": 2, ""n_epochs"": 30, ""n_heads"": 4}",0.8413333333333334,78764.0,9.82442693063058,28.426972023832302,3
FT-Transformer,Waveform,best_acc_at_medium_budget,"{""attention_dropout"": 0.0, ""batch_size"": 256, ""d_token"": 32, ""learning_rate"": 0.0001, ""n_blocks"": 2, ""n_epochs"": 30, ""n_heads"": 4}",0.8413333333333334,78764.0,9.82442693063058,28.426972023832302,3
FT-Transformer,Wine,best_acc,"{""attention_dropout"": 0.0, ""batch_size"": 256, ""d_token"": 64, ""learning_rate"": 0.0001, ""n_blocks"": 3, ""n_epochs"": 30, ""n_heads"": 4}",0.9074074074074074,409092.0,0.4460435836808756,45.48535259716488,3
FT-Transformer,Wine,best_mem_at_iso_acc,"{""attention_dropout"": 0.0, ""batch_size"": 256, ""d_token"": 64, ""learning_rate"": 0.0001, ""n_blocks"": 3, ""n_epochs"": 30, ""n_heads"": 4}",0.9074074074074074,409092.0,0.4460435836808756,45.48535259716488,3
FT-Transformer,Wine,best_acc_per_log_mem,"{""attention_dropout"": 0.0, ""batch_size"": 256, ""d_token"": 64, ""learning_rate"": 0.0001, ""n_blocks"": 3, ""n_epochs"": 30, ""n_heads"": 4}",0.9074074074074074,409092.0,0.4460435836808756,45.48535259716488,3
FT-Transformer,Wine,best_acc_at_medium_budget,"{""attention_dropout"": 0.0, ""batch_size"": 256, ""d_token"": 32, ""learning_rate"": 0.0001, ""n_blocks"": 2, ""n_epochs"": 30, ""n_heads"": 4}",0.4259259259259259,71852.0,0.2092644029374545,22.470305406453985,3
FT-Transformer,Yeast,best_acc,"{""attention_dropout"": 0.0, ""batch_size"": 256, ""d_token"": 64, ""learning_rate"": 0.0001, ""n_blocks"": 2, ""n_epochs"": 30, ""n_heads"": 4}",0.4927048260381594,274552.0,1.5317553473093237,11.91685415750033,3
FT-Transformer,Yeast,best_mem_at_iso_acc,"{""attention_dropout"": 0.0, ""batch_size"": 256, ""d_token"": 64, ""learning_rate"": 0.0001, ""n_blocks"": 2, ""n_epochs"": 30, ""n_heads"": 4}",0.4927048260381594,274552.0,1.5317553473093237,11.91685415750033,3
FT-Transformer,Yeast,best_acc_per_log_mem,"{""attention_dropout"": 0.0, ""batch_size"": 256, ""d_token"": 64, ""learning_rate"": 0.0001, ""n_blocks"": 2, ""n_epochs"": 30, ""n_heads"": 4}",0.4927048260381594,274552.0,1.5317553473093237,11.91685415750033,3
FT-Transformer,Yeast,best_acc_at_medium_budget,"{""attention_dropout"": 0.0, ""batch_size"": 256, ""d_token"": 32, ""learning_rate"": 0.0001, ""n_blocks"": 2, ""n_epochs"": 30, ""n_heads"": 4}",0.3041526374859708,71496.0,1.2345047920243815,9.892209967144678,3
LightGBM,Balance Scale,best_acc,"{""learning_rate"": 0.1, ""n_estimators"": 100, ""num_leaves"": 127, ""reg_lambda"": 10.0}",0.9040000000000001,306373.2,0.010088466806337237,6.935799866914749,5
LightGBM,Balance Scale,best_mem_at_iso_acc,"{""learning_rate"": 0.3, ""n_estimators"": 100, ""num_leaves"": 15, ""reg_lambda"": 10.0}",0.9008,304656.2,0.008789333212189377,7.0809341967105865,5
LightGBM,Balance Scale,best_acc_per_log_mem,"{""learning_rate"": 0.1, ""n_estimators"": 100, ""num_leaves"": 15, ""reg_lambda"": 10.0}",0.9040000000000001,306372.2,0.0093998582335189,7.2648657485842705,5
LightGBM,Banknote,best_acc,"{""learning_rate"": 0.3, ""n_estimators"": 100, ""num_leaves"": 127, ""reg_lambda"": 1.0}",0.9978181818181818,131712.8,0.007334025017917157,2.4210909720171583,5
LightGBM,Banknote,best_mem_at_iso_acc,"{""learning_rate"": 0.1, ""n_estimators"": 100, ""num_leaves"": 15, ""reg_lambda"": 10.0}",0.9941818181818182,122422.6,0.007072225026786327,2.5397274135188623,5
LightGBM,Banknote,best_acc_per_log_mem,"{""learning_rate"": 0.3, ""n_estimators"": 100, ""num_leaves"": 15, ""reg_lambda"": 10.0}",0.997090909090909,123605.0,0.006490291841328144,2.3566059429537165,5
LightGBM,Breast Cancer,best_acc,"{""learning_rate"": 0.3, ""n_estimators"": 1000, ""num_leaves"": 127, ""reg_lambda"": 1.0}",0.9719298245614034,1124972.6,0.10231706639751792,24.74327706486771,5
LightGBM,Breast Cancer,best_mem_at_iso_acc,"{""learning_rate"": 0.3, ""n_estimators"": 500, ""num_leaves"": 15, ""reg_lambda"": 0.1}",0.9701754385964912,490326.6,0.04648889980744571,11.360161660010354,5
LightGBM,Breast Cancer,best_acc_per_log_mem,"{""learning_rate"": 0.03, ""n_estimators"": 100, ""num_leaves"": 15, ""reg_lambda"": 10.0}",0.9578947368421054,75446.6,0.0077659663744270805,3.0644754715786693,5
LightGBM,Breast Cancer,best_acc_at_medium_budget,"{""learning_rate"": 0.1, ""n_estimators"": 100, ""num_leaves"": 127, ""reg_lambda"": 10.0}",0.9614035087719298,91648.6,0.009966308390721679,3.5027033861791876,5
LightGBM,EEG Eye State,best_acc,"{""learning_rate"": 0.1, ""n_estimators"": 1000, ""num_leaves"": 127, ""reg_lambda"": 0.1}",0.9601691143747219,14623904.666666666,1.6567696111742407,116.7496059108136,3
LightGBM,EEG Eye State,best_mem_at_iso_acc,"{""learning_rate"": 0.1, ""n_estimators"": 1000, ""num_leaves"": 31, ""reg_lambda"": 0.1}",0.9563862928348911,3502872.0,0.6572674026247114,45.306130394656215,3
LightGBM,EEG Eye State,best_acc_per_log_mem,"{""learning_rate"": 0.1, ""n_estimators"": 100, ""num_leaves"": 15, ""reg_lambda"": 0.1}",0.8681575433911882,178689.66666666666,0.05739645838427047,2.740584693112981,3
LightGBM,Ecoli,best_acc,"{""learning_rate"": 0.03, ""n_estimators"": 500, ""num_leaves"": 127, ""reg_lambda"": 1.0}",0.8529411764705882,3109754.2,0.11486241617240012,76.44007290603922,5
LightGBM,Ecoli,best_mem_at_iso_acc,"{""learning_rate"": 0.03, ""n_estimators"": 100, ""num_leaves"": 15, ""reg_lambda"": 0.1}",0.85,559596.2,0.015530141559429467,15.163232627160408,5
LightGBM,Ecoli,best_acc_per_log_mem,"{""learning_rate"": 0.1, ""n_estimators"": 100, ""num_leaves"": 15, ""reg_lambda"": 10.0}",0.8470588235294118,505747.4,0.013842858211137354,13.880885329426212,5
LightGBM,Glass,best_acc,"{""learning_rate"": 0.3, ""n_estimators"": 500, ""num_leaves"": 127, ""reg_lambda"": 0.1}",0.7767441860465116,2111416.8,0.07845162460580468,57.96492088932631,5
LightGBM,Glass,best_mem_at_iso_acc,"{""learning_rate"": 0.3, ""n_estimators"": 100, ""num_leaves"": 15, ""reg_lambda"": 0.1}",0.7720930232558139,437863.6,0.013173991977237166,17.669577108219613,5
LightGBM,Glass,best_acc_per_log_mem,"{""learning_rate"": 0.3, ""n_estimators"": 100, ""num_leaves"": 15, ""reg_lambda"": 0.1}",0.7720930232558139,437863.6,0.013173991977237166,17.669577108219613,5
LightGBM,Haberman,best_acc,"{""learning_rate"": 0.03, ""n_estimators"": 100, ""num_leaves"": 127, ""reg_lambda"": 10.0}",0.7387096774193548,90324.8,0.0027605579700320957,4.531586948301523,5
LightGBM,Haberman,best_mem_at_iso_acc,"{""learning_rate"": 0.03, ""n_estimators"": 100, ""num_leaves"": 15, ""reg_lambda"": 10.0}",0.7387096774193548,90323.8,0.0024865581654012203,4.522173830698575,5
LightGBM,Haberman,best_acc_per_log_mem,"{""learning_rate"": 0.03, ""n_estimators"": 100, ""num_leaves"": 15, ""reg_lambda"": 10.0}",0.7387096774193548,90323.8,0.0024865581654012203,4.522173830698575,5
LightGBM,Haberman,best_acc_at_medium_budget,"{""learning_rate"": 0.03, ""n_estimators"": 100, ""num_leaves"": 127, ""reg_lambda"": 10.0}",0.7387096774193548,90324.8,0.0027605579700320957,4.531586948301523,5
LightGBM,Ionosphere,best_acc,"{""learning_rate"": 0.1, ""n_estimators"": 100, ""num_leaves"": 127, ""reg_lambda"": 0.1}",0.9492957746478872,113757.0,0.010887316986918449,6.511151908673871,5
LightGBM,Ionosphere,best_mem_at_iso_acc,"{""learning_rate"": 0.03, ""n_estimators"": 100, ""num_leaves"": 15, ""reg_lambda"": 0.1}",0.9464788732394366,106504.8,0.009710425045341253,6.146126584163015,5
LightGBM,Ionosphere,best_acc_per_log_mem,"{""learning_rate"": 0.03, ""n_estimators"": 100, ""num_leaves"": 15, ""reg_lambda"": 10.0}",0.9295774647887324,79871.0,0.006099774595350027,4.880515281373347,5
LightGBM,Ionosphere,best_acc_at_medium_budget,"{""learning_rate"": 0.3, ""n_estimators"": 100, ""num_leaves"": 127, ""reg_lambda"": 10.0}",0.932394366197183,101307.4,0.008334583207033574,5.734625639734974,5
LightGBM,Iris,best_acc,"{""learning_rate"": 0.03, ""n_estimators"": 100, ""num_leaves"": 127, ""reg_lambda"": 0.1}",0.9533333333333334,151374.8,0.004290549643337726,9.759160069127878,5
LightGBM,Iris,best_mem_at_iso_acc,"{""learning_rate"": 0.03, ""n_estimators"": 100, ""num_leaves"": 15, ""reg_lambda"": 10.0}",0.9533333333333334,128407.6,0.003470208588987589,9.174721005062263,5
LightGBM,Iris,best_acc_per_log_mem,"{""learning_rate"": 0.03, ""n_estimators"": 100, ""num_leaves"": 15, ""reg_lambda"": 10.0}",0.9533333333333334,128407.6,0.003470208588987589,9.174721005062263,5
LightGBM,Letter Recognition,best_acc,"{""learning_rate"": 0.1, ""n_estimators"": 1000, ""num_leaves"": 15, ""reg_lambda"": 0.1}",0.9703333333333334,48265498.0,12.56564280577004,847.7935694778959,3
LightGBM,Letter Recognition,best_mem_at_iso_acc,"{""learning_rate"": 0.1, ""n_estimators"": 100, ""num_leaves"": 31, ""reg_lambda"": 0.1}",0.9655833333333333,9108696.666666666,1.558752999951442,115.35675001020233,3
LightGBM,Letter Recognition,best_acc_per_log_mem,"{""learning_rate"": 0.1, ""n_estimators"": 100, ""num_leaves"": 15, ""reg_lambda"": 0.1}",0.9582499999999999,4563372.333333333,1.239984166265155,80.6463369129536,3
LightGBM,Magic Gamma,best_acc,"{""learning_rate"": 0.1, ""n_estimators"": 1000, ""num_leaves"": 31, ""reg_lambda"": 10.0}",0.8845075359270943,3462928.3333333335,0.6164254859710733,43.68241764722563,3
LightGBM,Magic Gamma,best_mem_at_iso_acc,"{""learning_rate"": 0.1, ""n_estimators"": 100, ""num_leaves"": 31, ""reg_lambda"": 0.1}",0.880651945320715,344703.0,0.07713569436843197,3.500985781588065,3
LightGBM,Magic Gamma,best_acc_per_log_mem,"{""learning_rate"": 0.1, ""n_estimators"": 100, ""num_leaves"": 15, ""reg_lambda"": 0.1}",0.8760953382404487,176887.66666666666,0.05858388861330847,2.341957408164442,3
LightGBM,Pendigits,best_acc,"{""learning_rate"": 0.1, ""n_estimators"": 1000, ""num_leaves"": 15, ""reg_lambda"": 0.1}",0.9915112930119752,14978396.0,3.033400028012693,219.58791254698437,3
LightGBM,Pendigits,best_mem_at_iso_acc,"{""learning_rate"": 0.1, ""n_estimators"": 100, ""num_leaves"": 15, ""reg_lambda"": 10.0}",0.9889343641048961,1720381.0,0.31614016702709097,23.134076082394287,3
LightGBM,Pendigits,best_acc_per_log_mem,"{""learning_rate"": 0.1, ""n_estimators"": 100, ""num_leaves"": 15, ""reg_lambda"": 10.0}",0.9889343641048961,1720381.0,0.31614016702709097,23.134076082394287,3
LightGBM,Pima Diabetes,best_acc,"{""learning_rate"": 0.03, ""n_estimators"": 100, ""num_leaves"": 127, ""reg_lambda"": 10.0}",0.7883116883116883,162132.6,0.007468016794882714,4.029492303342014,5
LightGBM,Pima Diabetes,best_mem_at_iso_acc,"{""learning_rate"": 0.03, ""n_estimators"": 100, ""num_leaves"": 15, ""reg_lambda"": 10.0}",0.7844155844155845,158042.0,0.006584849790669978,3.687337694036496,5
LightGBM,Pima Diabetes,best_acc_per_log_mem,"{""learning_rate"": 0.03, ""n_estimators"": 100, ""num_leaves"": 31, ""reg_lambda"": 10.0}",0.7883116883116883,162131.6,0.006749591580592096,3.7192636133207904,5
LightGBM,SatImage,best_acc,"{""learning_rate"": 0.1, ""n_estimators"": 1000, ""num_leaves"": 15, ""reg_lambda"": 0.1}",0.9297563504406429,10667336.333333334,2.114807236396397,179.19638853166745,3
LightGBM,SatImage,best_mem_at_iso_acc,"{""learning_rate"": 0.1, ""n_estimators"": 100, ""num_leaves"": 31, ""reg_lambda"": 0.1}",0.9248315189217212,1968368.0,0.32279411105749506,26.578635354890853,3
LightGBM,SatImage,best_acc_per_log_mem,"{""learning_rate"": 0.1, ""n_estimators"": 100, ""num_leaves"": 15, ""reg_lambda"": 10.0}",0.920943494038362,1039543.3333333334,0.22150813865785798,15.847869842622705,3
LightGBM,Seeds,best_acc,"{""learning_rate"": 0.3, ""n_estimators"": 100, ""num_leaves"": 127, ""reg_lambda"": 0.1}",0.9476190476190476,216322.6,0.007017775229178369,9.43829460690419,5
LightGBM,Seeds,best_mem_at_iso_acc,"{""learning_rate"": 0.1, ""n_estimators"": 100, ""num_leaves"": 15, ""reg_lambda"": 1.0}",0.9428571428571428,201694.8,0.006255399994552135,9.439281365346341,5
LightGBM,Seeds,best_acc_per_log_mem,"{""learning_rate"": 0.03, ""n_estimators"": 100, ""num_leaves"": 15, ""reg_lambda"": 10.0}",0.9285714285714285,157467.2,0.004814941785298288,7.757342176600581,5
LightGBM,Segment,best_acc,"{""learning_rate"": 0.1, ""n_estimators"": 1000, ""num_leaves"": 15, ""reg_lambda"": 0.1}",0.987012987012987,6802166.333333333,0.789015180664137,108.15337952092011,3
LightGBM,Segment,best_mem_at_iso_acc,"{""learning_rate"": 0.1, ""n_estimators"": 100, ""num_leaves"": 15, ""reg_lambda"": 0.1}",0.9826839826839827,803402.0,0.09946111061920722,12.22438674183592,3
LightGBM,Segment,best_acc_per_log_mem,"{""learning_rate"": 0.1, ""n_estimators"": 100, ""num_leaves"": 15, ""reg_lambda"": 10.0}",0.9805194805194805,745796.3333333334,0.08343448598558705,11.391143487903463,3
LightGBM,Steel Plates,best_acc,"{""learning_rate"": 0.03, ""n_estimators"": 100, ""num_leaves"": 15, ""reg_lambda"": 0.1}",1.0,94436.0,0.019205516600050033,1.913646731650155,5
LightGBM,Steel Plates,best_mem_at_iso_acc,"{""learning_rate"": 0.03, ""n_estimators"": 100, ""num_leaves"": 15, ""reg_lambda"": 1.0}",1.0,94387.2,0.017935350188054144,1.7878535421502928,5
LightGBM,Steel Plates,best_acc_per_log_mem,"{""learning_rate"": 0.03, ""n_estimators"": 100, ""num_leaves"": 15, ""reg_lambda"": 1.0}",1.0,94387.2,0.017935350188054144,1.7878535421502928,5
LightGBM,Steel Plates,best_acc_at_medium_budget,"{""learning_rate"": 0.03, ""n_estimators"": 100, ""num_leaves"": 15, ""reg_lambda"": 0.1}",1.0,94436.0,0.019205516600050033,1.913646731650155,5
LightGBM,Vehicle,best_acc,"{""learning_rate"": 0.3, ""n_estimators"": 100, ""num_leaves"": 127, ""reg_lambda"": 1.0}",0.7647058823529411,762074.8,0.0430939668091014,17.547844772172326,5
LightGBM,Vehicle,best_mem_at_iso_acc,"{""learning_rate"": 0.3, ""n_estimators"": 100, ""num_leaves"": 31, ""reg_lambda"": 1.0}",0.7647058823529411,762073.8,0.04036569136660546,17.32009736930623,5
LightGBM,Vehicle,best_acc_per_log_mem,"{""learning_rate"": 0.3, ""n_estimators"": 100, ""num_leaves"": 15, ""reg_lambda"": 10.0}",0.7541176470588236,595333.6,0.03375005000270903,13.534754021641087,5
LightGBM,Waveform,best_acc,"{""learning_rate"": 0.03, ""n_estimators"": 500, ""num_leaves"": 15, ""reg_lambda"": 0.1}",0.858,2635351.0,1.2837803468573838,47.549403039738536,3
LightGBM,Waveform,best_mem_at_iso_acc,"{""learning_rate"": 0.1, ""n_estimators"": 100, ""num_leaves"": 15, ""reg_lambda"": 10.0}",0.8543333333333333,525902.0,0.2526387916877866,9.582693999012312,3
LightGBM,Waveform,best_acc_per_log_mem,"{""learning_rate"": 0.03, ""n_estimators"": 100, ""num_leaves"": 15, ""reg_lambda"": 0.1}",0.8553333333333333,526962.0,0.29120919465397793,8.018736339484652,3
LightGBM,Wine,best_acc,"{""learning_rate"": 0.03, ""n_estimators"": 100, ""num_leaves"": 127, ""reg_lambda"": 0.1}",0.9666666666666666,170099.6,0.006454799766652286,9.481478223784103,5
LightGBM,Wine,best_mem_at_iso_acc,"{""learning_rate"": 0.1, ""n_estimators"": 100, ""num_leaves"": 15, ""reg_lambda"": 10.0}",0.9666666666666666,151505.6,0.005250716605223716,9.593978110286924,5
LightGBM,Wine,best_acc_per_log_mem,"{""learning_rate"": 0.1, ""n_estimators"": 100, ""num_leaves"": 15, ""reg_lambda"": 10.0}",0.9666666666666666,151505.6,0.005250716605223716,9.593978110286924,5
LightGBM,Yeast,best_acc,"{""learning_rate"": 0.03, ""n_estimators"": 100, ""num_leaves"": 15, ""reg_lambda"": 1.0}",0.6215488215488215,1442121.2,0.06569612459279597,27.51503898589699,5
LightGBM,Yeast,best_mem_at_iso_acc,"{""learning_rate"": 0.03, ""n_estimators"": 100, ""num_leaves"": 15, ""reg_lambda"": 10.0}",0.6215488215488215,1283755.4,0.05704365000128746,23.035605999355766,5
LightGBM,Yeast,best_acc_per_log_mem,"{""learning_rate"": 0.03, ""n_estimators"": 100, ""num_leaves"": 15, ""reg_lambda"": 10.0}",0.6215488215488215,1283755.4,0.05704365000128746,23.035605999355766,5
MLP,Balance Scale,best_acc,"{""alpha"": 0.0001, ""hidden_layer_sizes"": [512, 256, 128, 64], ""learning_rate_init"": 0.001, ""max_iter"": 200}",0.9103999999999999,700940.0,0.08893844161648304,2.5162000209093094,5
MLP,Balance Scale,best_mem_at_iso_acc,"{""alpha"": 0.0001, ""hidden_layer_sizes"": [512, 256, 128, 64], ""learning_rate_init"": 0.001, ""max_iter"": 200}",0.9103999999999999,700940.0,0.08893844161648304,2.5162000209093094,5
MLP,Balance Scale,best_acc_per_log_mem,"{""alpha"": 0.0001, ""hidden_layer_sizes"": [32], ""learning_rate_init"": 0.001, ""max_iter"": 200}",0.7712,1036.0,0.016823133197613062,0.5724640563130379,5
MLP,Balance Scale,best_acc_at_small_budget,"{""alpha"": 0.0001, ""hidden_layer_sizes"": [64, 32], ""learning_rate_init"": 0.001, ""max_iter"": 200}",0.8672000000000001,9996.0,0.01889580839779228,0.6747331470251083,5
MLP,Balance Scale,best_acc_at_medium_budget,"{""alpha"": 0.0001, ""hidden_layer_sizes"": [128, 64], ""learning_rate_init"": 0.001, ""max_iter"": 200}",0.8736,36364.0,0.021535433223471047,0.8697358891367912,5
MLP,Banknote,best_acc,"{""alpha"": 0.0001, ""hidden_layer_sizes"": [256, 128, 64], ""learning_rate_init"": 0.001, ""max_iter"": 200}",0.9905454545454546,169988.0,0.08899299162440003,0.7420008663426746,5
MLP,Banknote,best_mem_at_iso_acc,"{""alpha"": 0.0001, ""hidden_layer_sizes"": [256, 128, 64], ""learning_rate_init"": 0.001, ""max_iter"": 200}",0.9905454545454546,169988.0,0.08899299162440003,0.7420008663426746,5
MLP,Banknote,best_acc_per_log_mem,"{""alpha"": 0.01, ""hidden_layer_sizes"": [64], ""learning_rate_init"": 0.001, ""max_iter"": 200}",0.9199999999999999,1540.0,0.05478692501783371,0.2484530718489127,5
MLP,Banknote,best_acc_at_small_budget,"{""alpha"": 0.0001, ""hidden_layer_sizes"": [128], ""learning_rate_init"": 0.001, ""max_iter"": 200}",0.9396363636363636,3076.0,0.06610588361509144,0.3386960280212489,5
MLP,Banknote,best_acc_at_medium_budget,"{""alpha"": 0.0001, ""hidden_layer_sizes"": [128, 64], ""learning_rate_init"": 0.001, ""max_iter"": 200}",0.984,35844.0,0.07303374139592052,0.42160718955776905,5
MLP,Breast Cancer,best_acc,"{""alpha"": 0.0001, ""hidden_layer_sizes"": [512, 256, 128, 64], ""learning_rate_init"": 0.001, ""max_iter"": 200}",0.9491228070175438,753668.0,0.08424448319710791,2.4528508156276585,5
MLP,Breast Cancer,best_mem_at_iso_acc,"{""alpha"": 0.0001, ""hidden_layer_sizes"": [512, 256, 128, 64], ""learning_rate_init"": 0.001, ""max_iter"": 200}",0.9491228070175438,753668.0,0.08424448319710791,2.4528508156276585,5
MLP,Breast Cancer,best_acc_per_log_mem,"{""alpha"": 0.01, ""hidden_layer_sizes"": [32], ""learning_rate_init"": 0.001, ""max_iter"": 200}",0.9175438596491228,4100.0,0.01164085022173822,0.4543122230914601,5
MLP,Breast Cancer,best_acc_at_small_budget,"{""alpha"": 0.01, ""hidden_layer_sizes"": [32], ""learning_rate_init"": 0.001, ""max_iter"": 200}",0.9175438596491228,4100.0,0.01164085022173822,0.4543122230914601,5
MLP,Breast Cancer,best_acc_at_medium_budget,"{""alpha"": 0.0001, ""hidden_layer_sizes"": [128, 64], ""learning_rate_init"": 0.001, ""max_iter"": 200}",0.9192982456140351,49156.0,0.01646975816693157,0.7331877816141696,5
MLP,EEG Eye State,best_acc,"{""alpha"": 0.0001, ""hidden_layer_sizes"": [64], ""learning_rate_init"": 0.001, ""max_iter"": 200}",0.5511793502447707,4100.0,0.09884663865280648,0.08227638622582568,3
MLP,EEG Eye State,best_mem_at_iso_acc,"{""alpha"": 0.0001, ""hidden_layer_sizes"": [64], ""learning_rate_init"": 0.001, ""max_iter"": 200}",0.5511793502447707,4100.0,0.09884663865280648,0.08227638622582568,3
MLP,EEG Eye State,best_acc_per_log_mem,"{""alpha"": 0.0001, ""hidden_layer_sizes"": [64], ""learning_rate_init"": 0.001, ""max_iter"": 200}",0.5511793502447707,4100.0,0.09884663865280648,0.08227638622582568,3
MLP,EEG Eye State,best_acc_at_small_budget,"{""alpha"": 0.0001, ""hidden_layer_sizes"": [64], ""learning_rate_init"": 0.001, ""max_iter"": 200}",0.5511793502447707,4100.0,0.09884663865280648,0.08227638622582568,3
MLP,EEG Eye State,best_acc_at_medium_budget,"{""alpha"": 0.0001, ""hidden_layer_sizes"": [64], ""learning_rate_init"": 0.001, ""max_iter"": 200}",0.5511793502447707,4100.0,0.09884663865280648,0.08227638622582568,3
MLP,Ecoli,best_acc,"{""alpha"": 0.0001, ""hidden_layer_sizes"": [512, 256, 128, 64], ""learning_rate_init"": 0.001, ""max_iter"": 200}",0.8029411764705883,708384.0,0.10038607518654316,3.34682032082449,5
MLP,Ecoli,best_mem_at_iso_acc,"{""alpha"": 0.0001, ""hidden_layer_sizes"": [512, 256, 128, 64], ""learning_rate_init"": 0.001, ""max_iter"": 200}",0.8029411764705883,708384.0,0.10038607518654316,3.34682032082449,5
MLP,Ecoli,best_acc_per_log_mem,"{""alpha"": 0.0001, ""hidden_layer_sizes"": [256, 128, 64], ""learning_rate_init"": 0.001, ""max_iter"": 200}",0.7705882352941176,174880.0,0.04237054982222617,1.7556324190295793,5
MLP,Ecoli,best_acc_at_small_budget,"{""alpha"": 0.0001, ""hidden_layer_sizes"": [64], ""learning_rate_init"": 0.001, ""max_iter"": 200}",0.5117647058823529,4128.0,0.007808808027766645,1.0371317758279688,5
MLP,Ecoli,best_acc_at_medium_budget,"{""alpha"": 0.0001, ""hidden_layer_sizes"": [128, 64], ""learning_rate_init"": 0.001, ""max_iter"": 200}",0.5441176470588236,39200.0,0.009910766594111919,1.3921584468334913,5
MLP,Glass,best_acc,"{""alpha"": 0.0001, ""hidden_layer_sizes"": [512, 256, 128, 64], ""learning_rate_init"": 0.001, ""max_iter"": 200}",0.46976744186046515,711960.0,0.03822100816760212,3.772093048102634,5
MLP,Glass,best_mem_at_iso_acc,"{""alpha"": 0.0001, ""hidden_layer_sizes"": [512, 256, 128, 64], ""learning_rate_init"": 0.001, ""max_iter"": 200}",0.46976744186046515,711960.0,0.03822100816760212,3.772093048102634,5
MLP,Glass,best_acc_per_log_mem,"{""alpha"": 0.0001, ""hidden_layer_sizes"": [128], ""learning_rate_init"": 0.001, ""max_iter"": 200}",0.3627906976744186,8216.0,0.005653791828081012,1.5887670045675233,5
MLP,Glass,best_acc_at_small_budget,"{""alpha"": 0.0001, ""hidden_layer_sizes"": [128], ""learning_rate_init"": 0.001, ""max_iter"": 200}",0.3627906976744186,8216.0,0.005653791828081012,1.5887670045675233,5
MLP,Glass,best_acc_at_medium_budget,"{""alpha"": 0.0001, ""hidden_layer_sizes"": [128, 64], ""learning_rate_init"": 0.001, ""max_iter"": 200}",0.3767441860465116,39704.0,0.005982266599312424,1.758915848683479,5
MLP,Haberman,best_acc,"{""alpha"": 0.0001, ""hidden_layer_sizes"": [256, 128, 64], ""learning_rate_init"": 0.001, ""max_iter"": 200}",0.7419354838709677,168964.0,0.01341379138175398,1.454164814804831,5
MLP,Haberman,best_mem_at_iso_acc,"{""alpha"": 0.0001, ""hidden_layer_sizes"": [64, 32], ""learning_rate_init"": 0.001, ""max_iter"": 200}",0.7419354838709677,9476.0,0.0060861750273033975,0.8857516091196768,5
MLP,Haberman,best_acc_per_log_mem,"{""alpha"": 0.0001, ""hidden_layer_sizes"": [64], ""learning_rate_init"": 0.001, ""max_iter"": 200}",0.7290322580645161,1284.0,0.004943516780622303,0.7987874860484754,5
MLP,Haberman,best_acc_at_small_budget,"{""alpha"": 0.0001, ""hidden_layer_sizes"": [64, 32], ""learning_rate_init"": 0.001, ""max_iter"": 200}",0.7419354838709677,9476.0,0.0060861750273033975,0.8857516091196768,5
MLP,Haberman,best_acc_at_medium_budget,"{""alpha"": 0.0001, ""hidden_layer_sizes"": [64, 32], ""learning_rate_init"": 0.001, ""max_iter"": 200}",0.7419354838709677,9476.0,0.0060861750273033975,0.8857516091196768,5
MLP,Ionosphere,best_acc,"{""alpha"": 0.01, ""hidden_layer_sizes"": [512, 256, 128, 64], ""learning_rate_init"": 0.001, ""max_iter"": 200}",0.9408450704225352,761860.0,0.06745456675998866,2.9433069383384476,5
MLP,Ionosphere,best_mem_at_iso_acc,"{""alpha"": 0.0001, ""hidden_layer_sizes"": [512, 256, 128, 64], ""learning_rate_init"": 0.001, ""max_iter"": 200}",0.9380281690140844,761860.0,0.06957557541318238,3.017836355302536,5
MLP,Ionosphere,best_acc_per_log_mem,"{""alpha"": 0.0001, ""hidden_layer_sizes"": [32], ""learning_rate_init"": 0.001, ""max_iter"": 200}",0.6676056338028169,4612.0,0.006556849996559322,0.7278174424255398,5
MLP,Ionosphere,best_acc_at_small_budget,"{""alpha"": 0.0001, ""hidden_layer_sizes"": [64], ""learning_rate_init"": 0.001, ""max_iter"": 200}",0.676056338028169,9220.0,0.006640116591006518,0.7269936810496828,5
MLP,Ionosphere,best_acc_at_medium_budget,"{""alpha"": 0.0001, ""hidden_layer_sizes"": [128, 64], ""learning_rate_init"": 0.001, ""max_iter"": 200}",0.8309859154929577,51204.0,0.01982475861441344,0.9340365273012242,5
MLP,Iris,best_acc,"{""alpha"": 0.0001, ""hidden_layer_sizes"": [512, 256, 128, 64], ""learning_rate_init"": 0.001, ""max_iter"": 200}",0.8800000000000001,700940.0,0.027785708382725715,4.772505878160397,5
MLP,Iris,best_mem_at_iso_acc,"{""alpha"": 0.0001, ""hidden_layer_sizes"": [512, 256, 128, 64], ""learning_rate_init"": 0.001, ""max_iter"": 200}",0.8800000000000001,700940.0,0.027785708382725715,4.772505878160397,5
MLP,Iris,best_acc_per_log_mem,"{""alpha"": 0.0001, ""hidden_layer_sizes"": [128], ""learning_rate_init"": 0.001, ""max_iter"": 200}",0.7333333333333334,4108.0,0.006915266811847687,2.0950008183717728,5
MLP,Iris,best_acc_at_small_budget,"{""alpha"": 0.0001, ""hidden_layer_sizes"": [128], ""learning_rate_init"": 0.001, ""max_iter"": 200}",0.7333333333333334,4108.0,0.006915266811847687,2.0950008183717728,5
MLP,Iris,best_acc_at_medium_budget,"{""alpha"": 0.0001, ""hidden_layer_sizes"": [128, 64], ""learning_rate_init"": 0.001, ""max_iter"": 200}",0.7533333333333333,36364.0,0.007129541621543467,2.313334650049607,5
MLP,Letter Recognition,best_acc,"{""alpha"": 0.0001, ""hidden_layer_sizes"": [512, 256, 128], ""learning_rate_init"": 0.001, ""max_iter"": 200}",0.9501666666666667,705128.0,11.012101097265258,1.5179445035755634,3
MLP,Letter Recognition,best_mem_at_iso_acc,"{""alpha"": 0.0001, ""hidden_layer_sizes"": [512, 256, 128], ""learning_rate_init"": 0.001, ""max_iter"": 200}",0.9501666666666667,705128.0,11.012101097265258,1.5179445035755634,3
MLP,Letter Recognition,best_acc_per_log_mem,"{""alpha"": 0.0001, ""hidden_layer_sizes"": [64], ""learning_rate_init"": 0.001, ""max_iter"": 200}",0.81,11112.0,1.9141904859958838,0.1937014361222585,3
MLP,Letter Recognition,best_acc_at_medium_budget,"{""alpha"": 0.0001, ""hidden_layer_sizes"": [128], ""learning_rate_init"": 0.001, ""max_iter"": 200}",0.8571666666666666,22120.0,3.0421492223783084,0.2582500067849954,3
MLP,Magic Gamma,best_acc,"{""alpha"": 0.01, ""hidden_layer_sizes"": [512, 256, 128], ""learning_rate_init"": 0.001, ""max_iter"": 200}",0.8740799158780231,679940.0,5.233805222281565,1.3709873779746384,3
MLP,Magic Gamma,best_mem_at_iso_acc,"{""alpha"": 0.0001, ""hidden_layer_sizes"": [256, 128], ""learning_rate_init"": 0.001, ""max_iter"": 200}",0.8696109358569926,143364.0,1.7161853613797575,0.49512935939443725,3
MLP,Magic Gamma,best_acc_per_log_mem,"{""alpha"": 0.0001, ""hidden_layer_sizes"": [64], ""learning_rate_init"": 0.001, ""max_iter"": 200}",0.8533999298983526,3076.0,0.6857425833586603,0.07711180762929369,3
MLP,Magic Gamma,best_acc_at_small_budget,"{""alpha"": 0.01, ""hidden_layer_sizes"": [128], ""learning_rate_init"": 0.001, ""max_iter"": 200}",0.8561163687346652,6148.0,0.8358378196911266,0.12332042747742245,3
MLP,Magic Gamma,best_acc_at_medium_budget,"{""alpha"": 0.01, ""hidden_layer_sizes"": [128], ""learning_rate_init"": 0.001, ""max_iter"": 200}",0.8561163687346652,6148.0,0.8358378196911266,0.12332042747742245,3
MLP,Pendigits,best_acc,"{""alpha"": 0.0001, ""hidden_layer_sizes"": [512, 256, 128, 64], ""learning_rate_init"": 0.001, ""max_iter"": 200}",0.9919054115507049,727336.0,2.430797625007108,1.3320639339013498,5
MLP,Pendigits,best_mem_at_iso_acc,"{""alpha"": 0.0001, ""hidden_layer_sizes"": [128, 64], ""learning_rate_init"": 0.001, ""max_iter"": 200}",0.9883583447021372,44328.0,0.5482300415635109,0.29906022551724887,5
MLP,Pendigits,best_acc_per_log_mem,"{""alpha"": 0.01, ""hidden_layer_sizes"": [32], ""learning_rate_init"": 0.001, ""max_iter"": 200}",0.9738972260118235,3496.0,0.46320419157855214,0.14010160990320264,5
MLP,Pendigits,best_acc_at_small_budget,"{""alpha"": 0.01, ""hidden_layer_sizes"": [64], ""learning_rate_init"": 0.001, ""max_iter"": 200}",0.9804456571168714,6952.0,0.44102188320830465,0.16393806792121413,5
MLP,Pendigits,best_acc_at_medium_budget,"{""alpha"": 0.0001, ""hidden_layer_sizes"": [128, 64], ""learning_rate_init"": 0.001, ""max_iter"": 200}",0.9883583447021372,44328.0,0.5482300415635109,0.29906022551724887,5
MLP,Pima Diabetes,best_acc,"{""alpha"": 0.0001, ""hidden_layer_sizes"": [512, 256, 128, 64], ""learning_rate_init"": 0.001, ""max_iter"": 200}",0.774025974025974,708612.0,0.1365936834132299,2.147944178432226,5
MLP,Pima Diabetes,best_mem_at_iso_acc,"{""alpha"": 0.0001, ""hidden_layer_sizes"": [512, 256, 128, 64], ""learning_rate_init"": 0.001, ""max_iter"": 200}",0.774025974025974,708612.0,0.1365936834132299,2.147944178432226,5
MLP,Pima Diabetes,best_acc_per_log_mem,"{""alpha"": 0.0001, ""hidden_layer_sizes"": [32], ""learning_rate_init"": 0.001, ""max_iter"": 200}",0.6428571428571429,1284.0,0.0066086663864552975,0.33868966599950545,5
MLP,Pima Diabetes,best_acc_at_small_budget,"{""alpha"": 0.0001, ""hidden_layer_sizes"": [64], ""learning_rate_init"": 0.001, ""max_iter"": 200}",0.6506493506493507,2564.0,0.006991200195625424,0.3509206830390862,5
MLP,Pima Diabetes,best_acc_at_medium_budget,"{""alpha"": 0.0001, ""hidden_layer_sizes"": [128, 64], ""learning_rate_init"": 0.001, ""max_iter"": 200}",0.6896103896103896,37892.0,0.022008533403277398,0.532414135220763,5
MLP,SatImage,best_acc,"{""alpha"": 0.0001, ""hidden_layer_sizes"": [512, 256, 128, 64], ""learning_rate_init"": 0.001, ""max_iter"": 200}",0.8953343701399689,767256.0,1.9642360501922667,1.5227581790038625,5
MLP,SatImage,best_mem_at_iso_acc,"{""alpha"": 0.0001, ""hidden_layer_sizes"": [512, 256, 128, 64], ""learning_rate_init"": 0.001, ""max_iter"": 200}",0.8953343701399689,767256.0,1.9642360501922667,1.5227581790038625,5
MLP,SatImage,best_acc_per_log_mem,"{""alpha"": 0.0001, ""hidden_layer_sizes"": [32], ""learning_rate_init"": 0.001, ""max_iter"": 200}",0.8300155520995334,5528.0,0.13876937499735503,0.16196220997332783,5
MLP,SatImage,best_acc_at_small_budget,"{""alpha"": 0.0001, ""hidden_layer_sizes"": [32], ""learning_rate_init"": 0.001, ""max_iter"": 200}",0.8300155520995334,5528.0,0.13876937499735503,0.16196220997332783,5
MLP,SatImage,best_acc_at_medium_budget,"{""alpha"": 0.01, ""hidden_layer_sizes"": [128, 64], ""learning_rate_init"": 0.001, ""max_iter"": 200}",0.8682737169517886,53528.0,0.33519814163446426,0.33092907373539954,5
MLP,Seeds,best_acc,"{""alpha"": 0.0001, ""hidden_layer_sizes"": [512, 256, 128, 64], ""learning_rate_init"": 0.001, ""max_iter"": 200}",0.9238095238095237,707084.0,0.03485102478880435,3.7781716812224615,5
MLP,Seeds,best_mem_at_iso_acc,"{""alpha"": 0.0001, ""hidden_layer_sizes"": [512, 256, 128, 64], ""learning_rate_init"": 0.001, ""max_iter"": 200}",0.9238095238095237,707084.0,0.03485102478880435,3.7781716812224615,5
MLP,Seeds,best_acc_per_log_mem,"{""alpha"": 0.0001, ""hidden_layer_sizes"": [32], ""learning_rate_init"": 0.001, ""max_iter"": 200}",0.5142857142857142,1420.0,0.005619950010441244,1.4906754672882103,5
MLP,Seeds,best_acc_at_small_budget,"{""alpha"": 0.0001, ""hidden_layer_sizes"": [32], ""learning_rate_init"": 0.001, ""max_iter"": 200}",0.5142857142857142,1420.0,0.005619950010441244,1.4906754672882103,5
MLP,Seeds,best_acc_at_medium_budget,"{""alpha"": 0.0001, ""hidden_layer_sizes"": [128, 64], ""learning_rate_init"": 0.001, ""max_iter"": 200}",0.7285714285714286,37900.0,0.0074500084389001135,1.832147106705677,5
MLP,Segment,best_acc,"{""alpha"": 0.01, ""hidden_layer_sizes"": [256, 128, 64], ""learning_rate_init"": 0.001, ""max_iter"": 200}",0.9584415584415584,186908.0,0.2792728167725727,0.7764964961160571,5
MLP,Segment,best_mem_at_iso_acc,"{""alpha"": 0.01, ""hidden_layer_sizes"": [256, 128, 64], ""learning_rate_init"": 0.001, ""max_iter"": 200}",0.9584415584415584,186908.0,0.2792728167725727,0.7764964961160571,5
MLP,Segment,best_acc_per_log_mem,"{""alpha"": 0.01, ""hidden_layer_sizes"": [32], ""learning_rate_init"": 0.001, ""max_iter"": 200}",0.8523809523809524,3484.0,0.07052879156544804,0.2568722722721306,5
MLP,Segment,best_acc_at_small_budget,"{""alpha"": 0.0001, ""hidden_layer_sizes"": [64], ""learning_rate_init"": 0.001, ""max_iter"": 200}",0.8718614718614719,6940.0,0.08715179956052452,0.27324984180720857,5
MLP,Segment,best_acc_at_medium_budget,"{""alpha"": 0.0001, ""hidden_layer_sizes"": [128, 64], ""learning_rate_init"": 0.001, ""max_iter"": 200}",0.9346320346320347,45084.0,0.16195944999344647,0.4271111850227628,5
MLP,Steel Plates,best_acc,"{""alpha"": 0.0001, ""hidden_layer_sizes"": [256, 128, 64], ""learning_rate_init"": 0.001, ""max_iter"": 200}",0.9994858611825193,199684.0,0.07793393316678703,0.7354106710969942,5
MLP,Steel Plates,best_mem_at_iso_acc,"{""alpha"": 0.0001, ""hidden_layer_sizes"": [64], ""learning_rate_init"": 0.001, ""max_iter"": 200}",0.9948586118251928,8964.0,0.035385558195412156,0.20955470187115485,5
MLP,Steel Plates,best_acc_per_log_mem,"{""alpha"": 0.01, ""hidden_layer_sizes"": [32], ""learning_rate_init"": 0.001, ""max_iter"": 200}",0.9367609254498716,4484.0,0.032667241827584806,0.17776344316247802,5
MLP,Steel Plates,best_acc_at_small_budget,"{""alpha"": 0.0001, ""hidden_layer_sizes"": [64], ""learning_rate_init"": 0.001, ""max_iter"": 200}",0.9948586118251928,8964.0,0.035385558195412156,0.20955470187115485,5
MLP,Steel Plates,best_acc_at_medium_budget,"{""alpha"": 0.01, ""hidden_layer_sizes"": [128, 64], ""learning_rate_init"": 0.001, ""max_iter"": 200}",0.9994858611825193,50692.0,0.04985021660104394,0.34702264232163565,5
MLP,Vehicle,best_acc,"{""alpha"": 0.01, ""hidden_layer_sizes"": [512, 256, 128, 64], ""learning_rate_init"": 0.001, ""max_iter"": 200}",0.7047058823529412,729872.0,0.19245503360871224,2.277696176486857,5
MLP,Vehicle,best_mem_at_iso_acc,"{""alpha"": 0.0001, ""hidden_layer_sizes"": [512, 256, 128, 64], ""learning_rate_init"": 0.001, ""max_iter"": 200}",0.7035294117647058,729872.0,0.2037266331957653,2.3064202190760303,5
MLP,Vehicle,best_acc_per_log_mem,"{""alpha"": 0.01, ""hidden_layer_sizes"": [128], ""learning_rate_init"": 0.001, ""max_iter"": 200}",0.5623529411764705,11792.0,0.027942716819234194,0.5466189673718284,5
MLP,Vehicle,best_acc_at_small_budget,"{""alpha"": 0.0001, ""hidden_layer_sizes"": [64], ""learning_rate_init"": 0.001, ""max_iter"": 200}",0.47411764705882353,5904.0,0.019403516803868114,0.5401470972334638,5
MLP,Vehicle,best_acc_at_medium_budget,"{""alpha"": 0.01, ""hidden_layer_sizes"": [128, 64], ""learning_rate_init"": 0.001, ""max_iter"": 200}",0.6152941176470589,43792.0,0.044884616625495255,0.7445106337613919,5
MLP,Waveform,best_acc,"{""alpha"": 0.01, ""hidden_layer_sizes"": [512, 256, 128, 64], ""learning_rate_init"": 0.001, ""max_iter"": 200}",0.865,774668.0,0.6120134331751614,1.4038669876754284,5
MLP,Waveform,best_mem_at_iso_acc,"{""alpha"": 0.0001, ""hidden_layer_sizes"": [32], ""learning_rate_init"": 0.001, ""max_iter"": 200}",0.8618,5644.0,0.08909633320290596,0.17072479240596294,5
MLP,Waveform,best_acc_per_log_mem,"{""alpha"": 0.01, ""hidden_layer_sizes"": [32], ""learning_rate_init"": 0.001, ""max_iter"": 200}",0.8635999999999999,5644.0,0.09532224996946752,0.1636166125535965,5
MLP,Waveform,best_acc_at_small_budget,"{""alpha"": 0.01, ""hidden_layer_sizes"": [32], ""learning_rate_init"": 0.001, ""max_iter"": 200}",0.8635999999999999,5644.0,0.09532224996946752,0.1636166125535965,5
MLP,Waveform,best_acc_at_medium_budget,"{""alpha"": 0.01, ""hidden_layer_sizes"": [32], ""learning_rate_init"": 0.001, ""max_iter"": 200}",0.8635999999999999,5644.0,0.09532224996946752,0.1636166125535965,5
MLP,Wine,best_acc,"{""alpha"": 0.0001, ""hidden_layer_sizes"": [256, 128, 64], ""learning_rate_init"": 0.001, ""max_iter"": 200}",0.9333333333333333,179724.0,0.015165299992077053,2.6263891615801387,5
MLP,Wine,best_mem_at_iso_acc,"{""alpha"": 0.0001, ""hidden_layer_sizes"": [256, 128, 64], ""learning_rate_init"": 0.001, ""max_iter"": 200}",0.9333333333333333,179724.0,0.015165299992077053,2.6263891615801387,5
MLP,Wine,best_acc_per_log_mem,"{""alpha"": 0.01, ""hidden_layer_sizes"": [128], ""learning_rate_init"": 0.001, ""max_iter"": 200}",0.8722222222222221,8716.0,0.008549091801978648,1.8798603883220089,5
MLP,Wine,best_acc_at_small_budget,"{""alpha"": 0.01, ""hidden_layer_sizes"": [128], ""learning_rate_init"": 0.001, ""max_iter"": 200}",0.8722222222222221,8716.0,0.008549091801978648,1.8798603883220089,5
MLP,Wine,best_acc_at_medium_budget,"{""alpha"": 0.01, ""hidden_layer_sizes"": [128], ""learning_rate_init"": 0.001, ""max_iter"": 200}",0.8722222222222221,8716.0,0.008549091801978648,1.8798603883220089,5
MLP,Yeast,best_acc,"{""alpha"": 0.01, ""hidden_layer_sizes"": [512, 256, 128, 64], ""learning_rate_init"": 0.001, ""max_iter"": 200}",0.6,710952.0,0.4062909666448832,1.7814532624752033,5
MLP,Yeast,best_mem_at_iso_acc,"{""alpha"": 0.0001, ""hidden_layer_sizes"": [256, 128, 64], ""learning_rate_init"": 0.001, ""max_iter"": 200}",0.5986531986531987,176424.0,0.14826007520314305,0.8652356738594646,5
MLP,Yeast,best_acc_per_log_mem,"{""alpha"": 0.01, ""hidden_layer_sizes"": [128], ""learning_rate_init"": 0.001, ""max_iter"": 200}",0.5191919191919192,9768.0,0.06932316662278026,0.43608348578314987,5
MLP,Yeast,best_acc_at_small_budget,"{""alpha"": 0.01, ""hidden_layer_sizes"": [128], ""learning_rate_init"": 0.001, ""max_iter"": 200}",0.5191919191919192,9768.0,0.06932316662278026,0.43608348578314987,5
MLP,Yeast,best_acc_at_medium_budget,"{""alpha"": 0.01, ""hidden_layer_sizes"": [128], ""learning_rate_init"": 0.001, ""max_iter"": 200}",0.5191919191919192,9768.0,0.06932316662278026,0.43608348578314987,5
RF,Balance Scale,best_acc,"{""max_depth"": 16, ""max_features"": ""log2"", ""min_samples_leaf"": 5, ""n_estimators"": 50}",0.8656,304008.4,0.02034182520583272,10.0951312109828,5
RF,Balance Scale,best_mem_at_iso_acc,"{""max_depth"": 8, ""max_features"": ""log2"", ""min_samples_leaf"": 5, ""n_estimators"": 50}",0.8656,303832.4,0.020266408333554864,10.066600143909454,5
RF,Balance Scale,best_acc_per_log_mem,"{""max_depth"": 8, ""max_features"": ""log2"", ""min_samples_leaf"": 5, ""n_estimators"": 10}",0.8576,62758.0,0.004307857993990183,2.5385983288288116,5
RF,Balance Scale,best_acc_at_medium_budget,"{""max_depth"": 8, ""max_features"": ""log2"", ""min_samples_leaf"": 5, ""n_estimators"": 10}",0.8576,62758.0,0.004307857993990183,2.5385983288288116,5
RF,Banknote,best_acc,"{""max_depth"": 16, ""max_features"": ""log2"", ""min_samples_leaf"": 1, ""n_estimators"": 100}",0.997090909090909,434514.0,0.06538259184453636,9.84069679609754,5
RF,Banknote,best_mem_at_iso_acc,"{""max_depth"": 8, ""max_features"": ""log2"", ""min_samples_leaf"": 5, ""n_estimators"": 10}",0.9934545454545454,36098.0,0.007071783230639994,1.2958785519003868,5
RF,Banknote,best_acc_per_log_mem,"{""max_depth"": null, ""max_features"": 1.0, ""min_samples_leaf"": 5, ""n_estimators"": 10}",0.9883636363636363,33119.0,0.009749916987493635,1.63287931883877,5
RF,Banknote,best_acc_at_medium_budget,"{""max_depth"": 16, ""max_features"": ""log2"", ""min_samples_leaf"": 1, ""n_estimators"": 10}",0.997090909090909,42530.0,0.0069357331842184065,1.2396989728916776,5
RF,Breast Cancer,best_acc,"{""max_depth"": 16, ""max_features"": ""sqrt"", ""min_samples_leaf"": 1, ""n_estimators"": 100}",0.9631578947368421,310210.8,0.06038235838059336,19.40665268257522,5
RF,Breast Cancer,best_mem_at_iso_acc,"{""max_depth"": 8, ""max_features"": ""sqrt"", ""min_samples_leaf"": 1, ""n_estimators"": 50}",0.9614035087719298,155165.0,0.03072825842536986,10.266371700389866,5
RF,Breast Cancer,best_acc_per_log_mem,"{""max_depth"": null, ""max_features"": 1.0, ""min_samples_leaf"": 5, ""n_estimators"": 10}",0.9491228070175438,18519.0,0.016966141387820245,2.616519116584146,5
RF,Breast Cancer,best_acc_at_medium_budget,"{""max_depth"": 16, ""max_features"": ""log2"", ""min_samples_leaf"": 5, ""n_estimators"": 10}",0.956140350877193,23522.4,0.005858616810292006,2.687208542371528,5
RF,EEG Eye State,best_acc,"{""max_depth"": null, ""max_features"": ""sqrt"", ""min_samples_leaf"": 1, ""n_estimators"": 200}",0.933355585224744,39077740.333333336,2.2977315279810377,15.27385583187196,3
RF,EEG Eye State,best_mem_at_iso_acc,"{""max_depth"": null, ""max_features"": ""sqrt"", ""min_samples_leaf"": 1, ""n_estimators"": 100}",0.9284601691143748,19569500.333333332,1.1398429029310744,7.690619923917119,3
RF,EEG Eye State,best_acc_per_log_mem,"{""max_depth"": 8, ""max_features"": 1.0, ""min_samples_leaf"": 5, ""n_estimators"": 10}",0.8352247441032489,208046.0,0.26894104201346636,0.46265855432385655,3
RF,Ecoli,best_acc,"{""max_depth"": 8, ""max_features"": ""log2"", ""min_samples_leaf"": 1, ""n_estimators"": 100}",0.8823529411764707,1023460.2,0.04112356682308018,33.582237836740475,5
RF,Ecoli,best_mem_at_iso_acc,"{""max_depth"": 8, ""max_features"": ""log2"", ""min_samples_leaf"": 1, ""n_estimators"": 100}",0.8823529411764707,1023460.2,0.04112356682308018,33.582237836740475,5
RF,Ecoli,best_acc_per_log_mem,"{""max_depth"": null, ""max_features"": ""log2"", ""min_samples_leaf"": 5, ""n_estimators"": 10}",0.8470588235294118,49416.6,0.004227716429159045,4.3650702162481405,5
RF,Ecoli,best_acc_at_medium_budget,"{""max_depth"": 16, ""max_features"": ""log2"", ""min_samples_leaf"": 5, ""n_estimators"": 10}",0.8470588235294118,49427.6,0.0042681913822889325,4.359802765333477,5
RF,Glass,best_acc,"{""max_depth"": 16, ""max_features"": ""log2"", ""min_samples_leaf"": 1, ""n_estimators"": 200}",0.813953488372093,1616756.8,0.08357930823694915,100.77461903524953,5
RF,Glass,best_mem_at_iso_acc,"{""max_depth"": null, ""max_features"": ""log2"", ""min_samples_leaf"": 1, ""n_estimators"": 200}",0.813953488372093,1616555.8,0.08331429162062705,100.01511572925158,5
RF,Glass,best_acc_per_log_mem,"{""max_depth"": 8, ""max_features"": 1.0, ""min_samples_leaf"": 5, ""n_estimators"": 10}",0.7488372093023256,36196.0,0.005081858369521797,6.72073450026124,5
RF,Glass,best_acc_at_medium_budget,"{""max_depth"": 16, ""max_features"": 1.0, ""min_samples_leaf"": 1, ""n_estimators"": 10}",0.7674418604651163,70701.0,0.0056719833984971045,6.708530384267485,5
RF,Haberman,best_acc,"{""max_depth"": 8, ""max_features"": ""log2"", ""min_samples_leaf"": 5, ""n_estimators"": 200}",0.7258064516129032,675030.2,0.07073609998915345,72.18239686241554,5
RF,Haberman,best_mem_at_iso_acc,"{""max_depth"": 8, ""max_features"": ""log2"", ""min_samples_leaf"": 5, ""n_estimators"": 10}",0.7225806451612903,35104.0,0.004023175174370408,4.973925740247773,5
RF,Haberman,best_acc_per_log_mem,"{""max_depth"": 8, ""max_features"": ""log2"", ""min_samples_leaf"": 5, ""n_estimators"": 10}",0.7225806451612903,35104.0,0.004023175174370408,4.973925740247773,5
RF,Haberman,best_acc_at_medium_budget,"{""max_depth"": 8, ""max_features"": ""log2"", ""min_samples_leaf"": 5, ""n_estimators"": 10}",0.7225806451612903,35104.0,0.004023175174370408,4.973925740247773,5
RF,Ionosphere,best_acc,"{""max_depth"": 8, ""max_features"": ""log2"", ""min_samples_leaf"": 1, ""n_estimators"": 50}",0.9380281690140844,158972.0,0.026010425202548502,16.1810984677622,5
RF,Ionosphere,best_mem_at_iso_acc,"{""max_depth"": 8, ""max_features"": ""log2"", ""min_samples_leaf"": 1, ""n_estimators"": 50}",0.9380281690140844,158972.0,0.026010425202548502,16.1810984677622,5
RF,Ionosphere,best_acc_per_log_mem,"{""max_depth"": null, ""max_features"": 1.0, ""min_samples_leaf"": 5, ""n_estimators"": 10}",0.904225352112676,19548.0,0.012334391986951233,4.220422698368489,5
RF,Ionosphere,best_acc_at_medium_budget,"{""max_depth"": 16, ""max_features"": ""log2"", ""min_samples_leaf"": 1, ""n_estimators"": 10}",0.923943661971831,37154.0,0.00558214143384248,4.112676218886611,5
RF,Iris,best_acc,"{""max_depth"": 16, ""max_features"": ""log2"", ""min_samples_leaf"": 1, ""n_estimators"": 10}",0.9666666666666668,17198.2,0.0038810248021036386,8.945274942864973,5
RF,Iris,best_mem_at_iso_acc,"{""max_depth"": null, ""max_features"": ""log2"", ""min_samples_leaf"": 5, ""n_estimators"": 10}",0.9666666666666666,13371.8,0.004011841979809106,9.111667362352211,5
RF,Iris,best_acc_per_log_mem,"{""max_depth"": null, ""max_features"": ""log2"", ""min_samples_leaf"": 5, ""n_estimators"": 10}",0.9666666666666666,13371.8,0.004011841979809106,9.111667362352211,5
RF,Iris,best_acc_at_medium_budget,"{""max_depth"": 16, ""max_features"": ""log2"", ""min_samples_leaf"": 1, ""n_estimators"": 10}",0.9666666666666668,17198.2,0.0038810248021036386,8.945274942864973,5
RF,Letter Recognition,best_acc,"{""max_depth"": null, ""max_features"": ""sqrt"", ""min_samples_leaf"": 1, ""n_estimators"": 200}",0.9659166666666668,229085524.33333334,1.9384282640336703,18.000784756926198,3
RF,Letter Recognition,best_mem_at_iso_acc,"{""max_depth"": null, ""max_features"": ""sqrt"", ""min_samples_leaf"": 1, ""n_estimators"": 100}",0.9655833333333333,114667797.66666667,0.9694136390462518,9.083166679677865,3
RF,Letter Recognition,best_acc_per_log_mem,"{""max_depth"": 16, ""max_features"": ""sqrt"", ""min_samples_leaf"": 5, ""n_estimators"": 10}",0.9071666666666666,4115113.3333333335,0.08336862525902689,0.7605312469725808,3
RF,Magic Gamma,best_acc,"{""max_depth"": null, ""max_features"": ""sqrt"", ""min_samples_leaf"": 1, ""n_estimators"": 200}",0.8780231335436383,43885953.666666664,5.037981583271176,14.718001495551903,3
RF,Magic Gamma,best_mem_at_iso_acc,"{""max_depth"": 16, ""max_features"": 1.0, ""min_samples_leaf"": 5, ""n_estimators"": 100}",0.8731160182264284,8514996.666666666,6.621171319081138,5.601720462197061,3
RF,Magic Gamma,best_acc_per_log_mem,"{""max_depth"": 8, ""max_features"": ""sqrt"", ""min_samples_leaf"": 5, ""n_estimators"": 10}",0.8558534875569576,187751.66666666666,0.14283412500905493,0.3850953354765627,3
RF,Pendigits,best_acc,"{""max_depth"": null, ""max_features"": ""sqrt"", ""min_samples_leaf"": 1, ""n_estimators"": 100}",0.9912081249052599,10343847.0,0.6306507777577887,5.457720825016923,3
RF,Pendigits,best_mem_at_iso_acc,"{""max_depth"": 16, ""max_features"": ""sqrt"", ""min_samples_leaf"": 1, ""n_estimators"": 100}",0.9906017886918296,10267340.0,0.6309743609745055,5.543068837957779,3
RF,Pendigits,best_acc_per_log_mem,"{""max_depth"": 8, ""max_features"": 1.0, ""min_samples_leaf"": 5, ""n_estimators"": 10}",0.9520994391390025,289934.0,0.1650072360256066,0.47249384495468233,3
RF,Pima Diabetes,best_acc,"{""max_depth"": 16, ""max_features"": ""log2"", ""min_samples_leaf"": 5, ""n_estimators"": 200}",0.7909090909090909,1489015.0,0.11406292496249079,33.76753241815544,5
RF,Pima Diabetes,best_mem_at_iso_acc,"{""max_depth"": null, ""max_features"": ""log2"", ""min_samples_leaf"": 5, ""n_estimators"": 50}",0.7870129870129869,371317.0,0.029093574988655745,8.852543859657917,5
RF,Pima Diabetes,best_acc_per_log_mem,"{""max_depth"": 8, ""max_features"": ""log2"", ""min_samples_leaf"": 5, ""n_estimators"": 10}",0.7753246753246753,67002.2,0.0059678165940567855,2.1329015045874304,5
RF,Pima Diabetes,best_acc_at_medium_budget,"{""max_depth"": 8, ""max_features"": ""log2"", ""min_samples_leaf"": 5, ""n_estimators"": 10}",0.7753246753246753,67002.2,0.0059678165940567855,2.1329015045874304,5
RF,SatImage,best_acc,"{""max_depth"": null, ""max_features"": ""sqrt"", ""min_samples_leaf"": 1, ""n_estimators"": 50}",0.9161741835147744,4558346.2,0.2716601751744747,3.2523651839078958,5
RF,SatImage,best_mem_at_iso_acc,"{""max_depth"": null, ""max_features"": 1.0, ""min_samples_leaf"": 1, ""n_estimators"": 50}",0.9115085536547435,3472513.2,1.4199450581800193,3.2224273816052347,5
RF,SatImage,best_acc_per_log_mem,"{""max_depth"": 8, ""max_features"": 1.0, ""min_samples_leaf"": 5, ""n_estimators"": 10}",0.8884914463452566,207186.6,0.18209406675305218,0.5750777670595082,5
RF,Seeds,best_acc,"{""max_depth"": 16, ""max_features"": 1.0, ""min_samples_leaf"": 1, ""n_estimators"": 200}",0.9285714285714285,377321.2,0.08684040000662208,96.38273844584113,5
RF,Seeds,best_mem_at_iso_acc,"{""max_depth"": null, ""max_features"": 1.0, ""min_samples_leaf"": 1, ""n_estimators"": 50}",0.9285714285714285,95260.4,0.021838933206163348,25.344042417903744,5
RF,Seeds,best_acc_per_log_mem,"{""max_depth"": null, ""max_features"": 1.0, ""min_samples_leaf"": 5, ""n_estimators"": 10}",0.8952380952380953,14976.6,0.004577249987050891,6.785314153170302,5
RF,Seeds,best_acc_at_medium_budget,"{""max_depth"": 16, ""max_features"": 1.0, ""min_samples_leaf"": 1, ""n_estimators"": 50}",0.9285714285714285,95311.4,0.021797433216124772,25.74722415634564,5
RF,Segment,best_acc,"{""max_depth"": 16, ""max_features"": ""log2"", ""min_samples_leaf"": 1, ""n_estimators"": 100}",0.9770562770562771,2002349.8,0.1516216915799305,8.202542841144197,5
RF,Segment,best_mem_at_iso_acc,"{""max_depth"": null, ""max_features"": ""log2"", ""min_samples_leaf"": 1, ""n_estimators"": 50}",0.9744588744588745,1005431.2,0.07602737520355732,4.172637238211575,5
RF,Segment,best_acc_per_log_mem,"{""max_depth"": 8, ""max_features"": 1.0, ""min_samples_leaf"": 5, ""n_estimators"": 10}",0.9424242424242424,56062.0,0.0448392417980358,0.9235566647247577,5
RF,Segment,best_acc_at_medium_budget,"{""max_depth"": 16, ""max_features"": 1.0, ""min_samples_leaf"": 5, ""n_estimators"": 10}",0.958008658008658,88279.0,0.048364641168154775,0.982521680381262,5
RF,Steel Plates,best_acc,"{""max_depth"": 16, ""max_features"": 1.0, ""min_samples_leaf"": 1, ""n_estimators"": 100}",1.0,136416.6,0.37274829999078063,5.992223235723445,5
RF,Steel Plates,best_mem_at_iso_acc,"{""max_depth"": null, ""max_features"": 1.0, ""min_samples_leaf"": 1, ""n_estimators"": 10}",1.0,14849.0,0.03757186678703874,0.8765213038283939,5
RF,Steel Plates,best_acc_per_log_mem,"{""max_depth"": null, ""max_features"": 1.0, ""min_samples_leaf"": 1, ""n_estimators"": 10}",1.0,14849.0,0.03757186678703874,0.8765213038283939,5
RF,Steel Plates,best_acc_at_medium_budget,"{""max_depth"": 16, ""max_features"": 1.0, ""min_samples_leaf"": 1, ""n_estimators"": 10}",1.0,14860.0,0.03775764999445528,0.8776570265696104,5
RF,Vehicle,best_acc,"{""max_depth"": 16, ""max_features"": ""log2"", ""min_samples_leaf"": 1, ""n_estimators"": 50}",0.7505882352941177,1064387.6,0.038295491598546505,8.788676247658099,5
RF,Vehicle,best_mem_at_iso_acc,"{""max_depth"": 16, ""max_features"": ""log2"", ""min_samples_leaf"": 1, ""n_estimators"": 50}",0.7505882352941177,1064387.6,0.038295491598546505,8.788676247658099,5
RF,Vehicle,best_acc_per_log_mem,"{""max_depth"": 8, ""max_features"": 1.0, ""min_samples_leaf"": 5, ""n_estimators"": 10}",0.7211764705882353,77713.4,0.015792508237063886,2.2147541098734913,5
RF,Vehicle,best_acc_at_medium_budget,"{""max_depth"": 8, ""max_features"": ""log2"", ""min_samples_leaf"": 5, ""n_estimators"": 10}",0.7270588235294118,85436.6,0.006983008235692978,2.0892163464689952,5
RF,Waveform,best_acc,"{""max_depth"": 16, ""max_features"": ""log2"", ""min_samples_leaf"": 5, ""n_estimators"": 200}",0.8577999999999999,8791481.6,1.192795208003372,14.785375003702939,5
RF,Waveform,best_mem_at_iso_acc,"{""max_depth"": 8, ""max_features"": ""sqrt"", ""min_samples_leaf"": 5, ""n_estimators"": 50}",0.8560000000000001,1164742.6,0.2884641416138038,3.125841775909066,5
RF,Waveform,best_acc_per_log_mem,"{""max_depth"": 8, ""max_features"": ""sqrt"", ""min_samples_leaf"": 5, ""n_estimators"": 10}",0.837,237399.2,0.05814124117605388,0.7355913752689958,5
RF,Wine,best_acc,"{""max_depth"": 16, ""max_features"": ""log2"", ""min_samples_leaf"": 1, ""n_estimators"": 100}",0.9777777777777779,196923.4,0.03791019977070391,57.36389494914975,5
RF,Wine,best_mem_at_iso_acc,"{""max_depth"": null, ""max_features"": ""log2"", ""min_samples_leaf"": 1, ""n_estimators"": 10}",0.9777777777777779,21625.4,0.004190816637128591,7.761572487652302,5
RF,Wine,best_acc_per_log_mem,"{""max_depth"": null, ""max_features"": ""log2"", ""min_samples_leaf"": 5, ""n_estimators"": 10}",0.9722222222222221,16835.2,0.004038649797439575,7.914817090042763,5
RF,Wine,best_acc_at_medium_budget,"{""max_depth"": 16, ""max_features"": ""log2"", ""min_samples_leaf"": 1, ""n_estimators"": 10}",0.9777777777777779,21636.4,0.004190608207136392,7.85068841651082,5
RF,Yeast,best_acc,"{""max_depth"": 8, ""max_features"": ""log2"", ""min_samples_leaf"": 1, ""n_estimators"": 50}",0.6316498316498317,1417648.0,0.038548750011250375,5.802020167160515,5
RF,Yeast,best_mem_at_iso_acc,"{""max_depth"": 8, ""max_features"": ""log2"", ""min_samples_leaf"": 1, ""n_estimators"": 50}",0.6316498316498317,1417648.0,0.038548750011250375,5.802020167160515,5
RF,Yeast,best_acc_per_log_mem,"{""max_depth"": 8, ""max_features"": ""sqrt"", ""min_samples_leaf"": 5, ""n_estimators"": 10}",0.6161616161616161,150800.8,0.006475107977166772,1.3111387332430993,5
Random-WiSARD-cuckoo,Balance Scale,best_acc,"{""a"": 20, ""bleach"": 4, ""t"": 256}",0.9008,10729.8,0.002927633374929428,16.49246569722891,5
Random-WiSARD-cuckoo,Balance Scale,best_mem_at_iso_acc,"{""a"": 8, ""bleach"": 3, ""t"": 128}",0.8976000000000001,3686.4,0.002394616580568254,13.871265947818756,5
Random-WiSARD-cuckoo,Balance Scale,best_acc_per_log_mem,"{""a"": 8, ""bleach"": 2, ""t"": 2}",0.7487999999999999,132.8,0.00018106659408658742,0.32146722078323364,5
Random-WiSARD-cuckoo,Balance Scale,best_acc_at_small_budget,"{""a"": 8, ""bleach"": 4, ""t"": 128}",0.9008,3686.4,0.002405508211813867,13.903067447245121,5
Random-WiSARD-cuckoo,Balance Scale,best_acc_at_medium_budget,"{""a"": 20, ""bleach"": 4, ""t"": 256}",0.9008,10729.8,0.002927633374929428,16.49246569722891,5
Random-WiSARD-cuckoo,Banknote,best_acc,"{""a"": 24, ""bleach"": 1, ""t"": 64}",1.0,2720.0,0.0011046664090827107,1.9673933698372408,5
Random-WiSARD-cuckoo,Banknote,best_mem_at_iso_acc,"{""a"": 16, ""bleach"": 1, ""t"": 16}",0.9963636363636363,596.6,0.0004586000228300691,0.6218800659884106,5
Random-WiSARD-cuckoo,Banknote,best_acc_per_log_mem,"{""a"": 8, ""bleach"": 2, ""t"": 2}",0.941090909090909,69.4,0.0002572583733126521,0.1635759730230678,5
Random-WiSARD-cuckoo,Banknote,best_acc_at_small_budget,"{""a"": 24, ""bleach"": 1, ""t"": 64}",1.0,2720.0,0.0011046664090827107,1.9673933698372408,5
Random-WiSARD-cuckoo,Banknote,best_acc_at_medium_budget,"{""a"": 24, ""bleach"": 1, ""t"": 64}",1.0,2720.0,0.0011046664090827107,1.9673933698372408,5
Random-WiSARD-cuckoo,Breast Cancer,best_acc,"{""a"": 4, ""bleach"": 1, ""t"": 128}",0.9614035087719298,18148.8,0.021038200007751584,132.9373560126936,5
Random-WiSARD-cuckoo,Breast Cancer,best_mem_at_iso_acc,"{""a"": 4, ""bleach"": 2, ""t"": 64}",0.9578947368421054,9143.2,0.010667633218690752,67.20818959078505,5
Random-WiSARD-cuckoo,Breast Cancer,best_acc_per_log_mem,"{""a"": 2, ""bleach"": 4, ""t"": 2}",0.9017543859649123,239.6,0.0006985165644437074,3.6202489578148773,5
Random-WiSARD-cuckoo,Breast Cancer,best_acc_at_small_budget,"{""a"": 4, ""bleach"": 2, ""t"": 64}",0.9578947368421054,9143.2,0.010667633218690752,67.20818959078505,5
Random-WiSARD-cuckoo,Breast Cancer,best_acc_at_medium_budget,"{""a"": 4, ""bleach"": 1, ""t"": 128}",0.9614035087719298,18148.8,0.021038200007751584,132.9373560126936,5
Random-WiSARD-cuckoo,EEG Eye State,best_acc,"{""a"": 48, ""bleach"": 1, ""t"": 256}",0.9371161548731642,724750.2,0.12542574137914925,12.135352665503747,5
Random-WiSARD-cuckoo,EEG Eye State,best_mem_at_iso_acc,"{""a"": 32, ""bleach"": 1, ""t"": 256}",0.9351134846461949,695759.4,0.13997813297901301,14.603677031973273,5
Random-WiSARD-cuckoo,EEG Eye State,best_acc_per_log_mem,"{""a"": 2, ""bleach"": 1, ""t"": 2}",0.5510680907877169,116.2,0.003747291979379952,0.41394086631738614,5
Random-WiSARD-cuckoo,EEG Eye State,best_acc_at_small_budget,"{""a"": 12, ""bleach"": 4, ""t"": 8}",0.7334445927903872,7505.0,0.0061069749994203445,0.8380451943421953,5
Random-WiSARD-cuckoo,EEG Eye State,best_acc_at_medium_budget,"{""a"": 32, ""bleach"": 1, ""t"": 32}",0.8803738317757009,94294.0,0.01269625818822533,1.825470162135299,5
Random-WiSARD-cuckoo,Ecoli,best_acc,"{""a"": 8, ""bleach"": 1, ""t"": 128}",0.8705882352941178,5427.6,0.006171108200214803,74.94412095505086,5
Random-WiSARD-cuckoo,Ecoli,best_mem_at_iso_acc,"{""a"": 8, ""bleach"": 2, ""t"": 32}",0.8705882352941176,1409.4,0.0016373666003346443,19.038114217383896,5
Random-WiSARD-cuckoo,Ecoli,best_acc_per_log_mem,"{""a"": 4, ""bleach"": 4, ""t"": 2}",0.7705882352941177,116.2,0.00034124180674552915,2.6539265972507353,5
Random-WiSARD-cuckoo,Ecoli,best_acc_at_small_budget,"{""a"": 8, ""bleach"": 1, ""t"": 128}",0.8705882352941178,5427.6,0.006171108200214803,74.94412095505086,5
Random-WiSARD-cuckoo,Ecoli,best_acc_at_medium_budget,"{""a"": 8, ""bleach"": 1, ""t"": 128}",0.8705882352941178,5427.6,0.006171108200214803,74.94412095505086,5
Random-WiSARD-cuckoo,Glass,best_acc,"{""a"": 12, ""bleach"": 1, ""t"": 128}",0.7674418604651163,8885.6,0.004629149590618909,86.37539089419121,5
Random-WiSARD-cuckoo,Glass,best_mem_at_iso_acc,"{""a"": 24, ""bleach"": 1, ""t"": 128}",0.7627906976744186,6759.4,0.002923258417285979,53.82326063375141,5
Random-WiSARD-cuckoo,Glass,best_acc_per_log_mem,"{""a"": 4, ""bleach"": 3, ""t"": 2}",0.6418604651162791,191.0,0.0003191418014466763,3.9046516555339794,5
Random-WiSARD-cuckoo,Glass,best_acc_at_small_budget,"{""a"": 12, ""bleach"": 1, ""t"": 128}",0.7674418604651163,8885.6,0.004629149590618909,86.37539089419121,5
Random-WiSARD-cuckoo,Glass,best_acc_at_medium_budget,"{""a"": 12, ""bleach"": 1, ""t"": 128}",0.7674418604651163,8885.6,0.004629149590618909,86.37539089419121,5
Random-WiSARD-cuckoo,Haberman,best_acc,"{""a"": 20, ""bleach"": 4, ""t"": 64}",0.7483870967741936,1340.8,0.0004742832155898213,4.6248671658817795,5
Random-WiSARD-cuckoo,Haberman,best_mem_at_iso_acc,"{""a"": 4, ""bleach"": 2, ""t"": 16}",0.7483870967741936,225.4,0.00033420820254832507,2.9309164552438647,5
Random-WiSARD-cuckoo,Haberman,best_acc_per_log_mem,"{""a"": 2, ""bleach"": 1, ""t"": 2}",0.7419354838709677,24.6,0.00015699982177466154,0.7943576952863124,5
Random-WiSARD-cuckoo,Haberman,best_acc_at_small_budget,"{""a"": 20, ""bleach"": 4, ""t"": 64}",0.7483870967741936,1340.8,0.0004742832155898213,4.6248671658817795,5
Random-WiSARD-cuckoo,Haberman,best_acc_at_medium_budget,"{""a"": 20, ""bleach"": 4, ""t"": 64}",0.7483870967741936,1340.8,0.0004742832155898213,4.6248671658817795,5
Random-WiSARD-cuckoo,Ionosphere,best_acc,"{""a"": 8, ""bleach"": 1, ""t"": 128}",0.9492957746478872,34837.2,0.01345136642921716,141.86115496017982,5
Random-WiSARD-cuckoo,Ionosphere,best_mem_at_iso_acc,"{""a"": 8, ""bleach"": 1, ""t"": 64}",0.9492957746478872,17471.6,0.006837591994553804,71.9261719700946,5
Random-WiSARD-cuckoo,Ionosphere,best_acc_per_log_mem,"{""a"": 4, ""bleach"": 4, ""t"": 2}",0.808450704225352,434.6,0.0004488666076213121,3.737907423834566,5
Random-WiSARD-cuckoo,Ionosphere,best_acc_at_small_budget,"{""a"": 32, ""bleach"": 1, ""t"": 32}",0.9323943661971832,8230.6,0.0017992916284129024,18.519484503588206,5
Random-WiSARD-cuckoo,Ionosphere,best_acc_at_medium_budget,"{""a"": 8, ""bleach"": 1, ""t"": 128}",0.9492957746478872,34837.2,0.01345136642921716,141.86115496017982,5
Random-WiSARD-cuckoo,Iris,best_acc,"{""a"": 12, ""bleach"": 4, ""t"": 256}",0.9666666666666668,3156.6,0.0026018000207841396,69.18001376713316,5
Random-WiSARD-cuckoo,Iris,best_mem_at_iso_acc,"{""a"": 4, ""bleach"": 2, ""t"": 2}",0.9666666666666666,25.2,0.00014353340957313777,1.5380528445045152,5
Random-WiSARD-cuckoo,Iris,best_acc_per_log_mem,"{""a"": 4, ""bleach"": 2, ""t"": 2}",0.9666666666666666,25.2,0.00014353340957313777,1.5380528445045152,5
Random-WiSARD-cuckoo,Iris,best_acc_at_small_budget,"{""a"": 12, ""bleach"": 4, ""t"": 256}",0.9666666666666668,3156.6,0.0026018000207841396,69.18001376713316,5
Random-WiSARD-cuckoo,Iris,best_acc_at_medium_budget,"{""a"": 12, ""bleach"": 4, ""t"": 256}",0.9666666666666668,3156.6,0.0026018000207841396,69.18001376713316,5
Random-WiSARD-cuckoo,Letter Recognition,best_acc,"{""a"": 24, ""bleach"": 1, ""t"": 256}",0.9536,923124.0,0.39238795863930137,126.0559750488028,5
Random-WiSARD-cuckoo,Letter Recognition,best_mem_at_iso_acc,"{""a"": 20, ""bleach"": 1, ""t"": 128}",0.9492499999999999,437774.6,0.1665784165961668,70.5808833008632,5
Random-WiSARD-cuckoo,Letter Recognition,best_acc_per_log_mem,"{""a"": 16, ""bleach"": 1, ""t"": 16}",0.90485,52653.8,0.02118379161693156,10.323247901396826,5
Random-WiSARD-cuckoo,Letter Recognition,best_acc_at_small_budget,"{""a"": 8, ""bleach"": 4, ""t"": 4}",0.6668499999999999,8727.2,0.009959116810932755,4.256883350899443,5
Random-WiSARD-cuckoo,Letter Recognition,best_acc_at_medium_budget,"{""a"": 16, ""bleach"": 1, ""t"": 32}",0.9314,100366.2,0.04000469159800559,20.3481666976586,5
Random-WiSARD-cuckoo,Magic Gamma,best_acc,"{""a"": 24, ""bleach"": 1, ""t"": 256}",0.8684016824395373,333119.0,0.12162441681139172,11.66781019953155,5
Random-WiSARD-cuckoo,Magic Gamma,best_mem_at_iso_acc,"{""a"": 16, ""bleach"": 2, ""t"": 256}",0.8661409043112513,169809.8,0.1290080083766952,13.535059574740762,5
Random-WiSARD-cuckoo,Magic Gamma,best_acc_per_log_mem,"{""a"": 2, ""bleach"": 1, ""t"": 2}",0.6482649842271293,82.0,0.003952091396786273,0.29108401992163385,5
Random-WiSARD-cuckoo,Magic Gamma,best_acc_at_small_budget,"{""a"": 12, ""bleach"": 4, ""t"": 16}",0.810515247108307,7283.8,0.008728241617791354,1.0527843843507028,5
Random-WiSARD-cuckoo,Magic Gamma,best_acc_at_medium_budget,"{""a"": 12, ""bleach"": 3, ""t"": 256}",0.8615141955835963,96600.2,0.13319447520188987,15.487296266342218,5
Random-WiSARD-cuckoo,Pendigits,best_acc,"{""a"": 24, ""bleach"": 1, ""t"": 256}",0.9895407003183265,324562.6,0.17580585840623825,54.47232068515043,5
Random-WiSARD-cuckoo,Pendigits,best_mem_at_iso_acc,"{""a"": 16, ""bleach"": 1, ""t"": 32}",0.9861755343337881,30515.4,0.0170689997728914,8.981680944765248,5
Random-WiSARD-cuckoo,Pendigits,best_acc_per_log_mem,"{""a"": 8, ""bleach"": 4, ""t"": 4}",0.9189631650750341,2361.0,0.004439091845415533,1.8213770664438926,5
Random-WiSARD-cuckoo,Pendigits,best_acc_at_small_budget,"{""a"": 16, ""bleach"": 1, ""t"": 8}",0.9675306957708049,8980.6,0.005634816410019994,2.423438686994381,5
Random-WiSARD-cuckoo,Pendigits,best_acc_at_medium_budget,"{""a"": 24, ""bleach"": 1, ""t"": 64}",0.9885402455661664,83532.2,0.032497091637924316,14.635857208214764,5
Random-WiSARD-cuckoo,Pima Diabetes,best_acc,"{""a"": 12, ""bleach"": 2, ""t"": 32}",0.7675324675324675,5210.8,0.0012612247839570046,4.096915522082286,5
Random-WiSARD-cuckoo,Pima Diabetes,best_mem_at_iso_acc,"{""a"": 12, ""bleach"": 2, ""t"": 32}",0.7675324675324675,5210.8,0.0012612247839570046,4.096915522082286,5
Random-WiSARD-cuckoo,Pima Diabetes,best_acc_per_log_mem,"{""a"": 2, ""bleach"": 1, ""t"": 2}",0.6493506493506493,65.0,0.00040493339765816926,0.8766232481734318,5
Random-WiSARD-cuckoo,Pima Diabetes,best_acc_at_small_budget,"{""a"": 12, ""bleach"": 2, ""t"": 32}",0.7675324675324675,5210.8,0.0012612247839570046,4.096915522082286,5
Random-WiSARD-cuckoo,Pima Diabetes,best_acc_at_medium_budget,"{""a"": 12, ""bleach"": 2, ""t"": 32}",0.7675324675324675,5210.8,0.0012612247839570046,4.096915522082286,5
Random-WiSARD-cuckoo,SatImage,best_acc,"{""a"": 28, ""bleach"": 1, ""t"": 256}",0.9087091757387247,505156.6,0.20923504980746657,85.71445704749199,5
Random-WiSARD-cuckoo,SatImage,best_mem_at_iso_acc,"{""a"": 28, ""bleach"": 1, ""t"": 64}",0.9046656298600311,129547.8,0.03350945001002401,19.103369489457013,5
Random-WiSARD-cuckoo,SatImage,best_acc_per_log_mem,"{""a"": 8, ""bleach"": 4, ""t"": 4}",0.8315707620528772,3999.0,0.004374674754217267,2.7545813607228675,5
Random-WiSARD-cuckoo,SatImage,best_acc_at_small_budget,"{""a"": 12, ""bleach"": 4, ""t"": 8}",0.8696734059097977,10074.4,0.006438592006452382,4.211074653085942,5
Random-WiSARD-cuckoo,SatImage,best_acc_at_medium_budget,"{""a"": 28, ""bleach"": 1, ""t"": 32}",0.9003110419906687,67459.4,0.016554824984632434,9.773055838875786,5
Random-WiSARD-cuckoo,Seeds,best_acc,"{""a"": 16, ""bleach"": 1, ""t"": 8}",0.9380952380952381,340.8,0.00024226680397987366,2.962105818802402,5
Random-WiSARD-cuckoo,Seeds,best_mem_at_iso_acc,"{""a"": 16, ""bleach"": 1, ""t"": 8}",0.9380952380952381,340.8,0.00024226680397987366,2.962105818802402,5
Random-WiSARD-cuckoo,Seeds,best_acc_per_log_mem,"{""a"": 4, ""bleach"": 4, ""t"": 2}",0.8714285714285713,69.0,0.00019486621022224426,1.9831338986044837,5
Random-WiSARD-cuckoo,Seeds,best_acc_at_small_budget,"{""a"": 16, ""bleach"": 1, ""t"": 8}",0.9380952380952381,340.8,0.00024226680397987366,2.962105818802402,5
Random-WiSARD-cuckoo,Seeds,best_acc_at_medium_budget,"{""a"": 16, ""bleach"": 1, ""t"": 8}",0.9380952380952381,340.8,0.00024226680397987366,2.962105818802402,5
Random-WiSARD-cuckoo,Segment,best_acc,"{""a"": 28, ""bleach"": 1, ""t"": 256}",0.9701298701298701,117951.0,0.029901841818355025,52.34972945741051,5
Random-WiSARD-cuckoo,Segment,best_mem_at_iso_acc,"{""a"": 20, ""bleach"": 1, ""t"": 64}",0.9653679653679653,26561.0,0.009133283351548015,15.960876563830036,5
Random-WiSARD-cuckoo,Segment,best_acc_per_log_mem,"{""a"": 8, ""bleach"": 4, ""t"": 4}",0.8991341991341992,1308.6,0.0014748170506209135,2.015548963825424,5
Random-WiSARD-cuckoo,Segment,best_acc_at_small_budget,"{""a"": 20, ""bleach"": 1, ""t"": 16}",0.9623376623376624,7612.8,0.002729483414441347,4.20750297194758,5
Random-WiSARD-cuckoo,Segment,best_acc_at_medium_budget,"{""a"": 28, ""bleach"": 1, ""t"": 128}",0.9696969696969697,59489.4,0.015000866609625518,26.349422070338868,5
Random-WiSARD-cuckoo,Steel Plates,best_acc,"{""a"": 20, ""bleach"": 1, ""t"": 256}",0.9830334190231362,229136.2,0.041041975189000365,60.88500412702943,5
Random-WiSARD-cuckoo,Steel Plates,best_mem_at_iso_acc,"{""a"": 24, ""bleach"": 1, ""t"": 128}",0.9820051413881747,126426.8,0.018054824974387883,26.826735688876216,5
Random-WiSARD-cuckoo,Steel Plates,best_acc_per_log_mem,"{""a"": 2, ""bleach"": 1, ""t"": 2}",0.6529562982005142,231.8,0.00128271640278399,2.1973013719855055,5
Random-WiSARD-cuckoo,Steel Plates,best_acc_at_small_budget,"{""a"": 20, ""bleach"": 1, ""t"": 8}",0.9383033419023136,9165.2,0.0015787664102390408,1.9694087730007184,5
Random-WiSARD-cuckoo,Steel Plates,best_acc_at_medium_budget,"{""a"": 20, ""bleach"": 1, ""t"": 64}",0.9768637532133676,58948.2,0.010098149999976158,14.88791827763644,5
Random-WiSARD-cuckoo,Vehicle,best_acc,"{""a"": 12, ""bleach"": 1, ""t"": 256}",0.7482352941176471,72989.8,0.021519358572550117,97.81318689313005,5
Random-WiSARD-cuckoo,Vehicle,best_mem_at_iso_acc,"{""a"": 8, ""bleach"": 2, ""t"": 256}",0.7482352941176471,57124.8,0.027693458436988293,126.99259760077385,5
Random-WiSARD-cuckoo,Vehicle,best_acc_per_log_mem,"{""a"": 8, ""bleach"": 3, ""t"": 2}",0.6270588235294118,662.2,0.0004605500027537346,1.2530883609810295,5
Random-WiSARD-cuckoo,Vehicle,best_acc_at_small_budget,"{""a"": 4, ""bleach"": 2, ""t"": 64}",0.7388235294117648,9575.2,0.011105541791766881,50.99558833000414,5
Random-WiSARD-cuckoo,Vehicle,best_acc_at_medium_budget,"{""a"": 12, ""bleach"": 1, ""t"": 256}",0.7482352941176471,72989.8,0.021519358572550117,97.81318689313005,5
Random-WiSARD-cuckoo,Waveform,best_acc,"{""a"": 8, ""bleach"": 4, ""t"": 128}",0.8486,188580.6,0.09196177502162754,63.549683382734656,5
Random-WiSARD-cuckoo,Waveform,best_mem_at_iso_acc,"{""a"": 8, ""bleach"": 3, ""t"": 128}",0.8454,188580.6,0.09159167520701886,63.80633362568915,5
Random-WiSARD-cuckoo,Waveform,best_acc_per_log_mem,"{""a"": 8, ""bleach"": 4, ""t"": 2}",0.7343999999999999,4930.2,0.0021094250259920955,1.0862748371437192,5
Random-WiSARD-cuckoo,Waveform,best_acc_at_small_budget,"{""a"": 8, ""bleach"": 4, ""t"": 4}",0.7654,8270.0,0.003446250013075769,2.0569165935739875,5
Random-WiSARD-cuckoo,Waveform,best_acc_at_medium_budget,"{""a"": 8, ""bleach"": 3, ""t"": 64}",0.8404,95799.4,0.04400544995442033,32.09938339423388,5
Random-WiSARD-cuckoo,Wine,best_acc,"{""a"": 2, ""bleach"": 1, ""t"": 32}",0.9888888888888889,1921.8,0.004128091619350016,93.30254462030199,5
Random-WiSARD-cuckoo,Wine,best_mem_at_iso_acc,"{""a"": 8, ""bleach"": 1, ""t"": 16}",0.9888888888888889,1389.8,0.0007862666388973594,15.877772562412753,5
Random-WiSARD-cuckoo,Wine,best_acc_per_log_mem,"{""a"": 2, ""bleach"": 4, ""t"": 2}",0.9055555555555556,134.6,0.0003601165721192956,6.094906711950898,5
Random-WiSARD-cuckoo,Wine,best_acc_at_small_budget,"{""a"": 2, ""bleach"": 1, ""t"": 32}",0.9888888888888889,1921.8,0.004128091619350016,93.30254462030199,5
Random-WiSARD-cuckoo,Wine,best_acc_at_medium_budget,"{""a"": 2, ""bleach"": 1, ""t"": 32}",0.9888888888888889,1921.8,0.004128091619350016,93.30254462030199,5
Random-WiSARD-cuckoo,Yeast,best_acc,"{""a"": 20, ""bleach"": 1, ""t"": 256}",0.6161616161616161,56263.4,0.013295225170440971,40.65555625403871,5
Random-WiSARD-cuckoo,Yeast,best_mem_at_iso_acc,"{""a"": 20, ""bleach"": 1, ""t"": 256}",0.6161616161616161,56263.4,0.013295225170440971,40.65555625403871,5
Random-WiSARD-cuckoo,Yeast,best_acc_per_log_mem,"{""a"": 8, ""bleach"": 4, ""t"": 4}",0.45387205387205387,738.4,0.000681225024163723,1.306678184154459,5
Random-WiSARD-cuckoo,Yeast,best_acc_at_small_budget,"{""a"": 8, ""bleach"": 3, ""t"": 64}",0.5824915824915825,9348.8,0.006544324615970254,20.057631041917336,5
Random-WiSARD-cuckoo,Yeast,best_acc_at_medium_budget,"{""a"": 20, ""bleach"": 1, ""t"": 256}",0.6161616161616161,56263.4,0.013295225170440971,40.65555625403871,5
Random-WiSARD-dense,Balance Scale,best_acc,"{""a"": 20, ""bleach"": 4, ""t"": 256}",0.9008,50970.0,0.002927633374929428,16.49246569722891,5
Random-WiSARD-dense,Balance Scale,best_mem_at_iso_acc,"{""a"": 8, ""bleach"": 3, ""t"": 128}",0.8976000000000001,17512.0,0.002394616580568254,13.871265947818756,5
Random-WiSARD-dense,Balance Scale,best_acc_per_log_mem,"{""a"": 8, ""bleach"": 2, ""t"": 2}",0.7487999999999999,634.0,0.00018106659408658742,0.32146722078323364,5
Random-WiSARD-dense,Balance Scale,best_acc_at_small_budget,"{""a"": 8, ""bleach"": 4, ""t"": 64}",0.8928,8975.0,0.0012757332297042012,6.937534734606743,5
Random-WiSARD-dense,Balance Scale,best_acc_at_medium_budget,"{""a"": 20, ""bleach"": 4, ""t"": 256}",0.9008,50970.0,0.002927633374929428,16.49246569722891,5
Random-WiSARD-dense,Banknote,best_acc,"{""a"": 24, ""bleach"": 1, ""t"": 64}",1.0,12923.0,0.0011046664090827107,1.9673933698372408,5
Random-WiSARD-dense,Banknote,best_mem_at_iso_acc,"{""a"": 16, ""bleach"": 1, ""t"": 16}",0.9963636363636363,2835.0,0.0004586000228300691,0.6218800659884106,5
Random-WiSARD-dense,Banknote,best_acc_per_log_mem,"{""a"": 8, ""bleach"": 2, ""t"": 2}",0.941090909090909,332.0,0.0002572583733126521,0.1635759730230678,5
Random-WiSARD-dense,Banknote,best_acc_at_small_budget,"{""a"": 12, ""bleach"": 1, ""t"": 64}",0.9992727272727272,8832.0,0.001403283211402595,2.6940006593411616,5
Random-WiSARD-dense,Banknote,best_acc_at_medium_budget,"{""a"": 24, ""bleach"": 1, ""t"": 64}",1.0,12923.0,0.0011046664090827107,1.9673933698372408,5
Random-WiSARD-dense,Breast Cancer,best_acc,"{""a"": 4, ""bleach"": 1, ""t"": 128}",0.9614035087719298,86208.0,0.021038200007751584,132.9373560126936,5
Random-WiSARD-dense,Breast Cancer,best_mem_at_iso_acc,"{""a"": 4, ""bleach"": 2, ""t"": 64}",0.9578947368421054,43433.0,0.010667633218690752,67.20818959078505,5
Random-WiSARD-dense,Breast Cancer,best_acc_per_log_mem,"{""a"": 2, ""bleach"": 4, ""t"": 2}",0.9017543859649123,1140.0,0.0006985165644437074,3.6202489578148773,5
Random-WiSARD-dense,Breast Cancer,best_acc_at_small_budget,"{""a"": 4, ""bleach"": 3, ""t"": 8}",0.9543859649122807,5902.0,0.0014780000085011125,8.593566650361344,5
Random-WiSARD-dense,Breast Cancer,best_acc_at_medium_budget,"{""a"": 4, ""bleach"": 1, ""t"": 128}",0.9614035087719298,86208.0,0.021038200007751584,132.9373560126936,5
Random-WiSARD-dense,EEG Eye State,best_acc,"{""a"": 48, ""bleach"": 1, ""t"": 256}",0.9371161548731642,3442565.0,0.12542574137914925,12.135352665503747,5
Random-WiSARD-dense,EEG Eye State,best_mem_at_iso_acc,"{""a"": 32, ""bleach"": 1, ""t"": 256}",0.9351134846461949,3304859.0,0.13997813297901301,14.603677031973273,5
Random-WiSARD-dense,EEG Eye State,best_acc_per_log_mem,"{""a"": 2, ""bleach"": 1, ""t"": 2}",0.5510680907877169,556.0,0.003747291979379952,0.41394086631738614,5
Random-WiSARD-dense,EEG Eye State,best_acc_at_small_budget,"{""a"": 8, ""bleach"": 4, ""t"": 4}",0.6273030707610147,8235.0,0.003840024978853762,0.49502382711451426,5
Random-WiSARD-dense,EEG Eye State,best_acc_at_medium_budget,"{""a"": 20, ""bleach"": 2, ""t"": 8}",0.7869158878504673,94243.0,0.005446616583503783,0.6661715016430505,5
Random-WiSARD-dense,Ecoli,best_acc,"{""a"": 8, ""bleach"": 1, ""t"": 128}",0.8705882352941178,25783.0,0.006171108200214803,74.94412095505086,5
Random-WiSARD-dense,Ecoli,best_mem_at_iso_acc,"{""a"": 8, ""bleach"": 2, ""t"": 32}",0.8705882352941176,6697.0,0.0016373666003346443,19.038114217383896,5
Random-WiSARD-dense,Ecoli,best_acc_per_log_mem,"{""a"": 4, ""bleach"": 4, ""t"": 2}",0.7705882352941177,554.0,0.00034124180674552915,2.6539265972507353,5
Random-WiSARD-dense,Ecoli,best_acc_at_small_budget,"{""a"": 8, ""bleach"": 2, ""t"": 32}",0.8705882352941176,6697.0,0.0016373666003346443,19.038114217383896,5
Random-WiSARD-dense,Ecoli,best_acc_at_medium_budget,"{""a"": 8, ""bleach"": 1, ""t"": 128}",0.8705882352941178,25783.0,0.006171108200214803,74.94412095505086,5
Random-WiSARD-dense,Glass,best_acc,"{""a"": 12, ""bleach"": 1, ""t"": 128}",0.7674418604651163,42209.0,0.004629149590618909,86.37539089419121,5
Random-WiSARD-dense,Glass,best_mem_at_iso_acc,"{""a"": 24, ""bleach"": 1, ""t"": 128}",0.7627906976744186,32109.0,0.002923258417285979,53.82326063375141,5
Random-WiSARD-dense,Glass,best_acc_per_log_mem,"{""a"": 4, ""bleach"": 3, ""t"": 2}",0.6418604651162791,910.0,0.0003191418014466763,3.9046516555339794,5
Random-WiSARD-dense,Glass,best_acc_at_small_budget,"{""a"": 20, ""bleach"": 1, ""t"": 32}",0.7395348837209302,9398.0,0.000942000187933445,15.9720933541309,5
Random-WiSARD-dense,Glass,best_acc_at_medium_budget,"{""a"": 12, ""bleach"": 1, ""t"": 128}",0.7674418604651163,42209.0,0.004629149590618909,86.37539089419121,5
Random-WiSARD-dense,Haberman,best_acc,"{""a"": 20, ""bleach"": 4, ""t"": 64}",0.7483870967741936,6370.0,0.0004742832155898213,4.6248671658817795,5
Random-WiSARD-dense,Haberman,best_mem_at_iso_acc,"{""a"": 4, ""bleach"": 2, ""t"": 16}",0.7483870967741936,1072.0,0.00033420820254832507,2.9309164552438647,5
Random-WiSARD-dense,Haberman,best_acc_per_log_mem,"{""a"": 2, ""bleach"": 1, ""t"": 2}",0.7419354838709677,118.0,0.00015699982177466154,0.7943576952863124,5
Random-WiSARD-dense,Haberman,best_acc_at_small_budget,"{""a"": 20, ""bleach"": 4, ""t"": 64}",0.7483870967741936,6370.0,0.0004742832155898213,4.6248671658817795,5
Random-WiSARD-dense,Haberman,best_acc_at_medium_budget,"{""a"": 20, ""bleach"": 4, ""t"": 64}",0.7483870967741936,6370.0,0.0004742832155898213,4.6248671658817795,5
Random-WiSARD-dense,Ionosphere,best_acc,"{""a"": 8, ""bleach"": 1, ""t"": 128}",0.9492957746478872,165478.0,0.01345136642921716,141.86115496017982,5
Random-WiSARD-dense,Ionosphere,best_mem_at_iso_acc,"{""a"": 8, ""bleach"": 1, ""t"": 64}",0.9492957746478872,82992.0,0.006837591994553804,71.9261719700946,5
Random-WiSARD-dense,Ionosphere,best_acc_per_log_mem,"{""a"": 4, ""bleach"": 4, ""t"": 2}",0.808450704225352,2066.0,0.0004488666076213121,3.737907423834566,5
Random-WiSARD-dense,Ionosphere,best_acc_at_small_budget,"{""a"": 16, ""bleach"": 3, ""t"": 4}",0.904225352112676,7942.0,0.0004172832006588578,3.4097437812408926,5
Random-WiSARD-dense,Ionosphere,best_acc_at_medium_budget,"{""a"": 8, ""bleach"": 1, ""t"": 64}",0.9492957746478872,82992.0,0.006837591994553804,71.9261719700946,5
Random-WiSARD-dense,Iris,best_acc,"{""a"": 12, ""bleach"": 4, ""t"": 256}",0.9666666666666668,14996.0,0.0026018000207841396,69.18001376713316,5
Random-WiSARD-dense,Iris,best_mem_at_iso_acc,"{""a"": 4, ""bleach"": 2, ""t"": 2}",0.9666666666666666,121.0,0.00014353340957313777,1.5380528445045152,5
Random-WiSARD-dense,Iris,best_acc_per_log_mem,"{""a"": 4, ""bleach"": 2, ""t"": 2}",0.9666666666666666,121.0,0.00014353340957313777,1.5380528445045152,5
Random-WiSARD-dense,Iris,best_acc_at_small_budget,"{""a"": 16, ""bleach"": 2, ""t"": 128}",0.9666666666666666,7549.0,0.0011382500408217311,28.803333019216854,5
Random-WiSARD-dense,Iris,best_acc_at_medium_budget,"{""a"": 12, ""bleach"": 4, ""t"": 256}",0.9666666666666668,14996.0,0.0026018000207841396,69.18001376713316,5
Random-WiSARD-dense,Letter Recognition,best_acc,"{""a"": 24, ""bleach"": 1, ""t"": 256}",0.9536,4384841.0,0.39238795863930137,126.0559750488028,5
Random-WiSARD-dense,Letter Recognition,best_mem_at_iso_acc,"{""a"": 20, ""bleach"": 1, ""t"": 128}",0.9492499999999999,2079432.0,0.1665784165961668,70.5808833008632,5
Random-WiSARD-dense,Letter Recognition,best_acc_per_log_mem,"{""a"": 16, ""bleach"": 1, ""t"": 16}",0.90485,250107.0,0.02118379161693156,10.323247901396826,5
Random-WiSARD-dense,Letter Recognition,best_acc_at_small_budget,"{""a"": 2, ""bleach"": 4, ""t"": 2}",0.08954999999999999,7898.0,0.013874566624872386,4.249995859572664,5
Random-WiSARD-dense,Letter Recognition,best_acc_at_medium_budget,"{""a"": 16, ""bleach"": 1, ""t"": 4}",0.78545,80567.0,0.007024091971106827,2.7520666946657,5
Random-WiSARD-dense,Magic Gamma,best_acc,"{""a"": 24, ""bleach"": 1, ""t"": 256}",0.8684016824395373,1582318.0,0.12162441681139172,11.66781019953155,5
Random-WiSARD-dense,Magic Gamma,best_mem_at_iso_acc,"{""a"": 16, ""bleach"": 2, ""t"": 256}",0.8661409043112513,806598.0,0.1290080083766952,13.535059574740762,5
Random-WiSARD-dense,Magic Gamma,best_acc_per_log_mem,"{""a"": 2, ""bleach"": 1, ""t"": 2}",0.6482649842271293,390.0,0.003952091396786273,0.29108401992163385,5
Random-WiSARD-dense,Magic Gamma,best_acc_at_small_budget,"{""a"": 8, ""bleach"": 4, ""t"": 8}",0.7435856992639327,8620.0,0.005691533396020532,0.6265597298964624,5
Random-WiSARD-dense,Magic Gamma,best_acc_at_medium_budget,"{""a"": 12, ""bleach"": 4, ""t"": 32}",0.8339116719242903,65522.0,0.014622266590595245,2.068055516498635,5
Random-WiSARD-dense,Pendigits,best_acc,"{""a"": 24, ""bleach"": 1, ""t"": 256}",0.9895407003183265,1541674.0,0.17580585840623825,54.47232068515043,5
Random-WiSARD-dense,Pendigits,best_mem_at_iso_acc,"{""a"": 16, ""bleach"": 1, ""t"": 32}",0.9861755343337881,144951.0,0.0170689997728914,8.981680944765248,5
Random-WiSARD-dense,Pendigits,best_acc_per_log_mem,"{""a"": 8, ""bleach"": 4, ""t"": 4}",0.9189631650750341,11218.0,0.004439091845415533,1.8213770664438926,5
Random-WiSARD-dense,Pendigits,best_acc_at_small_budget,"{""a"": 8, ""bleach"": 4, ""t"": 2}",0.8582082764893133,6964.0,0.0029747502179816366,0.9814007190810436,5
Random-WiSARD-dense,Pendigits,best_acc_at_medium_budget,"{""a"": 16, ""bleach"": 1, ""t"": 16}",0.9816280127330606,78806.0,0.009725950192660093,4.743728126014238,5
Random-WiSARD-dense,Pima Diabetes,best_acc,"{""a"": 12, ""bleach"": 2, ""t"": 32}",0.7675324675324675,24753.0,0.0012612247839570046,4.096915522082286,5
Random-WiSARD-dense,Pima Diabetes,best_mem_at_iso_acc,"{""a"": 12, ""bleach"": 2, ""t"": 32}",0.7675324675324675,24753.0,0.0012612247839570046,4.096915522082286,5
Random-WiSARD-dense,Pima Diabetes,best_acc_per_log_mem,"{""a"": 2, ""bleach"": 1, ""t"": 2}",0.6493506493506493,310.0,0.00040493339765816926,0.8766232481734318,5
Random-WiSARD-dense,Pima Diabetes,best_acc_at_small_budget,"{""a"": 8, ""bleach"": 4, ""t"": 8}",0.7454545454545455,4738.0,0.0005076834000647068,1.3293845083129097,5
Random-WiSARD-dense,Pima Diabetes,best_acc_at_medium_budget,"{""a"": 12, ""bleach"": 2, ""t"": 32}",0.7675324675324675,24753.0,0.0012612247839570046,4.096915522082286,5
Random-WiSARD-dense,SatImage,best_acc,"{""a"": 28, ""bleach"": 1, ""t"": 256}",0.9087091757387247,2399496.0,0.20923504980746657,85.71445704749199,5
Random-WiSARD-dense,SatImage,best_mem_at_iso_acc,"{""a"": 28, ""bleach"": 1, ""t"": 64}",0.9046656298600311,615355.0,0.03350945001002401,19.103369489457013,5
Random-WiSARD-dense,SatImage,best_acc_per_log_mem,"{""a"": 8, ""bleach"": 4, ""t"": 4}",0.8315707620528772,18998.0,0.004374674754217267,2.7545813607228675,5
Random-WiSARD-dense,SatImage,best_acc_at_small_budget,"{""a"": 2, ""bleach"": 4, ""t"": 4}",0.5465007776049766,7787.0,0.009366416605189443,5.931771703609041,5
Random-WiSARD-dense,SatImage,best_acc_at_medium_budget,"{""a"": 12, ""bleach"": 3, ""t"": 16}",0.885692068429238,87162.0,0.01171008360106498,8.16056252099446,5
Random-WiSARD-dense,Seeds,best_acc,"{""a"": 16, ""bleach"": 1, ""t"": 8}",0.9380952380952381,1620.0,0.00024226680397987366,2.962105818802402,5
Random-WiSARD-dense,Seeds,best_mem_at_iso_acc,"{""a"": 16, ""bleach"": 1, ""t"": 8}",0.9380952380952381,1620.0,0.00024226680397987366,2.962105818802402,5
Random-WiSARD-dense,Seeds,best_acc_per_log_mem,"{""a"": 4, ""bleach"": 4, ""t"": 2}",0.8714285714285713,330.0,0.00019486621022224426,1.9831338986044837,5
Random-WiSARD-dense,Seeds,best_acc_at_small_budget,"{""a"": 16, ""bleach"": 1, ""t"": 8}",0.9380952380952381,1620.0,0.00024226680397987366,2.962105818802402,5
Random-WiSARD-dense,Seeds,best_acc_at_medium_budget,"{""a"": 16, ""bleach"": 1, ""t"": 8}",0.9380952380952381,1620.0,0.00024226680397987366,2.962105818802402,5
Random-WiSARD-dense,Segment,best_acc,"{""a"": 28, ""bleach"": 1, ""t"": 256}",0.9701298701298701,560270.0,0.029901841818355025,52.34972945741051,5
Random-WiSARD-dense,Segment,best_mem_at_iso_acc,"{""a"": 20, ""bleach"": 1, ""t"": 64}",0.9653679653679653,126167.0,0.009133283351548015,15.960876563830036,5
Random-WiSARD-dense,Segment,best_acc_per_log_mem,"{""a"": 8, ""bleach"": 4, ""t"": 4}",0.8991341991341992,6218.0,0.0014748170506209135,2.015548963825424,5
Random-WiSARD-dense,Segment,best_acc_at_small_budget,"{""a"": 12, ""bleach"": 2, ""t"": 4}",0.9086580086580087,8441.0,0.0012778913602232932,1.6366337220390121,5
Random-WiSARD-dense,Segment,best_acc_at_medium_budget,"{""a"": 28, ""bleach"": 1, ""t"": 32}",0.9632034632034632,73530.0,0.004265999794006348,6.790367586062454,5
Random-WiSARD-dense,Steel Plates,best_acc,"{""a"": 20, ""bleach"": 1, ""t"": 256}",0.9830334190231362,1088400.0,0.041041975189000365,60.88500412702943,5
Random-WiSARD-dense,Steel Plates,best_mem_at_iso_acc,"{""a"": 24, ""bleach"": 1, ""t"": 128}",0.9820051413881747,600530.0,0.018054824974387883,26.826735688876216,5
Random-WiSARD-dense,Steel Plates,best_acc_per_log_mem,"{""a"": 2, ""bleach"": 1, ""t"": 2}",0.6529562982005142,1104.0,0.00128271640278399,2.1973013719855055,5
Random-WiSARD-dense,Steel Plates,best_acc_at_small_budget,"{""a"": 12, ""bleach"": 2, ""t"": 2}",0.8385604113110541,8570.0,0.0006957916310057044,0.7359249933902893,5
Random-WiSARD-dense,Steel Plates,best_acc_at_medium_budget,"{""a"": 20, ""bleach"": 1, ""t"": 16}",0.9480719794344473,76886.0,0.002749991975724697,3.842352638092936,5
Random-WiSARD-dense,Vehicle,best_acc,"{""a"": 12, ""bleach"": 1, ""t"": 256}",0.7482352941176471,346704.0,0.021519358572550117,97.81318689313005,5
Random-WiSARD-dense,Vehicle,best_mem_at_iso_acc,"{""a"": 8, ""bleach"": 2, ""t"": 256}",0.7482352941176471,271345.0,0.027693458436988293,126.99259760077385,5
Random-WiSARD-dense,Vehicle,best_acc_per_log_mem,"{""a"": 8, ""bleach"": 3, ""t"": 2}",0.6270588235294118,3148.0,0.0004605500027537346,1.2530883609810295,5
Random-WiSARD-dense,Vehicle,best_acc_at_small_budget,"{""a"": 8, ""bleach"": 3, ""t"": 8}",0.7023529411764706,9924.0,0.001081033213995397,4.126421340248164,5
Random-WiSARD-dense,Vehicle,best_acc_at_medium_budget,"{""a"": 4, ""bleach"": 2, ""t"": 64}",0.7388235294117648,45485.0,0.011105541791766881,50.99558833000414,5
Random-WiSARD-dense,Waveform,best_acc,"{""a"": 8, ""bleach"": 4, ""t"": 128}",0.8486,895760.0,0.09196177502162754,63.549683382734656,5
Random-WiSARD-dense,Waveform,best_mem_at_iso_acc,"{""a"": 8, ""bleach"": 3, ""t"": 128}",0.8454,895760.0,0.09159167520701886,63.80633362568915,5
Random-WiSARD-dense,Waveform,best_acc_per_log_mem,"{""a"": 8, ""bleach"": 4, ""t"": 2}",0.7343999999999999,23421.0,0.0021094250259920955,1.0862748371437192,5
Random-WiSARD-dense,Waveform,best_acc_at_small_budget,"{""a"": 4, ""bleach"": 4, ""t"": 4}",0.5906,8835.0,0.004151024809107185,2.7172249974682927,5
Random-WiSARD-dense,Waveform,best_acc_at_medium_budget,"{""a"": 8, ""bleach"": 4, ""t"": 8}",0.7936,68202.0,0.006036291783675552,4.019566369242966,5
Random-WiSARD-dense,Wine,best_acc,"{""a"": 2, ""bleach"": 1, ""t"": 32}",0.9888888888888889,9131.0,0.004128091619350016,93.30254462030199,5
Random-WiSARD-dense,Wine,best_mem_at_iso_acc,"{""a"": 8, ""bleach"": 1, ""t"": 16}",0.9888888888888889,6604.0,0.0007862666388973594,15.877772562412753,5
Random-WiSARD-dense,Wine,best_acc_per_log_mem,"{""a"": 2, ""bleach"": 4, ""t"": 2}",0.9055555555555556,643.0,0.0003601165721192956,6.094906711950898,5
Random-WiSARD-dense,Wine,best_acc_at_small_budget,"{""a"": 2, ""bleach"": 1, ""t"": 32}",0.9888888888888889,9131.0,0.004128091619350016,93.30254462030199,5
Random-WiSARD-dense,Wine,best_acc_at_medium_budget,"{""a"": 2, ""bleach"": 1, ""t"": 32}",0.9888888888888889,9131.0,0.004128091619350016,93.30254462030199,5
Random-WiSARD-dense,Yeast,best_acc,"{""a"": 20, ""bleach"": 1, ""t"": 256}",0.6161616161616161,267253.0,0.013295225170440971,40.65555625403871,5
Random-WiSARD-dense,Yeast,best_mem_at_iso_acc,"{""a"": 20, ""bleach"": 1, ""t"": 256}",0.6161616161616161,267253.0,0.013295225170440971,40.65555625403871,5
Random-WiSARD-dense,Yeast,best_acc_per_log_mem,"{""a"": 12, ""bleach"": 2, ""t"": 32}",0.5797979797979799,29205.0,0.002703733183443546,7.6882431427838425,5
Random-WiSARD-dense,Yeast,best_acc_at_small_budget,"{""a"": 12, ""bleach"": 2, ""t"": 8}",0.494949494949495,9633.0,0.0009662663796916604,2.205611429230532,5
Random-WiSARD-dense,Yeast,best_acc_at_medium_budget,"{""a"": 20, ""bleach"": 1, ""t"": 64}",0.6033670033670033,70303.0,0.0036398418014869094,10.557153641625687,5
ULEEN,Balance Scale,best_acc,"{""batch_size"": 32, ""bits_per_input"": 6, ""decay_lr"": true, ""dropout_p"": 0.0, ""epochs"": 50, ""filter_entries"": 256, ""filter_hash_functions"": 2, ""filter_inputs"": 8, ""lr"": 0.01, ""n_submodels"": 5}",0.88,2560.0,0.9181267773189271,3.1179975097378096,3
ULEEN,Balance Scale,best_mem_at_iso_acc,"{""batch_size"": 32, ""bits_per_input"": 6, ""decay_lr"": true, ""dropout_p"": 0.0, ""epochs"": 40, ""filter_entries"": 128, ""filter_hash_functions"": 2, ""filter_inputs"": 4, ""lr"": 0.01, ""n_submodels"": 3}",0.8773333333333334,1344.0,0.4522595970192924,2.1398852889736495,3
ULEEN,Balance Scale,best_acc_per_log_mem,"{""batch_size"": 16, ""bits_per_input"": 3, ""decay_lr"": true, ""dropout_p"": 0.0, ""epochs"": 30, ""filter_entries"": 64, ""filter_hash_functions"": 1, ""filter_inputs"": 4, ""lr"": 0.01, ""n_submodels"": 1}",0.7626666666666667,152.0,0.22171574966826788,0.9623359267910322,3
ULEEN,Balance Scale,best_acc_at_small_budget,"{""batch_size"": 32, ""bits_per_input"": 6, ""decay_lr"": true, ""dropout_p"": 0.0, ""epochs"": 50, ""filter_entries"": 256, ""filter_hash_functions"": 2, ""filter_inputs"": 8, ""lr"": 0.01, ""n_submodels"": 5}",0.88,2560.0,0.9181267773189271,3.1179975097378096,3
ULEEN,Balance Scale,best_acc_at_medium_budget,"{""batch_size"": 32, ""bits_per_input"": 6, ""decay_lr"": true, ""dropout_p"": 0.0, ""epochs"": 50, ""filter_entries"": 256, ""filter_hash_functions"": 2, ""filter_inputs"": 8, ""lr"": 0.01, ""n_submodels"": 5}",0.88,2560.0,0.9181267773189271,3.1179975097378096,3
ULEEN,Banknote,best_acc,"{""batch_size"": 32, ""bits_per_input"": 6, ""decay_lr"": true, ""dropout_p"": 0.0, ""epochs"": 50, ""filter_entries"": 256, ""filter_hash_functions"": 2, ""filter_inputs"": 12, ""lr"": 0.01, ""n_submodels"": 5}",0.9866666666666667,2080.0,1.7165849583301072,2.763736993074417,3
ULEEN,Banknote,best_mem_at_iso_acc,"{""batch_size"": 32, ""bits_per_input"": 6, ""decay_lr"": true, ""dropout_p"": 0.0, ""epochs"": 80, ""filter_entries"": 256, ""filter_hash_functions"": 2, ""filter_inputs"": 8, ""lr"": 0.001, ""n_submodels"": 5, ""pruning_ratio"": 0.27, ""thermometer"": ""gaussian""}",0.9842424242424243,960.0,1.8835789166623726,2.1682823584838347,3
ULEEN,Banknote,best_acc_per_log_mem,"{""batch_size"": 16, ""bits_per_input"": 3, ""decay_lr"": true, ""dropout_p"": 0.0, ""epochs"": 80, ""filter_entries"": 64, ""filter_hash_functions"": 1, ""filter_inputs"": 4, ""lr"": 0.001, ""n_submodels"": 1, ""pruning_ratio"": 0.27, ""thermometer"": ""gaussian""}",0.9018181818181819,48.0,0.8661275556466231,0.8243442315495374,3
ULEEN,Banknote,best_acc_at_small_budget,"{""batch_size"": 32, ""bits_per_input"": 6, ""decay_lr"": true, ""dropout_p"": 0.0, ""epochs"": 50, ""filter_entries"": 256, ""filter_hash_functions"": 2, ""filter_inputs"": 12, ""lr"": 0.01, ""n_submodels"": 5}",0.9866666666666667,2080.0,1.7165849583301072,2.763736993074417,3
ULEEN,Banknote,best_acc_at_medium_budget,"{""batch_size"": 32, ""bits_per_input"": 6, ""decay_lr"": true, ""dropout_p"": 0.0, ""epochs"": 50, ""filter_entries"": 256, ""filter_hash_functions"": 2, ""filter_inputs"": 12, ""lr"": 0.01, ""n_submodels"": 5}",0.9866666666666667,2080.0,1.7165849583301072,2.763736993074417,3
ULEEN,Breast Cancer,best_acc,"{""batch_size"": 32, ""bits_per_input"": 6, ""decay_lr"": true, ""dropout_p"": 0.0, ""epochs"": 40, ""filter_entries"": 128, ""filter_hash_functions"": 2, ""filter_inputs"": 6, ""lr"": 0.01, ""n_submodels"": 3}",0.9590643274853802,5328.0,0.5884465966373682,6.779601827416329,3
ULEEN,Breast Cancer,best_mem_at_iso_acc,"{""batch_size"": 32, ""bits_per_input"": 6, ""decay_lr"": true, ""dropout_p"": 0.0, ""epochs"": 40, ""filter_entries"": 128, ""filter_hash_functions"": 2, ""filter_inputs"": 6, ""lr"": 0.01, ""n_submodels"": 3}",0.9590643274853802,5328.0,0.5884465966373682,6.779601827416329,3
ULEEN,Breast Cancer,best_acc_per_log_mem,"{""batch_size"": 16, ""bits_per_input"": 3, ""decay_lr"": true, ""dropout_p"": 0.0, ""epochs"": 80, ""filter_entries"": 64, ""filter_hash_functions"": 1, ""filter_inputs"": 4, ""lr"": 0.001, ""n_submodels"": 1, ""pruning_ratio"": 0.27, ""thermometer"": ""gaussian""}",0.9093567251461989,272.0,0.46040395833551884,2.227584717043659,3
ULEEN,Breast Cancer,best_acc_at_small_budget,"{""batch_size"": 32, ""bits_per_input"": 6, ""decay_lr"": true, ""dropout_p"": 0.0, ""epochs"": 40, ""filter_entries"": 128, ""filter_hash_functions"": 2, ""filter_inputs"": 6, ""lr"": 0.01, ""n_submodels"": 3}",0.9590643274853802,5328.0,0.5884465966373682,6.779601827416329,3
ULEEN,Breast Cancer,best_acc_at_medium_budget,"{""batch_size"": 32, ""bits_per_input"": 6, ""decay_lr"": true, ""dropout_p"": 0.0, ""epochs"": 40, ""filter_entries"": 128, ""filter_hash_functions"": 2, ""filter_inputs"": 6, ""lr"": 0.01, ""n_submodels"": 3}",0.9590643274853802,5328.0,0.5884465966373682,6.779601827416329,3
ULEEN,EEG Eye State,best_acc,"{""batch_size"": 32, ""bits_per_input"": 6, ""decay_lr"": true, ""dropout_p"": 0.0, ""epochs"": 80, ""filter_entries"": 256, ""filter_hash_functions"": 2, ""filter_inputs"": 12, ""lr"": 0.001, ""n_submodels"": 5, ""pruning_ratio"": 0.27, ""thermometer"": ""gaussian""}",0.6637739207832666,1920.0,24.794490249982726,1.65642145534121,3
ULEEN,EEG Eye State,best_mem_at_iso_acc,"{""batch_size"": 32, ""bits_per_input"": 6, ""decay_lr"": true, ""dropout_p"": 0.0, ""epochs"": 80, ""filter_entries"": 256, ""filter_hash_functions"": 2, ""filter_inputs"": 12, ""lr"": 0.001, ""n_submodels"": 5, ""pruning_ratio"": 0.27, ""thermometer"": ""gaussian""}",0.6637739207832666,1920.0,24.794490249982726,1.65642145534121,3
ULEEN,EEG Eye State,best_acc_per_log_mem,"{""batch_size"": 16, ""bits_per_input"": 3, ""decay_lr"": true, ""dropout_p"": 0.0, ""epochs"": 80, ""filter_entries"": 64, ""filter_hash_functions"": 1, ""filter_inputs"": 4, ""lr"": 0.001, ""n_submodels"": 1, ""pruning_ratio"": 0.27, ""thermometer"": ""gaussian""}",0.5657543391188251,144.0,9.740467597303601,0.35255351802230567,3
ULEEN,EEG Eye State,best_acc_at_small_budget,"{""batch_size"": 32, ""bits_per_input"": 6, ""decay_lr"": true, ""dropout_p"": 0.0, ""epochs"": 80, ""filter_entries"": 256, ""filter_hash_functions"": 2, ""filter_inputs"": 12, ""lr"": 0.001, ""n_submodels"": 5, ""pruning_ratio"": 0.27, ""thermometer"": ""gaussian""}",0.6637739207832666,1920.0,24.794490249982726,1.65642145534121,3
ULEEN,EEG Eye State,best_acc_at_medium_budget,"{""batch_size"": 32, ""bits_per_input"": 6, ""decay_lr"": true, ""dropout_p"": 0.0, ""epochs"": 80, ""filter_entries"": 256, ""filter_hash_functions"": 2, ""filter_inputs"": 12, ""lr"": 0.001, ""n_submodels"": 5, ""pruning_ratio"": 0.27, ""thermometer"": ""gaussian""}",0.6637739207832666,1920.0,24.794490249982726,1.65642145534121,3
ULEEN,Ecoli,best_acc,"{""batch_size"": 32, ""bits_per_input"": 6, ""decay_lr"": true, ""dropout_p"": 0.0, ""epochs"": 50, ""filter_entries"": 256, ""filter_hash_functions"": 2, ""filter_inputs"": 12, ""lr"": 0.01, ""n_submodels"": 5}",0.9019607843137255,7040.0,0.5598502083448693,8.859275611957498,3
ULEEN,Ecoli,best_mem_at_iso_acc,"{""batch_size"": 32, ""bits_per_input"": 6, ""decay_lr"": true, ""dropout_p"": 0.0, ""epochs"": 50, ""filter_entries"": 256, ""filter_hash_functions"": 2, ""filter_inputs"": 12, ""lr"": 0.01, ""n_submodels"": 5}",0.9019607843137255,7040.0,0.5598502083448693,8.859275611957498,3
ULEEN,Ecoli,best_acc_per_log_mem,"{""batch_size"": 16, ""bits_per_input"": 3, ""decay_lr"": true, ""dropout_p"": 0.0, ""epochs"": 30, ""filter_entries"": 64, ""filter_hash_functions"": 1, ""filter_inputs"": 4, ""lr"": 0.01, ""n_submodels"": 1}",0.7254901960784315,512.0,0.13913448601185033,1.7330486455238334,3
ULEEN,Ecoli,best_acc_at_small_budget,"{""batch_size"": 32, ""bits_per_input"": 6, ""decay_lr"": true, ""dropout_p"": 0.0, ""epochs"": 50, ""filter_entries"": 256, ""filter_hash_functions"": 2, ""filter_inputs"": 12, ""lr"": 0.01, ""n_submodels"": 5}",0.9019607843137255,7040.0,0.5598502083448693,8.859275611957498,3
ULEEN,Ecoli,best_acc_at_medium_budget,"{""batch_size"": 32, ""bits_per_input"": 6, ""decay_lr"": true, ""dropout_p"": 0.0, ""epochs"": 50, ""filter_entries"": 256, ""filter_hash_functions"": 2, ""filter_inputs"": 12, ""lr"": 0.01, ""n_submodels"": 5}",0.9019607843137255,7040.0,0.5598502083448693,8.859275611957498,3
ULEEN,Glass,best_acc,"{""batch_size"": 16, ""bits_per_input"": 3, ""decay_lr"": true, ""dropout_p"": 0.0, ""epochs"": 30, ""filter_entries"": 64, ""filter_hash_functions"": 2, ""filter_inputs"": 4, ""lr"": 0.01, ""n_submodels"": 3}",0.6666666666666666,1536.0,0.2373565280189117,5.873388524145581,3
ULEEN,Glass,best_mem_at_iso_acc,"{""batch_size"": 16, ""bits_per_input"": 3, ""decay_lr"": true, ""dropout_p"": 0.0, ""epochs"": 30, ""filter_entries"": 64, ""filter_hash_functions"": 2, ""filter_inputs"": 4, ""lr"": 0.01, ""n_submodels"": 3}",0.6666666666666666,1536.0,0.2373565280189117,5.873388524145581,3
ULEEN,Glass,best_acc_per_log_mem,"{""batch_size"": 16, ""bits_per_input"": 3, ""decay_lr"": true, ""dropout_p"": 0.0, ""epochs"": 30, ""filter_entries"": 64, ""filter_hash_functions"": 2, ""filter_inputs"": 4, ""lr"": 0.01, ""n_submodels"": 3}",0.6666666666666666,1536.0,0.2373565280189117,5.873388524145581,3
ULEEN,Glass,best_acc_at_small_budget,"{""batch_size"": 16, ""bits_per_input"": 3, ""decay_lr"": true, ""dropout_p"": 0.0, ""epochs"": 30, ""filter_entries"": 64, ""filter_hash_functions"": 2, ""filter_inputs"": 4, ""lr"": 0.01, ""n_submodels"": 3}",0.6666666666666666,1536.0,0.2373565280189117,5.873388524145581,3
ULEEN,Glass,best_acc_at_medium_budget,"{""batch_size"": 16, ""bits_per_input"": 3, ""decay_lr"": true, ""dropout_p"": 0.0, ""epochs"": 30, ""filter_entries"": 64, ""filter_hash_functions"": 2, ""filter_inputs"": 4, ""lr"": 0.01, ""n_submodels"": 3}",0.6666666666666666,1536.0,0.2373565280189117,5.873388524145581,3
ULEEN,Haberman,best_acc,"{""batch_size"": 16, ""bits_per_input"": 3, ""decay_lr"": true, ""dropout_p"": 0.0, ""epochs"": 30, ""filter_entries"": 64, ""filter_hash_functions"": 2, ""filter_inputs"": 4, ""lr"": 0.01, ""n_submodels"": 3}",0.7365591397849464,480.0,0.28415905532892793,3.3812692529091266,3
ULEEN,Haberman,best_mem_at_iso_acc,"{""batch_size"": 16, ""bits_per_input"": 3, ""decay_lr"": true, ""dropout_p"": 0.0, ""epochs"": 30, ""filter_entries"": 64, ""filter_hash_functions"": 2, ""filter_inputs"": 4, ""lr"": 0.01, ""n_submodels"": 3}",0.7365591397849464,480.0,0.28415905532892793,3.3812692529091266,3
ULEEN,Haberman,best_acc_per_log_mem,"{""batch_size"": 16, ""bits_per_input"": 3, ""decay_lr"": true, ""dropout_p"": 0.0, ""epochs"": 80, ""filter_entries"": 64, ""filter_hash_functions"": 1, ""filter_inputs"": 4, ""lr"": 0.001, ""n_submodels"": 1, ""pruning_ratio"": 0.27, ""thermometer"": ""gaussian""}",0.6451612903225806,48.0,0.1985263613751158,1.9289887390069422,3
ULEEN,Haberman,best_acc_at_small_budget,"{""batch_size"": 16, ""bits_per_input"": 3, ""decay_lr"": true, ""dropout_p"": 0.0, ""epochs"": 30, ""filter_entries"": 64, ""filter_hash_functions"": 2, ""filter_inputs"": 4, ""lr"": 0.01, ""n_submodels"": 3}",0.7365591397849464,480.0,0.28415905532892793,3.3812692529091266,3
ULEEN,Haberman,best_acc_at_medium_budget,"{""batch_size"": 16, ""bits_per_input"": 3, ""decay_lr"": true, ""dropout_p"": 0.0, ""epochs"": 30, ""filter_entries"": 64, ""filter_hash_functions"": 2, ""filter_inputs"": 4, ""lr"": 0.01, ""n_submodels"": 3}",0.7365591397849464,480.0,0.28415905532892793,3.3812692529091266,3
ULEEN,Ionosphere,best_acc,"{""batch_size"": 16, ""bits_per_input"": 3, ""decay_lr"": true, ""dropout_p"": 0.0, ""epochs"": 30, ""filter_entries"": 64, ""filter_hash_functions"": 2, ""filter_inputs"": 4, ""lr"": 0.01, ""n_submodels"": 3}",0.948356807511737,2688.0,0.4027302503818646,6.778168977356292,3
ULEEN,Ionosphere,best_mem_at_iso_acc,"{""batch_size"": 16, ""bits_per_input"": 3, ""decay_lr"": true, ""dropout_p"": 0.0, ""epochs"": 30, ""filter_entries"": 64, ""filter_hash_functions"": 2, ""filter_inputs"": 4, ""lr"": 0.01, ""n_submodels"": 3}",0.948356807511737,2688.0,0.4027302503818646,6.778168977356292,3
ULEEN,Ionosphere,best_acc_per_log_mem,"{""batch_size"": 16, ""bits_per_input"": 3, ""decay_lr"": true, ""dropout_p"": 0.0, ""epochs"": 30, ""filter_entries"": 64, ""filter_hash_functions"": 1, ""filter_inputs"": 4, ""lr"": 0.01, ""n_submodels"": 1}",0.8779342723004695,864.0,0.15272261097561568,2.5731644772447892,3
ULEEN,Ionosphere,best_acc_at_small_budget,"{""batch_size"": 16, ""bits_per_input"": 3, ""decay_lr"": true, ""dropout_p"": 0.0, ""epochs"": 30, ""filter_entries"": 64, ""filter_hash_functions"": 2, ""filter_inputs"": 4, ""lr"": 0.01, ""n_submodels"": 3}",0.948356807511737,2688.0,0.4027302503818646,6.778168977356292,3
ULEEN,Ionosphere,best_acc_at_medium_budget,"{""batch_size"": 16, ""bits_per_input"": 3, ""decay_lr"": true, ""dropout_p"": 0.0, ""epochs"": 30, ""filter_entries"": 64, ""filter_hash_functions"": 2, ""filter_inputs"": 4, ""lr"": 0.01, ""n_submodels"": 3}",0.948356807511737,2688.0,0.4027302503818646,6.778168977356292,3
ULEEN,Iris,best_acc,"{""batch_size"": 32, ""bits_per_input"": 6, ""decay_lr"": true, ""dropout_p"": 0.0, ""epochs"": 50, ""filter_entries"": 256, ""filter_hash_functions"": 2, ""filter_inputs"": 8, ""lr"": 0.01, ""n_submodels"": 5}",0.9,2560.0,0.24307709734421223,10.675464808526966,3
ULEEN,Iris,best_mem_at_iso_acc,"{""batch_size"": 32, ""bits_per_input"": 6, ""decay_lr"": true, ""dropout_p"": 0.0, ""epochs"": 50, ""filter_entries"": 256, ""filter_hash_functions"": 2, ""filter_inputs"": 8, ""lr"": 0.01, ""n_submodels"": 5}",0.9,2560.0,0.24307709734421223,10.675464808526966,3
ULEEN,Iris,best_acc_per_log_mem,"{""batch_size"": 16, ""bits_per_input"": 3, ""decay_lr"": true, ""dropout_p"": 0.0, ""epochs"": 30, ""filter_entries"": 64, ""filter_hash_functions"": 1, ""filter_inputs"": 4, ""lr"": 0.01, ""n_submodels"": 1}",0.7111111111111111,152.0,0.2226891250271971,3.9962999936607146,3
ULEEN,Iris,best_acc_at_small_budget,"{""batch_size"": 32, ""bits_per_input"": 6, ""decay_lr"": true, ""dropout_p"": 0.0, ""epochs"": 50, ""filter_entries"": 256, ""filter_hash_functions"": 2, ""filter_inputs"": 8, ""lr"": 0.01, ""n_submodels"": 5}",0.9,2560.0,0.24307709734421223,10.675464808526966,3
ULEEN,Iris,best_acc_at_medium_budget,"{""batch_size"": 32, ""bits_per_input"": 6, ""decay_lr"": true, ""dropout_p"": 0.0, ""epochs"": 50, ""filter_entries"": 256, ""filter_hash_functions"": 2, ""filter_inputs"": 8, ""lr"": 0.01, ""n_submodels"": 5}",0.9,2560.0,0.24307709734421223,10.675464808526966,3
ULEEN,Letter Recognition,best_acc,"{""batch_size"": 32, ""bits_per_input"": 6, ""decay_lr"": true, ""dropout_p"": 0.0, ""epochs"": 80, ""filter_entries"": 256, ""filter_hash_functions"": 2, ""filter_inputs"": 12, ""lr"": 0.001, ""n_submodels"": 5, ""pruning_ratio"": 0.27, ""thermometer"": ""gaussian""}",0.8814166666666666,24960.0,73.542406652666,3.2825103359452137,3
ULEEN,Letter Recognition,best_mem_at_iso_acc,"{""batch_size"": 32, ""bits_per_input"": 6, ""decay_lr"": true, ""dropout_p"": 0.0, ""epochs"": 80, ""filter_entries"": 256, ""filter_hash_functions"": 2, ""filter_inputs"": 12, ""lr"": 0.001, ""n_submodels"": 5, ""pruning_ratio"": 0.27, ""thermometer"": ""gaussian""}",0.8814166666666666,24960.0,73.542406652666,3.2825103359452137,3
ULEEN,Letter Recognition,best_acc_per_log_mem,"{""batch_size"": 32, ""bits_per_input"": 6, ""decay_lr"": true, ""dropout_p"": 0.0, ""epochs"": 80, ""filter_entries"": 256, ""filter_hash_functions"": 2, ""filter_inputs"": 12, ""lr"": 0.001, ""n_submodels"": 5, ""pruning_ratio"": 0.27, ""thermometer"": ""gaussian""}",0.8814166666666666,24960.0,73.542406652666,3.2825103359452137,3
ULEEN,Letter Recognition,best_acc_at_small_budget,"{""batch_size"": 16, ""bits_per_input"": 3, ""decay_lr"": true, ""dropout_p"": 0.0, ""epochs"": 80, ""filter_entries"": 64, ""filter_hash_functions"": 2, ""filter_inputs"": 4, ""lr"": 0.001, ""n_submodels"": 3, ""pruning_ratio"": 0.27, ""thermometer"": ""gaussian""}",0.6594166666666667,5616.0,55.32868498633616,2.5572257582098246,3
ULEEN,Letter Recognition,best_acc_at_medium_budget,"{""batch_size"": 32, ""bits_per_input"": 6, ""decay_lr"": true, ""dropout_p"": 0.0, ""epochs"": 80, ""filter_entries"": 256, ""filter_hash_functions"": 2, ""filter_inputs"": 12, ""lr"": 0.001, ""n_submodels"": 5, ""pruning_ratio"": 0.27, ""thermometer"": ""gaussian""}",0.8814166666666666,24960.0,73.542406652666,3.2825103359452137,3
ULEEN,Magic Gamma,best_acc,"{""batch_size"": 32, ""bits_per_input"": 6, ""decay_lr"": true, ""dropout_p"": 0.0, ""epochs"": 80, ""filter_entries"": 256, ""filter_hash_functions"": 2, ""filter_inputs"": 12, ""lr"": 0.001, ""n_submodels"": 5, ""pruning_ratio"": 0.27, ""thermometer"": ""gaussian""}",0.8386785839467228,1280.0,30.71769595871835,1.3355056975915627,3
ULEEN,Magic Gamma,best_mem_at_iso_acc,"{""batch_size"": 32, ""bits_per_input"": 6, ""decay_lr"": true, ""dropout_p"": 0.0, ""epochs"": 80, ""filter_entries"": 256, ""filter_hash_functions"": 2, ""filter_inputs"": 12, ""lr"": 0.001, ""n_submodels"": 5, ""pruning_ratio"": 0.27, ""thermometer"": ""gaussian""}",0.8386785839467228,1280.0,30.71769595871835,1.3355056975915627,3
ULEEN,Magic Gamma,best_acc_per_log_mem,"{""batch_size"": 16, ""bits_per_input"": 3, ""decay_lr"": true, ""dropout_p"": 0.0, ""epochs"": 80, ""filter_entries"": 64, ""filter_hash_functions"": 1, ""filter_inputs"": 4, ""lr"": 0.001, ""n_submodels"": 1, ""pruning_ratio"": 0.27, ""thermometer"": ""gaussian""}",0.7887311601822643,96.0,12.113554694379369,0.24591080072054183,3
ULEEN,Magic Gamma,best_acc_at_small_budget,"{""batch_size"": 32, ""bits_per_input"": 6, ""decay_lr"": true, ""dropout_p"": 0.0, ""epochs"": 80, ""filter_entries"": 256, ""filter_hash_functions"": 2, ""filter_inputs"": 12, ""lr"": 0.001, ""n_submodels"": 5, ""pruning_ratio"": 0.27, ""thermometer"": ""gaussian""}",0.8386785839467228,1280.0,30.71769595871835,1.3355056975915627,3
ULEEN,Magic Gamma,best_acc_at_medium_budget,"{""batch_size"": 32, ""bits_per_input"": 6, ""decay_lr"": true, ""dropout_p"": 0.0, ""epochs"": 80, ""filter_entries"": 256, ""filter_hash_functions"": 2, ""filter_inputs"": 12, ""lr"": 0.001, ""n_submodels"": 5, ""pruning_ratio"": 0.27, ""thermometer"": ""gaussian""}",0.8386785839467228,1280.0,30.71769595871835,1.3355056975915627,3
ULEEN,Pendigits,best_acc,"{""batch_size"": 32, ""bits_per_input"": 6, ""decay_lr"": true, ""dropout_p"": 0.0, ""epochs"": 50, ""filter_entries"": 256, ""filter_hash_functions"": 2, ""filter_inputs"": 8, ""lr"": 0.01, ""n_submodels"": 5}",0.9878732757313932,21760.0,23.916863277670927,2.995496604473587,3
ULEEN,Pendigits,best_mem_at_iso_acc,"{""batch_size"": 32, ""bits_per_input"": 6, ""decay_lr"": true, ""dropout_p"": 0.0, ""epochs"": 40, ""filter_entries"": 128, ""filter_hash_functions"": 2, ""filter_inputs"": 6, ""lr"": 0.01, ""n_submodels"": 3}",0.9857510989843868,9120.0,12.148194222012535,1.7466904593800185,3
ULEEN,Pendigits,best_acc_per_log_mem,"{""batch_size"": 16, ""bits_per_input"": 3, ""decay_lr"": true, ""dropout_p"": 0.0, ""epochs"": 80, ""filter_entries"": 64, ""filter_hash_functions"": 1, ""filter_inputs"": 4, ""lr"": 0.001, ""n_submodels"": 1, ""pruning_ratio"": 0.27, ""thermometer"": ""gaussian""}",0.8873730483553129,720.0,8.198155444658672,0.4530783562811013,3
ULEEN,Pendigits,best_acc_at_small_budget,"{""batch_size"": 32, ""bits_per_input"": 6, ""decay_lr"": true, ""dropout_p"": 0.0, ""epochs"": 40, ""filter_entries"": 128, ""filter_hash_functions"": 2, ""filter_inputs"": 6, ""lr"": 0.01, ""n_submodels"": 3}",0.9857510989843868,9120.0,12.148194222012535,1.7466904593800185,3
ULEEN,Pendigits,best_acc_at_medium_budget,"{""batch_size"": 32, ""bits_per_input"": 6, ""decay_lr"": true, ""dropout_p"": 0.0, ""epochs"": 50, ""filter_entries"": 256, ""filter_hash_functions"": 2, ""filter_inputs"": 8, ""lr"": 0.01, ""n_submodels"": 5}",0.9878732757313932,21760.0,23.916863277670927,2.995496604473587,3
ULEEN,Pima Diabetes,best_acc,"{""batch_size"": 32, ""bits_per_input"": 6, ""decay_lr"": true, ""dropout_p"": 0.0, ""epochs"": 50, ""filter_entries"": 256, ""filter_hash_functions"": 2, ""filter_inputs"": 8, ""lr"": 0.01, ""n_submodels"": 5}",0.7683982683982684,3520.0,1.1717876109760255,4.635101740623449,3
ULEEN,Pima Diabetes,best_mem_at_iso_acc,"{""batch_size"": 32, ""bits_per_input"": 6, ""decay_lr"": true, ""dropout_p"": 0.0, ""epochs"": 40, ""filter_entries"": 128, ""filter_hash_functions"": 2, ""filter_inputs"": 6, ""lr"": 0.01, ""n_submodels"": 3}",0.7662337662337663,1632.0,0.5004354443323488,3.0201102820632264,3
ULEEN,Pima Diabetes,best_acc_per_log_mem,"{""batch_size"": 16, ""bits_per_input"": 3, ""decay_lr"": true, ""dropout_p"": 0.0, ""epochs"": 80, ""filter_entries"": 64, ""filter_hash_functions"": 1, ""filter_inputs"": 4, ""lr"": 0.001, ""n_submodels"": 1, ""pruning_ratio"": 0.27, ""thermometer"": ""gaussian""}",0.6883116883116883,80.0,0.4896683197002858,1.243415673654446,3
ULEEN,Pima Diabetes,best_acc_at_small_budget,"{""batch_size"": 32, ""bits_per_input"": 6, ""decay_lr"": true, ""dropout_p"": 0.0, ""epochs"": 50, ""filter_entries"": 256, ""filter_hash_functions"": 2, ""filter_inputs"": 8, ""lr"": 0.01, ""n_submodels"": 5}",0.7683982683982684,3520.0,1.1717876109760255,4.635101740623449,3
ULEEN,Pima Diabetes,best_acc_at_medium_budget,"{""batch_size"": 32, ""bits_per_input"": 6, ""decay_lr"": true, ""dropout_p"": 0.0, ""epochs"": 50, ""filter_entries"": 256, ""filter_hash_functions"": 2, ""filter_inputs"": 8, ""lr"": 0.01, ""n_submodels"": 5}",0.7683982683982684,3520.0,1.1717876109760255,4.635101740623449,3
ULEEN,SatImage,best_acc,"{""batch_size"": 32, ""bits_per_input"": 6, ""decay_lr"": true, ""dropout_p"": 0.0, ""epochs"": 80, ""filter_entries"": 256, ""filter_hash_functions"": 2, ""filter_inputs"": 12, ""lr"": 0.001, ""n_submodels"": 5, ""pruning_ratio"": 0.27, ""thermometer"": ""gaussian""}",0.8994297563504405,13440.0,17.48171934702744,4.687661998130347,3
ULEEN,SatImage,best_mem_at_iso_acc,"{""batch_size"": 32, ""bits_per_input"": 6, ""decay_lr"": true, ""dropout_p"": 0.0, ""epochs"": 80, ""filter_entries"": 128, ""filter_hash_functions"": 2, ""filter_inputs"": 6, ""lr"": 0.001, ""n_submodels"": 3, ""pruning_ratio"": 0.27, ""thermometer"": ""gaussian""}",0.8952825298081907,7776.0,12.049750416656025,3.4616490634821626,3
ULEEN,SatImage,best_acc_per_log_mem,"{""batch_size"": 16, ""bits_per_input"": 3, ""decay_lr"": true, ""dropout_p"": 0.0, ""epochs"": 80, ""filter_entries"": 64, ""filter_hash_functions"": 1, ""filter_inputs"": 4, ""lr"": 0.001, ""n_submodels"": 1, ""pruning_ratio"": 0.27, ""thermometer"": ""gaussian""}",0.847071021254536,960.0,5.047013986312474,0.586691791671601,3
ULEEN,SatImage,best_acc_at_small_budget,"{""batch_size"": 32, ""bits_per_input"": 6, ""decay_lr"": true, ""dropout_p"": 0.0, ""epochs"": 80, ""filter_entries"": 128, ""filter_hash_functions"": 2, ""filter_inputs"": 6, ""lr"": 0.001, ""n_submodels"": 3, ""pruning_ratio"": 0.27, ""thermometer"": ""gaussian""}",0.8952825298081907,7776.0,12.049750416656025,3.4616490634821626,3
ULEEN,SatImage,best_acc_at_medium_budget,"{""batch_size"": 32, ""bits_per_input"": 6, ""decay_lr"": true, ""dropout_p"": 0.0, ""epochs"": 80, ""filter_entries"": 256, ""filter_hash_functions"": 2, ""filter_inputs"": 12, ""lr"": 0.001, ""n_submodels"": 5, ""pruning_ratio"": 0.27, ""thermometer"": ""gaussian""}",0.8994297563504405,13440.0,17.48171934702744,4.687661998130347,3
ULEEN,Seeds,best_acc,"{""batch_size"": 32, ""bits_per_input"": 6, ""decay_lr"": true, ""dropout_p"": 0.0, ""epochs"": 40, ""filter_entries"": 128, ""filter_hash_functions"": 2, ""filter_inputs"": 4, ""lr"": 0.01, ""n_submodels"": 3}",0.9444444444444443,2304.0,0.17885108365832517,6.85648364384496,3
ULEEN,Seeds,best_mem_at_iso_acc,"{""batch_size"": 32, ""bits_per_input"": 6, ""decay_lr"": true, ""dropout_p"": 0.0, ""epochs"": 40, ""filter_entries"": 128, ""filter_hash_functions"": 2, ""filter_inputs"": 4, ""lr"": 0.01, ""n_submodels"": 3}",0.9444444444444443,2304.0,0.17885108365832517,6.85648364384496,3
ULEEN,Seeds,best_acc_per_log_mem,"{""batch_size"": 16, ""bits_per_input"": 3, ""decay_lr"": true, ""dropout_p"": 0.0, ""epochs"": 30, ""filter_entries"": 64, ""filter_hash_functions"": 1, ""filter_inputs"": 4, ""lr"": 0.01, ""n_submodels"": 1}",0.873015873015873,272.0,0.08815205566740285,2.809849175964556,3
ULEEN,Seeds,best_acc_at_small_budget,"{""batch_size"": 32, ""bits_per_input"": 6, ""decay_lr"": true, ""dropout_p"": 0.0, ""epochs"": 40, ""filter_entries"": 128, ""filter_hash_functions"": 2, ""filter_inputs"": 4, ""lr"": 0.01, ""n_submodels"": 3}",0.9444444444444443,2304.0,0.17885108365832517,6.85648364384496,3
ULEEN,Seeds,best_acc_at_medium_budget,"{""batch_size"": 32, ""bits_per_input"": 6, ""decay_lr"": true, ""dropout_p"": 0.0, ""epochs"": 40, ""filter_entries"": 128, ""filter_hash_functions"": 2, ""filter_inputs"": 4, ""lr"": 0.01, ""n_submodels"": 3}",0.9444444444444443,2304.0,0.17885108365832517,6.85648364384496,3
ULEEN,Segment,best_acc,"{""batch_size"": 32, ""bits_per_input"": 6, ""decay_lr"": true, ""dropout_p"": 0.0, ""epochs"": 50, ""filter_entries"": 256, ""filter_hash_functions"": 2, ""filter_inputs"": 12, ""lr"": 0.01, ""n_submodels"": 5}",0.9502164502164502,14560.0,4.752663347016399,6.330417083444619,3
ULEEN,Segment,best_mem_at_iso_acc,"{""batch_size"": 32, ""bits_per_input"": 6, ""decay_lr"": true, ""dropout_p"": 0.0, ""epochs"": 50, ""filter_entries"": 256, ""filter_hash_functions"": 2, ""filter_inputs"": 12, ""lr"": 0.01, ""n_submodels"": 5}",0.9502164502164502,14560.0,4.752663347016399,6.330417083444619,3
ULEEN,Segment,best_acc_per_log_mem,"{""batch_size"": 16, ""bits_per_input"": 3, ""decay_lr"": true, ""dropout_p"": 0.0, ""epochs"": 80, ""filter_entries"": 64, ""filter_hash_functions"": 1, ""filter_inputs"": 4, ""lr"": 0.001, ""n_submodels"": 1, ""pruning_ratio"": 0.27, ""thermometer"": ""gaussian""}",0.8152958152958153,616.0,1.7474531249996896,1.2756732170178433,3
ULEEN,Segment,best_acc_at_small_budget,"{""batch_size"": 32, ""bits_per_input"": 6, ""decay_lr"": true, ""dropout_p"": 0.0, ""epochs"": 40, ""filter_entries"": 128, ""filter_hash_functions"": 2, ""filter_inputs"": 6, ""lr"": 0.01, ""n_submodels"": 3}",0.9437229437229439,8040.0,2.506415083693961,4.206078690120582,3
ULEEN,Segment,best_acc_at_medium_budget,"{""batch_size"": 32, ""bits_per_input"": 6, ""decay_lr"": true, ""dropout_p"": 0.0, ""epochs"": 50, ""filter_entries"": 256, ""filter_hash_functions"": 2, ""filter_inputs"": 12, ""lr"": 0.01, ""n_submodels"": 5}",0.9502164502164502,14560.0,4.752663347016399,6.330417083444619,3
ULEEN,Steel Plates,best_acc,"{""batch_size"": 32, ""bits_per_input"": 6, ""decay_lr"": true, ""dropout_p"": 0.0, ""epochs"": 40, ""filter_entries"": 128, ""filter_hash_functions"": 2, ""filter_inputs"": 4, ""lr"": 0.01, ""n_submodels"": 3}",1.0,7392.0,2.084214708340975,6.111610968914058,3
ULEEN,Steel Plates,best_mem_at_iso_acc,"{""batch_size"": 16, ""bits_per_input"": 3, ""decay_lr"": true, ""dropout_p"": 0.0, ""epochs"": 30, ""filter_entries"": 64, ""filter_hash_functions"": 2, ""filter_inputs"": 4, ""lr"": 0.01, ""n_submodels"": 3}",0.9974293059125964,2592.0,2.13194011101344,4.256391561021126,3
ULEEN,Steel Plates,best_acc_per_log_mem,"{""batch_size"": 16, ""bits_per_input"": 3, ""decay_lr"": true, ""dropout_p"": 0.0, ""epochs"": 30, ""filter_entries"": 64, ""filter_hash_functions"": 1, ""filter_inputs"": 4, ""lr"": 0.01, ""n_submodels"": 1}",0.9383033419023136,832.0,0.8083242779830471,1.2910591866166652,3
ULEEN,Steel Plates,best_acc_at_small_budget,"{""batch_size"": 32, ""bits_per_input"": 6, ""decay_lr"": true, ""dropout_p"": 0.0, ""epochs"": 40, ""filter_entries"": 128, ""filter_hash_functions"": 2, ""filter_inputs"": 4, ""lr"": 0.01, ""n_submodels"": 3}",1.0,7392.0,2.084214708340975,6.111610968914058,3
ULEEN,Steel Plates,best_acc_at_medium_budget,"{""batch_size"": 32, ""bits_per_input"": 6, ""decay_lr"": true, ""dropout_p"": 0.0, ""epochs"": 40, ""filter_entries"": 128, ""filter_hash_functions"": 2, ""filter_inputs"": 4, ""lr"": 0.01, ""n_submodels"": 3}",1.0,7392.0,2.084214708340975,6.111610968914058,3
ULEEN,Vehicle,best_acc,"{""batch_size"": 32, ""bits_per_input"": 6, ""decay_lr"": true, ""dropout_p"": 0.0, ""epochs"": 50, ""filter_entries"": 256, ""filter_hash_functions"": 2, ""filter_inputs"": 8, ""lr"": 0.01, ""n_submodels"": 5}",0.7411764705882353,11840.0,1.715415444651929,6.886764758211725,3
ULEEN,Vehicle,best_mem_at_iso_acc,"{""batch_size"": 32, ""bits_per_input"": 6, ""decay_lr"": true, ""dropout_p"": 0.0, ""epochs"": 50, ""filter_entries"": 256, ""filter_hash_functions"": 2, ""filter_inputs"": 8, ""lr"": 0.01, ""n_submodels"": 5}",0.7411764705882353,11840.0,1.715415444651929,6.886764758211725,3
ULEEN,Vehicle,best_acc_per_log_mem,"{""batch_size"": 16, ""bits_per_input"": 3, ""decay_lr"": true, ""dropout_p"": 0.0, ""epochs"": 80, ""filter_entries"": 64, ""filter_hash_functions"": 2, ""filter_inputs"": 4, ""lr"": 0.001, ""n_submodels"": 3, ""pruning_ratio"": 0.27, ""thermometer"": ""gaussian""}",0.6333333333333333,1056.0,1.591417458296443,2.987990292775281,3
ULEEN,Vehicle,best_acc_at_small_budget,"{""batch_size"": 32, ""bits_per_input"": 6, ""decay_lr"": true, ""dropout_p"": 0.0, ""epochs"": 50, ""filter_entries"": 256, ""filter_hash_functions"": 2, ""filter_inputs"": 12, ""lr"": 0.01, ""n_submodels"": 5}",0.7274509803921569,8880.0,1.680688903007346,6.23954122192135,3
ULEEN,Vehicle,best_acc_at_medium_budget,"{""batch_size"": 32, ""bits_per_input"": 6, ""decay_lr"": true, ""dropout_p"": 0.0, ""epochs"": 50, ""filter_entries"": 256, ""filter_hash_functions"": 2, ""filter_inputs"": 8, ""lr"": 0.01, ""n_submodels"": 5}",0.7411764705882353,11840.0,1.715415444651929,6.886764758211725,3
ULEEN,Waveform,best_acc,"{""batch_size"": 32, ""bits_per_input"": 6, ""decay_lr"": true, ""dropout_p"": 0.0, ""epochs"": 80, ""filter_entries"": 128, ""filter_hash_functions"": 2, ""filter_inputs"": 4, ""lr"": 0.001, ""n_submodels"": 3, ""pruning_ratio"": 0.27, ""thermometer"": ""gaussian""}",0.838,6336.0,9.761207124994447,3.591055671374003,3
ULEEN,Waveform,best_mem_at_iso_acc,"{""batch_size"": 16, ""bits_per_input"": 3, ""decay_lr"": true, ""dropout_p"": 0.0, ""epochs"": 80, ""filter_entries"": 64, ""filter_hash_functions"": 2, ""filter_inputs"": 4, ""lr"": 0.001, ""n_submodels"": 3, ""pruning_ratio"": 0.27, ""thermometer"": ""gaussian""}",0.8333333333333334,1584.0,10.71855052766235,2.272499919248124,3
ULEEN,Waveform,best_acc_per_log_mem,"{""batch_size"": 16, ""bits_per_input"": 3, ""decay_lr"": true, ""dropout_p"": 0.0, ""epochs"": 80, ""filter_entries"": 64, ""filter_hash_functions"": 1, ""filter_inputs"": 4, ""lr"": 0.001, ""n_submodels"": 1, ""pruning_ratio"": 0.27, ""thermometer"": ""gaussian""}",0.79,528.0,3.7911775976341837,0.6078889515871803,3
ULEEN,Waveform,best_acc_at_small_budget,"{""batch_size"": 32, ""bits_per_input"": 6, ""decay_lr"": true, ""dropout_p"": 0.0, ""epochs"": 80, ""filter_entries"": 128, ""filter_hash_functions"": 2, ""filter_inputs"": 4, ""lr"": 0.001, ""n_submodels"": 3, ""pruning_ratio"": 0.27, ""thermometer"": ""gaussian""}",0.838,6336.0,9.761207124994447,3.591055671374003,3
ULEEN,Waveform,best_acc_at_medium_budget,"{""batch_size"": 32, ""bits_per_input"": 6, ""decay_lr"": true, ""dropout_p"": 0.0, ""epochs"": 80, ""filter_entries"": 128, ""filter_hash_functions"": 2, ""filter_inputs"": 4, ""lr"": 0.001, ""n_submodels"": 3, ""pruning_ratio"": 0.27, ""thermometer"": ""gaussian""}",0.838,6336.0,9.761207124994447,3.591055671374003,3
ULEEN,Wine,best_acc,"{""batch_size"": 32, ""bits_per_input"": 6, ""decay_lr"": true, ""dropout_p"": 0.0, ""epochs"": 50, ""filter_entries"": 256, ""filter_hash_functions"": 2, ""filter_inputs"": 8, ""lr"": 0.01, ""n_submodels"": 5}",0.9537037037037037,7040.0,0.32804884703364223,11.352240107953548,3
ULEEN,Wine,best_mem_at_iso_acc,"{""batch_size"": 32, ""bits_per_input"": 6, ""decay_lr"": true, ""dropout_p"": 0.0, ""epochs"": 50, ""filter_entries"": 256, ""filter_hash_functions"": 2, ""filter_inputs"": 8, ""lr"": 0.01, ""n_submodels"": 5}",0.9537037037037037,7040.0,0.32804884703364223,11.352240107953548,3
ULEEN,Wine,best_acc_per_log_mem,"{""batch_size"": 16, ""bits_per_input"": 3, ""decay_lr"": true, ""dropout_p"": 0.0, ""epochs"": 30, ""filter_entries"": 64, ""filter_hash_functions"": 1, ""filter_inputs"": 4, ""lr"": 0.01, ""n_submodels"": 1}",0.8703703703703703,432.0,0.06543909731165816,3.3830906937105794,3
ULEEN,Wine,best_acc_at_small_budget,"{""batch_size"": 32, ""bits_per_input"": 6, ""decay_lr"": true, ""dropout_p"": 0.0, ""epochs"": 50, ""filter_entries"": 256, ""filter_hash_functions"": 2, ""filter_inputs"": 8, ""lr"": 0.01, ""n_submodels"": 5}",0.9537037037037037,7040.0,0.32804884703364223,11.352240107953548,3
ULEEN,Wine,best_acc_at_medium_budget,"{""batch_size"": 32, ""bits_per_input"": 6, ""decay_lr"": true, ""dropout_p"": 0.0, ""epochs"": 50, ""filter_entries"": 256, ""filter_hash_functions"": 2, ""filter_inputs"": 8, ""lr"": 0.01, ""n_submodels"": 5}",0.9537037037037037,7040.0,0.32804884703364223,11.352240107953548,3
ULEEN,Yeast,best_acc,"{""batch_size"": 32, ""bits_per_input"": 6, ""decay_lr"": true, ""dropout_p"": 0.0, ""epochs"": 50, ""filter_entries"": 256, ""filter_hash_functions"": 2, ""filter_inputs"": 12, ""lr"": 0.01, ""n_submodels"": 5}",0.5970819304152638,8320.0,2.4285920000402257,3.5384882609417407,3
ULEEN,Yeast,best_mem_at_iso_acc,"{""batch_size"": 32, ""bits_per_input"": 6, ""decay_lr"": true, ""dropout_p"": 0.0, ""epochs"": 50, ""filter_entries"": 256, ""filter_hash_functions"": 2, ""filter_inputs"": 12, ""lr"": 0.01, ""n_submodels"": 5}",0.5970819304152638,8320.0,2.4285920000402257,3.5384882609417407,3
ULEEN,Yeast,best_acc_per_log_mem,"{""batch_size"": 16, ""bits_per_input"": 3, ""decay_lr"": true, ""dropout_p"": 0.0, ""epochs"": 80, ""filter_entries"": 64, ""filter_hash_functions"": 2, ""filter_inputs"": 4, ""lr"": 0.001, ""n_submodels"": 3, ""pruning_ratio"": 0.27, ""thermometer"": ""gaussian""}",0.5286195286195287,1200.0,2.7659870829666033,1.8673770204939022,3
ULEEN,Yeast,best_acc_at_small_budget,"{""batch_size"": 32, ""bits_per_input"": 6, ""decay_lr"": true, ""dropout_p"": 0.0, ""epochs"": 50, ""filter_entries"": 256, ""filter_hash_functions"": 2, ""filter_inputs"": 12, ""lr"": 0.01, ""n_submodels"": 5}",0.5970819304152638,8320.0,2.4285920000402257,3.5384882609417407,3
ULEEN,Yeast,best_acc_at_medium_budget,"{""batch_size"": 32, ""bits_per_input"": 6, ""decay_lr"": true, ""dropout_p"": 0.0, ""epochs"": 50, ""filter_entries"": 256, ""filter_hash_functions"": 2, ""filter_inputs"": 12, ""lr"": 0.01, ""n_submodels"": 5}",0.5970819304152638,8320.0,2.4285920000402257,3.5384882609417407,3
ULEEN,australian,best_acc,"{""batch_size"": 32, ""bits_per_input"": 6, ""decay_lr"": true, ""dropout_p"": 0.0, ""epochs"": 50, ""filter_entries"": 256, ""filter_hash_functions"": 2, ""filter_inputs"": 8, ""lr"": 0.01, ""n_submodels"": 5}",0.8647342995169082,5920.0,1.1057308616582304,6.1407004222093855,3
ULEEN,australian,best_mem_at_iso_acc,"{""batch_size"": 32, ""bits_per_input"": 6, ""decay_lr"": true, ""dropout_p"": 0.0, ""epochs"": 40, ""filter_entries"": 128, ""filter_hash_functions"": 2, ""filter_inputs"": 6, ""lr"": 0.01, ""n_submodels"": 3}",0.8623188405797101,2640.0,0.5485839580263322,4.091084955017204,3
ULEEN,australian,best_acc_per_log_mem,"{""batch_size"": 16, ""bits_per_input"": 3, ""decay_lr"": true, ""dropout_p"": 0.0, ""epochs"": 80, ""filter_entries"": 64, ""filter_hash_functions"": 1, ""filter_inputs"": 4, ""lr"": 0.001, ""n_submodels"": 1, ""pruning_ratio"": 0.27, ""thermometer"": ""gaussian""}",0.7777777777777777,144.0,0.45315751429491985,1.5074493484976499,3
ULEEN,australian,best_acc_at_small_budget,"{""batch_size"": 32, ""bits_per_input"": 6, ""decay_lr"": true, ""dropout_p"": 0.0, ""epochs"": 50, ""filter_entries"": 256, ""filter_hash_functions"": 2, ""filter_inputs"": 8, ""lr"": 0.01, ""n_submodels"": 5}",0.8647342995169082,5920.0,1.1057308616582304,6.1407004222093855,3
ULEEN,australian,best_acc_at_medium_budget,"{""batch_size"": 32, ""bits_per_input"": 6, ""decay_lr"": true, ""dropout_p"": 0.0, ""epochs"": 50, ""filter_entries"": 256, ""filter_hash_functions"": 2, ""filter_inputs"": 8, ""lr"": 0.01, ""n_submodels"": 5}",0.8647342995169082,5920.0,1.1057308616582304,6.1407004222093855,3
ULEEN,blood-transfusion,best_acc,"{""batch_size"": 32, ""bits_per_input"": 6, ""decay_lr"": true, ""dropout_p"": 0.0, ""epochs"": 50, ""filter_entries"": 256, ""filter_hash_functions"": 2, ""filter_inputs"": 8, ""lr"": 0.01, ""n_submodels"": 5}",0.7799999999999999,2080.0,0.9237841529926906,4.332406808518701,3
ULEEN,blood-transfusion,best_mem_at_iso_acc,"{""batch_size"": 32, ""bits_per_input"": 6, ""decay_lr"": true, ""dropout_p"": 0.0, ""epochs"": 40, ""filter_entries"": 128, ""filter_hash_functions"": 2, ""filter_inputs"": 6, ""lr"": 0.01, ""n_submodels"": 3}",0.7755555555555556,960.0,0.46464009703292203,2.49833127276765,3
ULEEN,blood-transfusion,best_acc_per_log_mem,"{""batch_size"": 16, ""bits_per_input"": 3, ""decay_lr"": true, ""dropout_p"": 0.0, ""epochs"": 80, ""filter_entries"": 64, ""filter_hash_functions"": 1, ""filter_inputs"": 4, ""lr"": 0.001, ""n_submodels"": 1, ""pruning_ratio"": 0.27, ""thermometer"": ""gaussian""}",0.7533333333333333,48.0,0.4543259583491211,0.7797198163138496,3
ULEEN,blood-transfusion,best_acc_at_small_budget,"{""batch_size"": 32, ""bits_per_input"": 6, ""decay_lr"": true, ""dropout_p"": 0.0, ""epochs"": 50, ""filter_entries"": 256, ""filter_hash_functions"": 2, ""filter_inputs"": 8, ""lr"": 0.01, ""n_submodels"": 5}",0.7799999999999999,2080.0,0.9237841529926906,4.332406808518701,3
ULEEN,blood-transfusion,best_acc_at_medium_budget,"{""batch_size"": 32, ""bits_per_input"": 6, ""decay_lr"": true, ""dropout_p"": 0.0, ""epochs"": 50, ""filter_entries"": 256, ""filter_hash_functions"": 2, ""filter_inputs"": 8, ""lr"": 0.01, ""n_submodels"": 5}",0.7799999999999999,2080.0,0.9237841529926906,4.332406808518701,3
ULEEN,christine,best_acc,"{""batch_size"": 32, ""bits_per_input"": 6, ""decay_lr"": true, ""dropout_p"": 0.0, ""epochs"": 50, ""filter_entries"": 256, ""filter_hash_functions"": 2, ""filter_inputs"": 8, ""lr"": 0.01, ""n_submodels"": 5}",0.7167896678966791,589600.0,67.12416604169023,96.63172687952571,3
ULEEN,christine,best_mem_at_iso_acc,"{""batch_size"": 32, ""bits_per_input"": 6, ""decay_lr"": true, ""dropout_p"": 0.0, ""epochs"": 50, ""filter_entries"": 256, ""filter_hash_functions"": 2, ""filter_inputs"": 8, ""lr"": 0.01, ""n_submodels"": 5}",0.7167896678966791,589600.0,67.12416604169023,96.63172687952571,3
ULEEN,christine,best_acc_per_log_mem,"{""batch_size"": 16, ""bits_per_input"": 3, ""decay_lr"": true, ""dropout_p"": 0.0, ""epochs"": 80, ""filter_entries"": 64, ""filter_hash_functions"": 1, ""filter_inputs"": 4, ""lr"": 0.001, ""n_submodels"": 1, ""pruning_ratio"": 0.27, ""thermometer"": ""gaussian""}",0.6488314883148831,14336.0,17.175676847381208,13.111393002628235,3
ULEEN,christine,best_acc_at_medium_budget,"{""batch_size"": 16, ""bits_per_input"": 3, ""decay_lr"": true, ""dropout_p"": 0.0, ""epochs"": 80, ""filter_entries"": 64, ""filter_hash_functions"": 2, ""filter_inputs"": 4, ""lr"": 0.001, ""n_submodels"": 3, ""pruning_ratio"": 0.27, ""thermometer"": ""gaussian""}",0.6903444034440346,43008.0,68.24016363930423,45.35356460186122,3
ULEEN,higgs-small,best_acc,"{""batch_size"": 32, ""bits_per_input"": 6, ""decay_lr"": true, ""dropout_p"": 0.0, ""epochs"": 80, ""filter_entries"": 256, ""filter_hash_functions"": 2, ""filter_inputs"": 8, ""lr"": 0.001, ""n_submodels"": 5, ""pruning_ratio"": 0.27, ""thermometer"": ""gaussian""}",0.6523372429032807,5120.0,47.732384625356644,2.470461494721043,3
ULEEN,higgs-small,best_mem_at_iso_acc,"{""batch_size"": 32, ""bits_per_input"": 6, ""decay_lr"": true, ""dropout_p"": 0.0, ""epochs"": 80, ""filter_entries"": 256, ""filter_hash_functions"": 2, ""filter_inputs"": 8, ""lr"": 0.001, ""n_submodels"": 5, ""pruning_ratio"": 0.27, ""thermometer"": ""gaussian""}",0.6523372429032807,5120.0,47.732384625356644,2.470461494721043,3
ULEEN,higgs-small,best_acc_per_log_mem,"{""batch_size"": 16, ""bits_per_input"": 3, ""decay_lr"": true, ""dropout_p"": 0.0, ""epochs"": 80, ""filter_entries"": 64, ""filter_hash_functions"": 1, ""filter_inputs"": 4, ""lr"": 0.001, ""n_submodels"": 1, ""pruning_ratio"": 0.27, ""thermometer"": ""gaussian""}",0.5990311065782764,256.0,17.18251173601796,0.2743930150771372,3
ULEEN,higgs-small,best_acc_at_small_budget,"{""batch_size"": 32, ""bits_per_input"": 6, ""decay_lr"": true, ""dropout_p"": 0.0, ""epochs"": 80, ""filter_entries"": 256, ""filter_hash_functions"": 2, ""filter_inputs"": 8, ""lr"": 0.001, ""n_submodels"": 5, ""pruning_ratio"": 0.27, ""thermometer"": ""gaussian""}",0.6523372429032807,5120.0,47.732384625356644,2.470461494721043,3
ULEEN,higgs-small,best_acc_at_medium_budget,"{""batch_size"": 32, ""bits_per_input"": 6, ""decay_lr"": true, ""dropout_p"": 0.0, ""epochs"": 80, ""filter_entries"": 256, ""filter_hash_functions"": 2, ""filter_inputs"": 8, ""lr"": 0.001, ""n_submodels"": 5, ""pruning_ratio"": 0.27, ""thermometer"": ""gaussian""}",0.6523372429032807,5120.0,47.732384625356644,2.470461494721043,3
ULEEN,jasmine,best_acc,"{""batch_size"": 32, ""bits_per_input"": 6, ""decay_lr"": true, ""dropout_p"": 0.0, ""epochs"": 80, ""filter_entries"": 256, ""filter_hash_functions"": 2, ""filter_inputs"": 8, ""lr"": 0.001, ""n_submodels"": 5, ""pruning_ratio"": 0.27, ""thermometer"": ""gaussian""}",0.7828029034059184,25280.0,13.522820277954452,11.09792020989323,3
ULEEN,jasmine,best_mem_at_iso_acc,"{""batch_size"": 32, ""bits_per_input"": 6, ""decay_lr"": true, ""dropout_p"": 0.0, ""epochs"": 80, ""filter_entries"": 256, ""filter_hash_functions"": 2, ""filter_inputs"": 8, ""lr"": 0.001, ""n_submodels"": 5, ""pruning_ratio"": 0.27, ""thermometer"": ""gaussian""}",0.7828029034059184,25280.0,13.522820277954452,11.09792020989323,3
ULEEN,jasmine,best_acc_per_log_mem,"{""batch_size"": 16, ""bits_per_input"": 3, ""decay_lr"": true, ""dropout_p"": 0.0, ""epochs"": 80, ""filter_entries"": 64, ""filter_hash_functions"": 1, ""filter_inputs"": 4, ""lr"": 0.001, ""n_submodels"": 1, ""pruning_ratio"": 0.27, ""thermometer"": ""gaussian""}",0.6767169179229482,1264.0,2.7279124163324013,1.3235153288214916,3
ULEEN,jasmine,best_acc_at_small_budget,"{""batch_size"": 16, ""bits_per_input"": 3, ""decay_lr"": true, ""dropout_p"": 0.0, ""epochs"": 80, ""filter_entries"": 64, ""filter_hash_functions"": 2, ""filter_inputs"": 4, ""lr"": 0.001, ""n_submodels"": 3, ""pruning_ratio"": 0.27, ""thermometer"": ""gaussian""}",0.7677275265214965,3792.0,8.573148277355358,4.869671697072614,3
ULEEN,jasmine,best_acc_at_medium_budget,"{""batch_size"": 32, ""bits_per_input"": 6, ""decay_lr"": true, ""dropout_p"": 0.0, ""epochs"": 80, ""filter_entries"": 256, ""filter_hash_functions"": 2, ""filter_inputs"": 8, ""lr"": 0.001, ""n_submodels"": 5, ""pruning_ratio"": 0.27, ""thermometer"": ""gaussian""}",0.7828029034059184,25280.0,13.522820277954452,11.09792020989323,3
ULEEN,miniboone,best_acc,"{""batch_size"": 32, ""bits_per_input"": 6, ""decay_lr"": true, ""dropout_p"": 0.0, ""epochs"": 80, ""filter_entries"": 256, ""filter_hash_functions"": 2, ""filter_inputs"": 8, ""lr"": 0.001, ""n_submodels"": 5, ""pruning_ratio"": 0.27, ""thermometer"": ""gaussian""}",0.869334563487487,8960.0,59.173858888680115,3.834045580424725,3
ULEEN,miniboone,best_mem_at_iso_acc,"{""batch_size"": 32, ""bits_per_input"": 6, ""decay_lr"": true, ""dropout_p"": 0.0, ""epochs"": 80, ""filter_entries"": 256, ""filter_hash_functions"": 2, ""filter_inputs"": 12, ""lr"": 0.001, ""n_submodels"": 5, ""pruning_ratio"": 0.27, ""thermometer"": ""gaussian""}",0.8670536526608491,6080.0,56.65937080533089,4.6684665228404825,3
ULEEN,miniboone,best_acc_per_log_mem,"{""batch_size"": 16, ""bits_per_input"": 3, ""decay_lr"": true, ""dropout_p"": 0.0, ""epochs"": 80, ""filter_entries"": 64, ""filter_hash_functions"": 1, ""filter_inputs"": 4, ""lr"": 0.001, ""n_submodels"": 1, ""pruning_ratio"": 0.27, ""thermometer"": ""gaussian""}",0.8182831661092531,448.0,20.728522014028083,3.0654288241956817,3
ULEEN,miniboone,best_acc_at_small_budget,"{""batch_size"": 32, ""bits_per_input"": 6, ""decay_lr"": true, ""dropout_p"": 0.0, ""epochs"": 80, ""filter_entries"": 256, ""filter_hash_functions"": 2, ""filter_inputs"": 8, ""lr"": 0.001, ""n_submodels"": 5, ""pruning_ratio"": 0.27, ""thermometer"": ""gaussian""}",0.869334563487487,8960.0,59.173858888680115,3.834045580424725,3
ULEEN,miniboone,best_acc_at_medium_budget,"{""batch_size"": 32, ""bits_per_input"": 6, ""decay_lr"": true, ""dropout_p"": 0.0, ""epochs"": 80, ""filter_entries"": 256, ""filter_hash_functions"": 2, ""filter_inputs"": 8, ""lr"": 0.001, ""n_submodels"": 5, ""pruning_ratio"": 0.27, ""thermometer"": ""gaussian""}",0.869334563487487,8960.0,59.173858888680115,3.834045580424725,3
ULEEN,nomao,best_acc,"{""batch_size"": 32, ""bits_per_input"": 6, ""decay_lr"": true, ""dropout_p"": 0.0, ""epochs"": 50, ""filter_entries"": 256, ""filter_hash_functions"": 2, ""filter_inputs"": 12, ""lr"": 0.01, ""n_submodels"": 5}",0.9638280381062914,34000.0,68.05191673637212,7.5937101979193615,3
ULEEN,nomao,best_mem_at_iso_acc,"{""batch_size"": 32, ""bits_per_input"": 6, ""decay_lr"": true, ""dropout_p"": 0.0, ""epochs"": 80, ""filter_entries"": 256, ""filter_hash_functions"": 2, ""filter_inputs"": 12, ""lr"": 0.001, ""n_submodels"": 5, ""pruning_ratio"": 0.27, ""thermometer"": ""gaussian""}",0.9609265438367426,14080.0,84.9137513890164,14.17961255507852,3
ULEEN,nomao,best_acc_per_log_mem,"{""batch_size"": 16, ""bits_per_input"": 3, ""decay_lr"": true, ""dropout_p"": 0.0, ""epochs"": 80, ""filter_entries"": 64, ""filter_hash_functions"": 1, ""filter_inputs"": 4, ""lr"": 0.001, ""n_submodels"": 1, ""pruning_ratio"": 0.27, ""thermometer"": ""gaussian""}",0.9391169785773007,1040.0,23.218755528020363,1.1835779808362583,3
ULEEN,nomao,best_acc_at_small_budget,"{""batch_size"": 32, ""bits_per_input"": 6, ""decay_lr"": true, ""dropout_p"": 0.0, ""epochs"": 80, ""filter_entries"": 128, ""filter_hash_functions"": 2, ""filter_inputs"": 6, ""lr"": 0.001, ""n_submodels"": 3, ""pruning_ratio"": 0.27, ""thermometer"": ""gaussian""}",0.9565259441945936,8352.0,60.2041711389708,9.116156483082124,3
ULEEN,nomao,best_acc_at_medium_budget,"{""batch_size"": 32, ""bits_per_input"": 6, ""decay_lr"": true, ""dropout_p"": 0.0, ""epochs"": 50, ""filter_entries"": 256, ""filter_hash_functions"": 2, ""filter_inputs"": 12, ""lr"": 0.01, ""n_submodels"": 5}",0.9638280381062914,34000.0,68.05191673637212,7.5937101979193615,3
ULEEN,phoneme,best_acc,"{""batch_size"": 32, ""bits_per_input"": 6, ""decay_lr"": true, ""dropout_p"": 0.0, ""epochs"": 80, ""filter_entries"": 256, ""filter_hash_functions"": 2, ""filter_inputs"": 12, ""lr"": 0.001, ""n_submodels"": 5, ""pruning_ratio"": 0.27, ""thermometer"": ""gaussian""}",0.8223866790009251,960.0,7.704074471994924,1.4280631990067725,3
ULEEN,phoneme,best_mem_at_iso_acc,"{""batch_size"": 32, ""bits_per_input"": 6, ""decay_lr"": true, ""dropout_p"": 0.0, ""epochs"": 80, ""filter_entries"": 256, ""filter_hash_functions"": 2, ""filter_inputs"": 12, ""lr"": 0.001, ""n_submodels"": 5, ""pruning_ratio"": 0.27, ""thermometer"": ""gaussian""}",0.8223866790009251,960.0,7.704074471994924,1.4280631990067725,3
ULEEN,phoneme,best_acc_per_log_mem,"{""batch_size"": 16, ""bits_per_input"": 3, ""decay_lr"": true, ""dropout_p"": 0.0, ""epochs"": 80, ""filter_entries"": 64, ""filter_hash_functions"": 1, ""filter_inputs"": 4, ""lr"": 0.001, ""n_submodels"": 1, ""pruning_ratio"": 0.27, ""thermometer"": ""gaussian""}",0.761332099907493,48.0,3.38321101362817,0.35020317009274254,3
ULEEN,phoneme,best_acc_at_small_budget,"{""batch_size"": 32, ""bits_per_input"": 6, ""decay_lr"": true, ""dropout_p"": 0.0, ""epochs"": 80, ""filter_entries"": 256, ""filter_hash_functions"": 2, ""filter_inputs"": 12, ""lr"": 0.001, ""n_submodels"": 5, ""pruning_ratio"": 0.27, ""thermometer"": ""gaussian""}",0.8223866790009251,960.0,7.704074471994924,1.4280631990067725,3
ULEEN,phoneme,best_acc_at_medium_budget,"{""batch_size"": 32, ""bits_per_input"": 6, ""decay_lr"": true, ""dropout_p"": 0.0, ""epochs"": 80, ""filter_entries"": 256, ""filter_hash_functions"": 2, ""filter_inputs"": 12, ""lr"": 0.001, ""n_submodels"": 5, ""pruning_ratio"": 0.27, ""thermometer"": ""gaussian""}",0.8223866790009251,960.0,7.704074471994924,1.4280631990067725,3
ULEEN,skin-segmentation,best_acc,"{""batch_size"": 32, ""bits_per_input"": 6, ""decay_lr"": true, ""dropout_p"": 0.0, ""epochs"": 80, ""filter_entries"": 256, ""filter_hash_functions"": 2, ""filter_inputs"": 12, ""lr"": 0.001, ""n_submodels"": 5}",0.9821268260834083,2080.0,30.16505641664844,0.44352120484403484,3
ULEEN,skin-segmentation,best_mem_at_iso_acc,"{""batch_size"": 32, ""bits_per_input"": 6, ""decay_lr"": true, ""dropout_p"": 0.0, ""epochs"": 50, ""filter_entries"": 256, ""filter_hash_functions"": 2, ""filter_inputs"": 12, ""lr"": 0.01, ""n_submodels"": 5}",0.9810862645882641,2080.0,31.011170069299016,0.2936435087058163,3
ULEEN,skin-segmentation,best_acc_per_log_mem,"{""batch_size"": 16, ""bits_per_input"": 3, ""decay_lr"": true, ""dropout_p"": 0.0, ""epochs"": 80, ""filter_entries"": 64, ""filter_hash_functions"": 1, ""filter_inputs"": 4, ""lr"": 0.001, ""n_submodels"": 1, ""pruning_ratio"": 0.27, ""thermometer"": ""gaussian""}",0.8059726869610163,48.0,14.515694444339411,0.1173771527913049,3
ULEEN,skin-segmentation,best_acc_at_small_budget,"{""batch_size"": 32, ""bits_per_input"": 6, ""decay_lr"": true, ""dropout_p"": 0.0, ""epochs"": 80, ""filter_entries"": 256, ""filter_hash_functions"": 2, ""filter_inputs"": 12, ""lr"": 0.001, ""n_submodels"": 5}",0.9821268260834083,2080.0,30.16505641664844,0.44352120484403484,3
ULEEN,skin-segmentation,best_acc_at_medium_budget,"{""batch_size"": 32, ""bits_per_input"": 6, ""decay_lr"": true, ""dropout_p"": 0.0, ""epochs"": 80, ""filter_entries"": 256, ""filter_hash_functions"": 2, ""filter_inputs"": 12, ""lr"": 0.001, ""n_submodels"": 5}",0.9821268260834083,2080.0,30.16505641664844,0.44352120484403484,3
ULEEN,sylvine,best_acc,"{""batch_size"": 32, ""bits_per_input"": 6, ""decay_lr"": true, ""dropout_p"": 0.0, ""epochs"": 80, ""filter_entries"": 128, ""filter_hash_functions"": 2, ""filter_inputs"": 4, ""lr"": 0.001, ""n_submodels"": 3, ""pruning_ratio"": 0.27, ""thermometer"": ""gaussian""}",0.9069918699186993,2112.0,6.03260915268523,1.8267888893804898,3
ULEEN,sylvine,best_mem_at_iso_acc,"{""batch_size"": 32, ""bits_per_input"": 6, ""decay_lr"": true, ""dropout_p"": 0.0, ""epochs"": 80, ""filter_entries"": 128, ""filter_hash_functions"": 2, ""filter_inputs"": 4, ""lr"": 0.001, ""n_submodels"": 3, ""pruning_ratio"": 0.27, ""thermometer"": ""gaussian""}",0.9069918699186993,2112.0,6.03260915268523,1.8267888893804898,3
ULEEN,sylvine,best_acc_per_log_mem,"{""batch_size"": 16, ""bits_per_input"": 3, ""decay_lr"": true, ""dropout_p"": 0.0, ""epochs"": 80, ""filter_entries"": 64, ""filter_hash_functions"": 1, ""filter_inputs"": 4, ""lr"": 0.001, ""n_submodels"": 1, ""pruning_ratio"": 0.27, ""thermometer"": ""gaussian""}",0.823089430894309,176.0,3.2657232916681096,0.44311612571884945,3
ULEEN,sylvine,best_acc_at_small_budget,"{""batch_size"": 32, ""bits_per_input"": 6, ""decay_lr"": true, ""dropout_p"": 0.0, ""epochs"": 80, ""filter_entries"": 128, ""filter_hash_functions"": 2, ""filter_inputs"": 4, ""lr"": 0.001, ""n_submodels"": 3, ""pruning_ratio"": 0.27, ""thermometer"": ""gaussian""}",0.9069918699186993,2112.0,6.03260915268523,1.8267888893804898,3
ULEEN,sylvine,best_acc_at_medium_budget,"{""batch_size"": 32, ""bits_per_input"": 6, ""decay_lr"": true, ""dropout_p"": 0.0, ""epochs"": 80, ""filter_entries"": 128, ""filter_hash_functions"": 2, ""filter_inputs"": 4, ""lr"": 0.001, ""n_submodels"": 3, ""pruning_ratio"": 0.27, ""thermometer"": ""gaussian""}",0.9069918699186993,2112.0,6.03260915268523,1.8267888893804898,3
XGBoost,Balance Scale,best_acc,"{""learning_rate"": 0.3, ""max_depth"": 4, ""n_estimators"": 500, ""reg_lambda"": 1.0}",0.9040000000000001,1713265.8,0.034812583168968556,7.207798399031162,5
XGBoost,Balance Scale,best_mem_at_iso_acc,"{""learning_rate"": 0.1, ""max_depth"": 4, ""n_estimators"": 100, ""reg_lambda"": 10.0}",0.8992000000000001,523159.0,0.008317991392686963,2.2055327892303467,5
XGBoost,Balance Scale,best_acc_per_log_mem,"{""learning_rate"": 0.1, ""max_depth"": 4, ""n_estimators"": 100, ""reg_lambda"": 10.0}",0.8992000000000001,523159.0,0.008317991392686963,2.2055327892303467,5
XGBoost,Banknote,best_acc,"{""learning_rate"": 0.1, ""max_depth"": 4, ""n_estimators"": 1000, ""reg_lambda"": 0.1}",0.9978181818181818,614215.6,0.0314070917898789,2.4695150046186014,5
XGBoost,Banknote,best_mem_at_iso_acc,"{""learning_rate"": 0.3, ""max_depth"": 4, ""n_estimators"": 100, ""reg_lambda"": 0.1}",0.9978181818181818,77586.6,0.0051725002005696295,0.7663033902645111,5
XGBoost,Banknote,best_acc_per_log_mem,"{""learning_rate"": 0.3, ""max_depth"": 4, ""n_estimators"": 100, ""reg_lambda"": 0.1}",0.9978181818181818,77586.6,0.0051725002005696295,0.7663033902645111,5
XGBoost,Banknote,best_acc_at_medium_budget,"{""learning_rate"": 0.3, ""max_depth"": 4, ""n_estimators"": 100, ""reg_lambda"": 0.1}",0.9978181818181818,77586.6,0.0051725002005696295,0.7663033902645111,5
XGBoost,Breast Cancer,best_acc,"{""learning_rate"": 0.03, ""max_depth"": 4, ""n_estimators"": 1000, ""reg_lambda"": 0.1}",0.9701754385964912,672756.6,0.10080533339641988,3.9114755692712047,5
XGBoost,Breast Cancer,best_mem_at_iso_acc,"{""learning_rate"": 0.3, ""max_depth"": 4, ""n_estimators"": 100, ""reg_lambda"": 1.0}",0.968421052631579,72430.4,0.0131491667823866,1.4038719727020514,5
XGBoost,Breast Cancer,best_acc_per_log_mem,"{""learning_rate"": 0.3, ""max_depth"": 4, ""n_estimators"": 100, ""reg_lambda"": 0.1}",0.9631578947368421,66483.0,0.011185674997977912,1.4163753867410778,5
XGBoost,Breast Cancer,best_acc_at_medium_budget,"{""learning_rate"": 0.3, ""max_depth"": 4, ""n_estimators"": 100, ""reg_lambda"": 1.0}",0.968421052631579,72430.4,0.0131491667823866,1.4038719727020514,5
XGBoost,EEG Eye State,best_acc,"{""learning_rate"": 0.1, ""max_depth"": 10, ""n_estimators"": 1000, ""reg_lambda"": 1.0}",0.9564975522919448,6358373.666666667,0.7575800974542896,13.36947405415711,3
XGBoost,EEG Eye State,best_mem_at_iso_acc,"{""learning_rate"": 0.1, ""max_depth"": 6, ""n_estimators"": 1000, ""reg_lambda"": 0.1}",0.9521584334668448,3740854.3333333335,0.5069922912710657,5.475814877227976,3
XGBoost,EEG Eye State,best_acc_per_log_mem,"{""learning_rate"": 0.1, ""max_depth"": 4, ""n_estimators"": 100, ""reg_lambda"": 0.1}",0.8462394303515799,200759.33333333334,0.042528930896272264,0.3992452323072,3
XGBoost,Ecoli,best_acc,"{""learning_rate"": 0.1, ""max_depth"": 4, ""n_estimators"": 1000, ""reg_lambda"": 10.0}",0.8617647058823529,5986579.8,0.14133910001255573,28.350120684241546,5
XGBoost,Ecoli,best_mem_at_iso_acc,"{""learning_rate"": 0.1, ""max_depth"": 4, ""n_estimators"": 1000, ""reg_lambda"": 10.0}",0.8617647058823529,5986579.8,0.14133910001255573,28.350120684241546,5
XGBoost,Ecoli,best_acc_per_log_mem,"{""learning_rate"": 0.3, ""max_depth"": 4, ""n_estimators"": 100, ""reg_lambda"": 0.1}",0.8470588235294118,525955.8,0.013316874951124191,4.457476589938297,5
XGBoost,Glass,best_acc,"{""learning_rate"": 0.03, ""max_depth"": 10, ""n_estimators"": 1000, ""reg_lambda"": 1.0}",0.7906976744186046,4641429.8,0.16108343319501728,26.710851247920544,5
XGBoost,Glass,best_mem_at_iso_acc,"{""learning_rate"": 0.1, ""max_depth"": 6, ""n_estimators"": 500, ""reg_lambda"": 1.0}",0.786046511627907,1999365.8,0.06368680000305176,13.392245353654374,5
XGBoost,Glass,best_acc_per_log_mem,"{""learning_rate"": 0.3, ""max_depth"": 6, ""n_estimators"": 100, ""reg_lambda"": 0.1}",0.7813953488372093,409097.8,0.017542775021865964,7.006394958426786,5
XGBoost,Haberman,best_acc,"{""learning_rate"": 0.03, ""max_depth"": 10, ""n_estimators"": 100, ""reg_lambda"": 10.0}",0.732258064516129,218802.0,0.004451966588385403,2.440454949054026,5
XGBoost,Haberman,best_mem_at_iso_acc,"{""learning_rate"": 0.03, ""max_depth"": 6, ""n_estimators"": 100, ""reg_lambda"": 10.0}",0.7290322580645161,207097.4,0.004153450019657612,2.6032264764991497,5
XGBoost,Haberman,best_acc_per_log_mem,"{""learning_rate"": 0.03, ""max_depth"": 4, ""n_estimators"": 100, ""reg_lambda"": 10.0}",0.7258064516129032,154283.4,0.0034970333566889168,2.371506660335487,5
XGBoost,Ionosphere,best_acc,"{""learning_rate"": 0.03, ""max_depth"": 4, ""n_estimators"": 1000, ""reg_lambda"": 0.1}",0.9464788732394366,703319.4,0.10847198320552706,5.874414534740884,5
XGBoost,Ionosphere,best_mem_at_iso_acc,"{""learning_rate"": 0.3, ""max_depth"": 4, ""n_estimators"": 100, ""reg_lambda"": 0.1}",0.943661971830986,70085.4,0.011781949969008564,1.941782645356487,5
XGBoost,Ionosphere,best_acc_per_log_mem,"{""learning_rate"": 0.3, ""max_depth"": 4, ""n_estimators"": 100, ""reg_lambda"": 0.1}",0.943661971830986,70085.4,0.011781949969008564,1.941782645356487,5
XGBoost,Ionosphere,best_acc_at_medium_budget,"{""learning_rate"": 0.3, ""max_depth"": 4, ""n_estimators"": 100, ""reg_lambda"": 0.1}",0.943661971830986,70085.4,0.011781949969008564,1.941782645356487,5
XGBoost,Iris,best_acc,"{""learning_rate"": 0.03, ""max_depth"": 10, ""n_estimators"": 100, ""reg_lambda"": 10.0}",0.9533333333333334,228933.8,0.00548320016823709,4.606940007458131,5
XGBoost,Iris,best_mem_at_iso_acc,"{""learning_rate"": 0.03, ""max_depth"": 4, ""n_estimators"": 100, ""reg_lambda"": 10.0}",0.9533333333333334,228362.8,0.005494349775835872,4.691933281719685,5
XGBoost,Iris,best_acc_per_log_mem,"{""learning_rate"": 0.3, ""max_depth"": 4, ""n_estimators"": 100, ""reg_lambda"": 0.1}",0.9333333333333333,165102.4,0.0041206666268408295,4.423887003213167,5
XGBoost,Letter Recognition,best_acc,"{""learning_rate"": 0.1, ""max_depth"": 6, ""n_estimators"": 1000, ""reg_lambda"": 1.0}",0.9660833333333333,40324397.333333336,9.57887477792489,108.10537147335708,3
XGBoost,Letter Recognition,best_mem_at_iso_acc,"{""learning_rate"": 0.1, ""max_depth"": 6, ""n_estimators"": 500, ""reg_lambda"": 0.1}",0.9643333333333333,24813549.0,4.920743028090025,59.966395900119096,3
XGBoost,Letter Recognition,best_acc_per_log_mem,"{""learning_rate"": 0.1, ""max_depth"": 4, ""n_estimators"": 100, ""reg_lambda"": 0.1}",0.9205833333333334,4605907.0,0.9094855137324581,9.160475669583926,3
XGBoost,Magic Gamma,best_acc,"{""learning_rate"": 0.1, ""max_depth"": 6, ""n_estimators"": 500, ""reg_lambda"": 1.0}",0.885471433578689,2300855.0,0.3418003886472434,2.7283013418324678,3
XGBoost,Magic Gamma,best_mem_at_iso_acc,"{""learning_rate"": 0.1, ""max_depth"": 4, ""n_estimators"": 500, ""reg_lambda"": 1.0}",0.8833683841570276,982733.0,0.1947480693925172,1.7644840599809075,3
XGBoost,Magic Gamma,best_acc_per_log_mem,"{""learning_rate"": 0.1, ""max_depth"": 4, ""n_estimators"": 100, ""reg_lambda"": 1.0}",0.8731160182264284,208698.0,0.05068073600220183,0.3909078794552743,3
XGBoost,Pendigits,best_acc,"{""learning_rate"": 0.1, ""max_depth"": 4, ""n_estimators"": 1000, ""reg_lambda"": 0.1}",0.9915112930119752,7110922.333333333,1.675927250025173,21.13820041778441,3
XGBoost,Pendigits,best_mem_at_iso_acc,"{""learning_rate"": 0.1, ""max_depth"": 4, ""n_estimators"": 100, ""reg_lambda"": 1.0}",0.9871153554646052,1638448.3333333333,0.2975176527009656,3.8295375103885085,3
XGBoost,Pendigits,best_acc_per_log_mem,"{""learning_rate"": 0.1, ""max_depth"": 4, ""n_estimators"": 100, ""reg_lambda"": 0.1}",0.9883280278914658,1661390.3333333333,0.29876727804852027,3.7721626681347806,3
XGBoost,Pima Diabetes,best_acc,"{""learning_rate"": 0.03, ""max_depth"": 4, ""n_estimators"": 100, ""reg_lambda"": 10.0}",0.7844155844155845,184317.8,0.009666775236837566,1.3136362366668588,5
XGBoost,Pima Diabetes,best_mem_at_iso_acc,"{""learning_rate"": 0.03, ""max_depth"": 4, ""n_estimators"": 100, ""reg_lambda"": 10.0}",0.7844155844155845,184317.8,0.009666775236837566,1.3136362366668588,5
XGBoost,Pima Diabetes,best_acc_per_log_mem,"{""learning_rate"": 0.03, ""max_depth"": 4, ""n_estimators"": 100, ""reg_lambda"": 10.0}",0.7844155844155845,184317.8,0.009666775236837566,1.3136362366668588,5
XGBoost,SatImage,best_acc,"{""learning_rate"": 0.1, ""max_depth"": 10, ""n_estimators"": 1000, ""reg_lambda"": 0.1}",0.9240539139450492,8070272.333333333,1.5124796947153907,23.72347511507536,3
XGBoost,SatImage,best_mem_at_iso_acc,"{""learning_rate"": 0.1, ""max_depth"": 10, ""n_estimators"": 100, ""reg_lambda"": 0.1}",0.9196474857439089,3235729.0,0.43926811140651506,5.951496575002598,3
XGBoost,SatImage,best_acc_per_log_mem,"{""learning_rate"": 0.1, ""max_depth"": 4, ""n_estimators"": 100, ""reg_lambda"": 0.1}",0.9121306376360808,1077709.6666666667,0.20597652764990926,2.4066117030658702,3
XGBoost,Seeds,best_acc,"{""learning_rate"": 0.03, ""max_depth"": 10, ""n_estimators"": 1000, ""reg_lambda"": 0.1}",0.9428571428571428,1720835.2,0.0603277666028589,12.353971223568632,5
XGBoost,Seeds,best_mem_at_iso_acc,"{""learning_rate"": 0.3, ""max_depth"": 6, ""n_estimators"": 100, ""reg_lambda"": 0.1}",0.9428571428571428,170834.8,0.0065548832062631845,3.9791671692260677,5
XGBoost,Seeds,best_acc_per_log_mem,"{""learning_rate"": 0.3, ""max_depth"": 6, ""n_estimators"": 100, ""reg_lambda"": 0.1}",0.9428571428571428,170834.8,0.0065548832062631845,3.9791671692260677,5
XGBoost,Segment,best_acc,"{""learning_rate"": 0.1, ""max_depth"": 10, ""n_estimators"": 1000, ""reg_lambda"": 10.0}",0.9857142857142858,5516806.8,0.7118479251861572,18.50997493904713,5
XGBoost,Segment,best_mem_at_iso_acc,"{""learning_rate"": 0.3, ""max_depth"": 4, ""n_estimators"": 100, ""reg_lambda"": 0.1}",0.9848484848484848,520191.6,0.06895805804524571,2.2842350730358008,5
XGBoost,Segment,best_acc_per_log_mem,"{""learning_rate"": 0.3, ""max_depth"": 4, ""n_estimators"": 100, ""reg_lambda"": 0.1}",0.9848484848484848,520191.6,0.06895805804524571,2.2842350730358008,5
XGBoost,Steel Plates,best_acc,"{""learning_rate"": 0.03, ""max_depth"": 10, ""n_estimators"": 100, ""reg_lambda"": 0.1}",1.0,110254.2,0.03783646658994257,0.8244000992960366,5
XGBoost,Steel Plates,best_mem_at_iso_acc,"{""learning_rate"": 0.03, ""max_depth"": 4, ""n_estimators"": 100, ""reg_lambda"": 0.1}",1.0,87123.0,0.025500300200656058,0.7513707029635619,5
XGBoost,Steel Plates,best_acc_per_log_mem,"{""learning_rate"": 0.03, ""max_depth"": 4, ""n_estimators"": 100, ""reg_lambda"": 0.1}",1.0,87123.0,0.025500300200656058,0.7513707029635619,5
XGBoost,Steel Plates,best_acc_at_medium_budget,"{""learning_rate"": 0.03, ""max_depth"": 4, ""n_estimators"": 100, ""reg_lambda"": 0.1}",1.0,87123.0,0.025500300200656058,0.7513707029635619,5
XGBoost,Vehicle,best_acc,"{""learning_rate"": 0.3, ""max_depth"": 4, ""n_estimators"": 500, ""reg_lambda"": 0.1}",0.7694117647058822,1536395.6,0.08262208362575621,6.779461195144583,5
XGBoost,Vehicle,best_mem_at_iso_acc,"{""learning_rate"": 0.3, ""max_depth"": 4, ""n_estimators"": 500, ""reg_lambda"": 0.1}",0.7694117647058822,1536395.6,0.08262208362575621,6.779461195144583,5
XGBoost,Vehicle,best_acc_per_log_mem,"{""learning_rate"": 0.3, ""max_depth"": 4, ""n_estimators"": 100, ""reg_lambda"": 0.1}",0.7588235294117647,484372.2,0.028366824984550475,2.454166875823456,5
XGBoost,Waveform,best_acc,"{""learning_rate"": 0.3, ""max_depth"": 8, ""n_estimators"": 100, ""reg_lambda"": 10.0}",0.8577999999999999,2074121.8,0.9278064583893866,3.4753834130242467,5
XGBoost,Waveform,best_mem_at_iso_acc,"{""learning_rate"": 0.3, ""max_depth"": 4, ""n_estimators"": 100, ""reg_lambda"": 1.0}",0.8576,587678.8,0.2814748920267448,1.3784579932689667,5
XGBoost,Waveform,best_acc_per_log_mem,"{""learning_rate"": 0.3, ""max_depth"": 4, ""n_estimators"": 100, ""reg_lambda"": 1.0}",0.8576,587678.8,0.2814748920267448,1.3784579932689667,5
XGBoost,Wine,best_acc,"{""learning_rate"": 0.3, ""max_depth"": 10, ""n_estimators"": 100, ""reg_lambda"": 10.0}",0.9777777777777779,191448.4,0.008492399821989238,3.9307943855722742,5
XGBoost,Wine,best_mem_at_iso_acc,"{""learning_rate"": 0.3, ""max_depth"": 10, ""n_estimators"": 100, ""reg_lambda"": 10.0}",0.9777777777777779,191448.4,0.008492399821989238,3.9307943855722742,5
XGBoost,Wine,best_acc_per_log_mem,"{""learning_rate"": 0.3, ""max_depth"": 10, ""n_estimators"": 100, ""reg_lambda"": 0.1}",0.9666666666666666,148644.6,0.005522866593673825,3.569209689481391,5
XGBoost,Yeast,best_acc,"{""learning_rate"": 0.03, ""max_depth"": 4, ""n_estimators"": 500, ""reg_lambda"": 10.0}",0.6195286195286196,6972888.0,0.22874157524202018,19.10642567106369,5
XGBoost,Yeast,best_mem_at_iso_acc,"{""learning_rate"": 0.1, ""max_depth"": 4, ""n_estimators"": 100, ""reg_lambda"": 0.1}",0.6181818181818182,1272386.8,0.04502561683766544,4.215487388749716,5
XGBoost,Yeast,best_acc_per_log_mem,"{""learning_rate"": 0.1, ""max_depth"": 4, ""n_estimators"": 100, ""reg_lambda"": 0.1}",0.6181818181818182,1272386.8,0.04502561683766544,4.215487388749716,5
